ISO-10303-21;
HEADER;
FILE_DESCRIPTION(('KiCad electronic assembly'),'2;1');
FILE_NAME('ppg_pcb_v08.step','2026-09-15T12:43:24',('Pcbnew'),('Kicad'),
  'Open CASCADE STEP processor 7.9','KiCad to STEP converter','Unknown'
  );
FILE_SCHEMA(('AUTOMOTIVE_DESIGN { 1 0 10303 214 1 1 1 1 }'));
ENDSEC;
DATA;
#1 = APPLICATION_PROTOCOL_DEFINITION('international standard',
  'automotive_design',2000,#2);
#2 = APPLICATION_CONTEXT(
  'core data for automotive mechanical design processes');
#3 = SHAPE_DEFINITION_REPRESENTATION(#4,#10);
#4 = PRODUCT_DEFINITION_SHAPE('','',#5);
#5 = PRODUCT_DEFINITION('design','',#6,#9);
#6 = PRODUCT_DEFINITION_FORMATION('','',#7);
#7 = PRODUCT('ppg_pcb_v08 1','ppg_pcb_v08 1','',(#8));
#8 = PRODUCT_CONTEXT('',#2,'mechanical');
#9 = PRODUCT_DEFINITION_CONTEXT('part definition',#2,'design');
#10 = SHAPE_REPRESENTATION('',(#11,#15,#19,#23,#27,#31,#35,#39,#43,#47,
    #51,#55,#59,#63,#67,#71,#75),#79);
#11 = AXIS2_PLACEMENT_3D('',#12,#13,#14);
#12 = CARTESIAN_POINT('',(0.,0.,0.));
#13 = DIRECTION('',(0.,0.,1.));
#14 = DIRECTION('',(1.,0.,-0.));
#15 = AXIS2_PLACEMENT_3D('',#16,#17,#18);
#16 = CARTESIAN_POINT('',(-3.3,-0.1,-8.5E-02));
#17 = DIRECTION('',(1.224646799147E-16,-1.359631073447E-32,-1.));
#18 = DIRECTION('',(1.110223024625E-16,1.,0.));
#19 = AXIS2_PLACEMENT_3D('',#20,#21,#22);
#20 = CARTESIAN_POINT('',(4.6,-3.5,-8.5E-02));
#21 = DIRECTION('',(1.224646799147E-16,-1.359631073447E-32,-1.));
#22 = DIRECTION('',(1.110223024625E-16,1.,0.));
#23 = AXIS2_PLACEMENT_3D('',#24,#25,#26);
#24 = CARTESIAN_POINT('',(-1.,0.65,-8.5E-02));
#25 = DIRECTION('',(1.224646799147E-16,-1.359631073447E-32,-1.));
#26 = DIRECTION('',(1.110223024625E-16,1.,0.));
#27 = AXIS2_PLACEMENT_3D('',#28,#29,#30);
#28 = CARTESIAN_POINT('',(-3.,2.5,-8.5E-02));
#29 = DIRECTION('',(1.499759782662E-32,1.224646799147E-16,-1.));
#30 = DIRECTION('',(-1.,1.224646799147E-16,0.));
#31 = AXIS2_PLACEMENT_3D('',#32,#33,#34);
#32 = CARTESIAN_POINT('',(2.7,4.9,-8.5E-02));
#33 = DIRECTION('',(1.499759782662E-32,1.224646799147E-16,-1.));
#34 = DIRECTION('',(-1.,1.224646799147E-16,0.));
#35 = AXIS2_PLACEMENT_3D('',#36,#37,#38);
#36 = CARTESIAN_POINT('',(1.,0.65,-8.5E-02));
#37 = DIRECTION('',(1.224646799147E-16,-1.359631073447E-32,-1.));
#38 = DIRECTION('',(1.110223024625E-16,1.,0.));
#39 = AXIS2_PLACEMENT_3D('',#40,#41,#42);
#40 = CARTESIAN_POINT('',(-4.7,-2.75,-8.5E-02));
#41 = DIRECTION('',(1.499759782662E-32,1.224646799147E-16,-1.));
#42 = DIRECTION('',(-1.,1.224646799147E-16,0.));
#43 = AXIS2_PLACEMENT_3D('',#44,#45,#46);
#44 = CARTESIAN_POINT('',(4.5,3.3,-8.5E-02));
#45 = DIRECTION('',(1.224646799147E-16,-1.359631073447E-32,-1.));
#46 = DIRECTION('',(1.110223024625E-16,1.,0.));
#47 = AXIS2_PLACEMENT_3D('',#48,#49,#50);
#48 = CARTESIAN_POINT('',(1.274795815263E-33,-2.17,-8.5E-02));
#49 = DIRECTION('',(1.499759782662E-32,1.224646799147E-16,-1.));
#50 = DIRECTION('',(-1.,1.224646799147E-16,0.));
#51 = AXIS2_PLACEMENT_3D('',#52,#53,#54);
#52 = CARTESIAN_POINT('',(3.3,-0.1,-8.5E-02));
#53 = DIRECTION('',(-1.224646799147E-16,-1.359631073447E-32,-1.));
#54 = DIRECTION('',(1.110223024625E-16,-1.,0.));
#55 = AXIS2_PLACEMENT_3D('',#56,#57,#58);
#56 = CARTESIAN_POINT('',(-1.85,-4.37,-8.5E-02));
#57 = DIRECTION('',(1.224646799147E-16,-1.359631073447E-32,-1.));
#58 = DIRECTION('',(1.110223024625E-16,1.,0.));
#59 = AXIS2_PLACEMENT_3D('',#60,#61,#62);
#60 = CARTESIAN_POINT('',(-2.7,3.8,-8.5E-02));
#61 = DIRECTION('',(1.499759782662E-32,1.224646799147E-16,-1.));
#62 = DIRECTION('',(-1.,1.224646799147E-16,0.));
#63 = AXIS2_PLACEMENT_3D('',#64,#65,#66);
#64 = CARTESIAN_POINT('',(-1.,-0.85,-8.5E-02));
#65 = DIRECTION('',(1.224646799147E-16,-1.359631073447E-32,-1.));
#66 = DIRECTION('',(1.110223024625E-16,1.,0.));
#67 = AXIS2_PLACEMENT_3D('',#68,#69,#70);
#68 = CARTESIAN_POINT('',(1.85,-4.37,-8.5E-02));
#69 = DIRECTION('',(1.224646799147E-16,-1.359631073447E-32,-1.));
#70 = DIRECTION('',(1.110223024625E-16,1.,0.));
#71 = AXIS2_PLACEMENT_3D('',#72,#73,#74);
#72 = CARTESIAN_POINT('',(1.,-0.85,-8.5E-02));
#73 = DIRECTION('',(1.224646799147E-16,-1.359631073447E-32,-1.));
#74 = DIRECTION('',(1.110223024625E-16,1.,0.));
#75 = AXIS2_PLACEMENT_3D('',#76,#77,#78);
#76 = CARTESIAN_POINT('',(0.,0.,0.));
#77 = DIRECTION('',(0.,0.,1.));
#78 = DIRECTION('',(1.,0.,-0.));
#79 = ( GEOMETRIC_REPRESENTATION_CONTEXT(3) 
GLOBAL_UNCERTAINTY_ASSIGNED_CONTEXT((#83)) GLOBAL_UNIT_ASSIGNED_CONTEXT(
(#80,#81,#82)) REPRESENTATION_CONTEXT('Context #1',
  '3D Context with UNIT and UNCERTAINTY') );
#80 = ( LENGTH_UNIT() NAMED_UNIT(*) SI_UNIT(.MILLI.,.METRE.) );
#81 = ( NAMED_UNIT(*) PLANE_ANGLE_UNIT() SI_UNIT($,.RADIAN.) );
#82 = ( NAMED_UNIT(*) SI_UNIT($,.STERADIAN.) SOLID_ANGLE_UNIT() );
#83 = UNCERTAINTY_MEASURE_WITH_UNIT(LENGTH_MEASURE(1.E-07),#80,
  'distance_accuracy_value','confusion accuracy');
#84 = PRODUCT_RELATED_PRODUCT_CATEGORY('part',$,(#7));
#85 = SHAPE_DEFINITION_REPRESENTATION(#86,#92);
#86 = PRODUCT_DEFINITION_SHAPE('','',#87);
#87 = PRODUCT_DEFINITION('design','',#88,#91);
#88 = PRODUCT_DEFINITION_FORMATION('','',#89);
#89 = PRODUCT('SOT-23-5','SOT-23-5','',(#90));
#90 = PRODUCT_CONTEXT('',#2,'mechanical');
#91 = PRODUCT_DEFINITION_CONTEXT('part definition',#2,'design');
#92 = SHAPE_REPRESENTATION('',(#11,#93),#97);
#93 = AXIS2_PLACEMENT_3D('',#94,#95,#96);
#94 = CARTESIAN_POINT('',(0.,0.,0.));
#95 = DIRECTION('',(0.,0.,1.));
#96 = DIRECTION('',(1.,0.,-0.));
#97 = ( GEOMETRIC_REPRESENTATION_CONTEXT(3) 
GLOBAL_UNCERTAINTY_ASSIGNED_CONTEXT((#101)) GLOBAL_UNIT_ASSIGNED_CONTEXT
((#98,#99,#100)) REPRESENTATION_CONTEXT('Context #1',
  '3D Context with UNIT and UNCERTAINTY') );
#98 = ( LENGTH_UNIT() NAMED_UNIT(*) SI_UNIT(.MILLI.,.METRE.) );
#99 = ( NAMED_UNIT(*) PLANE_ANGLE_UNIT() SI_UNIT($,.RADIAN.) );
#100 = ( NAMED_UNIT(*) SI_UNIT($,.STERADIAN.) SOLID_ANGLE_UNIT() );
#101 = UNCERTAINTY_MEASURE_WITH_UNIT(LENGTH_MEASURE(1.E-07),#98,
  'distance_accuracy_value','confusion accuracy');
#102 = CONTEXT_DEPENDENT_SHAPE_REPRESENTATION(#103,#105);
#103 = ( REPRESENTATION_RELATIONSHIP('','',#92,#10) 
REPRESENTATION_RELATIONSHIP_WITH_TRANSFORMATION(#104) 
SHAPE_REPRESENTATION_RELATIONSHIP() );
#104 = ITEM_DEFINED_TRANSFORMATION('','',#11,#15);
#105 = PRODUCT_DEFINITION_SHAPE('Placement','Placement of an item',#106
  );
#106 = NEXT_ASSEMBLY_USAGE_OCCURRENCE('2','U6','',#5,#87,$);
#107 = PRODUCT_RELATED_PRODUCT_CATEGORY('part',$,(#89));
#108 = SHAPE_DEFINITION_REPRESENTATION(#109,#115);
#109 = PRODUCT_DEFINITION_SHAPE('','',#110);
#110 = PRODUCT_DEFINITION('design','',#111,#114);
#111 = PRODUCT_DEFINITION_FORMATION('','',#112);
#112 = PRODUCT('SOT-23-5','SOT-23-5','',(#113));
#113 = PRODUCT_CONTEXT('',#2,'mechanical');
#114 = PRODUCT_DEFINITION_CONTEXT('part definition',#2,'design');
#115 = ADVANCED_BREP_SHAPE_REPRESENTATION('',(#11,#116),#3185);
#116 = MANIFOLD_SOLID_BREP('',#117);
#117 = CLOSED_SHELL('',(#118,#156,#219,#242,#271,#294,#365,#420,#443,
    #466,#483,#506,#594,#610,#640,#671,#702,#733,#764,#795,#812,#829,
    #860,#891,#922,#952,#975,#998,#1015,#1060,#1130,#1153,#1176,#1199,
    #1254,#1292,#1341,#1433,#1458,#1542,#1564,#1656,#1681,#1765,#1782,
    #1867,#1892,#1969,#2054,#2079,#2156,#2173,#2265,#2290,#2374,#2391,
    #2410,#2429,#2475,#2491,#2510,#2526,#2543,#2555,#2572,#2589,#2606,
    #2623,#2640,#2657,#2674,#2686,#2703,#2720,#2737,#2754,#2771,#2788,
    #2805,#2817,#2834,#2851,#2868,#2885,#2902,#2919,#2931,#2948,#2965,
    #2982,#2999,#3016,#3033,#3045,#3062,#3079,#3096,#3113,#3130,#3147,
    #3164,#3176));
#118 = ADVANCED_FACE('',(#119),#151,.F.);
#119 = FACE_BOUND('',#120,.F.);
#120 = EDGE_LOOP('',(#121,#131,#138,#146));
#121 = ORIENTED_EDGE('',*,*,#122,.T.);
#122 = EDGE_CURVE('',#123,#125,#127,.T.);
#123 = VERTEX_POINT('',#124);
#124 = CARTESIAN_POINT('',(-0.659324228722,1.358648457443,0.1));
#125 = VERTEX_POINT('',#126);
#126 = CARTESIAN_POINT('',(0.659324228722,1.358648457443,0.1));
#127 = LINE('',#128,#129);
#128 = CARTESIAN_POINT('',(-0.659324228722,1.358648457443,0.1));
#129 = VECTOR('',#130,1.);
#130 = DIRECTION('',(1.,1.110223024625E-16,0.));
#131 = ORIENTED_EDGE('',*,*,#132,.T.);
#132 = EDGE_CURVE('',#125,#133,#135,.T.);
#133 = VERTEX_POINT('',#134);
#134 = CARTESIAN_POINT('',(0.705,1.45,0.75));
#135 = B_SPLINE_CURVE_WITH_KNOTS('',1,(#136,#137),.UNSPECIFIED.,.F.,.F.,
  (2,2),(0.,1.),.PIECEWISE_BEZIER_KNOTS.);
#136 = CARTESIAN_POINT('',(0.659324228722,1.358648457443,0.1));
#137 = CARTESIAN_POINT('',(0.705,1.45,0.75));
#138 = ORIENTED_EDGE('',*,*,#139,.F.);
#139 = EDGE_CURVE('',#140,#133,#142,.T.);
#140 = VERTEX_POINT('',#141);
#141 = CARTESIAN_POINT('',(-0.705,1.45,0.75));
#142 = LINE('',#143,#144);
#143 = CARTESIAN_POINT('',(-0.705,1.45,0.75));
#144 = VECTOR('',#145,1.);
#145 = DIRECTION('',(1.,1.110223024625E-16,0.));
#146 = ORIENTED_EDGE('',*,*,#147,.F.);
#147 = EDGE_CURVE('',#123,#140,#148,.T.);
#148 = B_SPLINE_CURVE_WITH_KNOTS('',1,(#149,#150),.UNSPECIFIED.,.F.,.F.,
  (2,2),(0.,1.),.PIECEWISE_BEZIER_KNOTS.);
#149 = CARTESIAN_POINT('',(-0.659324228722,1.358648457443,0.1));
#150 = CARTESIAN_POINT('',(-0.705,1.45,0.75));
#151 = B_SPLINE_SURFACE_WITH_KNOTS('',1,1,(
    (#152,#153)
    ,(#154,#155
    )),.UNSPECIFIED.,.F.,.F.,.F.,(2,2),(2,2),(0.,1.41),(0.,1.),
  .PIECEWISE_BEZIER_KNOTS.);
#152 = CARTESIAN_POINT('',(-0.659324228722,1.358648457443,0.1));
#153 = CARTESIAN_POINT('',(-0.705,1.45,0.75));
#154 = CARTESIAN_POINT('',(0.659324228722,1.358648457443,0.1));
#155 = CARTESIAN_POINT('',(0.705,1.45,0.75));
#156 = ADVANCED_FACE('',(#157),#214,.F.);
#157 = FACE_BOUND('',#158,.T.);
#158 = EDGE_LOOP('',(#159,#160,#168,#176,#184,#192,#200,#208));
#159 = ORIENTED_EDGE('',*,*,#122,.T.);
#160 = ORIENTED_EDGE('',*,*,#161,.T.);
#161 = EDGE_CURVE('',#125,#162,#164,.T.);
#162 = VERTEX_POINT('',#163);
#163 = CARTESIAN_POINT('',(0.708648457443,1.309324228722,0.1));
#164 = LINE('',#165,#166);
#165 = CARTESIAN_POINT('',(0.659324228722,1.358648457443,0.1));
#166 = VECTOR('',#167,1.);
#167 = DIRECTION('',(0.707106781187,-0.707106781187,0.));
#168 = ORIENTED_EDGE('',*,*,#169,.T.);
#169 = EDGE_CURVE('',#162,#170,#172,.T.);
#170 = VERTEX_POINT('',#171);
#171 = CARTESIAN_POINT('',(0.708648457443,-1.309324228722,0.1));
#172 = LINE('',#173,#174);
#173 = CARTESIAN_POINT('',(0.708648457443,1.309324228722,0.1));
#174 = VECTOR('',#175,1.);
#175 = DIRECTION('',(1.110223024625E-16,-1.,0.));
#176 = ORIENTED_EDGE('',*,*,#177,.T.);
#177 = EDGE_CURVE('',#170,#178,#180,.T.);
#178 = VERTEX_POINT('',#179);
#179 = CARTESIAN_POINT('',(0.659324228722,-1.358648457443,0.1));
#180 = LINE('',#181,#182);
#181 = CARTESIAN_POINT('',(0.708648457443,-1.309324228722,0.1));
#182 = VECTOR('',#183,1.);
#183 = DIRECTION('',(-0.707106781187,-0.707106781187,0.));
#184 = ORIENTED_EDGE('',*,*,#185,.T.);
#185 = EDGE_CURVE('',#178,#186,#188,.T.);
#186 = VERTEX_POINT('',#187);
#187 = CARTESIAN_POINT('',(-0.659324228722,-1.358648457443,0.1));
#188 = LINE('',#189,#190);
#189 = CARTESIAN_POINT('',(0.659324228722,-1.358648457443,0.1));
#190 = VECTOR('',#191,1.);
#191 = DIRECTION('',(-1.,-1.110223024625E-16,0.));
#192 = ORIENTED_EDGE('',*,*,#193,.T.);
#193 = EDGE_CURVE('',#186,#194,#196,.T.);
#194 = VERTEX_POINT('',#195);
#195 = CARTESIAN_POINT('',(-0.708648457443,-1.309324228722,0.1));
#196 = LINE('',#197,#198);
#197 = CARTESIAN_POINT('',(-0.659324228722,-1.358648457443,0.1));
#198 = VECTOR('',#199,1.);
#199 = DIRECTION('',(-0.707106781187,0.707106781187,0.));
#200 = ORIENTED_EDGE('',*,*,#201,.T.);
#201 = EDGE_CURVE('',#194,#202,#204,.T.);
#202 = VERTEX_POINT('',#203);
#203 = CARTESIAN_POINT('',(-0.708648457443,1.309324228722,0.1));
#204 = LINE('',#205,#206);
#205 = CARTESIAN_POINT('',(-0.708648457443,-1.309324228722,0.1));
#206 = VECTOR('',#207,1.);
#207 = DIRECTION('',(-1.110223024625E-16,1.,0.));
#208 = ORIENTED_EDGE('',*,*,#209,.T.);
#209 = EDGE_CURVE('',#202,#123,#210,.T.);
#210 = LINE('',#211,#212);
#211 = CARTESIAN_POINT('',(-0.708648457443,1.309324228722,0.1));
#212 = VECTOR('',#213,1.);
#213 = DIRECTION('',(0.707106781187,0.707106781187,0.));
#214 = PLANE('',#215);
#215 = AXIS2_PLACEMENT_3D('',#216,#217,#218);
#216 = CARTESIAN_POINT('',(-0.659324228722,1.358648457443,0.1));
#217 = DIRECTION('',(0.,0.,1.));
#218 = DIRECTION('',(0.436587433964,-0.899661832304,0.));
#219 = ADVANCED_FACE('',(#220),#237,.F.);
#220 = FACE_BOUND('',#221,.F.);
#221 = EDGE_LOOP('',(#222,#223,#230,#236));
#222 = ORIENTED_EDGE('',*,*,#161,.T.);
#223 = ORIENTED_EDGE('',*,*,#224,.T.);
#224 = EDGE_CURVE('',#162,#225,#227,.T.);
#225 = VERTEX_POINT('',#226);
#226 = CARTESIAN_POINT('',(0.8,1.355,0.75));
#227 = B_SPLINE_CURVE_WITH_KNOTS('',1,(#228,#229),.UNSPECIFIED.,.F.,.F.,
  (2,2),(0.,1.),.PIECEWISE_BEZIER_KNOTS.);
#228 = CARTESIAN_POINT('',(0.708648457443,1.309324228722,0.1));
#229 = CARTESIAN_POINT('',(0.8,1.355,0.75));
#230 = ORIENTED_EDGE('',*,*,#231,.F.);
#231 = EDGE_CURVE('',#133,#225,#232,.T.);
#232 = LINE('',#233,#234);
#233 = CARTESIAN_POINT('',(0.705,1.45,0.75));
#234 = VECTOR('',#235,1.);
#235 = DIRECTION('',(0.707106781187,-0.707106781187,0.));
#236 = ORIENTED_EDGE('',*,*,#132,.F.);
#237 = B_SPLINE_SURFACE_WITH_KNOTS('',1,1,(
    (#238,#239)
    ,(#240,#241
    )),.UNSPECIFIED.,.F.,.F.,.F.,(2,2),(2,2),(0.,0.134350288425),(0.,1.)
  ,.PIECEWISE_BEZIER_KNOTS.);
#238 = CARTESIAN_POINT('',(0.659324228722,1.358648457443,0.1));
#239 = CARTESIAN_POINT('',(0.705,1.45,0.75));
#240 = CARTESIAN_POINT('',(0.708648457443,1.309324228722,0.1));
#241 = CARTESIAN_POINT('',(0.8,1.355,0.75));
#242 = ADVANCED_FACE('',(#243),#266,.F.);
#243 = FACE_BOUND('',#244,.F.);
#244 = EDGE_LOOP('',(#245,#246,#253,#261));
#245 = ORIENTED_EDGE('',*,*,#139,.T.);
#246 = ORIENTED_EDGE('',*,*,#247,.T.);
#247 = EDGE_CURVE('',#133,#248,#250,.T.);
#248 = VERTEX_POINT('',#249);
#249 = CARTESIAN_POINT('',(0.705,1.45,0.9));
#250 = B_SPLINE_CURVE_WITH_KNOTS('',1,(#251,#252),.UNSPECIFIED.,.F.,.F.,
  (2,2),(0.,1.),.PIECEWISE_BEZIER_KNOTS.);
#251 = CARTESIAN_POINT('',(0.705,1.45,0.75));
#252 = CARTESIAN_POINT('',(0.705,1.45,0.9));
#253 = ORIENTED_EDGE('',*,*,#254,.F.);
#254 = EDGE_CURVE('',#255,#248,#257,.T.);
#255 = VERTEX_POINT('',#256);
#256 = CARTESIAN_POINT('',(-0.705,1.45,0.9));
#257 = LINE('',#258,#259);
#258 = CARTESIAN_POINT('',(-0.705,1.45,0.9));
#259 = VECTOR('',#260,1.);
#260 = DIRECTION('',(1.,1.110223024625E-16,0.));
#261 = ORIENTED_EDGE('',*,*,#262,.F.);
#262 = EDGE_CURVE('',#140,#255,#263,.T.);
#263 = B_SPLINE_CURVE_WITH_KNOTS('',1,(#264,#265),.UNSPECIFIED.,.F.,.F.,
  (2,2),(0.,1.),.PIECEWISE_BEZIER_KNOTS.);
#264 = CARTESIAN_POINT('',(-0.705,1.45,0.75));
#265 = CARTESIAN_POINT('',(-0.705,1.45,0.9));
#266 = PLANE('',#267);
#267 = AXIS2_PLACEMENT_3D('',#268,#269,#270);
#268 = CARTESIAN_POINT('',(-0.705,1.45,0.9));
#269 = DIRECTION('',(1.110223024625E-16,-1.,0.));
#270 = DIRECTION('',(1.,1.110223024625E-16,0.));
#271 = ADVANCED_FACE('',(#272),#289,.F.);
#272 = FACE_BOUND('',#273,.F.);
#273 = EDGE_LOOP('',(#274,#275,#276,#284));
#274 = ORIENTED_EDGE('',*,*,#209,.T.);
#275 = ORIENTED_EDGE('',*,*,#147,.T.);
#276 = ORIENTED_EDGE('',*,*,#277,.F.);
#277 = EDGE_CURVE('',#278,#140,#280,.T.);
#278 = VERTEX_POINT('',#279);
#279 = CARTESIAN_POINT('',(-0.8,1.355,0.75));
#280 = LINE('',#281,#282);
#281 = CARTESIAN_POINT('',(-0.8,1.355,0.75));
#282 = VECTOR('',#283,1.);
#283 = DIRECTION('',(0.707106781187,0.707106781187,0.));
#284 = ORIENTED_EDGE('',*,*,#285,.F.);
#285 = EDGE_CURVE('',#202,#278,#286,.T.);
#286 = B_SPLINE_CURVE_WITH_KNOTS('',1,(#287,#288),.UNSPECIFIED.,.F.,.F.,
  (2,2),(0.,1.),.PIECEWISE_BEZIER_KNOTS.);
#287 = CARTESIAN_POINT('',(-0.708648457443,1.309324228722,0.1));
#288 = CARTESIAN_POINT('',(-0.8,1.355,0.75));
#289 = B_SPLINE_SURFACE_WITH_KNOTS('',1,1,(
    (#290,#291)
    ,(#292,#293
    )),.UNSPECIFIED.,.F.,.F.,.F.,(2,2),(2,2),(0.,0.134350288425),(0.,1.)
  ,.PIECEWISE_BEZIER_KNOTS.);
#290 = CARTESIAN_POINT('',(-0.708648457443,1.309324228722,0.1));
#291 = CARTESIAN_POINT('',(-0.8,1.355,0.75));
#292 = CARTESIAN_POINT('',(-0.659324228722,1.358648457443,0.1));
#293 = CARTESIAN_POINT('',(-0.705,1.45,0.75));
#294 = ADVANCED_FACE('',(#295),#360,.F.);
#295 = FACE_BOUND('',#296,.F.);
#296 = EDGE_LOOP('',(#297,#298,#299,#307,#315,#323,#331,#339,#347,#355)
  );
#297 = ORIENTED_EDGE('',*,*,#201,.T.);
#298 = ORIENTED_EDGE('',*,*,#285,.T.);
#299 = ORIENTED_EDGE('',*,*,#300,.F.);
#300 = EDGE_CURVE('',#301,#278,#303,.T.);
#301 = VERTEX_POINT('',#302);
#302 = CARTESIAN_POINT('',(-0.8,1.2,0.75));
#303 = LINE('',#304,#305);
#304 = CARTESIAN_POINT('',(-0.8,-1.355,0.75));
#305 = VECTOR('',#306,1.);
#306 = DIRECTION('',(-1.110223024625E-16,1.,0.));
#307 = ORIENTED_EDGE('',*,*,#308,.F.);
#308 = EDGE_CURVE('',#309,#301,#311,.T.);
#309 = VERTEX_POINT('',#310);
#310 = CARTESIAN_POINT('',(-0.8,0.7,0.75));
#311 = LINE('',#312,#313);
#312 = CARTESIAN_POINT('',(-0.8,-1.355,0.75));
#313 = VECTOR('',#314,1.);
#314 = DIRECTION('',(-1.110223024625E-16,1.,0.));
#315 = ORIENTED_EDGE('',*,*,#316,.F.);
#316 = EDGE_CURVE('',#317,#309,#319,.T.);
#317 = VERTEX_POINT('',#318);
#318 = CARTESIAN_POINT('',(-0.8,0.25,0.75));
#319 = LINE('',#320,#321);
#320 = CARTESIAN_POINT('',(-0.8,-1.355,0.75));
#321 = VECTOR('',#322,1.);
#322 = DIRECTION('',(-1.110223024625E-16,1.,0.));
#323 = ORIENTED_EDGE('',*,*,#324,.F.);
#324 = EDGE_CURVE('',#325,#317,#327,.T.);
#325 = VERTEX_POINT('',#326);
#326 = CARTESIAN_POINT('',(-0.8,-0.25,0.75));
#327 = LINE('',#328,#329);
#328 = CARTESIAN_POINT('',(-0.8,-1.355,0.75));
#329 = VECTOR('',#330,1.);
#330 = DIRECTION('',(-1.110223024625E-16,1.,0.));
#331 = ORIENTED_EDGE('',*,*,#332,.F.);
#332 = EDGE_CURVE('',#333,#325,#335,.T.);
#333 = VERTEX_POINT('',#334);
#334 = CARTESIAN_POINT('',(-0.8,-0.7,0.75));
#335 = LINE('',#336,#337);
#336 = CARTESIAN_POINT('',(-0.8,-1.355,0.75));
#337 = VECTOR('',#338,1.);
#338 = DIRECTION('',(-1.110223024625E-16,1.,0.));
#339 = ORIENTED_EDGE('',*,*,#340,.F.);
#340 = EDGE_CURVE('',#341,#333,#343,.T.);
#341 = VERTEX_POINT('',#342);
#342 = CARTESIAN_POINT('',(-0.8,-1.2,0.75));
#343 = LINE('',#344,#345);
#344 = CARTESIAN_POINT('',(-0.8,-1.355,0.75));
#345 = VECTOR('',#346,1.);
#346 = DIRECTION('',(-1.110223024625E-16,1.,0.));
#347 = ORIENTED_EDGE('',*,*,#348,.F.);
#348 = EDGE_CURVE('',#349,#341,#351,.T.);
#349 = VERTEX_POINT('',#350);
#350 = CARTESIAN_POINT('',(-0.8,-1.355,0.75));
#351 = LINE('',#352,#353);
#352 = CARTESIAN_POINT('',(-0.8,-1.355,0.75));
#353 = VECTOR('',#354,1.);
#354 = DIRECTION('',(-1.110223024625E-16,1.,0.));
#355 = ORIENTED_EDGE('',*,*,#356,.F.);
#356 = EDGE_CURVE('',#194,#349,#357,.T.);
#357 = B_SPLINE_CURVE_WITH_KNOTS('',1,(#358,#359),.UNSPECIFIED.,.F.,.F.,
  (2,2),(0.,1.),.PIECEWISE_BEZIER_KNOTS.);
#358 = CARTESIAN_POINT('',(-0.708648457443,-1.309324228722,0.1));
#359 = CARTESIAN_POINT('',(-0.8,-1.355,0.75));
#360 = B_SPLINE_SURFACE_WITH_KNOTS('',1,1,(
    (#361,#362)
    ,(#363,#364
    )),.UNSPECIFIED.,.F.,.F.,.F.,(2,2),(2,2),(0.,2.71),(0.,1.),
  .PIECEWISE_BEZIER_KNOTS.);
#361 = CARTESIAN_POINT('',(-0.708648457443,-1.309324228722,0.1));
#362 = CARTESIAN_POINT('',(-0.8,-1.355,0.75));
#363 = CARTESIAN_POINT('',(-0.708648457443,1.309324228722,0.1));
#364 = CARTESIAN_POINT('',(-0.8,1.355,0.75));
#365 = ADVANCED_FACE('',(#366),#415,.F.);
#366 = FACE_BOUND('',#367,.F.);
#367 = EDGE_LOOP('',(#368,#369,#376,#384,#392,#400,#408,#414));
#368 = ORIENTED_EDGE('',*,*,#169,.T.);
#369 = ORIENTED_EDGE('',*,*,#370,.T.);
#370 = EDGE_CURVE('',#170,#371,#373,.T.);
#371 = VERTEX_POINT('',#372);
#372 = CARTESIAN_POINT('',(0.8,-1.355,0.75));
#373 = B_SPLINE_CURVE_WITH_KNOTS('',1,(#374,#375),.UNSPECIFIED.,.F.,.F.,
  (2,2),(0.,1.),.PIECEWISE_BEZIER_KNOTS.);
#374 = CARTESIAN_POINT('',(0.708648457443,-1.309324228722,0.1));
#375 = CARTESIAN_POINT('',(0.8,-1.355,0.75));
#376 = ORIENTED_EDGE('',*,*,#377,.F.);
#377 = EDGE_CURVE('',#378,#371,#380,.T.);
#378 = VERTEX_POINT('',#379);
#379 = CARTESIAN_POINT('',(0.8,-1.2,0.75));
#380 = LINE('',#381,#382);
#381 = CARTESIAN_POINT('',(0.8,1.355,0.75));
#382 = VECTOR('',#383,1.);
#383 = DIRECTION('',(1.110223024625E-16,-1.,0.));
#384 = ORIENTED_EDGE('',*,*,#385,.F.);
#385 = EDGE_CURVE('',#386,#378,#388,.T.);
#386 = VERTEX_POINT('',#387);
#387 = CARTESIAN_POINT('',(0.8,-0.7,0.75));
#388 = LINE('',#389,#390);
#389 = CARTESIAN_POINT('',(0.8,1.355,0.75));
#390 = VECTOR('',#391,1.);
#391 = DIRECTION('',(1.110223024625E-16,-1.,0.));
#392 = ORIENTED_EDGE('',*,*,#393,.F.);
#393 = EDGE_CURVE('',#394,#386,#396,.T.);
#394 = VERTEX_POINT('',#395);
#395 = CARTESIAN_POINT('',(0.8,0.7,0.75));
#396 = LINE('',#397,#398);
#397 = CARTESIAN_POINT('',(0.8,1.355,0.75));
#398 = VECTOR('',#399,1.);
#399 = DIRECTION('',(1.110223024625E-16,-1.,0.));
#400 = ORIENTED_EDGE('',*,*,#401,.F.);
#401 = EDGE_CURVE('',#402,#394,#404,.T.);
#402 = VERTEX_POINT('',#403);
#403 = CARTESIAN_POINT('',(0.8,1.2,0.75));
#404 = LINE('',#405,#406);
#405 = CARTESIAN_POINT('',(0.8,1.355,0.75));
#406 = VECTOR('',#407,1.);
#407 = DIRECTION('',(1.110223024625E-16,-1.,0.));
#408 = ORIENTED_EDGE('',*,*,#409,.F.);
#409 = EDGE_CURVE('',#225,#402,#410,.T.);
#410 = LINE('',#411,#412);
#411 = CARTESIAN_POINT('',(0.8,1.355,0.75));
#412 = VECTOR('',#413,1.);
#413 = DIRECTION('',(1.110223024625E-16,-1.,0.));
#414 = ORIENTED_EDGE('',*,*,#224,.F.);
#415 = B_SPLINE_SURFACE_WITH_KNOTS('',1,1,(
    (#416,#417)
    ,(#418,#419
    )),.UNSPECIFIED.,.F.,.F.,.F.,(2,2),(2,2),(0.,2.71),(0.,1.),
  .PIECEWISE_BEZIER_KNOTS.);
#416 = CARTESIAN_POINT('',(0.708648457443,1.309324228722,0.1));
#417 = CARTESIAN_POINT('',(0.8,1.355,0.75));
#418 = CARTESIAN_POINT('',(0.708648457443,-1.309324228722,0.1));
#419 = CARTESIAN_POINT('',(0.8,-1.355,0.75));
#420 = ADVANCED_FACE('',(#421),#438,.F.);
#421 = FACE_BOUND('',#422,.F.);
#422 = EDGE_LOOP('',(#423,#424,#425,#433));
#423 = ORIENTED_EDGE('',*,*,#193,.T.);
#424 = ORIENTED_EDGE('',*,*,#356,.T.);
#425 = ORIENTED_EDGE('',*,*,#426,.F.);
#426 = EDGE_CURVE('',#427,#349,#429,.T.);
#427 = VERTEX_POINT('',#428);
#428 = CARTESIAN_POINT('',(-0.705,-1.45,0.75));
#429 = LINE('',#430,#431);
#430 = CARTESIAN_POINT('',(-0.705,-1.45,0.75));
#431 = VECTOR('',#432,1.);
#432 = DIRECTION('',(-0.707106781187,0.707106781187,0.));
#433 = ORIENTED_EDGE('',*,*,#434,.F.);
#434 = EDGE_CURVE('',#186,#427,#435,.T.);
#435 = B_SPLINE_CURVE_WITH_KNOTS('',1,(#436,#437),.UNSPECIFIED.,.F.,.F.,
  (2,2),(0.,1.),.PIECEWISE_BEZIER_KNOTS.);
#436 = CARTESIAN_POINT('',(-0.659324228722,-1.358648457443,0.1));
#437 = CARTESIAN_POINT('',(-0.705,-1.45,0.75));
#438 = B_SPLINE_SURFACE_WITH_KNOTS('',1,1,(
    (#439,#440)
    ,(#441,#442
    )),.UNSPECIFIED.,.F.,.F.,.F.,(2,2),(2,2),(0.,0.134350288425),(0.,1.)
  ,.PIECEWISE_BEZIER_KNOTS.);
#439 = CARTESIAN_POINT('',(-0.659324228722,-1.358648457443,0.1));
#440 = CARTESIAN_POINT('',(-0.705,-1.45,0.75));
#441 = CARTESIAN_POINT('',(-0.708648457443,-1.309324228722,0.1));
#442 = CARTESIAN_POINT('',(-0.8,-1.355,0.75));
#443 = ADVANCED_FACE('',(#444),#461,.F.);
#444 = FACE_BOUND('',#445,.F.);
#445 = EDGE_LOOP('',(#446,#447,#454,#460));
#446 = ORIENTED_EDGE('',*,*,#177,.T.);
#447 = ORIENTED_EDGE('',*,*,#448,.T.);
#448 = EDGE_CURVE('',#178,#449,#451,.T.);
#449 = VERTEX_POINT('',#450);
#450 = CARTESIAN_POINT('',(0.705,-1.45,0.75));
#451 = B_SPLINE_CURVE_WITH_KNOTS('',1,(#452,#453),.UNSPECIFIED.,.F.,.F.,
  (2,2),(0.,1.),.PIECEWISE_BEZIER_KNOTS.);
#452 = CARTESIAN_POINT('',(0.659324228722,-1.358648457443,0.1));
#453 = CARTESIAN_POINT('',(0.705,-1.45,0.75));
#454 = ORIENTED_EDGE('',*,*,#455,.F.);
#455 = EDGE_CURVE('',#371,#449,#456,.T.);
#456 = LINE('',#457,#458);
#457 = CARTESIAN_POINT('',(0.8,-1.355,0.75));
#458 = VECTOR('',#459,1.);
#459 = DIRECTION('',(-0.707106781187,-0.707106781187,0.));
#460 = ORIENTED_EDGE('',*,*,#370,.F.);
#461 = B_SPLINE_SURFACE_WITH_KNOTS('',1,1,(
    (#462,#463)
    ,(#464,#465
    )),.UNSPECIFIED.,.F.,.F.,.F.,(2,2),(2,2),(0.,0.134350288425),(0.,1.)
  ,.PIECEWISE_BEZIER_KNOTS.);
#462 = CARTESIAN_POINT('',(0.708648457443,-1.309324228722,0.1));
#463 = CARTESIAN_POINT('',(0.8,-1.355,0.75));
#464 = CARTESIAN_POINT('',(0.659324228722,-1.358648457443,0.1));
#465 = CARTESIAN_POINT('',(0.705,-1.45,0.75));
#466 = ADVANCED_FACE('',(#467),#478,.F.);
#467 = FACE_BOUND('',#468,.F.);
#468 = EDGE_LOOP('',(#469,#470,#471,#477));
#469 = ORIENTED_EDGE('',*,*,#185,.T.);
#470 = ORIENTED_EDGE('',*,*,#434,.T.);
#471 = ORIENTED_EDGE('',*,*,#472,.F.);
#472 = EDGE_CURVE('',#449,#427,#473,.T.);
#473 = LINE('',#474,#475);
#474 = CARTESIAN_POINT('',(0.705,-1.45,0.75));
#475 = VECTOR('',#476,1.);
#476 = DIRECTION('',(-1.,-1.110223024625E-16,0.));
#477 = ORIENTED_EDGE('',*,*,#448,.F.);
#478 = B_SPLINE_SURFACE_WITH_KNOTS('',1,1,(
    (#479,#480)
    ,(#481,#482
    )),.UNSPECIFIED.,.F.,.F.,.F.,(2,2),(2,2),(0.,1.41),(0.,1.),
  .PIECEWISE_BEZIER_KNOTS.);
#479 = CARTESIAN_POINT('',(0.659324228722,-1.358648457443,0.1));
#480 = CARTESIAN_POINT('',(0.705,-1.45,0.75));
#481 = CARTESIAN_POINT('',(-0.659324228722,-1.358648457443,0.1));
#482 = CARTESIAN_POINT('',(-0.705,-1.45,0.75));
#483 = ADVANCED_FACE('',(#484),#501,.F.);
#484 = FACE_BOUND('',#485,.F.);
#485 = EDGE_LOOP('',(#486,#487,#494,#500));
#486 = ORIENTED_EDGE('',*,*,#231,.T.);
#487 = ORIENTED_EDGE('',*,*,#488,.T.);
#488 = EDGE_CURVE('',#225,#489,#491,.T.);
#489 = VERTEX_POINT('',#490);
#490 = CARTESIAN_POINT('',(0.8,1.355,0.9));
#491 = B_SPLINE_CURVE_WITH_KNOTS('',1,(#492,#493),.UNSPECIFIED.,.F.,.F.,
  (2,2),(0.,1.),.PIECEWISE_BEZIER_KNOTS.);
#492 = CARTESIAN_POINT('',(0.8,1.355,0.75));
#493 = CARTESIAN_POINT('',(0.8,1.355,0.9));
#494 = ORIENTED_EDGE('',*,*,#495,.F.);
#495 = EDGE_CURVE('',#248,#489,#496,.T.);
#496 = LINE('',#497,#498);
#497 = CARTESIAN_POINT('',(0.705,1.45,0.9));
#498 = VECTOR('',#499,1.);
#499 = DIRECTION('',(0.707106781187,-0.707106781187,0.));
#500 = ORIENTED_EDGE('',*,*,#247,.F.);
#501 = PLANE('',#502);
#502 = AXIS2_PLACEMENT_3D('',#503,#504,#505);
#503 = CARTESIAN_POINT('',(0.705,1.45,0.9));
#504 = DIRECTION('',(-0.707106781187,-0.707106781187,0.));
#505 = DIRECTION('',(0.707106781187,-0.707106781187,0.));
#506 = ADVANCED_FACE('',(#507),#589,.F.);
#507 = FACE_BOUND('',#508,.F.);
#508 = EDGE_LOOP('',(#509,#517,#518,#519,#527,#535,#543,#551,#559,#567,
    #575,#583));
#509 = ORIENTED_EDGE('',*,*,#510,.T.);
#510 = EDGE_CURVE('',#511,#255,#513,.T.);
#511 = VERTEX_POINT('',#512);
#512 = CARTESIAN_POINT('',(-0.8,1.355,0.9));
#513 = LINE('',#514,#515);
#514 = CARTESIAN_POINT('',(-0.8,1.355,0.9));
#515 = VECTOR('',#516,1.);
#516 = DIRECTION('',(0.707106781187,0.707106781187,0.));
#517 = ORIENTED_EDGE('',*,*,#254,.T.);
#518 = ORIENTED_EDGE('',*,*,#495,.T.);
#519 = ORIENTED_EDGE('',*,*,#520,.T.);
#520 = EDGE_CURVE('',#489,#521,#523,.T.);
#521 = VERTEX_POINT('',#522);
#522 = CARTESIAN_POINT('',(0.8,1.2,0.9));
#523 = LINE('',#524,#525);
#524 = CARTESIAN_POINT('',(0.8,1.355,0.9));
#525 = VECTOR('',#526,1.);
#526 = DIRECTION('',(1.110223024625E-16,-1.,0.));
#527 = ORIENTED_EDGE('',*,*,#528,.T.);
#528 = EDGE_CURVE('',#521,#529,#531,.T.);
#529 = VERTEX_POINT('',#530);
#530 = CARTESIAN_POINT('',(0.775,1.2,0.9));
#531 = LINE('',#532,#533);
#532 = CARTESIAN_POINT('',(0.85,1.2,0.9));
#533 = VECTOR('',#534,1.);
#534 = DIRECTION('',(-1.,-1.110223024625E-16,0.));
#535 = ORIENTED_EDGE('',*,*,#536,.F.);
#536 = EDGE_CURVE('',#537,#529,#539,.T.);
#537 = VERTEX_POINT('',#538);
#538 = CARTESIAN_POINT('',(0.775,1.3425,0.9));
#539 = LINE('',#540,#541);
#540 = CARTESIAN_POINT('',(0.775,1.3425,0.9));
#541 = VECTOR('',#542,1.);
#542 = DIRECTION('',(1.110223024625E-16,-1.,0.));
#543 = ORIENTED_EDGE('',*,*,#544,.F.);
#544 = EDGE_CURVE('',#545,#537,#547,.T.);
#545 = VERTEX_POINT('',#546);
#546 = CARTESIAN_POINT('',(0.6925,1.425,0.9));
#547 = LINE('',#548,#549);
#548 = CARTESIAN_POINT('',(0.6925,1.425,0.9));
#549 = VECTOR('',#550,1.);
#550 = DIRECTION('',(0.707106781187,-0.707106781187,0.));
#551 = ORIENTED_EDGE('',*,*,#552,.F.);
#552 = EDGE_CURVE('',#553,#545,#555,.T.);
#553 = VERTEX_POINT('',#554);
#554 = CARTESIAN_POINT('',(-0.6925,1.425,0.9));
#555 = LINE('',#556,#557);
#556 = CARTESIAN_POINT('',(-0.6925,1.425,0.9));
#557 = VECTOR('',#558,1.);
#558 = DIRECTION('',(1.,1.110223024625E-16,0.));
#559 = ORIENTED_EDGE('',*,*,#560,.F.);
#560 = EDGE_CURVE('',#561,#553,#563,.T.);
#561 = VERTEX_POINT('',#562);
#562 = CARTESIAN_POINT('',(-0.775,1.3425,0.9));
#563 = LINE('',#564,#565);
#564 = CARTESIAN_POINT('',(-0.775,1.3425,0.9));
#565 = VECTOR('',#566,1.);
#566 = DIRECTION('',(0.707106781187,0.707106781187,0.));
#567 = ORIENTED_EDGE('',*,*,#568,.F.);
#568 = EDGE_CURVE('',#569,#561,#571,.T.);
#569 = VERTEX_POINT('',#570);
#570 = CARTESIAN_POINT('',(-0.775,1.2,0.9));
#571 = LINE('',#572,#573);
#572 = CARTESIAN_POINT('',(-0.775,-1.3425,0.9));
#573 = VECTOR('',#574,1.);
#574 = DIRECTION('',(-1.110223024625E-16,1.,0.));
#575 = ORIENTED_EDGE('',*,*,#576,.F.);
#576 = EDGE_CURVE('',#577,#569,#579,.T.);
#577 = VERTEX_POINT('',#578);
#578 = CARTESIAN_POINT('',(-0.8,1.2,0.9));
#579 = LINE('',#580,#581);
#580 = CARTESIAN_POINT('',(-0.85,1.2,0.9));
#581 = VECTOR('',#582,1.);
#582 = DIRECTION('',(1.,-1.144237745222E-17,0.));
#583 = ORIENTED_EDGE('',*,*,#584,.T.);
#584 = EDGE_CURVE('',#577,#511,#585,.T.);
#585 = LINE('',#586,#587);
#586 = CARTESIAN_POINT('',(-0.8,-1.355,0.9));
#587 = VECTOR('',#588,1.);
#588 = DIRECTION('',(-1.110223024625E-16,1.,0.));
#589 = PLANE('',#590);
#590 = AXIS2_PLACEMENT_3D('',#591,#592,#593);
#591 = CARTESIAN_POINT('',(-2.091417030376E-16,1.4375,0.9));
#592 = DIRECTION('',(4.595758349624E-18,6.551522493592E-27,-1.));
#593 = DIRECTION('',(1.,1.51922136901E-16,4.595758349624E-18));
#594 = ADVANCED_FACE('',(#595),#605,.F.);
#595 = FACE_BOUND('',#596,.F.);
#596 = EDGE_LOOP('',(#597,#598,#599,#600));
#597 = ORIENTED_EDGE('',*,*,#277,.T.);
#598 = ORIENTED_EDGE('',*,*,#262,.T.);
#599 = ORIENTED_EDGE('',*,*,#510,.F.);
#600 = ORIENTED_EDGE('',*,*,#601,.F.);
#601 = EDGE_CURVE('',#278,#511,#602,.T.);
#602 = B_SPLINE_CURVE_WITH_KNOTS('',1,(#603,#604),.UNSPECIFIED.,.F.,.F.,
  (2,2),(0.,1.),.PIECEWISE_BEZIER_KNOTS.);
#603 = CARTESIAN_POINT('',(-0.8,1.355,0.75));
#604 = CARTESIAN_POINT('',(-0.8,1.355,0.9));
#605 = PLANE('',#606);
#606 = AXIS2_PLACEMENT_3D('',#607,#608,#609);
#607 = CARTESIAN_POINT('',(-0.8,1.355,0.9));
#608 = DIRECTION('',(0.707106781187,-0.707106781187,0.));
#609 = DIRECTION('',(0.707106781187,0.707106781187,0.));
#610 = ADVANCED_FACE('',(#611),#635,.F.);
#611 = FACE_BOUND('',#612,.F.);
#612 = EDGE_LOOP('',(#613,#620,#621,#629));
#613 = ORIENTED_EDGE('',*,*,#614,.F.);
#614 = EDGE_CURVE('',#349,#615,#617,.T.);
#615 = VERTEX_POINT('',#616);
#616 = CARTESIAN_POINT('',(-0.8,-1.355,0.9));
#617 = B_SPLINE_CURVE_WITH_KNOTS('',1,(#618,#619),.UNSPECIFIED.,.F.,.F.,
  (2,2),(0.,1.),.PIECEWISE_BEZIER_KNOTS.);
#618 = CARTESIAN_POINT('',(-0.8,-1.355,0.75));
#619 = CARTESIAN_POINT('',(-0.8,-1.355,0.9));
#620 = ORIENTED_EDGE('',*,*,#348,.T.);
#621 = ORIENTED_EDGE('',*,*,#622,.T.);
#622 = EDGE_CURVE('',#341,#623,#625,.T.);
#623 = VERTEX_POINT('',#624);
#624 = CARTESIAN_POINT('',(-0.8,-1.2,0.9));
#625 = LINE('',#626,#627);
#626 = CARTESIAN_POINT('',(-0.8,-1.2,0.670847817658));
#627 = VECTOR('',#628,1.);
#628 = DIRECTION('',(0.,0.,1.));
#629 = ORIENTED_EDGE('',*,*,#630,.F.);
#630 = EDGE_CURVE('',#615,#623,#631,.T.);
#631 = LINE('',#632,#633);
#632 = CARTESIAN_POINT('',(-0.8,-1.355,0.9));
#633 = VECTOR('',#634,1.);
#634 = DIRECTION('',(-1.110223024625E-16,1.,0.));
#635 = PLANE('',#636);
#636 = AXIS2_PLACEMENT_3D('',#637,#638,#639);
#637 = CARTESIAN_POINT('',(-0.8,-1.355,0.9));
#638 = DIRECTION('',(1.,1.110223024625E-16,0.));
#639 = DIRECTION('',(-1.110223024625E-16,1.,0.));
#640 = ADVANCED_FACE('',(#641),#666,.F.);
#641 = FACE_BOUND('',#642,.F.);
#642 = EDGE_LOOP('',(#643,#651,#652,#660));
#643 = ORIENTED_EDGE('',*,*,#644,.F.);
#644 = EDGE_CURVE('',#341,#645,#647,.T.);
#645 = VERTEX_POINT('',#646);
#646 = CARTESIAN_POINT('',(-0.85,-1.2,0.75));
#647 = LINE('',#648,#649);
#648 = CARTESIAN_POINT('',(-0.75,-1.2,0.75));
#649 = VECTOR('',#650,1.);
#650 = DIRECTION('',(-1.,1.144237745222E-17,0.));
#651 = ORIENTED_EDGE('',*,*,#340,.T.);
#652 = ORIENTED_EDGE('',*,*,#653,.T.);
#653 = EDGE_CURVE('',#333,#654,#656,.T.);
#654 = VERTEX_POINT('',#655);
#655 = CARTESIAN_POINT('',(-0.85,-0.7,0.75));
#656 = LINE('',#657,#658);
#657 = CARTESIAN_POINT('',(-0.75,-0.7,0.75));
#658 = VECTOR('',#659,1.);
#659 = DIRECTION('',(-1.,1.144237745222E-17,0.));
#660 = ORIENTED_EDGE('',*,*,#661,.F.);
#661 = EDGE_CURVE('',#645,#654,#662,.T.);
#662 = LINE('',#663,#664);
#663 = CARTESIAN_POINT('',(-0.85,-1.2,0.75));
#664 = VECTOR('',#665,1.);
#665 = DIRECTION('',(1.144237745222E-17,1.,0.));
#666 = PLANE('',#667);
#667 = AXIS2_PLACEMENT_3D('',#668,#669,#670);
#668 = CARTESIAN_POINT('',(-0.75,-1.2,0.75));
#669 = DIRECTION('',(0.,0.,1.));
#670 = DIRECTION('',(-1.,1.144237745222E-17,0.));
#671 = ADVANCED_FACE('',(#672),#697,.F.);
#672 = FACE_BOUND('',#673,.F.);
#673 = EDGE_LOOP('',(#674,#682,#683,#691));
#674 = ORIENTED_EDGE('',*,*,#675,.F.);
#675 = EDGE_CURVE('',#333,#676,#678,.T.);
#676 = VERTEX_POINT('',#677);
#677 = CARTESIAN_POINT('',(-0.8,-0.7,0.9));
#678 = LINE('',#679,#680);
#679 = CARTESIAN_POINT('',(-0.8,-0.7,0.670847817658));
#680 = VECTOR('',#681,1.);
#681 = DIRECTION('',(0.,0.,1.));
#682 = ORIENTED_EDGE('',*,*,#332,.T.);
#683 = ORIENTED_EDGE('',*,*,#684,.T.);
#684 = EDGE_CURVE('',#325,#685,#687,.T.);
#685 = VERTEX_POINT('',#686);
#686 = CARTESIAN_POINT('',(-0.8,-0.25,0.9));
#687 = LINE('',#688,#689);
#688 = CARTESIAN_POINT('',(-0.8,-0.25,0.670847817658));
#689 = VECTOR('',#690,1.);
#690 = DIRECTION('',(0.,0.,1.));
#691 = ORIENTED_EDGE('',*,*,#692,.F.);
#692 = EDGE_CURVE('',#676,#685,#693,.T.);
#693 = LINE('',#694,#695);
#694 = CARTESIAN_POINT('',(-0.8,-1.355,0.9));
#695 = VECTOR('',#696,1.);
#696 = DIRECTION('',(-1.110223024625E-16,1.,0.));
#697 = PLANE('',#698);
#698 = AXIS2_PLACEMENT_3D('',#699,#700,#701);
#699 = CARTESIAN_POINT('',(-0.8,-1.355,0.9));
#700 = DIRECTION('',(1.,1.110223024625E-16,0.));
#701 = DIRECTION('',(-1.110223024625E-16,1.,0.));
#702 = ADVANCED_FACE('',(#703),#728,.F.);
#703 = FACE_BOUND('',#704,.F.);
#704 = EDGE_LOOP('',(#705,#713,#714,#722));
#705 = ORIENTED_EDGE('',*,*,#706,.F.);
#706 = EDGE_CURVE('',#325,#707,#709,.T.);
#707 = VERTEX_POINT('',#708);
#708 = CARTESIAN_POINT('',(-0.85,-0.25,0.75));
#709 = LINE('',#710,#711);
#710 = CARTESIAN_POINT('',(-0.75,-0.25,0.75));
#711 = VECTOR('',#712,1.);
#712 = DIRECTION('',(-1.,1.144237745222E-17,0.));
#713 = ORIENTED_EDGE('',*,*,#324,.T.);
#714 = ORIENTED_EDGE('',*,*,#715,.T.);
#715 = EDGE_CURVE('',#317,#716,#718,.T.);
#716 = VERTEX_POINT('',#717);
#717 = CARTESIAN_POINT('',(-0.85,0.25,0.75));
#718 = LINE('',#719,#720);
#719 = CARTESIAN_POINT('',(-0.75,0.25,0.75));
#720 = VECTOR('',#721,1.);
#721 = DIRECTION('',(-1.,1.144237745222E-17,0.));
#722 = ORIENTED_EDGE('',*,*,#723,.F.);
#723 = EDGE_CURVE('',#707,#716,#724,.T.);
#724 = LINE('',#725,#726);
#725 = CARTESIAN_POINT('',(-0.85,-0.25,0.75));
#726 = VECTOR('',#727,1.);
#727 = DIRECTION('',(1.144237745222E-17,1.,0.));
#728 = PLANE('',#729);
#729 = AXIS2_PLACEMENT_3D('',#730,#731,#732);
#730 = CARTESIAN_POINT('',(-0.75,-0.25,0.75));
#731 = DIRECTION('',(0.,0.,1.));
#732 = DIRECTION('',(-1.,1.144237745222E-17,0.));
#733 = ADVANCED_FACE('',(#734),#759,.F.);
#734 = FACE_BOUND('',#735,.F.);
#735 = EDGE_LOOP('',(#736,#744,#745,#753));
#736 = ORIENTED_EDGE('',*,*,#737,.F.);
#737 = EDGE_CURVE('',#317,#738,#740,.T.);
#738 = VERTEX_POINT('',#739);
#739 = CARTESIAN_POINT('',(-0.8,0.25,0.9));
#740 = LINE('',#741,#742);
#741 = CARTESIAN_POINT('',(-0.8,0.25,0.670847817658));
#742 = VECTOR('',#743,1.);
#743 = DIRECTION('',(0.,0.,1.));
#744 = ORIENTED_EDGE('',*,*,#316,.T.);
#745 = ORIENTED_EDGE('',*,*,#746,.T.);
#746 = EDGE_CURVE('',#309,#747,#749,.T.);
#747 = VERTEX_POINT('',#748);
#748 = CARTESIAN_POINT('',(-0.8,0.7,0.9));
#749 = LINE('',#750,#751);
#750 = CARTESIAN_POINT('',(-0.8,0.7,0.670847817658));
#751 = VECTOR('',#752,1.);
#752 = DIRECTION('',(0.,0.,1.));
#753 = ORIENTED_EDGE('',*,*,#754,.F.);
#754 = EDGE_CURVE('',#738,#747,#755,.T.);
#755 = LINE('',#756,#757);
#756 = CARTESIAN_POINT('',(-0.8,-1.355,0.9));
#757 = VECTOR('',#758,1.);
#758 = DIRECTION('',(-1.110223024625E-16,1.,0.));
#759 = PLANE('',#760);
#760 = AXIS2_PLACEMENT_3D('',#761,#762,#763);
#761 = CARTESIAN_POINT('',(-0.8,-1.355,0.9));
#762 = DIRECTION('',(1.,1.110223024625E-16,0.));
#763 = DIRECTION('',(-1.110223024625E-16,1.,0.));
#764 = ADVANCED_FACE('',(#765),#790,.F.);
#765 = FACE_BOUND('',#766,.F.);
#766 = EDGE_LOOP('',(#767,#775,#776,#784));
#767 = ORIENTED_EDGE('',*,*,#768,.F.);
#768 = EDGE_CURVE('',#309,#769,#771,.T.);
#769 = VERTEX_POINT('',#770);
#770 = CARTESIAN_POINT('',(-0.85,0.7,0.75));
#771 = LINE('',#772,#773);
#772 = CARTESIAN_POINT('',(-0.75,0.7,0.75));
#773 = VECTOR('',#774,1.);
#774 = DIRECTION('',(-1.,1.144237745222E-17,0.));
#775 = ORIENTED_EDGE('',*,*,#308,.T.);
#776 = ORIENTED_EDGE('',*,*,#777,.T.);
#777 = EDGE_CURVE('',#301,#778,#780,.T.);
#778 = VERTEX_POINT('',#779);
#779 = CARTESIAN_POINT('',(-0.85,1.2,0.75));
#780 = LINE('',#781,#782);
#781 = CARTESIAN_POINT('',(-0.75,1.2,0.75));
#782 = VECTOR('',#783,1.);
#783 = DIRECTION('',(-1.,1.144237745222E-17,0.));
#784 = ORIENTED_EDGE('',*,*,#785,.F.);
#785 = EDGE_CURVE('',#769,#778,#786,.T.);
#786 = LINE('',#787,#788);
#787 = CARTESIAN_POINT('',(-0.85,0.7,0.75));
#788 = VECTOR('',#789,1.);
#789 = DIRECTION('',(1.144237745222E-17,1.,0.));
#790 = PLANE('',#791);
#791 = AXIS2_PLACEMENT_3D('',#792,#793,#794);
#792 = CARTESIAN_POINT('',(-0.75,0.7,0.75));
#793 = DIRECTION('',(0.,0.,1.));
#794 = DIRECTION('',(-1.,1.144237745222E-17,0.));
#795 = ADVANCED_FACE('',(#796),#807,.F.);
#796 = FACE_BOUND('',#797,.F.);
#797 = EDGE_LOOP('',(#798,#804,#805,#806));
#798 = ORIENTED_EDGE('',*,*,#799,.F.);
#799 = EDGE_CURVE('',#301,#577,#800,.T.);
#800 = LINE('',#801,#802);
#801 = CARTESIAN_POINT('',(-0.8,1.2,0.670847817658));
#802 = VECTOR('',#803,1.);
#803 = DIRECTION('',(0.,0.,1.));
#804 = ORIENTED_EDGE('',*,*,#300,.T.);
#805 = ORIENTED_EDGE('',*,*,#601,.T.);
#806 = ORIENTED_EDGE('',*,*,#584,.F.);
#807 = PLANE('',#808);
#808 = AXIS2_PLACEMENT_3D('',#809,#810,#811);
#809 = CARTESIAN_POINT('',(-0.8,-1.355,0.9));
#810 = DIRECTION('',(1.,1.110223024625E-16,0.));
#811 = DIRECTION('',(-1.110223024625E-16,1.,0.));
#812 = ADVANCED_FACE('',(#813),#824,.F.);
#813 = FACE_BOUND('',#814,.F.);
#814 = EDGE_LOOP('',(#815,#816,#817,#823));
#815 = ORIENTED_EDGE('',*,*,#488,.F.);
#816 = ORIENTED_EDGE('',*,*,#409,.T.);
#817 = ORIENTED_EDGE('',*,*,#818,.T.);
#818 = EDGE_CURVE('',#402,#521,#819,.T.);
#819 = LINE('',#820,#821);
#820 = CARTESIAN_POINT('',(0.8,1.2,0.670847817658));
#821 = VECTOR('',#822,1.);
#822 = DIRECTION('',(0.,0.,1.));
#823 = ORIENTED_EDGE('',*,*,#520,.F.);
#824 = PLANE('',#825);
#825 = AXIS2_PLACEMENT_3D('',#826,#827,#828);
#826 = CARTESIAN_POINT('',(0.8,1.355,0.9));
#827 = DIRECTION('',(-1.,-1.110223024625E-16,0.));
#828 = DIRECTION('',(1.110223024625E-16,-1.,0.));
#829 = ADVANCED_FACE('',(#830),#855,.F.);
#830 = FACE_BOUND('',#831,.F.);
#831 = EDGE_LOOP('',(#832,#840,#841,#849));
#832 = ORIENTED_EDGE('',*,*,#833,.F.);
#833 = EDGE_CURVE('',#402,#834,#836,.T.);
#834 = VERTEX_POINT('',#835);
#835 = CARTESIAN_POINT('',(0.85,1.2,0.75));
#836 = LINE('',#837,#838);
#837 = CARTESIAN_POINT('',(0.75,1.2,0.75));
#838 = VECTOR('',#839,1.);
#839 = DIRECTION('',(1.,1.110223024625E-16,0.));
#840 = ORIENTED_EDGE('',*,*,#401,.T.);
#841 = ORIENTED_EDGE('',*,*,#842,.T.);
#842 = EDGE_CURVE('',#394,#843,#845,.T.);
#843 = VERTEX_POINT('',#844);
#844 = CARTESIAN_POINT('',(0.85,0.7,0.75));
#845 = LINE('',#846,#847);
#846 = CARTESIAN_POINT('',(0.75,0.7,0.75));
#847 = VECTOR('',#848,1.);
#848 = DIRECTION('',(1.,1.110223024625E-16,0.));
#849 = ORIENTED_EDGE('',*,*,#850,.F.);
#850 = EDGE_CURVE('',#834,#843,#851,.T.);
#851 = LINE('',#852,#853);
#852 = CARTESIAN_POINT('',(0.85,1.2,0.75));
#853 = VECTOR('',#854,1.);
#854 = DIRECTION('',(1.110223024625E-16,-1.,0.));
#855 = PLANE('',#856);
#856 = AXIS2_PLACEMENT_3D('',#857,#858,#859);
#857 = CARTESIAN_POINT('',(0.75,1.2,0.75));
#858 = DIRECTION('',(0.,0.,1.));
#859 = DIRECTION('',(1.,1.110223024625E-16,-0.));
#860 = ADVANCED_FACE('',(#861),#886,.F.);
#861 = FACE_BOUND('',#862,.F.);
#862 = EDGE_LOOP('',(#863,#871,#872,#880));
#863 = ORIENTED_EDGE('',*,*,#864,.F.);
#864 = EDGE_CURVE('',#394,#865,#867,.T.);
#865 = VERTEX_POINT('',#866);
#866 = CARTESIAN_POINT('',(0.8,0.7,0.9));
#867 = LINE('',#868,#869);
#868 = CARTESIAN_POINT('',(0.8,0.7,0.670847817658));
#869 = VECTOR('',#870,1.);
#870 = DIRECTION('',(0.,0.,1.));
#871 = ORIENTED_EDGE('',*,*,#393,.T.);
#872 = ORIENTED_EDGE('',*,*,#873,.T.);
#873 = EDGE_CURVE('',#386,#874,#876,.T.);
#874 = VERTEX_POINT('',#875);
#875 = CARTESIAN_POINT('',(0.8,-0.7,0.9));
#876 = LINE('',#877,#878);
#877 = CARTESIAN_POINT('',(0.8,-0.7,0.670847817658));
#878 = VECTOR('',#879,1.);
#879 = DIRECTION('',(0.,0.,1.));
#880 = ORIENTED_EDGE('',*,*,#881,.F.);
#881 = EDGE_CURVE('',#865,#874,#882,.T.);
#882 = LINE('',#883,#884);
#883 = CARTESIAN_POINT('',(0.8,1.355,0.9));
#884 = VECTOR('',#885,1.);
#885 = DIRECTION('',(1.110223024625E-16,-1.,0.));
#886 = PLANE('',#887);
#887 = AXIS2_PLACEMENT_3D('',#888,#889,#890);
#888 = CARTESIAN_POINT('',(0.8,1.355,0.9));
#889 = DIRECTION('',(-1.,-1.110223024625E-16,0.));
#890 = DIRECTION('',(1.110223024625E-16,-1.,0.));
#891 = ADVANCED_FACE('',(#892),#917,.F.);
#892 = FACE_BOUND('',#893,.F.);
#893 = EDGE_LOOP('',(#894,#902,#903,#911));
#894 = ORIENTED_EDGE('',*,*,#895,.F.);
#895 = EDGE_CURVE('',#386,#896,#898,.T.);
#896 = VERTEX_POINT('',#897);
#897 = CARTESIAN_POINT('',(0.85,-0.7,0.75));
#898 = LINE('',#899,#900);
#899 = CARTESIAN_POINT('',(0.75,-0.7,0.75));
#900 = VECTOR('',#901,1.);
#901 = DIRECTION('',(1.,1.110223024625E-16,0.));
#902 = ORIENTED_EDGE('',*,*,#385,.T.);
#903 = ORIENTED_EDGE('',*,*,#904,.T.);
#904 = EDGE_CURVE('',#378,#905,#907,.T.);
#905 = VERTEX_POINT('',#906);
#906 = CARTESIAN_POINT('',(0.85,-1.2,0.75));
#907 = LINE('',#908,#909);
#908 = CARTESIAN_POINT('',(0.75,-1.2,0.75));
#909 = VECTOR('',#910,1.);
#910 = DIRECTION('',(1.,1.110223024625E-16,0.));
#911 = ORIENTED_EDGE('',*,*,#912,.F.);
#912 = EDGE_CURVE('',#896,#905,#913,.T.);
#913 = LINE('',#914,#915);
#914 = CARTESIAN_POINT('',(0.85,-0.7,0.75));
#915 = VECTOR('',#916,1.);
#916 = DIRECTION('',(1.110223024625E-16,-1.,0.));
#917 = PLANE('',#918);
#918 = AXIS2_PLACEMENT_3D('',#919,#920,#921);
#919 = CARTESIAN_POINT('',(0.75,-0.7,0.75));
#920 = DIRECTION('',(0.,0.,1.));
#921 = DIRECTION('',(1.,1.110223024625E-16,-0.));
#922 = ADVANCED_FACE('',(#923),#947,.F.);
#923 = FACE_BOUND('',#924,.F.);
#924 = EDGE_LOOP('',(#925,#933,#934,#941));
#925 = ORIENTED_EDGE('',*,*,#926,.F.);
#926 = EDGE_CURVE('',#378,#927,#929,.T.);
#927 = VERTEX_POINT('',#928);
#928 = CARTESIAN_POINT('',(0.8,-1.2,0.9));
#929 = LINE('',#930,#931);
#930 = CARTESIAN_POINT('',(0.8,-1.2,0.670847817658));
#931 = VECTOR('',#932,1.);
#932 = DIRECTION('',(0.,0.,1.));
#933 = ORIENTED_EDGE('',*,*,#377,.T.);
#934 = ORIENTED_EDGE('',*,*,#935,.T.);
#935 = EDGE_CURVE('',#371,#936,#938,.T.);
#936 = VERTEX_POINT('',#937);
#937 = CARTESIAN_POINT('',(0.8,-1.355,0.9));
#938 = B_SPLINE_CURVE_WITH_KNOTS('',1,(#939,#940),.UNSPECIFIED.,.F.,.F.,
  (2,2),(0.,1.),.PIECEWISE_BEZIER_KNOTS.);
#939 = CARTESIAN_POINT('',(0.8,-1.355,0.75));
#940 = CARTESIAN_POINT('',(0.8,-1.355,0.9));
#941 = ORIENTED_EDGE('',*,*,#942,.F.);
#942 = EDGE_CURVE('',#927,#936,#943,.T.);
#943 = LINE('',#944,#945);
#944 = CARTESIAN_POINT('',(0.8,1.355,0.9));
#945 = VECTOR('',#946,1.);
#946 = DIRECTION('',(1.110223024625E-16,-1.,0.));
#947 = PLANE('',#948);
#948 = AXIS2_PLACEMENT_3D('',#949,#950,#951);
#949 = CARTESIAN_POINT('',(0.8,1.355,0.9));
#950 = DIRECTION('',(-1.,-1.110223024625E-16,0.));
#951 = DIRECTION('',(1.110223024625E-16,-1.,0.));
#952 = ADVANCED_FACE('',(#953),#970,.F.);
#953 = FACE_BOUND('',#954,.F.);
#954 = EDGE_LOOP('',(#955,#956,#957,#965));
#955 = ORIENTED_EDGE('',*,*,#426,.T.);
#956 = ORIENTED_EDGE('',*,*,#614,.T.);
#957 = ORIENTED_EDGE('',*,*,#958,.F.);
#958 = EDGE_CURVE('',#959,#615,#961,.T.);
#959 = VERTEX_POINT('',#960);
#960 = CARTESIAN_POINT('',(-0.705,-1.45,0.9));
#961 = LINE('',#962,#963);
#962 = CARTESIAN_POINT('',(-0.705,-1.45,0.9));
#963 = VECTOR('',#964,1.);
#964 = DIRECTION('',(-0.707106781187,0.707106781187,0.));
#965 = ORIENTED_EDGE('',*,*,#966,.F.);
#966 = EDGE_CURVE('',#427,#959,#967,.T.);
#967 = B_SPLINE_CURVE_WITH_KNOTS('',1,(#968,#969),.UNSPECIFIED.,.F.,.F.,
  (2,2),(0.,1.),.PIECEWISE_BEZIER_KNOTS.);
#968 = CARTESIAN_POINT('',(-0.705,-1.45,0.75));
#969 = CARTESIAN_POINT('',(-0.705,-1.45,0.9));
#970 = PLANE('',#971);
#971 = AXIS2_PLACEMENT_3D('',#972,#973,#974);
#972 = CARTESIAN_POINT('',(-0.705,-1.45,0.9));
#973 = DIRECTION('',(0.707106781187,0.707106781187,0.));
#974 = DIRECTION('',(-0.707106781187,0.707106781187,0.));
#975 = ADVANCED_FACE('',(#976),#993,.F.);
#976 = FACE_BOUND('',#977,.F.);
#977 = EDGE_LOOP('',(#978,#979,#986,#992));
#978 = ORIENTED_EDGE('',*,*,#455,.T.);
#979 = ORIENTED_EDGE('',*,*,#980,.T.);
#980 = EDGE_CURVE('',#449,#981,#983,.T.);
#981 = VERTEX_POINT('',#982);
#982 = CARTESIAN_POINT('',(0.705,-1.45,0.9));
#983 = B_SPLINE_CURVE_WITH_KNOTS('',1,(#984,#985),.UNSPECIFIED.,.F.,.F.,
  (2,2),(0.,1.),.PIECEWISE_BEZIER_KNOTS.);
#984 = CARTESIAN_POINT('',(0.705,-1.45,0.75));
#985 = CARTESIAN_POINT('',(0.705,-1.45,0.9));
#986 = ORIENTED_EDGE('',*,*,#987,.F.);
#987 = EDGE_CURVE('',#936,#981,#988,.T.);
#988 = LINE('',#989,#990);
#989 = CARTESIAN_POINT('',(0.8,-1.355,0.9));
#990 = VECTOR('',#991,1.);
#991 = DIRECTION('',(-0.707106781187,-0.707106781187,0.));
#992 = ORIENTED_EDGE('',*,*,#935,.F.);
#993 = PLANE('',#994);
#994 = AXIS2_PLACEMENT_3D('',#995,#996,#997);
#995 = CARTESIAN_POINT('',(0.8,-1.355,0.9));
#996 = DIRECTION('',(-0.707106781187,0.707106781187,0.));
#997 = DIRECTION('',(-0.707106781187,-0.707106781187,0.));
#998 = ADVANCED_FACE('',(#999),#1010,.F.);
#999 = FACE_BOUND('',#1000,.F.);
#1000 = EDGE_LOOP('',(#1001,#1002,#1003,#1009));
#1001 = ORIENTED_EDGE('',*,*,#472,.T.);
#1002 = ORIENTED_EDGE('',*,*,#966,.T.);
#1003 = ORIENTED_EDGE('',*,*,#1004,.F.);
#1004 = EDGE_CURVE('',#981,#959,#1005,.T.);
#1005 = LINE('',#1006,#1007);
#1006 = CARTESIAN_POINT('',(0.705,-1.45,0.9));
#1007 = VECTOR('',#1008,1.);
#1008 = DIRECTION('',(-1.,-1.110223024625E-16,0.));
#1009 = ORIENTED_EDGE('',*,*,#980,.F.);
#1010 = PLANE('',#1011);
#1011 = AXIS2_PLACEMENT_3D('',#1012,#1013,#1014);
#1012 = CARTESIAN_POINT('',(0.705,-1.45,0.9));
#1013 = DIRECTION('',(-1.110223024625E-16,1.,0.));
#1014 = DIRECTION('',(-1.,-1.110223024625E-16,0.));
#1015 = ADVANCED_FACE('',(#1016),#1055,.F.);
#1016 = FACE_BOUND('',#1017,.F.);
#1017 = EDGE_LOOP('',(#1018,#1026,#1034,#1040,#1041,#1049));
#1018 = ORIENTED_EDGE('',*,*,#1019,.F.);
#1019 = EDGE_CURVE('',#1020,#747,#1022,.T.);
#1020 = VERTEX_POINT('',#1021);
#1021 = CARTESIAN_POINT('',(-0.85,0.7,0.9));
#1022 = LINE('',#1023,#1024);
#1023 = CARTESIAN_POINT('',(-0.85,0.7,0.9));
#1024 = VECTOR('',#1025,1.);
#1025 = DIRECTION('',(1.,-1.144237745222E-17,0.));
#1026 = ORIENTED_EDGE('',*,*,#1027,.T.);
#1027 = EDGE_CURVE('',#1020,#1028,#1030,.T.);
#1028 = VERTEX_POINT('',#1029);
#1029 = CARTESIAN_POINT('',(-0.85,1.2,0.9));
#1030 = LINE('',#1031,#1032);
#1031 = CARTESIAN_POINT('',(-0.85,0.7,0.9));
#1032 = VECTOR('',#1033,1.);
#1033 = DIRECTION('',(1.144237745222E-17,1.,0.));
#1034 = ORIENTED_EDGE('',*,*,#1035,.T.);
#1035 = EDGE_CURVE('',#1028,#577,#1036,.T.);
#1036 = LINE('',#1037,#1038);
#1037 = CARTESIAN_POINT('',(-0.85,1.2,0.9));
#1038 = VECTOR('',#1039,1.);
#1039 = DIRECTION('',(1.,-1.144237745222E-17,0.));
#1040 = ORIENTED_EDGE('',*,*,#576,.T.);
#1041 = ORIENTED_EDGE('',*,*,#1042,.F.);
#1042 = EDGE_CURVE('',#1043,#569,#1045,.T.);
#1043 = VERTEX_POINT('',#1044);
#1044 = CARTESIAN_POINT('',(-0.775,0.7,0.9));
#1045 = LINE('',#1046,#1047);
#1046 = CARTESIAN_POINT('',(-0.775,-1.3425,0.9));
#1047 = VECTOR('',#1048,1.);
#1048 = DIRECTION('',(-1.110223024625E-16,1.,0.));
#1049 = ORIENTED_EDGE('',*,*,#1050,.F.);
#1050 = EDGE_CURVE('',#747,#1043,#1051,.T.);
#1051 = LINE('',#1052,#1053);
#1052 = CARTESIAN_POINT('',(-0.85,0.7,0.9));
#1053 = VECTOR('',#1054,1.);
#1054 = DIRECTION('',(1.,-1.144237745222E-17,0.));
#1055 = PLANE('',#1056);
#1056 = AXIS2_PLACEMENT_3D('',#1057,#1058,#1059);
#1057 = CARTESIAN_POINT('',(-0.85,0.7,0.9));
#1058 = DIRECTION('',(0.,0.,-1.));
#1059 = DIRECTION('',(1.,-1.144237745222E-17,0.));
#1060 = ADVANCED_FACE('',(#1061),#1125,.F.);
#1061 = FACE_BOUND('',#1062,.F.);
#1062 = EDGE_LOOP('',(#1063,#1073,#1081,#1089,#1097,#1103,#1104,#1105,
    #1112,#1120));
#1063 = ORIENTED_EDGE('',*,*,#1064,.T.);
#1064 = EDGE_CURVE('',#1065,#1067,#1069,.T.);
#1065 = VERTEX_POINT('',#1066);
#1066 = CARTESIAN_POINT('',(-0.775,-1.3425,0.9));
#1067 = VERTEX_POINT('',#1068);
#1068 = CARTESIAN_POINT('',(-0.775,-1.2,0.9));
#1069 = LINE('',#1070,#1071);
#1070 = CARTESIAN_POINT('',(-0.775,-1.3425,0.9));
#1071 = VECTOR('',#1072,1.);
#1072 = DIRECTION('',(-1.110223024625E-16,1.,0.));
#1073 = ORIENTED_EDGE('',*,*,#1074,.T.);
#1074 = EDGE_CURVE('',#1067,#1075,#1077,.T.);
#1075 = VERTEX_POINT('',#1076);
#1076 = CARTESIAN_POINT('',(-0.775,-0.7,0.9));
#1077 = LINE('',#1078,#1079);
#1078 = CARTESIAN_POINT('',(-0.775,-1.3425,0.9));
#1079 = VECTOR('',#1080,1.);
#1080 = DIRECTION('',(-1.110223024625E-16,1.,0.));
#1081 = ORIENTED_EDGE('',*,*,#1082,.T.);
#1082 = EDGE_CURVE('',#1075,#1083,#1085,.T.);
#1083 = VERTEX_POINT('',#1084);
#1084 = CARTESIAN_POINT('',(-0.775,-0.25,0.9));
#1085 = LINE('',#1086,#1087);
#1086 = CARTESIAN_POINT('',(-0.775,-1.3425,0.9));
#1087 = VECTOR('',#1088,1.);
#1088 = DIRECTION('',(-1.110223024625E-16,1.,0.));
#1089 = ORIENTED_EDGE('',*,*,#1090,.T.);
#1090 = EDGE_CURVE('',#1083,#1091,#1093,.T.);
#1091 = VERTEX_POINT('',#1092);
#1092 = CARTESIAN_POINT('',(-0.775,0.25,0.9));
#1093 = LINE('',#1094,#1095);
#1094 = CARTESIAN_POINT('',(-0.775,-1.3425,0.9));
#1095 = VECTOR('',#1096,1.);
#1096 = DIRECTION('',(-1.110223024625E-16,1.,0.));
#1097 = ORIENTED_EDGE('',*,*,#1098,.T.);
#1098 = EDGE_CURVE('',#1091,#1043,#1099,.T.);
#1099 = LINE('',#1100,#1101);
#1100 = CARTESIAN_POINT('',(-0.775,-1.3425,0.9));
#1101 = VECTOR('',#1102,1.);
#1102 = DIRECTION('',(-1.110223024625E-16,1.,0.));
#1103 = ORIENTED_EDGE('',*,*,#1042,.T.);
#1104 = ORIENTED_EDGE('',*,*,#568,.T.);
#1105 = ORIENTED_EDGE('',*,*,#1106,.T.);
#1106 = EDGE_CURVE('',#561,#1107,#1109,.T.);
#1107 = VERTEX_POINT('',#1108);
#1108 = CARTESIAN_POINT('',(-0.683648457443,1.296824228722,1.55));
#1109 = B_SPLINE_CURVE_WITH_KNOTS('',1,(#1110,#1111),.UNSPECIFIED.,.F.,
  .F.,(2,2),(0.,1.),.PIECEWISE_BEZIER_KNOTS.);
#1110 = CARTESIAN_POINT('',(-0.775,1.3425,0.9));
#1111 = CARTESIAN_POINT('',(-0.683648457443,1.296824228722,1.55));
#1112 = ORIENTED_EDGE('',*,*,#1113,.F.);
#1113 = EDGE_CURVE('',#1114,#1107,#1116,.T.);
#1114 = VERTEX_POINT('',#1115);
#1115 = CARTESIAN_POINT('',(-0.683648457443,-1.296824228722,1.55));
#1116 = LINE('',#1117,#1118);
#1117 = CARTESIAN_POINT('',(-0.683648457443,-1.296824228722,1.55));
#1118 = VECTOR('',#1119,1.);
#1119 = DIRECTION('',(-1.110223024625E-16,1.,0.));
#1120 = ORIENTED_EDGE('',*,*,#1121,.F.);
#1121 = EDGE_CURVE('',#1065,#1114,#1122,.T.);
#1122 = B_SPLINE_CURVE_WITH_KNOTS('',1,(#1123,#1124),.UNSPECIFIED.,.F.,
  .F.,(2,2),(0.,1.),.PIECEWISE_BEZIER_KNOTS.);
#1123 = CARTESIAN_POINT('',(-0.775,-1.3425,0.9));
#1124 = CARTESIAN_POINT('',(-0.683648457443,-1.296824228722,1.55));
#1125 = B_SPLINE_SURFACE_WITH_KNOTS('',1,1,(
    (#1126,#1127)
    ,(#1128,#1129
    )),.UNSPECIFIED.,.F.,.F.,.F.,(2,2),(2,2),(0.,2.685),(0.,1.),
  .PIECEWISE_BEZIER_KNOTS.);
#1126 = CARTESIAN_POINT('',(-0.775,-1.3425,0.9));
#1127 = CARTESIAN_POINT('',(-0.683648457443,-1.296824228722,1.55));
#1128 = CARTESIAN_POINT('',(-0.775,1.3425,0.9));
#1129 = CARTESIAN_POINT('',(-0.683648457443,1.296824228722,1.55));
#1130 = ADVANCED_FACE('',(#1131),#1148,.F.);
#1131 = FACE_BOUND('',#1132,.F.);
#1132 = EDGE_LOOP('',(#1133,#1134,#1141,#1147));
#1133 = ORIENTED_EDGE('',*,*,#560,.T.);
#1134 = ORIENTED_EDGE('',*,*,#1135,.T.);
#1135 = EDGE_CURVE('',#553,#1136,#1138,.T.);
#1136 = VERTEX_POINT('',#1137);
#1137 = CARTESIAN_POINT('',(-0.646824228722,1.333648457443,1.55));
#1138 = B_SPLINE_CURVE_WITH_KNOTS('',1,(#1139,#1140),.UNSPECIFIED.,.F.,
  .F.,(2,2),(0.,1.),.PIECEWISE_BEZIER_KNOTS.);
#1139 = CARTESIAN_POINT('',(-0.6925,1.425,0.9));
#1140 = CARTESIAN_POINT('',(-0.646824228722,1.333648457443,1.55));
#1141 = ORIENTED_EDGE('',*,*,#1142,.F.);
#1142 = EDGE_CURVE('',#1107,#1136,#1143,.T.);
#1143 = LINE('',#1144,#1145);
#1144 = CARTESIAN_POINT('',(-0.683648457443,1.296824228722,1.55));
#1145 = VECTOR('',#1146,1.);
#1146 = DIRECTION('',(0.707106781187,0.707106781187,0.));
#1147 = ORIENTED_EDGE('',*,*,#1106,.F.);
#1148 = B_SPLINE_SURFACE_WITH_KNOTS('',1,1,(
    (#1149,#1150)
    ,(#1151,#1152
    )),.UNSPECIFIED.,.F.,.F.,.F.,(2,2),(2,2),(0.,0.116672618896),(0.,1.)
  ,.PIECEWISE_BEZIER_KNOTS.);
#1149 = CARTESIAN_POINT('',(-0.775,1.3425,0.9));
#1150 = CARTESIAN_POINT('',(-0.683648457443,1.296824228722,1.55));
#1151 = CARTESIAN_POINT('',(-0.6925,1.425,0.9));
#1152 = CARTESIAN_POINT('',(-0.646824228722,1.333648457443,1.55));
#1153 = ADVANCED_FACE('',(#1154),#1171,.F.);
#1154 = FACE_BOUND('',#1155,.F.);
#1155 = EDGE_LOOP('',(#1156,#1157,#1164,#1170));
#1156 = ORIENTED_EDGE('',*,*,#552,.T.);
#1157 = ORIENTED_EDGE('',*,*,#1158,.T.);
#1158 = EDGE_CURVE('',#545,#1159,#1161,.T.);
#1159 = VERTEX_POINT('',#1160);
#1160 = CARTESIAN_POINT('',(0.646824228722,1.333648457443,1.55));
#1161 = B_SPLINE_CURVE_WITH_KNOTS('',1,(#1162,#1163),.UNSPECIFIED.,.F.,
  .F.,(2,2),(0.,1.),.PIECEWISE_BEZIER_KNOTS.);
#1162 = CARTESIAN_POINT('',(0.6925,1.425,0.9));
#1163 = CARTESIAN_POINT('',(0.646824228722,1.333648457443,1.55));
#1164 = ORIENTED_EDGE('',*,*,#1165,.F.);
#1165 = EDGE_CURVE('',#1136,#1159,#1166,.T.);
#1166 = LINE('',#1167,#1168);
#1167 = CARTESIAN_POINT('',(-0.646824228722,1.333648457443,1.55));
#1168 = VECTOR('',#1169,1.);
#1169 = DIRECTION('',(1.,1.110223024625E-16,0.));
#1170 = ORIENTED_EDGE('',*,*,#1135,.F.);
#1171 = B_SPLINE_SURFACE_WITH_KNOTS('',1,1,(
    (#1172,#1173)
    ,(#1174,#1175
    )),.UNSPECIFIED.,.F.,.F.,.F.,(2,2),(2,2),(0.,1.385),(0.,1.),
  .PIECEWISE_BEZIER_KNOTS.);
#1172 = CARTESIAN_POINT('',(-0.6925,1.425,0.9));
#1173 = CARTESIAN_POINT('',(-0.646824228722,1.333648457443,1.55));
#1174 = CARTESIAN_POINT('',(0.6925,1.425,0.9));
#1175 = CARTESIAN_POINT('',(0.646824228722,1.333648457443,1.55));
#1176 = ADVANCED_FACE('',(#1177),#1194,.F.);
#1177 = FACE_BOUND('',#1178,.F.);
#1178 = EDGE_LOOP('',(#1179,#1180,#1187,#1193));
#1179 = ORIENTED_EDGE('',*,*,#544,.T.);
#1180 = ORIENTED_EDGE('',*,*,#1181,.T.);
#1181 = EDGE_CURVE('',#537,#1182,#1184,.T.);
#1182 = VERTEX_POINT('',#1183);
#1183 = CARTESIAN_POINT('',(0.683648457443,1.296824228722,1.55));
#1184 = B_SPLINE_CURVE_WITH_KNOTS('',1,(#1185,#1186),.UNSPECIFIED.,.F.,
  .F.,(2,2),(0.,1.),.PIECEWISE_BEZIER_KNOTS.);
#1185 = CARTESIAN_POINT('',(0.775,1.3425,0.9));
#1186 = CARTESIAN_POINT('',(0.683648457443,1.296824228722,1.55));
#1187 = ORIENTED_EDGE('',*,*,#1188,.F.);
#1188 = EDGE_CURVE('',#1159,#1182,#1189,.T.);
#1189 = LINE('',#1190,#1191);
#1190 = CARTESIAN_POINT('',(0.646824228722,1.333648457443,1.55));
#1191 = VECTOR('',#1192,1.);
#1192 = DIRECTION('',(0.707106781187,-0.707106781187,0.));
#1193 = ORIENTED_EDGE('',*,*,#1158,.F.);
#1194 = B_SPLINE_SURFACE_WITH_KNOTS('',1,1,(
    (#1195,#1196)
    ,(#1197,#1198
    )),.UNSPECIFIED.,.F.,.F.,.F.,(2,2),(2,2),(0.,0.116672618896),(0.,1.)
  ,.PIECEWISE_BEZIER_KNOTS.);
#1195 = CARTESIAN_POINT('',(0.6925,1.425,0.9));
#1196 = CARTESIAN_POINT('',(0.646824228722,1.333648457443,1.55));
#1197 = CARTESIAN_POINT('',(0.775,1.3425,0.9));
#1198 = CARTESIAN_POINT('',(0.683648457443,1.296824228722,1.55));
#1199 = ADVANCED_FACE('',(#1200),#1249,.F.);
#1200 = FACE_BOUND('',#1201,.F.);
#1201 = EDGE_LOOP('',(#1202,#1203,#1211,#1219,#1227,#1235,#1242,#1248));
#1202 = ORIENTED_EDGE('',*,*,#536,.T.);
#1203 = ORIENTED_EDGE('',*,*,#1204,.T.);
#1204 = EDGE_CURVE('',#529,#1205,#1207,.T.);
#1205 = VERTEX_POINT('',#1206);
#1206 = CARTESIAN_POINT('',(0.775,0.7,0.9));
#1207 = LINE('',#1208,#1209);
#1208 = CARTESIAN_POINT('',(0.775,1.3425,0.9));
#1209 = VECTOR('',#1210,1.);
#1210 = DIRECTION('',(1.110223024625E-16,-1.,0.));
#1211 = ORIENTED_EDGE('',*,*,#1212,.T.);
#1212 = EDGE_CURVE('',#1205,#1213,#1215,.T.);
#1213 = VERTEX_POINT('',#1214);
#1214 = CARTESIAN_POINT('',(0.775,-0.7,0.9));
#1215 = LINE('',#1216,#1217);
#1216 = CARTESIAN_POINT('',(0.775,1.3425,0.9));
#1217 = VECTOR('',#1218,1.);
#1218 = DIRECTION('',(1.110223024625E-16,-1.,0.));
#1219 = ORIENTED_EDGE('',*,*,#1220,.T.);
#1220 = EDGE_CURVE('',#1213,#1221,#1223,.T.);
#1221 = VERTEX_POINT('',#1222);
#1222 = CARTESIAN_POINT('',(0.775,-1.2,0.9));
#1223 = LINE('',#1224,#1225);
#1224 = CARTESIAN_POINT('',(0.775,1.3425,0.9));
#1225 = VECTOR('',#1226,1.);
#1226 = DIRECTION('',(1.110223024625E-16,-1.,0.));
#1227 = ORIENTED_EDGE('',*,*,#1228,.T.);
#1228 = EDGE_CURVE('',#1221,#1229,#1231,.T.);
#1229 = VERTEX_POINT('',#1230);
#1230 = CARTESIAN_POINT('',(0.775,-1.3425,0.9));
#1231 = LINE('',#1232,#1233);
#1232 = CARTESIAN_POINT('',(0.775,1.3425,0.9));
#1233 = VECTOR('',#1234,1.);
#1234 = DIRECTION('',(1.110223024625E-16,-1.,0.));
#1235 = ORIENTED_EDGE('',*,*,#1236,.T.);
#1236 = EDGE_CURVE('',#1229,#1237,#1239,.T.);
#1237 = VERTEX_POINT('',#1238);
#1238 = CARTESIAN_POINT('',(0.683648457443,-1.296824228722,1.55));
#1239 = B_SPLINE_CURVE_WITH_KNOTS('',1,(#1240,#1241),.UNSPECIFIED.,.F.,
  .F.,(2,2),(0.,1.),.PIECEWISE_BEZIER_KNOTS.);
#1240 = CARTESIAN_POINT('',(0.775,-1.3425,0.9));
#1241 = CARTESIAN_POINT('',(0.683648457443,-1.296824228722,1.55));
#1242 = ORIENTED_EDGE('',*,*,#1243,.F.);
#1243 = EDGE_CURVE('',#1182,#1237,#1244,.T.);
#1244 = LINE('',#1245,#1246);
#1245 = CARTESIAN_POINT('',(0.683648457443,1.296824228722,1.55));
#1246 = VECTOR('',#1247,1.);
#1247 = DIRECTION('',(1.110223024625E-16,-1.,0.));
#1248 = ORIENTED_EDGE('',*,*,#1181,.F.);
#1249 = B_SPLINE_SURFACE_WITH_KNOTS('',1,1,(
    (#1250,#1251)
    ,(#1252,#1253
    )),.UNSPECIFIED.,.F.,.F.,.F.,(2,2),(2,2),(0.,2.685),(0.,1.),
  .PIECEWISE_BEZIER_KNOTS.);
#1250 = CARTESIAN_POINT('',(0.775,1.3425,0.9));
#1251 = CARTESIAN_POINT('',(0.683648457443,1.296824228722,1.55));
#1252 = CARTESIAN_POINT('',(0.775,-1.3425,0.9));
#1253 = CARTESIAN_POINT('',(0.683648457443,-1.296824228722,1.55));
#1254 = ADVANCED_FACE('',(#1255),#1287,.F.);
#1255 = FACE_BOUND('',#1256,.F.);
#1256 = EDGE_LOOP('',(#1257,#1265,#1273,#1279,#1285,#1286));
#1257 = ORIENTED_EDGE('',*,*,#1258,.F.);
#1258 = EDGE_CURVE('',#1259,#521,#1261,.T.);
#1259 = VERTEX_POINT('',#1260);
#1260 = CARTESIAN_POINT('',(0.85,1.2,0.9));
#1261 = LINE('',#1262,#1263);
#1262 = CARTESIAN_POINT('',(0.85,1.2,0.9));
#1263 = VECTOR('',#1264,1.);
#1264 = DIRECTION('',(-1.,-1.110223024625E-16,0.));
#1265 = ORIENTED_EDGE('',*,*,#1266,.T.);
#1266 = EDGE_CURVE('',#1259,#1267,#1269,.T.);
#1267 = VERTEX_POINT('',#1268);
#1268 = CARTESIAN_POINT('',(0.85,0.7,0.9));
#1269 = LINE('',#1270,#1271);
#1270 = CARTESIAN_POINT('',(0.85,1.2,0.9));
#1271 = VECTOR('',#1272,1.);
#1272 = DIRECTION('',(1.110223024625E-16,-1.,0.));
#1273 = ORIENTED_EDGE('',*,*,#1274,.T.);
#1274 = EDGE_CURVE('',#1267,#865,#1275,.T.);
#1275 = LINE('',#1276,#1277);
#1276 = CARTESIAN_POINT('',(0.85,0.7,0.9));
#1277 = VECTOR('',#1278,1.);
#1278 = DIRECTION('',(-1.,-1.110223024625E-16,0.));
#1279 = ORIENTED_EDGE('',*,*,#1280,.T.);
#1280 = EDGE_CURVE('',#865,#1205,#1281,.T.);
#1281 = LINE('',#1282,#1283);
#1282 = CARTESIAN_POINT('',(0.85,0.7,0.9));
#1283 = VECTOR('',#1284,1.);
#1284 = DIRECTION('',(-1.,-1.110223024625E-16,0.));
#1285 = ORIENTED_EDGE('',*,*,#1204,.F.);
#1286 = ORIENTED_EDGE('',*,*,#528,.F.);
#1287 = PLANE('',#1288);
#1288 = AXIS2_PLACEMENT_3D('',#1289,#1290,#1291);
#1289 = CARTESIAN_POINT('',(0.85,1.2,0.9));
#1290 = DIRECTION('',(0.,0.,-1.));
#1291 = DIRECTION('',(-1.,-1.110223024625E-16,-0.));
#1292 = ADVANCED_FACE('',(#1293),#1336,.F.);
#1293 = FACE_BOUND('',#1294,.F.);
#1294 = EDGE_LOOP('',(#1295,#1301,#1302,#1303,#1304,#1305,#1306,#1312,
    #1313,#1321,#1329,#1335));
#1295 = ORIENTED_EDGE('',*,*,#1296,.F.);
#1296 = EDGE_CURVE('',#927,#1221,#1297,.T.);
#1297 = LINE('',#1298,#1299);
#1298 = CARTESIAN_POINT('',(0.85,-1.2,0.9));
#1299 = VECTOR('',#1300,1.);
#1300 = DIRECTION('',(-1.,-1.110223024625E-16,0.));
#1301 = ORIENTED_EDGE('',*,*,#942,.T.);
#1302 = ORIENTED_EDGE('',*,*,#987,.T.);
#1303 = ORIENTED_EDGE('',*,*,#1004,.T.);
#1304 = ORIENTED_EDGE('',*,*,#958,.T.);
#1305 = ORIENTED_EDGE('',*,*,#630,.T.);
#1306 = ORIENTED_EDGE('',*,*,#1307,.T.);
#1307 = EDGE_CURVE('',#623,#1067,#1308,.T.);
#1308 = LINE('',#1309,#1310);
#1309 = CARTESIAN_POINT('',(-0.85,-1.2,0.9));
#1310 = VECTOR('',#1311,1.);
#1311 = DIRECTION('',(1.,-1.144237745222E-17,0.));
#1312 = ORIENTED_EDGE('',*,*,#1064,.F.);
#1313 = ORIENTED_EDGE('',*,*,#1314,.F.);
#1314 = EDGE_CURVE('',#1315,#1065,#1317,.T.);
#1315 = VERTEX_POINT('',#1316);
#1316 = CARTESIAN_POINT('',(-0.6925,-1.425,0.9));
#1317 = LINE('',#1318,#1319);
#1318 = CARTESIAN_POINT('',(-0.6925,-1.425,0.9));
#1319 = VECTOR('',#1320,1.);
#1320 = DIRECTION('',(-0.707106781187,0.707106781187,0.));
#1321 = ORIENTED_EDGE('',*,*,#1322,.F.);
#1322 = EDGE_CURVE('',#1323,#1315,#1325,.T.);
#1323 = VERTEX_POINT('',#1324);
#1324 = CARTESIAN_POINT('',(0.6925,-1.425,0.9));
#1325 = LINE('',#1326,#1327);
#1326 = CARTESIAN_POINT('',(0.6925,-1.425,0.9));
#1327 = VECTOR('',#1328,1.);
#1328 = DIRECTION('',(-1.,-1.110223024625E-16,0.));
#1329 = ORIENTED_EDGE('',*,*,#1330,.F.);
#1330 = EDGE_CURVE('',#1229,#1323,#1331,.T.);
#1331 = LINE('',#1332,#1333);
#1332 = CARTESIAN_POINT('',(0.775,-1.3425,0.9));
#1333 = VECTOR('',#1334,1.);
#1334 = DIRECTION('',(-0.707106781187,-0.707106781187,0.));
#1335 = ORIENTED_EDGE('',*,*,#1228,.F.);
#1336 = PLANE('',#1337);
#1337 = AXIS2_PLACEMENT_3D('',#1338,#1339,#1340);
#1338 = CARTESIAN_POINT('',(-2.091417030376E-16,1.4375,0.9));
#1339 = DIRECTION('',(4.595758349624E-18,6.551522493592E-27,-1.));
#1340 = DIRECTION('',(1.,1.51922136901E-16,4.595758349624E-18));
#1341 = ADVANCED_FACE('',(#1342),#1428,.F.);
#1342 = FACE_BOUND('',#1343,.F.);
#1343 = EDGE_LOOP('',(#1344,#1345,#1346,#1355,#1363,#1372,#1380,#1388,
    #1396,#1405,#1413,#1422));
#1344 = ORIENTED_EDGE('',*,*,#622,.F.);
#1345 = ORIENTED_EDGE('',*,*,#644,.T.);
#1346 = ORIENTED_EDGE('',*,*,#1347,.T.);
#1347 = EDGE_CURVE('',#645,#1348,#1350,.T.);
#1348 = VERTEX_POINT('',#1349);
#1349 = CARTESIAN_POINT('',(-0.948480775301,-1.2,0.667364817767));
#1350 = CIRCLE('',#1351,0.1);
#1351 = AXIS2_PLACEMENT_3D('',#1352,#1353,#1354);
#1352 = CARTESIAN_POINT('',(-0.85,-1.2,0.65));
#1353 = DIRECTION('',(-1.144237745222E-17,-1.,0.));
#1354 = DIRECTION('',(0.,0.,1.));
#1355 = ORIENTED_EDGE('',*,*,#1356,.T.);
#1356 = EDGE_CURVE('',#1348,#1357,#1359,.T.);
#1357 = VERTEX_POINT('',#1358);
#1358 = CARTESIAN_POINT('',(-1.02432885403,-1.2,0.206587955583));
#1359 = LINE('',#1360,#1361);
#1360 = CARTESIAN_POINT('',(-0.948480775301,-1.2,0.667364817767));
#1361 = VECTOR('',#1362,1.);
#1362 = DIRECTION('',(-0.162423314012,1.858508865964E-18,-0.986721169868
    ));
#1363 = ORIENTED_EDGE('',*,*,#1364,.T.);
#1364 = EDGE_CURVE('',#1357,#1365,#1367,.T.);
#1365 = VERTEX_POINT('',#1366);
#1366 = CARTESIAN_POINT('',(-1.270530792283,-1.2,0.));
#1367 = CIRCLE('',#1368,0.25);
#1368 = AXIS2_PLACEMENT_3D('',#1369,#1370,#1371);
#1369 = CARTESIAN_POINT('',(-1.270530792283,-1.2,0.25));
#1370 = DIRECTION('',(1.144237745222E-17,1.,1.155557966632E-33));
#1371 = DIRECTION('',(0.984807753012,-1.126854202784E-17,-0.173648177667
    ));
#1372 = ORIENTED_EDGE('',*,*,#1373,.T.);
#1373 = EDGE_CURVE('',#1365,#1374,#1376,.T.);
#1374 = VERTEX_POINT('',#1375);
#1375 = CARTESIAN_POINT('',(-1.4,-1.2,0.));
#1376 = LINE('',#1377,#1378);
#1377 = CARTESIAN_POINT('',(-1.270530792283,-1.2,0.));
#1378 = VECTOR('',#1379,1.);
#1379 = DIRECTION('',(-1.,1.144237745222E-17,0.));
#1380 = ORIENTED_EDGE('',*,*,#1381,.T.);
#1381 = EDGE_CURVE('',#1374,#1382,#1384,.T.);
#1382 = VERTEX_POINT('',#1383);
#1383 = CARTESIAN_POINT('',(-1.4,-1.2,0.15));
#1384 = LINE('',#1385,#1386);
#1385 = CARTESIAN_POINT('',(-1.4,-1.2,0.));
#1386 = VECTOR('',#1387,1.);
#1387 = DIRECTION('',(0.,0.,1.));
#1388 = ORIENTED_EDGE('',*,*,#1389,.T.);
#1389 = EDGE_CURVE('',#1382,#1390,#1392,.T.);
#1390 = VERTEX_POINT('',#1391);
#1391 = CARTESIAN_POINT('',(-1.270530792283,-1.2,0.15));
#1392 = LINE('',#1393,#1394);
#1393 = CARTESIAN_POINT('',(-1.4,-1.2,0.15));
#1394 = VECTOR('',#1395,1.);
#1395 = DIRECTION('',(1.,-1.144237745222E-17,0.));
#1396 = ORIENTED_EDGE('',*,*,#1397,.T.);
#1397 = EDGE_CURVE('',#1390,#1398,#1400,.T.);
#1398 = VERTEX_POINT('',#1399);
#1399 = CARTESIAN_POINT('',(-1.172050016982,-1.2,0.232635182233));
#1400 = CIRCLE('',#1401,0.1);
#1401 = AXIS2_PLACEMENT_3D('',#1402,#1403,#1404);
#1402 = CARTESIAN_POINT('',(-1.270530792283,-1.2,0.25));
#1403 = DIRECTION('',(-1.144237745222E-17,-1.,0.));
#1404 = DIRECTION('',(-2.22044604925E-15,2.540718180781E-32,-1.));
#1405 = ORIENTED_EDGE('',*,*,#1406,.T.);
#1406 = EDGE_CURVE('',#1398,#1407,#1409,.T.);
#1407 = VERTEX_POINT('',#1408);
#1408 = CARTESIAN_POINT('',(-1.096201938253,-1.2,0.693412044417));
#1409 = LINE('',#1410,#1411);
#1410 = CARTESIAN_POINT('',(-1.172050016982,-1.2,0.232635182233));
#1411 = VECTOR('',#1412,1.);
#1412 = DIRECTION('',(0.162423314012,-1.858508865964E-18,0.986721169868)
  );
#1413 = ORIENTED_EDGE('',*,*,#1414,.T.);
#1414 = EDGE_CURVE('',#1407,#1415,#1417,.T.);
#1415 = VERTEX_POINT('',#1416);
#1416 = CARTESIAN_POINT('',(-0.85,-1.2,0.9));
#1417 = CIRCLE('',#1418,0.25);
#1418 = AXIS2_PLACEMENT_3D('',#1419,#1420,#1421);
#1419 = CARTESIAN_POINT('',(-0.85,-1.2,0.65));
#1420 = DIRECTION('',(1.144237745222E-17,1.,7.703719777549E-34));
#1421 = DIRECTION('',(-0.984807753012,1.126854202784E-17,0.173648177667)
  );
#1422 = ORIENTED_EDGE('',*,*,#1423,.T.);
#1423 = EDGE_CURVE('',#1415,#623,#1424,.T.);
#1424 = LINE('',#1425,#1426);
#1425 = CARTESIAN_POINT('',(-0.85,-1.2,0.9));
#1426 = VECTOR('',#1427,1.);
#1427 = DIRECTION('',(1.,-1.144237745222E-17,0.));
#1428 = PLANE('',#1429);
#1429 = AXIS2_PLACEMENT_3D('',#1430,#1431,#1432);
#1430 = CARTESIAN_POINT('',(-1.069123385139,-1.2,0.441695635315));
#1431 = DIRECTION('',(1.144237745222E-17,1.,0.));
#1432 = DIRECTION('',(0.,-0.,1.));
#1433 = ADVANCED_FACE('',(#1434),#1453,.F.);
#1434 = FACE_BOUND('',#1435,.F.);
#1435 = EDGE_LOOP('',(#1436,#1437,#1446,#1452));
#1436 = ORIENTED_EDGE('',*,*,#661,.T.);
#1437 = ORIENTED_EDGE('',*,*,#1438,.T.);
#1438 = EDGE_CURVE('',#654,#1439,#1441,.T.);
#1439 = VERTEX_POINT('',#1440);
#1440 = CARTESIAN_POINT('',(-0.948480775301,-0.7,0.667364817767));
#1441 = CIRCLE('',#1442,0.1);
#1442 = AXIS2_PLACEMENT_3D('',#1443,#1444,#1445);
#1443 = CARTESIAN_POINT('',(-0.85,-0.7,0.65));
#1444 = DIRECTION('',(-1.144237745222E-17,-1.,0.));
#1445 = DIRECTION('',(0.,0.,1.));
#1446 = ORIENTED_EDGE('',*,*,#1447,.F.);
#1447 = EDGE_CURVE('',#1348,#1439,#1448,.T.);
#1448 = LINE('',#1449,#1450);
#1449 = CARTESIAN_POINT('',(-0.948480775301,-1.2,0.667364817767));
#1450 = VECTOR('',#1451,1.);
#1451 = DIRECTION('',(1.144237745222E-17,1.,0.));
#1452 = ORIENTED_EDGE('',*,*,#1347,.F.);
#1453 = CYLINDRICAL_SURFACE('',#1454,0.1);
#1454 = AXIS2_PLACEMENT_3D('',#1455,#1456,#1457);
#1455 = CARTESIAN_POINT('',(-0.85,-1.2,0.65));
#1456 = DIRECTION('',(-1.144237745222E-17,-1.,0.));
#1457 = DIRECTION('',(0.,0.,1.));
#1458 = ADVANCED_FACE('',(#1459),#1537,.T.);
#1459 = FACE_BOUND('',#1460,.T.);
#1460 = EDGE_LOOP('',(#1461,#1462,#1463,#1464,#1472,#1481,#1489,#1497,
    #1505,#1514,#1522,#1531));
#1461 = ORIENTED_EDGE('',*,*,#675,.F.);
#1462 = ORIENTED_EDGE('',*,*,#653,.T.);
#1463 = ORIENTED_EDGE('',*,*,#1438,.T.);
#1464 = ORIENTED_EDGE('',*,*,#1465,.T.);
#1465 = EDGE_CURVE('',#1439,#1466,#1468,.T.);
#1466 = VERTEX_POINT('',#1467);
#1467 = CARTESIAN_POINT('',(-1.02432885403,-0.7,0.206587955583));
#1468 = LINE('',#1469,#1470);
#1469 = CARTESIAN_POINT('',(-0.948480775301,-0.7,0.667364817767));
#1470 = VECTOR('',#1471,1.);
#1471 = DIRECTION('',(-0.162423314012,1.858508865964E-18,-0.986721169868
    ));
#1472 = ORIENTED_EDGE('',*,*,#1473,.T.);
#1473 = EDGE_CURVE('',#1466,#1474,#1476,.T.);
#1474 = VERTEX_POINT('',#1475);
#1475 = CARTESIAN_POINT('',(-1.270530792283,-0.7,0.));
#1476 = CIRCLE('',#1477,0.25);
#1477 = AXIS2_PLACEMENT_3D('',#1478,#1479,#1480);
#1478 = CARTESIAN_POINT('',(-1.270530792283,-0.7,0.25));
#1479 = DIRECTION('',(1.144237745222E-17,1.,1.155557966632E-33));
#1480 = DIRECTION('',(0.984807753012,-1.126854202784E-17,-0.173648177667
    ));
#1481 = ORIENTED_EDGE('',*,*,#1482,.T.);
#1482 = EDGE_CURVE('',#1474,#1483,#1485,.T.);
#1483 = VERTEX_POINT('',#1484);
#1484 = CARTESIAN_POINT('',(-1.4,-0.7,0.));
#1485 = LINE('',#1486,#1487);
#1486 = CARTESIAN_POINT('',(-1.270530792283,-0.7,0.));
#1487 = VECTOR('',#1488,1.);
#1488 = DIRECTION('',(-1.,1.144237745222E-17,0.));
#1489 = ORIENTED_EDGE('',*,*,#1490,.T.);
#1490 = EDGE_CURVE('',#1483,#1491,#1493,.T.);
#1491 = VERTEX_POINT('',#1492);
#1492 = CARTESIAN_POINT('',(-1.4,-0.7,0.15));
#1493 = LINE('',#1494,#1495);
#1494 = CARTESIAN_POINT('',(-1.4,-0.7,0.));
#1495 = VECTOR('',#1496,1.);
#1496 = DIRECTION('',(0.,0.,1.));
#1497 = ORIENTED_EDGE('',*,*,#1498,.T.);
#1498 = EDGE_CURVE('',#1491,#1499,#1501,.T.);
#1499 = VERTEX_POINT('',#1500);
#1500 = CARTESIAN_POINT('',(-1.270530792283,-0.7,0.15));
#1501 = LINE('',#1502,#1503);
#1502 = CARTESIAN_POINT('',(-1.4,-0.7,0.15));
#1503 = VECTOR('',#1504,1.);
#1504 = DIRECTION('',(1.,-1.144237745222E-17,0.));
#1505 = ORIENTED_EDGE('',*,*,#1506,.T.);
#1506 = EDGE_CURVE('',#1499,#1507,#1509,.T.);
#1507 = VERTEX_POINT('',#1508);
#1508 = CARTESIAN_POINT('',(-1.172050016982,-0.7,0.232635182233));
#1509 = CIRCLE('',#1510,0.1);
#1510 = AXIS2_PLACEMENT_3D('',#1511,#1512,#1513);
#1511 = CARTESIAN_POINT('',(-1.270530792283,-0.7,0.25));
#1512 = DIRECTION('',(-1.144237745222E-17,-1.,0.));
#1513 = DIRECTION('',(-2.22044604925E-15,2.540718180781E-32,-1.));
#1514 = ORIENTED_EDGE('',*,*,#1515,.T.);
#1515 = EDGE_CURVE('',#1507,#1516,#1518,.T.);
#1516 = VERTEX_POINT('',#1517);
#1517 = CARTESIAN_POINT('',(-1.096201938253,-0.7,0.693412044417));
#1518 = LINE('',#1519,#1520);
#1519 = CARTESIAN_POINT('',(-1.172050016982,-0.7,0.232635182233));
#1520 = VECTOR('',#1521,1.);
#1521 = DIRECTION('',(0.162423314012,-1.858508865964E-18,0.986721169868)
  );
#1522 = ORIENTED_EDGE('',*,*,#1523,.T.);
#1523 = EDGE_CURVE('',#1516,#1524,#1526,.T.);
#1524 = VERTEX_POINT('',#1525);
#1525 = CARTESIAN_POINT('',(-0.85,-0.7,0.9));
#1526 = CIRCLE('',#1527,0.25);
#1527 = AXIS2_PLACEMENT_3D('',#1528,#1529,#1530);
#1528 = CARTESIAN_POINT('',(-0.85,-0.7,0.65));
#1529 = DIRECTION('',(1.144237745222E-17,1.,7.703719777549E-34));
#1530 = DIRECTION('',(-0.984807753012,1.126854202784E-17,0.173648177667)
  );
#1531 = ORIENTED_EDGE('',*,*,#1532,.T.);
#1532 = EDGE_CURVE('',#1524,#676,#1533,.T.);
#1533 = LINE('',#1534,#1535);
#1534 = CARTESIAN_POINT('',(-0.85,-0.7,0.9));
#1535 = VECTOR('',#1536,1.);
#1536 = DIRECTION('',(1.,-1.144237745222E-17,0.));
#1537 = PLANE('',#1538);
#1538 = AXIS2_PLACEMENT_3D('',#1539,#1540,#1541);
#1539 = CARTESIAN_POINT('',(-1.069123385139,-0.7,0.441695635315));
#1540 = DIRECTION('',(1.144237745222E-17,1.,0.));
#1541 = DIRECTION('',(0.,-0.,1.));
#1542 = ADVANCED_FACE('',(#1543),#1559,.F.);
#1543 = FACE_BOUND('',#1544,.F.);
#1544 = EDGE_LOOP('',(#1545,#1546,#1552,#1553));
#1545 = ORIENTED_EDGE('',*,*,#692,.T.);
#1546 = ORIENTED_EDGE('',*,*,#1547,.T.);
#1547 = EDGE_CURVE('',#685,#1083,#1548,.T.);
#1548 = LINE('',#1549,#1550);
#1549 = CARTESIAN_POINT('',(-0.85,-0.25,0.9));
#1550 = VECTOR('',#1551,1.);
#1551 = DIRECTION('',(1.,-1.144237745222E-17,0.));
#1552 = ORIENTED_EDGE('',*,*,#1082,.F.);
#1553 = ORIENTED_EDGE('',*,*,#1554,.F.);
#1554 = EDGE_CURVE('',#676,#1075,#1555,.T.);
#1555 = LINE('',#1556,#1557);
#1556 = CARTESIAN_POINT('',(-0.85,-0.7,0.9));
#1557 = VECTOR('',#1558,1.);
#1558 = DIRECTION('',(1.,-1.144237745222E-17,0.));
#1559 = PLANE('',#1560);
#1560 = AXIS2_PLACEMENT_3D('',#1561,#1562,#1563);
#1561 = CARTESIAN_POINT('',(-2.091417030376E-16,1.4375,0.9));
#1562 = DIRECTION('',(4.595758349624E-18,6.551522493592E-27,-1.));
#1563 = DIRECTION('',(1.,1.51922136901E-16,4.595758349624E-18));
#1564 = ADVANCED_FACE('',(#1565),#1651,.F.);
#1565 = FACE_BOUND('',#1566,.F.);
#1566 = EDGE_LOOP('',(#1567,#1568,#1569,#1578,#1586,#1595,#1603,#1611,
    #1619,#1628,#1636,#1645));
#1567 = ORIENTED_EDGE('',*,*,#684,.F.);
#1568 = ORIENTED_EDGE('',*,*,#706,.T.);
#1569 = ORIENTED_EDGE('',*,*,#1570,.T.);
#1570 = EDGE_CURVE('',#707,#1571,#1573,.T.);
#1571 = VERTEX_POINT('',#1572);
#1572 = CARTESIAN_POINT('',(-0.948480775301,-0.25,0.667364817767));
#1573 = CIRCLE('',#1574,0.1);
#1574 = AXIS2_PLACEMENT_3D('',#1575,#1576,#1577);
#1575 = CARTESIAN_POINT('',(-0.85,-0.25,0.65));
#1576 = DIRECTION('',(-1.144237745222E-17,-1.,0.));
#1577 = DIRECTION('',(0.,0.,1.));
#1578 = ORIENTED_EDGE('',*,*,#1579,.T.);
#1579 = EDGE_CURVE('',#1571,#1580,#1582,.T.);
#1580 = VERTEX_POINT('',#1581);
#1581 = CARTESIAN_POINT('',(-1.02432885403,-0.25,0.206587955583));
#1582 = LINE('',#1583,#1584);
#1583 = CARTESIAN_POINT('',(-0.948480775301,-0.25,0.667364817767));
#1584 = VECTOR('',#1585,1.);
#1585 = DIRECTION('',(-0.162423314012,1.858508865964E-18,-0.986721169868
    ));
#1586 = ORIENTED_EDGE('',*,*,#1587,.T.);
#1587 = EDGE_CURVE('',#1580,#1588,#1590,.T.);
#1588 = VERTEX_POINT('',#1589);
#1589 = CARTESIAN_POINT('',(-1.270530792283,-0.25,0.));
#1590 = CIRCLE('',#1591,0.25);
#1591 = AXIS2_PLACEMENT_3D('',#1592,#1593,#1594);
#1592 = CARTESIAN_POINT('',(-1.270530792283,-0.25,0.25));
#1593 = DIRECTION('',(1.144237745222E-17,1.,1.155557966632E-33));
#1594 = DIRECTION('',(0.984807753012,-1.126854202784E-17,-0.173648177667
    ));
#1595 = ORIENTED_EDGE('',*,*,#1596,.T.);
#1596 = EDGE_CURVE('',#1588,#1597,#1599,.T.);
#1597 = VERTEX_POINT('',#1598);
#1598 = CARTESIAN_POINT('',(-1.4,-0.25,0.));
#1599 = LINE('',#1600,#1601);
#1600 = CARTESIAN_POINT('',(-1.270530792283,-0.25,0.));
#1601 = VECTOR('',#1602,1.);
#1602 = DIRECTION('',(-1.,1.144237745222E-17,0.));
#1603 = ORIENTED_EDGE('',*,*,#1604,.T.);
#1604 = EDGE_CURVE('',#1597,#1605,#1607,.T.);
#1605 = VERTEX_POINT('',#1606);
#1606 = CARTESIAN_POINT('',(-1.4,-0.25,0.15));
#1607 = LINE('',#1608,#1609);
#1608 = CARTESIAN_POINT('',(-1.4,-0.25,0.));
#1609 = VECTOR('',#1610,1.);
#1610 = DIRECTION('',(0.,0.,1.));
#1611 = ORIENTED_EDGE('',*,*,#1612,.T.);
#1612 = EDGE_CURVE('',#1605,#1613,#1615,.T.);
#1613 = VERTEX_POINT('',#1614);
#1614 = CARTESIAN_POINT('',(-1.270530792283,-0.25,0.15));
#1615 = LINE('',#1616,#1617);
#1616 = CARTESIAN_POINT('',(-1.4,-0.25,0.15));
#1617 = VECTOR('',#1618,1.);
#1618 = DIRECTION('',(1.,-1.144237745222E-17,0.));
#1619 = ORIENTED_EDGE('',*,*,#1620,.T.);
#1620 = EDGE_CURVE('',#1613,#1621,#1623,.T.);
#1621 = VERTEX_POINT('',#1622);
#1622 = CARTESIAN_POINT('',(-1.172050016982,-0.25,0.232635182233));
#1623 = CIRCLE('',#1624,0.1);
#1624 = AXIS2_PLACEMENT_3D('',#1625,#1626,#1627);
#1625 = CARTESIAN_POINT('',(-1.270530792283,-0.25,0.25));
#1626 = DIRECTION('',(-1.144237745222E-17,-1.,0.));
#1627 = DIRECTION('',(-2.22044604925E-15,2.540718180781E-32,-1.));
#1628 = ORIENTED_EDGE('',*,*,#1629,.T.);
#1629 = EDGE_CURVE('',#1621,#1630,#1632,.T.);
#1630 = VERTEX_POINT('',#1631);
#1631 = CARTESIAN_POINT('',(-1.096201938253,-0.25,0.693412044417));
#1632 = LINE('',#1633,#1634);
#1633 = CARTESIAN_POINT('',(-1.172050016982,-0.25,0.232635182233));
#1634 = VECTOR('',#1635,1.);
#1635 = DIRECTION('',(0.162423314012,-1.858508865964E-18,0.986721169868)
  );
#1636 = ORIENTED_EDGE('',*,*,#1637,.T.);
#1637 = EDGE_CURVE('',#1630,#1638,#1640,.T.);
#1638 = VERTEX_POINT('',#1639);
#1639 = CARTESIAN_POINT('',(-0.85,-0.25,0.9));
#1640 = CIRCLE('',#1641,0.25);
#1641 = AXIS2_PLACEMENT_3D('',#1642,#1643,#1644);
#1642 = CARTESIAN_POINT('',(-0.85,-0.25,0.65));
#1643 = DIRECTION('',(1.144237745222E-17,1.,7.703719777549E-34));
#1644 = DIRECTION('',(-0.984807753012,1.126854202784E-17,0.173648177667)
  );
#1645 = ORIENTED_EDGE('',*,*,#1646,.T.);
#1646 = EDGE_CURVE('',#1638,#685,#1647,.T.);
#1647 = LINE('',#1648,#1649);
#1648 = CARTESIAN_POINT('',(-0.85,-0.25,0.9));
#1649 = VECTOR('',#1650,1.);
#1650 = DIRECTION('',(1.,-1.144237745222E-17,0.));
#1651 = PLANE('',#1652);
#1652 = AXIS2_PLACEMENT_3D('',#1653,#1654,#1655);
#1653 = CARTESIAN_POINT('',(-1.069123385139,-0.25,0.441695635315));
#1654 = DIRECTION('',(1.144237745222E-17,1.,0.));
#1655 = DIRECTION('',(0.,-0.,1.));
#1656 = ADVANCED_FACE('',(#1657),#1676,.F.);
#1657 = FACE_BOUND('',#1658,.F.);
#1658 = EDGE_LOOP('',(#1659,#1660,#1669,#1675));
#1659 = ORIENTED_EDGE('',*,*,#723,.T.);
#1660 = ORIENTED_EDGE('',*,*,#1661,.T.);
#1661 = EDGE_CURVE('',#716,#1662,#1664,.T.);
#1662 = VERTEX_POINT('',#1663);
#1663 = CARTESIAN_POINT('',(-0.948480775301,0.25,0.667364817767));
#1664 = CIRCLE('',#1665,0.1);
#1665 = AXIS2_PLACEMENT_3D('',#1666,#1667,#1668);
#1666 = CARTESIAN_POINT('',(-0.85,0.25,0.65));
#1667 = DIRECTION('',(-1.144237745222E-17,-1.,0.));
#1668 = DIRECTION('',(0.,0.,1.));
#1669 = ORIENTED_EDGE('',*,*,#1670,.F.);
#1670 = EDGE_CURVE('',#1571,#1662,#1671,.T.);
#1671 = LINE('',#1672,#1673);
#1672 = CARTESIAN_POINT('',(-0.948480775301,-0.25,0.667364817767));
#1673 = VECTOR('',#1674,1.);
#1674 = DIRECTION('',(1.144237745222E-17,1.,0.));
#1675 = ORIENTED_EDGE('',*,*,#1570,.F.);
#1676 = CYLINDRICAL_SURFACE('',#1677,0.1);
#1677 = AXIS2_PLACEMENT_3D('',#1678,#1679,#1680);
#1678 = CARTESIAN_POINT('',(-0.85,-0.25,0.65));
#1679 = DIRECTION('',(-1.144237745222E-17,-1.,0.));
#1680 = DIRECTION('',(0.,0.,1.));
#1681 = ADVANCED_FACE('',(#1682),#1760,.T.);
#1682 = FACE_BOUND('',#1683,.T.);
#1683 = EDGE_LOOP('',(#1684,#1685,#1686,#1687,#1695,#1704,#1712,#1720,
    #1728,#1737,#1745,#1754));
#1684 = ORIENTED_EDGE('',*,*,#737,.F.);
#1685 = ORIENTED_EDGE('',*,*,#715,.T.);
#1686 = ORIENTED_EDGE('',*,*,#1661,.T.);
#1687 = ORIENTED_EDGE('',*,*,#1688,.T.);
#1688 = EDGE_CURVE('',#1662,#1689,#1691,.T.);
#1689 = VERTEX_POINT('',#1690);
#1690 = CARTESIAN_POINT('',(-1.02432885403,0.25,0.206587955583));
#1691 = LINE('',#1692,#1693);
#1692 = CARTESIAN_POINT('',(-0.948480775301,0.25,0.667364817767));
#1693 = VECTOR('',#1694,1.);
#1694 = DIRECTION('',(-0.162423314012,1.858508865964E-18,-0.986721169868
    ));
#1695 = ORIENTED_EDGE('',*,*,#1696,.T.);
#1696 = EDGE_CURVE('',#1689,#1697,#1699,.T.);
#1697 = VERTEX_POINT('',#1698);
#1698 = CARTESIAN_POINT('',(-1.270530792283,0.25,0.));
#1699 = CIRCLE('',#1700,0.25);
#1700 = AXIS2_PLACEMENT_3D('',#1701,#1702,#1703);
#1701 = CARTESIAN_POINT('',(-1.270530792283,0.25,0.25));
#1702 = DIRECTION('',(1.144237745222E-17,1.,1.155557966632E-33));
#1703 = DIRECTION('',(0.984807753012,-1.126854202784E-17,-0.173648177667
    ));
#1704 = ORIENTED_EDGE('',*,*,#1705,.T.);
#1705 = EDGE_CURVE('',#1697,#1706,#1708,.T.);
#1706 = VERTEX_POINT('',#1707);
#1707 = CARTESIAN_POINT('',(-1.4,0.25,0.));
#1708 = LINE('',#1709,#1710);
#1709 = CARTESIAN_POINT('',(-1.270530792283,0.25,0.));
#1710 = VECTOR('',#1711,1.);
#1711 = DIRECTION('',(-1.,1.144237745222E-17,0.));
#1712 = ORIENTED_EDGE('',*,*,#1713,.T.);
#1713 = EDGE_CURVE('',#1706,#1714,#1716,.T.);
#1714 = VERTEX_POINT('',#1715);
#1715 = CARTESIAN_POINT('',(-1.4,0.25,0.15));
#1716 = LINE('',#1717,#1718);
#1717 = CARTESIAN_POINT('',(-1.4,0.25,0.));
#1718 = VECTOR('',#1719,1.);
#1719 = DIRECTION('',(0.,0.,1.));
#1720 = ORIENTED_EDGE('',*,*,#1721,.T.);
#1721 = EDGE_CURVE('',#1714,#1722,#1724,.T.);
#1722 = VERTEX_POINT('',#1723);
#1723 = CARTESIAN_POINT('',(-1.270530792283,0.25,0.15));
#1724 = LINE('',#1725,#1726);
#1725 = CARTESIAN_POINT('',(-1.4,0.25,0.15));
#1726 = VECTOR('',#1727,1.);
#1727 = DIRECTION('',(1.,-1.144237745222E-17,0.));
#1728 = ORIENTED_EDGE('',*,*,#1729,.T.);
#1729 = EDGE_CURVE('',#1722,#1730,#1732,.T.);
#1730 = VERTEX_POINT('',#1731);
#1731 = CARTESIAN_POINT('',(-1.172050016982,0.25,0.232635182233));
#1732 = CIRCLE('',#1733,0.1);
#1733 = AXIS2_PLACEMENT_3D('',#1734,#1735,#1736);
#1734 = CARTESIAN_POINT('',(-1.270530792283,0.25,0.25));
#1735 = DIRECTION('',(-1.144237745222E-17,-1.,0.));
#1736 = DIRECTION('',(-2.22044604925E-15,2.540718180781E-32,-1.));
#1737 = ORIENTED_EDGE('',*,*,#1738,.T.);
#1738 = EDGE_CURVE('',#1730,#1739,#1741,.T.);
#1739 = VERTEX_POINT('',#1740);
#1740 = CARTESIAN_POINT('',(-1.096201938253,0.25,0.693412044417));
#1741 = LINE('',#1742,#1743);
#1742 = CARTESIAN_POINT('',(-1.172050016982,0.25,0.232635182233));
#1743 = VECTOR('',#1744,1.);
#1744 = DIRECTION('',(0.162423314012,-1.858508865964E-18,0.986721169868)
  );
#1745 = ORIENTED_EDGE('',*,*,#1746,.T.);
#1746 = EDGE_CURVE('',#1739,#1747,#1749,.T.);
#1747 = VERTEX_POINT('',#1748);
#1748 = CARTESIAN_POINT('',(-0.85,0.25,0.9));
#1749 = CIRCLE('',#1750,0.25);
#1750 = AXIS2_PLACEMENT_3D('',#1751,#1752,#1753);
#1751 = CARTESIAN_POINT('',(-0.85,0.25,0.65));
#1752 = DIRECTION('',(1.144237745222E-17,1.,7.703719777549E-34));
#1753 = DIRECTION('',(-0.984807753012,1.126854202784E-17,0.173648177667)
  );
#1754 = ORIENTED_EDGE('',*,*,#1755,.T.);
#1755 = EDGE_CURVE('',#1747,#738,#1756,.T.);
#1756 = LINE('',#1757,#1758);
#1757 = CARTESIAN_POINT('',(-0.85,0.25,0.9));
#1758 = VECTOR('',#1759,1.);
#1759 = DIRECTION('',(1.,-1.144237745222E-17,0.));
#1760 = PLANE('',#1761);
#1761 = AXIS2_PLACEMENT_3D('',#1762,#1763,#1764);
#1762 = CARTESIAN_POINT('',(-1.069123385139,0.25,0.441695635315));
#1763 = DIRECTION('',(1.144237745222E-17,1.,0.));
#1764 = DIRECTION('',(0.,-0.,1.));
#1765 = ADVANCED_FACE('',(#1766),#1777,.F.);
#1766 = FACE_BOUND('',#1767,.F.);
#1767 = EDGE_LOOP('',(#1768,#1769,#1770,#1771));
#1768 = ORIENTED_EDGE('',*,*,#754,.T.);
#1769 = ORIENTED_EDGE('',*,*,#1050,.T.);
#1770 = ORIENTED_EDGE('',*,*,#1098,.F.);
#1771 = ORIENTED_EDGE('',*,*,#1772,.F.);
#1772 = EDGE_CURVE('',#738,#1091,#1773,.T.);
#1773 = LINE('',#1774,#1775);
#1774 = CARTESIAN_POINT('',(-0.85,0.25,0.9));
#1775 = VECTOR('',#1776,1.);
#1776 = DIRECTION('',(1.,-1.144237745222E-17,0.));
#1777 = PLANE('',#1778);
#1778 = AXIS2_PLACEMENT_3D('',#1779,#1780,#1781);
#1779 = CARTESIAN_POINT('',(-2.091417030376E-16,1.4375,0.9));
#1780 = DIRECTION('',(4.595758349624E-18,6.551522493592E-27,-1.));
#1781 = DIRECTION('',(1.,1.51922136901E-16,4.595758349624E-18));
#1782 = ADVANCED_FACE('',(#1783),#1862,.F.);
#1783 = FACE_BOUND('',#1784,.F.);
#1784 = EDGE_LOOP('',(#1785,#1786,#1787,#1796,#1804,#1813,#1821,#1829,
    #1837,#1846,#1854,#1861));
#1785 = ORIENTED_EDGE('',*,*,#746,.F.);
#1786 = ORIENTED_EDGE('',*,*,#768,.T.);
#1787 = ORIENTED_EDGE('',*,*,#1788,.T.);
#1788 = EDGE_CURVE('',#769,#1789,#1791,.T.);
#1789 = VERTEX_POINT('',#1790);
#1790 = CARTESIAN_POINT('',(-0.948480775301,0.7,0.667364817767));
#1791 = CIRCLE('',#1792,0.1);
#1792 = AXIS2_PLACEMENT_3D('',#1793,#1794,#1795);
#1793 = CARTESIAN_POINT('',(-0.85,0.7,0.65));
#1794 = DIRECTION('',(-1.144237745222E-17,-1.,0.));
#1795 = DIRECTION('',(0.,0.,1.));
#1796 = ORIENTED_EDGE('',*,*,#1797,.T.);
#1797 = EDGE_CURVE('',#1789,#1798,#1800,.T.);
#1798 = VERTEX_POINT('',#1799);
#1799 = CARTESIAN_POINT('',(-1.02432885403,0.7,0.206587955583));
#1800 = LINE('',#1801,#1802);
#1801 = CARTESIAN_POINT('',(-0.948480775301,0.7,0.667364817767));
#1802 = VECTOR('',#1803,1.);
#1803 = DIRECTION('',(-0.162423314012,1.858508865964E-18,-0.986721169868
    ));
#1804 = ORIENTED_EDGE('',*,*,#1805,.T.);
#1805 = EDGE_CURVE('',#1798,#1806,#1808,.T.);
#1806 = VERTEX_POINT('',#1807);
#1807 = CARTESIAN_POINT('',(-1.270530792283,0.7,0.));
#1808 = CIRCLE('',#1809,0.25);
#1809 = AXIS2_PLACEMENT_3D('',#1810,#1811,#1812);
#1810 = CARTESIAN_POINT('',(-1.270530792283,0.7,0.25));
#1811 = DIRECTION('',(1.144237745222E-17,1.,1.155557966632E-33));
#1812 = DIRECTION('',(0.984807753012,-1.126854202784E-17,-0.173648177667
    ));
#1813 = ORIENTED_EDGE('',*,*,#1814,.T.);
#1814 = EDGE_CURVE('',#1806,#1815,#1817,.T.);
#1815 = VERTEX_POINT('',#1816);
#1816 = CARTESIAN_POINT('',(-1.4,0.7,0.));
#1817 = LINE('',#1818,#1819);
#1818 = CARTESIAN_POINT('',(-1.270530792283,0.7,0.));
#1819 = VECTOR('',#1820,1.);
#1820 = DIRECTION('',(-1.,1.144237745222E-17,0.));
#1821 = ORIENTED_EDGE('',*,*,#1822,.T.);
#1822 = EDGE_CURVE('',#1815,#1823,#1825,.T.);
#1823 = VERTEX_POINT('',#1824);
#1824 = CARTESIAN_POINT('',(-1.4,0.7,0.15));
#1825 = LINE('',#1826,#1827);
#1826 = CARTESIAN_POINT('',(-1.4,0.7,0.));
#1827 = VECTOR('',#1828,1.);
#1828 = DIRECTION('',(0.,0.,1.));
#1829 = ORIENTED_EDGE('',*,*,#1830,.T.);
#1830 = EDGE_CURVE('',#1823,#1831,#1833,.T.);
#1831 = VERTEX_POINT('',#1832);
#1832 = CARTESIAN_POINT('',(-1.270530792283,0.7,0.15));
#1833 = LINE('',#1834,#1835);
#1834 = CARTESIAN_POINT('',(-1.4,0.7,0.15));
#1835 = VECTOR('',#1836,1.);
#1836 = DIRECTION('',(1.,-1.144237745222E-17,0.));
#1837 = ORIENTED_EDGE('',*,*,#1838,.T.);
#1838 = EDGE_CURVE('',#1831,#1839,#1841,.T.);
#1839 = VERTEX_POINT('',#1840);
#1840 = CARTESIAN_POINT('',(-1.172050016982,0.7,0.232635182233));
#1841 = CIRCLE('',#1842,0.1);
#1842 = AXIS2_PLACEMENT_3D('',#1843,#1844,#1845);
#1843 = CARTESIAN_POINT('',(-1.270530792283,0.7,0.25));
#1844 = DIRECTION('',(-1.144237745222E-17,-1.,0.));
#1845 = DIRECTION('',(-2.22044604925E-15,2.540718180781E-32,-1.));
#1846 = ORIENTED_EDGE('',*,*,#1847,.T.);
#1847 = EDGE_CURVE('',#1839,#1848,#1850,.T.);
#1848 = VERTEX_POINT('',#1849);
#1849 = CARTESIAN_POINT('',(-1.096201938253,0.7,0.693412044417));
#1850 = LINE('',#1851,#1852);
#1851 = CARTESIAN_POINT('',(-1.172050016982,0.7,0.232635182233));
#1852 = VECTOR('',#1853,1.);
#1853 = DIRECTION('',(0.162423314012,-1.858508865964E-18,0.986721169868)
  );
#1854 = ORIENTED_EDGE('',*,*,#1855,.T.);
#1855 = EDGE_CURVE('',#1848,#1020,#1856,.T.);
#1856 = CIRCLE('',#1857,0.25);
#1857 = AXIS2_PLACEMENT_3D('',#1858,#1859,#1860);
#1858 = CARTESIAN_POINT('',(-0.85,0.7,0.65));
#1859 = DIRECTION('',(1.144237745222E-17,1.,7.703719777549E-34));
#1860 = DIRECTION('',(-0.984807753012,1.126854202784E-17,0.173648177667)
  );
#1861 = ORIENTED_EDGE('',*,*,#1019,.T.);
#1862 = PLANE('',#1863);
#1863 = AXIS2_PLACEMENT_3D('',#1864,#1865,#1866);
#1864 = CARTESIAN_POINT('',(-1.069123385139,0.7,0.441695635315));
#1865 = DIRECTION('',(1.144237745222E-17,1.,0.));
#1866 = DIRECTION('',(0.,-0.,1.));
#1867 = ADVANCED_FACE('',(#1868),#1887,.F.);
#1868 = FACE_BOUND('',#1869,.F.);
#1869 = EDGE_LOOP('',(#1870,#1871,#1880,#1886));
#1870 = ORIENTED_EDGE('',*,*,#785,.T.);
#1871 = ORIENTED_EDGE('',*,*,#1872,.T.);
#1872 = EDGE_CURVE('',#778,#1873,#1875,.T.);
#1873 = VERTEX_POINT('',#1874);
#1874 = CARTESIAN_POINT('',(-0.948480775301,1.2,0.667364817767));
#1875 = CIRCLE('',#1876,0.1);
#1876 = AXIS2_PLACEMENT_3D('',#1877,#1878,#1879);
#1877 = CARTESIAN_POINT('',(-0.85,1.2,0.65));
#1878 = DIRECTION('',(-1.144237745222E-17,-1.,0.));
#1879 = DIRECTION('',(0.,0.,1.));
#1880 = ORIENTED_EDGE('',*,*,#1881,.F.);
#1881 = EDGE_CURVE('',#1789,#1873,#1882,.T.);
#1882 = LINE('',#1883,#1884);
#1883 = CARTESIAN_POINT('',(-0.948480775301,0.7,0.667364817767));
#1884 = VECTOR('',#1885,1.);
#1885 = DIRECTION('',(1.144237745222E-17,1.,0.));
#1886 = ORIENTED_EDGE('',*,*,#1788,.F.);
#1887 = CYLINDRICAL_SURFACE('',#1888,0.1);
#1888 = AXIS2_PLACEMENT_3D('',#1889,#1890,#1891);
#1889 = CARTESIAN_POINT('',(-0.85,0.7,0.65));
#1890 = DIRECTION('',(-1.144237745222E-17,-1.,0.));
#1891 = DIRECTION('',(0.,0.,1.));
#1892 = ADVANCED_FACE('',(#1893),#1964,.T.);
#1893 = FACE_BOUND('',#1894,.T.);
#1894 = EDGE_LOOP('',(#1895,#1896,#1897,#1898,#1906,#1915,#1923,#1931,
    #1939,#1948,#1956,#1963));
#1895 = ORIENTED_EDGE('',*,*,#799,.F.);
#1896 = ORIENTED_EDGE('',*,*,#777,.T.);
#1897 = ORIENTED_EDGE('',*,*,#1872,.T.);
#1898 = ORIENTED_EDGE('',*,*,#1899,.T.);
#1899 = EDGE_CURVE('',#1873,#1900,#1902,.T.);
#1900 = VERTEX_POINT('',#1901);
#1901 = CARTESIAN_POINT('',(-1.02432885403,1.2,0.206587955583));
#1902 = LINE('',#1903,#1904);
#1903 = CARTESIAN_POINT('',(-0.948480775301,1.2,0.667364817767));
#1904 = VECTOR('',#1905,1.);
#1905 = DIRECTION('',(-0.162423314012,1.858508865964E-18,-0.986721169868
    ));
#1906 = ORIENTED_EDGE('',*,*,#1907,.T.);
#1907 = EDGE_CURVE('',#1900,#1908,#1910,.T.);
#1908 = VERTEX_POINT('',#1909);
#1909 = CARTESIAN_POINT('',(-1.270530792283,1.2,0.));
#1910 = CIRCLE('',#1911,0.25);
#1911 = AXIS2_PLACEMENT_3D('',#1912,#1913,#1914);
#1912 = CARTESIAN_POINT('',(-1.270530792283,1.2,0.25));
#1913 = DIRECTION('',(1.144237745222E-17,1.,1.155557966632E-33));
#1914 = DIRECTION('',(0.984807753012,-1.126854202784E-17,-0.173648177667
    ));
#1915 = ORIENTED_EDGE('',*,*,#1916,.T.);
#1916 = EDGE_CURVE('',#1908,#1917,#1919,.T.);
#1917 = VERTEX_POINT('',#1918);
#1918 = CARTESIAN_POINT('',(-1.4,1.2,0.));
#1919 = LINE('',#1920,#1921);
#1920 = CARTESIAN_POINT('',(-1.270530792283,1.2,0.));
#1921 = VECTOR('',#1922,1.);
#1922 = DIRECTION('',(-1.,1.144237745222E-17,0.));
#1923 = ORIENTED_EDGE('',*,*,#1924,.T.);
#1924 = EDGE_CURVE('',#1917,#1925,#1927,.T.);
#1925 = VERTEX_POINT('',#1926);
#1926 = CARTESIAN_POINT('',(-1.4,1.2,0.15));
#1927 = LINE('',#1928,#1929);
#1928 = CARTESIAN_POINT('',(-1.4,1.2,0.));
#1929 = VECTOR('',#1930,1.);
#1930 = DIRECTION('',(0.,0.,1.));
#1931 = ORIENTED_EDGE('',*,*,#1932,.T.);
#1932 = EDGE_CURVE('',#1925,#1933,#1935,.T.);
#1933 = VERTEX_POINT('',#1934);
#1934 = CARTESIAN_POINT('',(-1.270530792283,1.2,0.15));
#1935 = LINE('',#1936,#1937);
#1936 = CARTESIAN_POINT('',(-1.4,1.2,0.15));
#1937 = VECTOR('',#1938,1.);
#1938 = DIRECTION('',(1.,-1.144237745222E-17,0.));
#1939 = ORIENTED_EDGE('',*,*,#1940,.T.);
#1940 = EDGE_CURVE('',#1933,#1941,#1943,.T.);
#1941 = VERTEX_POINT('',#1942);
#1942 = CARTESIAN_POINT('',(-1.172050016982,1.2,0.232635182233));
#1943 = CIRCLE('',#1944,0.1);
#1944 = AXIS2_PLACEMENT_3D('',#1945,#1946,#1947);
#1945 = CARTESIAN_POINT('',(-1.270530792283,1.2,0.25));
#1946 = DIRECTION('',(-1.144237745222E-17,-1.,0.));
#1947 = DIRECTION('',(-2.22044604925E-15,2.540718180781E-32,-1.));
#1948 = ORIENTED_EDGE('',*,*,#1949,.T.);
#1949 = EDGE_CURVE('',#1941,#1950,#1952,.T.);
#1950 = VERTEX_POINT('',#1951);
#1951 = CARTESIAN_POINT('',(-1.096201938253,1.2,0.693412044417));
#1952 = LINE('',#1953,#1954);
#1953 = CARTESIAN_POINT('',(-1.172050016982,1.2,0.232635182233));
#1954 = VECTOR('',#1955,1.);
#1955 = DIRECTION('',(0.162423314012,-1.858508865964E-18,0.986721169868)
  );
#1956 = ORIENTED_EDGE('',*,*,#1957,.T.);
#1957 = EDGE_CURVE('',#1950,#1028,#1958,.T.);
#1958 = CIRCLE('',#1959,0.25);
#1959 = AXIS2_PLACEMENT_3D('',#1960,#1961,#1962);
#1960 = CARTESIAN_POINT('',(-0.85,1.2,0.65));
#1961 = DIRECTION('',(1.144237745222E-17,1.,7.703719777549E-34));
#1962 = DIRECTION('',(-0.984807753012,1.126854202784E-17,0.173648177667)
  );
#1963 = ORIENTED_EDGE('',*,*,#1035,.T.);
#1964 = PLANE('',#1965);
#1965 = AXIS2_PLACEMENT_3D('',#1966,#1967,#1968);
#1966 = CARTESIAN_POINT('',(-1.069123385139,1.2,0.441695635315));
#1967 = DIRECTION('',(1.144237745222E-17,1.,0.));
#1968 = DIRECTION('',(0.,-0.,1.));
#1969 = ADVANCED_FACE('',(#1970),#2049,.F.);
#1970 = FACE_BOUND('',#1971,.F.);
#1971 = EDGE_LOOP('',(#1972,#1973,#1974,#1983,#1991,#2000,#2008,#2016,
    #2024,#2033,#2041,#2048));
#1972 = ORIENTED_EDGE('',*,*,#818,.F.);
#1973 = ORIENTED_EDGE('',*,*,#833,.T.);
#1974 = ORIENTED_EDGE('',*,*,#1975,.T.);
#1975 = EDGE_CURVE('',#834,#1976,#1978,.T.);
#1976 = VERTEX_POINT('',#1977);
#1977 = CARTESIAN_POINT('',(0.948480775301,1.2,0.667364817767));
#1978 = CIRCLE('',#1979,0.1);
#1979 = AXIS2_PLACEMENT_3D('',#1980,#1981,#1982);
#1980 = CARTESIAN_POINT('',(0.85,1.2,0.65));
#1981 = DIRECTION('',(-1.110223024625E-16,1.,0.));
#1982 = DIRECTION('',(0.,0.,1.));
#1983 = ORIENTED_EDGE('',*,*,#1984,.T.);
#1984 = EDGE_CURVE('',#1976,#1985,#1987,.T.);
#1985 = VERTEX_POINT('',#1986);
#1986 = CARTESIAN_POINT('',(1.02432885403,1.2,0.206587955583));
#1987 = LINE('',#1988,#1989);
#1988 = CARTESIAN_POINT('',(0.948480775301,1.2,0.667364817767));
#1989 = VECTOR('',#1990,1.);
#1990 = DIRECTION('',(0.162423314012,1.803261029519E-17,-0.986721169868)
  );
#1991 = ORIENTED_EDGE('',*,*,#1992,.T.);
#1992 = EDGE_CURVE('',#1985,#1993,#1995,.T.);
#1993 = VERTEX_POINT('',#1994);
#1994 = CARTESIAN_POINT('',(1.270530792283,1.2,0.));
#1995 = CIRCLE('',#1996,0.25);
#1996 = AXIS2_PLACEMENT_3D('',#1997,#1998,#1999);
#1997 = CARTESIAN_POINT('',(1.270530792283,1.2,0.25));
#1998 = DIRECTION('',(1.110223024625E-16,-1.,0.));
#1999 = DIRECTION('',(-0.984807753012,-1.093356242223E-16,
    -0.173648177667));
#2000 = ORIENTED_EDGE('',*,*,#2001,.T.);
#2001 = EDGE_CURVE('',#1993,#2002,#2004,.T.);
#2002 = VERTEX_POINT('',#2003);
#2003 = CARTESIAN_POINT('',(1.4,1.2,0.));
#2004 = LINE('',#2005,#2006);
#2005 = CARTESIAN_POINT('',(1.270530792283,1.2,0.));
#2006 = VECTOR('',#2007,1.);
#2007 = DIRECTION('',(1.,1.110223024625E-16,0.));
#2008 = ORIENTED_EDGE('',*,*,#2009,.T.);
#2009 = EDGE_CURVE('',#2002,#2010,#2012,.T.);
#2010 = VERTEX_POINT('',#2011);
#2011 = CARTESIAN_POINT('',(1.4,1.2,0.15));
#2012 = LINE('',#2013,#2014);
#2013 = CARTESIAN_POINT('',(1.4,1.2,0.));
#2014 = VECTOR('',#2015,1.);
#2015 = DIRECTION('',(0.,0.,1.));
#2016 = ORIENTED_EDGE('',*,*,#2017,.T.);
#2017 = EDGE_CURVE('',#2010,#2018,#2020,.T.);
#2018 = VERTEX_POINT('',#2019);
#2019 = CARTESIAN_POINT('',(1.270530792283,1.2,0.15));
#2020 = LINE('',#2021,#2022);
#2021 = CARTESIAN_POINT('',(1.4,1.2,0.15));
#2022 = VECTOR('',#2023,1.);
#2023 = DIRECTION('',(-1.,-1.110223024625E-16,0.));
#2024 = ORIENTED_EDGE('',*,*,#2025,.T.);
#2025 = EDGE_CURVE('',#2018,#2026,#2028,.T.);
#2026 = VERTEX_POINT('',#2027);
#2027 = CARTESIAN_POINT('',(1.172050016982,1.2,0.232635182233));
#2028 = CIRCLE('',#2029,0.1);
#2029 = AXIS2_PLACEMENT_3D('',#2030,#2031,#2032);
#2030 = CARTESIAN_POINT('',(1.270530792283,1.2,0.25));
#2031 = DIRECTION('',(-1.110223024625E-16,1.,0.));
#2032 = DIRECTION('',(2.22044604925E-15,2.465190328815E-31,-1.));
#2033 = ORIENTED_EDGE('',*,*,#2034,.T.);
#2034 = EDGE_CURVE('',#2026,#2035,#2037,.T.);
#2035 = VERTEX_POINT('',#2036);
#2036 = CARTESIAN_POINT('',(1.096201938253,1.2,0.693412044417));
#2037 = LINE('',#2038,#2039);
#2038 = CARTESIAN_POINT('',(1.172050016982,1.2,0.232635182233));
#2039 = VECTOR('',#2040,1.);
#2040 = DIRECTION('',(-0.162423314012,-1.803261029519E-17,0.986721169868
    ));
#2041 = ORIENTED_EDGE('',*,*,#2042,.T.);
#2042 = EDGE_CURVE('',#2035,#1259,#2043,.T.);
#2043 = CIRCLE('',#2044,0.25);
#2044 = AXIS2_PLACEMENT_3D('',#2045,#2046,#2047);
#2045 = CARTESIAN_POINT('',(0.85,1.2,0.65));
#2046 = DIRECTION('',(1.110223024625E-16,-1.,0.));
#2047 = DIRECTION('',(0.984807753012,1.093356242223E-16,0.173648177667)
  );
#2048 = ORIENTED_EDGE('',*,*,#1258,.T.);
#2049 = PLANE('',#2050);
#2050 = AXIS2_PLACEMENT_3D('',#2051,#2052,#2053);
#2051 = CARTESIAN_POINT('',(1.069123385139,1.2,0.441695635315));
#2052 = DIRECTION('',(1.110223024625E-16,-1.,0.));
#2053 = DIRECTION('',(0.,0.,1.));
#2054 = ADVANCED_FACE('',(#2055),#2074,.F.);
#2055 = FACE_BOUND('',#2056,.F.);
#2056 = EDGE_LOOP('',(#2057,#2058,#2067,#2073));
#2057 = ORIENTED_EDGE('',*,*,#850,.T.);
#2058 = ORIENTED_EDGE('',*,*,#2059,.T.);
#2059 = EDGE_CURVE('',#843,#2060,#2062,.T.);
#2060 = VERTEX_POINT('',#2061);
#2061 = CARTESIAN_POINT('',(0.948480775301,0.7,0.667364817767));
#2062 = CIRCLE('',#2063,0.1);
#2063 = AXIS2_PLACEMENT_3D('',#2064,#2065,#2066);
#2064 = CARTESIAN_POINT('',(0.85,0.7,0.65));
#2065 = DIRECTION('',(-1.110223024625E-16,1.,0.));
#2066 = DIRECTION('',(0.,0.,1.));
#2067 = ORIENTED_EDGE('',*,*,#2068,.F.);
#2068 = EDGE_CURVE('',#1976,#2060,#2069,.T.);
#2069 = LINE('',#2070,#2071);
#2070 = CARTESIAN_POINT('',(0.948480775301,1.2,0.667364817767));
#2071 = VECTOR('',#2072,1.);
#2072 = DIRECTION('',(1.110223024625E-16,-1.,0.));
#2073 = ORIENTED_EDGE('',*,*,#1975,.F.);
#2074 = CYLINDRICAL_SURFACE('',#2075,0.1);
#2075 = AXIS2_PLACEMENT_3D('',#2076,#2077,#2078);
#2076 = CARTESIAN_POINT('',(0.85,1.2,0.65));
#2077 = DIRECTION('',(-1.110223024625E-16,1.,0.));
#2078 = DIRECTION('',(0.,0.,1.));
#2079 = ADVANCED_FACE('',(#2080),#2151,.T.);
#2080 = FACE_BOUND('',#2081,.T.);
#2081 = EDGE_LOOP('',(#2082,#2083,#2084,#2085,#2093,#2102,#2110,#2118,
    #2126,#2135,#2143,#2150));
#2082 = ORIENTED_EDGE('',*,*,#864,.F.);
#2083 = ORIENTED_EDGE('',*,*,#842,.T.);
#2084 = ORIENTED_EDGE('',*,*,#2059,.T.);
#2085 = ORIENTED_EDGE('',*,*,#2086,.T.);
#2086 = EDGE_CURVE('',#2060,#2087,#2089,.T.);
#2087 = VERTEX_POINT('',#2088);
#2088 = CARTESIAN_POINT('',(1.02432885403,0.7,0.206587955583));
#2089 = LINE('',#2090,#2091);
#2090 = CARTESIAN_POINT('',(0.948480775301,0.7,0.667364817767));
#2091 = VECTOR('',#2092,1.);
#2092 = DIRECTION('',(0.162423314012,1.803261029519E-17,-0.986721169868)
  );
#2093 = ORIENTED_EDGE('',*,*,#2094,.T.);
#2094 = EDGE_CURVE('',#2087,#2095,#2097,.T.);
#2095 = VERTEX_POINT('',#2096);
#2096 = CARTESIAN_POINT('',(1.270530792283,0.7,0.));
#2097 = CIRCLE('',#2098,0.25);
#2098 = AXIS2_PLACEMENT_3D('',#2099,#2100,#2101);
#2099 = CARTESIAN_POINT('',(1.270530792283,0.7,0.25));
#2100 = DIRECTION('',(1.110223024625E-16,-1.,0.));
#2101 = DIRECTION('',(-0.984807753012,-1.093356242223E-16,
    -0.173648177667));
#2102 = ORIENTED_EDGE('',*,*,#2103,.T.);
#2103 = EDGE_CURVE('',#2095,#2104,#2106,.T.);
#2104 = VERTEX_POINT('',#2105);
#2105 = CARTESIAN_POINT('',(1.4,0.7,0.));
#2106 = LINE('',#2107,#2108);
#2107 = CARTESIAN_POINT('',(1.270530792283,0.7,0.));
#2108 = VECTOR('',#2109,1.);
#2109 = DIRECTION('',(1.,1.110223024625E-16,0.));
#2110 = ORIENTED_EDGE('',*,*,#2111,.T.);
#2111 = EDGE_CURVE('',#2104,#2112,#2114,.T.);
#2112 = VERTEX_POINT('',#2113);
#2113 = CARTESIAN_POINT('',(1.4,0.7,0.15));
#2114 = LINE('',#2115,#2116);
#2115 = CARTESIAN_POINT('',(1.4,0.7,0.));
#2116 = VECTOR('',#2117,1.);
#2117 = DIRECTION('',(0.,0.,1.));
#2118 = ORIENTED_EDGE('',*,*,#2119,.T.);
#2119 = EDGE_CURVE('',#2112,#2120,#2122,.T.);
#2120 = VERTEX_POINT('',#2121);
#2121 = CARTESIAN_POINT('',(1.270530792283,0.7,0.15));
#2122 = LINE('',#2123,#2124);
#2123 = CARTESIAN_POINT('',(1.4,0.7,0.15));
#2124 = VECTOR('',#2125,1.);
#2125 = DIRECTION('',(-1.,-1.110223024625E-16,0.));
#2126 = ORIENTED_EDGE('',*,*,#2127,.T.);
#2127 = EDGE_CURVE('',#2120,#2128,#2130,.T.);
#2128 = VERTEX_POINT('',#2129);
#2129 = CARTESIAN_POINT('',(1.172050016982,0.7,0.232635182233));
#2130 = CIRCLE('',#2131,0.1);
#2131 = AXIS2_PLACEMENT_3D('',#2132,#2133,#2134);
#2132 = CARTESIAN_POINT('',(1.270530792283,0.7,0.25));
#2133 = DIRECTION('',(-1.110223024625E-16,1.,0.));
#2134 = DIRECTION('',(2.22044604925E-15,2.465190328815E-31,-1.));
#2135 = ORIENTED_EDGE('',*,*,#2136,.T.);
#2136 = EDGE_CURVE('',#2128,#2137,#2139,.T.);
#2137 = VERTEX_POINT('',#2138);
#2138 = CARTESIAN_POINT('',(1.096201938253,0.7,0.693412044417));
#2139 = LINE('',#2140,#2141);
#2140 = CARTESIAN_POINT('',(1.172050016982,0.7,0.232635182233));
#2141 = VECTOR('',#2142,1.);
#2142 = DIRECTION('',(-0.162423314012,-1.803261029519E-17,0.986721169868
    ));
#2143 = ORIENTED_EDGE('',*,*,#2144,.T.);
#2144 = EDGE_CURVE('',#2137,#1267,#2145,.T.);
#2145 = CIRCLE('',#2146,0.25);
#2146 = AXIS2_PLACEMENT_3D('',#2147,#2148,#2149);
#2147 = CARTESIAN_POINT('',(0.85,0.7,0.65));
#2148 = DIRECTION('',(1.110223024625E-16,-1.,0.));
#2149 = DIRECTION('',(0.984807753012,1.093356242223E-16,0.173648177667)
  );
#2150 = ORIENTED_EDGE('',*,*,#1274,.T.);
#2151 = PLANE('',#2152);
#2152 = AXIS2_PLACEMENT_3D('',#2153,#2154,#2155);
#2153 = CARTESIAN_POINT('',(1.069123385139,0.7,0.441695635315));
#2154 = DIRECTION('',(1.110223024625E-16,-1.,0.));
#2155 = DIRECTION('',(0.,0.,1.));
#2156 = ADVANCED_FACE('',(#2157),#2168,.F.);
#2157 = FACE_BOUND('',#2158,.F.);
#2158 = EDGE_LOOP('',(#2159,#2160,#2161,#2167));
#2159 = ORIENTED_EDGE('',*,*,#1280,.F.);
#2160 = ORIENTED_EDGE('',*,*,#881,.T.);
#2161 = ORIENTED_EDGE('',*,*,#2162,.T.);
#2162 = EDGE_CURVE('',#874,#1213,#2163,.T.);
#2163 = LINE('',#2164,#2165);
#2164 = CARTESIAN_POINT('',(0.85,-0.7,0.9));
#2165 = VECTOR('',#2166,1.);
#2166 = DIRECTION('',(-1.,-1.110223024625E-16,0.));
#2167 = ORIENTED_EDGE('',*,*,#1212,.F.);
#2168 = PLANE('',#2169);
#2169 = AXIS2_PLACEMENT_3D('',#2170,#2171,#2172);
#2170 = CARTESIAN_POINT('',(-2.091417030376E-16,1.4375,0.9));
#2171 = DIRECTION('',(4.595758349624E-18,6.551522493592E-27,-1.));
#2172 = DIRECTION('',(1.,1.51922136901E-16,4.595758349624E-18));
#2173 = ADVANCED_FACE('',(#2174),#2260,.F.);
#2174 = FACE_BOUND('',#2175,.F.);
#2175 = EDGE_LOOP('',(#2176,#2177,#2178,#2187,#2195,#2204,#2212,#2220,
    #2228,#2237,#2245,#2254));
#2176 = ORIENTED_EDGE('',*,*,#873,.F.);
#2177 = ORIENTED_EDGE('',*,*,#895,.T.);
#2178 = ORIENTED_EDGE('',*,*,#2179,.T.);
#2179 = EDGE_CURVE('',#896,#2180,#2182,.T.);
#2180 = VERTEX_POINT('',#2181);
#2181 = CARTESIAN_POINT('',(0.948480775301,-0.7,0.667364817767));
#2182 = CIRCLE('',#2183,0.1);
#2183 = AXIS2_PLACEMENT_3D('',#2184,#2185,#2186);
#2184 = CARTESIAN_POINT('',(0.85,-0.7,0.65));
#2185 = DIRECTION('',(-1.110223024625E-16,1.,0.));
#2186 = DIRECTION('',(0.,0.,1.));
#2187 = ORIENTED_EDGE('',*,*,#2188,.T.);
#2188 = EDGE_CURVE('',#2180,#2189,#2191,.T.);
#2189 = VERTEX_POINT('',#2190);
#2190 = CARTESIAN_POINT('',(1.02432885403,-0.7,0.206587955583));
#2191 = LINE('',#2192,#2193);
#2192 = CARTESIAN_POINT('',(0.948480775301,-0.7,0.667364817767));
#2193 = VECTOR('',#2194,1.);
#2194 = DIRECTION('',(0.162423314012,1.803261029519E-17,-0.986721169868)
  );
#2195 = ORIENTED_EDGE('',*,*,#2196,.T.);
#2196 = EDGE_CURVE('',#2189,#2197,#2199,.T.);
#2197 = VERTEX_POINT('',#2198);
#2198 = CARTESIAN_POINT('',(1.270530792283,-0.7,0.));
#2199 = CIRCLE('',#2200,0.25);
#2200 = AXIS2_PLACEMENT_3D('',#2201,#2202,#2203);
#2201 = CARTESIAN_POINT('',(1.270530792283,-0.7,0.25));
#2202 = DIRECTION('',(1.110223024625E-16,-1.,0.));
#2203 = DIRECTION('',(-0.984807753012,-1.093356242223E-16,
    -0.173648177667));
#2204 = ORIENTED_EDGE('',*,*,#2205,.T.);
#2205 = EDGE_CURVE('',#2197,#2206,#2208,.T.);
#2206 = VERTEX_POINT('',#2207);
#2207 = CARTESIAN_POINT('',(1.4,-0.7,0.));
#2208 = LINE('',#2209,#2210);
#2209 = CARTESIAN_POINT('',(1.270530792283,-0.7,0.));
#2210 = VECTOR('',#2211,1.);
#2211 = DIRECTION('',(1.,1.110223024625E-16,0.));
#2212 = ORIENTED_EDGE('',*,*,#2213,.T.);
#2213 = EDGE_CURVE('',#2206,#2214,#2216,.T.);
#2214 = VERTEX_POINT('',#2215);
#2215 = CARTESIAN_POINT('',(1.4,-0.7,0.15));
#2216 = LINE('',#2217,#2218);
#2217 = CARTESIAN_POINT('',(1.4,-0.7,0.));
#2218 = VECTOR('',#2219,1.);
#2219 = DIRECTION('',(0.,0.,1.));
#2220 = ORIENTED_EDGE('',*,*,#2221,.T.);
#2221 = EDGE_CURVE('',#2214,#2222,#2224,.T.);
#2222 = VERTEX_POINT('',#2223);
#2223 = CARTESIAN_POINT('',(1.270530792283,-0.7,0.15));
#2224 = LINE('',#2225,#2226);
#2225 = CARTESIAN_POINT('',(1.4,-0.7,0.15));
#2226 = VECTOR('',#2227,1.);
#2227 = DIRECTION('',(-1.,-1.110223024625E-16,0.));
#2228 = ORIENTED_EDGE('',*,*,#2229,.T.);
#2229 = EDGE_CURVE('',#2222,#2230,#2232,.T.);
#2230 = VERTEX_POINT('',#2231);
#2231 = CARTESIAN_POINT('',(1.172050016982,-0.7,0.232635182233));
#2232 = CIRCLE('',#2233,0.1);
#2233 = AXIS2_PLACEMENT_3D('',#2234,#2235,#2236);
#2234 = CARTESIAN_POINT('',(1.270530792283,-0.7,0.25));
#2235 = DIRECTION('',(-1.110223024625E-16,1.,0.));
#2236 = DIRECTION('',(2.22044604925E-15,2.465190328815E-31,-1.));
#2237 = ORIENTED_EDGE('',*,*,#2238,.T.);
#2238 = EDGE_CURVE('',#2230,#2239,#2241,.T.);
#2239 = VERTEX_POINT('',#2240);
#2240 = CARTESIAN_POINT('',(1.096201938253,-0.7,0.693412044417));
#2241 = LINE('',#2242,#2243);
#2242 = CARTESIAN_POINT('',(1.172050016982,-0.7,0.232635182233));
#2243 = VECTOR('',#2244,1.);
#2244 = DIRECTION('',(-0.162423314012,-1.803261029519E-17,0.986721169868
    ));
#2245 = ORIENTED_EDGE('',*,*,#2246,.T.);
#2246 = EDGE_CURVE('',#2239,#2247,#2249,.T.);
#2247 = VERTEX_POINT('',#2248);
#2248 = CARTESIAN_POINT('',(0.85,-0.7,0.9));
#2249 = CIRCLE('',#2250,0.25);
#2250 = AXIS2_PLACEMENT_3D('',#2251,#2252,#2253);
#2251 = CARTESIAN_POINT('',(0.85,-0.7,0.65));
#2252 = DIRECTION('',(1.110223024625E-16,-1.,0.));
#2253 = DIRECTION('',(0.984807753012,1.093356242223E-16,0.173648177667)
  );
#2254 = ORIENTED_EDGE('',*,*,#2255,.T.);
#2255 = EDGE_CURVE('',#2247,#874,#2256,.T.);
#2256 = LINE('',#2257,#2258);
#2257 = CARTESIAN_POINT('',(0.85,-0.7,0.9));
#2258 = VECTOR('',#2259,1.);
#2259 = DIRECTION('',(-1.,-1.110223024625E-16,0.));
#2260 = PLANE('',#2261);
#2261 = AXIS2_PLACEMENT_3D('',#2262,#2263,#2264);
#2262 = CARTESIAN_POINT('',(1.069123385139,-0.7,0.441695635315));
#2263 = DIRECTION('',(1.110223024625E-16,-1.,0.));
#2264 = DIRECTION('',(0.,0.,1.));
#2265 = ADVANCED_FACE('',(#2266),#2285,.F.);
#2266 = FACE_BOUND('',#2267,.F.);
#2267 = EDGE_LOOP('',(#2268,#2269,#2278,#2284));
#2268 = ORIENTED_EDGE('',*,*,#912,.T.);
#2269 = ORIENTED_EDGE('',*,*,#2270,.T.);
#2270 = EDGE_CURVE('',#905,#2271,#2273,.T.);
#2271 = VERTEX_POINT('',#2272);
#2272 = CARTESIAN_POINT('',(0.948480775301,-1.2,0.667364817767));
#2273 = CIRCLE('',#2274,0.1);
#2274 = AXIS2_PLACEMENT_3D('',#2275,#2276,#2277);
#2275 = CARTESIAN_POINT('',(0.85,-1.2,0.65));
#2276 = DIRECTION('',(-1.110223024625E-16,1.,0.));
#2277 = DIRECTION('',(0.,0.,1.));
#2278 = ORIENTED_EDGE('',*,*,#2279,.F.);
#2279 = EDGE_CURVE('',#2180,#2271,#2280,.T.);
#2280 = LINE('',#2281,#2282);
#2281 = CARTESIAN_POINT('',(0.948480775301,-0.7,0.667364817767));
#2282 = VECTOR('',#2283,1.);
#2283 = DIRECTION('',(1.110223024625E-16,-1.,0.));
#2284 = ORIENTED_EDGE('',*,*,#2179,.F.);
#2285 = CYLINDRICAL_SURFACE('',#2286,0.1);
#2286 = AXIS2_PLACEMENT_3D('',#2287,#2288,#2289);
#2287 = CARTESIAN_POINT('',(0.85,-0.7,0.65));
#2288 = DIRECTION('',(-1.110223024625E-16,1.,0.));
#2289 = DIRECTION('',(0.,0.,1.));
#2290 = ADVANCED_FACE('',(#2291),#2369,.T.);
#2291 = FACE_BOUND('',#2292,.T.);
#2292 = EDGE_LOOP('',(#2293,#2294,#2295,#2296,#2304,#2313,#2321,#2329,
    #2337,#2346,#2354,#2363));
#2293 = ORIENTED_EDGE('',*,*,#926,.F.);
#2294 = ORIENTED_EDGE('',*,*,#904,.T.);
#2295 = ORIENTED_EDGE('',*,*,#2270,.T.);
#2296 = ORIENTED_EDGE('',*,*,#2297,.T.);
#2297 = EDGE_CURVE('',#2271,#2298,#2300,.T.);
#2298 = VERTEX_POINT('',#2299);
#2299 = CARTESIAN_POINT('',(1.02432885403,-1.2,0.206587955583));
#2300 = LINE('',#2301,#2302);
#2301 = CARTESIAN_POINT('',(0.948480775301,-1.2,0.667364817767));
#2302 = VECTOR('',#2303,1.);
#2303 = DIRECTION('',(0.162423314012,1.803261029519E-17,-0.986721169868)
  );
#2304 = ORIENTED_EDGE('',*,*,#2305,.T.);
#2305 = EDGE_CURVE('',#2298,#2306,#2308,.T.);
#2306 = VERTEX_POINT('',#2307);
#2307 = CARTESIAN_POINT('',(1.270530792283,-1.2,0.));
#2308 = CIRCLE('',#2309,0.25);
#2309 = AXIS2_PLACEMENT_3D('',#2310,#2311,#2312);
#2310 = CARTESIAN_POINT('',(1.270530792283,-1.2,0.25));
#2311 = DIRECTION('',(1.110223024625E-16,-1.,0.));
#2312 = DIRECTION('',(-0.984807753012,-1.093356242223E-16,
    -0.173648177667));
#2313 = ORIENTED_EDGE('',*,*,#2314,.T.);
#2314 = EDGE_CURVE('',#2306,#2315,#2317,.T.);
#2315 = VERTEX_POINT('',#2316);
#2316 = CARTESIAN_POINT('',(1.4,-1.2,0.));
#2317 = LINE('',#2318,#2319);
#2318 = CARTESIAN_POINT('',(1.270530792283,-1.2,0.));
#2319 = VECTOR('',#2320,1.);
#2320 = DIRECTION('',(1.,1.110223024625E-16,0.));
#2321 = ORIENTED_EDGE('',*,*,#2322,.T.);
#2322 = EDGE_CURVE('',#2315,#2323,#2325,.T.);
#2323 = VERTEX_POINT('',#2324);
#2324 = CARTESIAN_POINT('',(1.4,-1.2,0.15));
#2325 = LINE('',#2326,#2327);
#2326 = CARTESIAN_POINT('',(1.4,-1.2,0.));
#2327 = VECTOR('',#2328,1.);
#2328 = DIRECTION('',(0.,0.,1.));
#2329 = ORIENTED_EDGE('',*,*,#2330,.T.);
#2330 = EDGE_CURVE('',#2323,#2331,#2333,.T.);
#2331 = VERTEX_POINT('',#2332);
#2332 = CARTESIAN_POINT('',(1.270530792283,-1.2,0.15));
#2333 = LINE('',#2334,#2335);
#2334 = CARTESIAN_POINT('',(1.4,-1.2,0.15));
#2335 = VECTOR('',#2336,1.);
#2336 = DIRECTION('',(-1.,-1.110223024625E-16,0.));
#2337 = ORIENTED_EDGE('',*,*,#2338,.T.);
#2338 = EDGE_CURVE('',#2331,#2339,#2341,.T.);
#2339 = VERTEX_POINT('',#2340);
#2340 = CARTESIAN_POINT('',(1.172050016982,-1.2,0.232635182233));
#2341 = CIRCLE('',#2342,0.1);
#2342 = AXIS2_PLACEMENT_3D('',#2343,#2344,#2345);
#2343 = CARTESIAN_POINT('',(1.270530792283,-1.2,0.25));
#2344 = DIRECTION('',(-1.110223024625E-16,1.,0.));
#2345 = DIRECTION('',(2.22044604925E-15,2.465190328815E-31,-1.));
#2346 = ORIENTED_EDGE('',*,*,#2347,.T.);
#2347 = EDGE_CURVE('',#2339,#2348,#2350,.T.);
#2348 = VERTEX_POINT('',#2349);
#2349 = CARTESIAN_POINT('',(1.096201938253,-1.2,0.693412044417));
#2350 = LINE('',#2351,#2352);
#2351 = CARTESIAN_POINT('',(1.172050016982,-1.2,0.232635182233));
#2352 = VECTOR('',#2353,1.);
#2353 = DIRECTION('',(-0.162423314012,-1.803261029519E-17,0.986721169868
    ));
#2354 = ORIENTED_EDGE('',*,*,#2355,.T.);
#2355 = EDGE_CURVE('',#2348,#2356,#2358,.T.);
#2356 = VERTEX_POINT('',#2357);
#2357 = CARTESIAN_POINT('',(0.85,-1.2,0.9));
#2358 = CIRCLE('',#2359,0.25);
#2359 = AXIS2_PLACEMENT_3D('',#2360,#2361,#2362);
#2360 = CARTESIAN_POINT('',(0.85,-1.2,0.65));
#2361 = DIRECTION('',(1.110223024625E-16,-1.,0.));
#2362 = DIRECTION('',(0.984807753012,1.093356242223E-16,0.173648177667)
  );
#2363 = ORIENTED_EDGE('',*,*,#2364,.T.);
#2364 = EDGE_CURVE('',#2356,#927,#2365,.T.);
#2365 = LINE('',#2366,#2367);
#2366 = CARTESIAN_POINT('',(0.85,-1.2,0.9));
#2367 = VECTOR('',#2368,1.);
#2368 = DIRECTION('',(-1.,-1.110223024625E-16,0.));
#2369 = PLANE('',#2370);
#2370 = AXIS2_PLACEMENT_3D('',#2371,#2372,#2373);
#2371 = CARTESIAN_POINT('',(1.069123385139,-1.2,0.441695635315));
#2372 = DIRECTION('',(1.110223024625E-16,-1.,0.));
#2373 = DIRECTION('',(0.,0.,1.));
#2374 = ADVANCED_FACE('',(#2375),#2386,.T.);
#2375 = FACE_BOUND('',#2376,.T.);
#2376 = EDGE_LOOP('',(#2377,#2378,#2379,#2380));
#2377 = ORIENTED_EDGE('',*,*,#1855,.T.);
#2378 = ORIENTED_EDGE('',*,*,#1027,.T.);
#2379 = ORIENTED_EDGE('',*,*,#1957,.F.);
#2380 = ORIENTED_EDGE('',*,*,#2381,.F.);
#2381 = EDGE_CURVE('',#1848,#1950,#2382,.T.);
#2382 = LINE('',#2383,#2384);
#2383 = CARTESIAN_POINT('',(-1.096201938253,0.7,0.693412044417));
#2384 = VECTOR('',#2385,1.);
#2385 = DIRECTION('',(1.144237745222E-17,1.,0.));
#2386 = CYLINDRICAL_SURFACE('',#2387,0.25);
#2387 = AXIS2_PLACEMENT_3D('',#2388,#2389,#2390);
#2388 = CARTESIAN_POINT('',(-0.85,0.7,0.65));
#2389 = DIRECTION('',(-1.144237745222E-17,-1.,0.));
#2390 = DIRECTION('',(-0.984807753012,1.126854202784E-17,0.173648177667)
  );
#2391 = ADVANCED_FACE('',(#2392),#2405,.F.);
#2392 = FACE_BOUND('',#2393,.F.);
#2393 = EDGE_LOOP('',(#2394,#2395,#2401,#2402,#2403,#2404));
#2394 = ORIENTED_EDGE('',*,*,#1423,.F.);
#2395 = ORIENTED_EDGE('',*,*,#2396,.T.);
#2396 = EDGE_CURVE('',#1415,#1524,#2397,.T.);
#2397 = LINE('',#2398,#2399);
#2398 = CARTESIAN_POINT('',(-0.85,-1.2,0.9));
#2399 = VECTOR('',#2400,1.);
#2400 = DIRECTION('',(1.144237745222E-17,1.,0.));
#2401 = ORIENTED_EDGE('',*,*,#1532,.T.);
#2402 = ORIENTED_EDGE('',*,*,#1554,.T.);
#2403 = ORIENTED_EDGE('',*,*,#1074,.F.);
#2404 = ORIENTED_EDGE('',*,*,#1307,.F.);
#2405 = PLANE('',#2406);
#2406 = AXIS2_PLACEMENT_3D('',#2407,#2408,#2409);
#2407 = CARTESIAN_POINT('',(-0.85,-1.2,0.9));
#2408 = DIRECTION('',(0.,0.,-1.));
#2409 = DIRECTION('',(1.,-1.144237745222E-17,0.));
#2410 = ADVANCED_FACE('',(#2411),#2424,.F.);
#2411 = FACE_BOUND('',#2412,.F.);
#2412 = EDGE_LOOP('',(#2413,#2414,#2420,#2421,#2422,#2423));
#2413 = ORIENTED_EDGE('',*,*,#1646,.F.);
#2414 = ORIENTED_EDGE('',*,*,#2415,.T.);
#2415 = EDGE_CURVE('',#1638,#1747,#2416,.T.);
#2416 = LINE('',#2417,#2418);
#2417 = CARTESIAN_POINT('',(-0.85,-0.25,0.9));
#2418 = VECTOR('',#2419,1.);
#2419 = DIRECTION('',(1.144237745222E-17,1.,0.));
#2420 = ORIENTED_EDGE('',*,*,#1755,.T.);
#2421 = ORIENTED_EDGE('',*,*,#1772,.T.);
#2422 = ORIENTED_EDGE('',*,*,#1090,.F.);
#2423 = ORIENTED_EDGE('',*,*,#1547,.F.);
#2424 = PLANE('',#2425);
#2425 = AXIS2_PLACEMENT_3D('',#2426,#2427,#2428);
#2426 = CARTESIAN_POINT('',(-0.85,-0.25,0.9));
#2427 = DIRECTION('',(0.,0.,-1.));
#2428 = DIRECTION('',(1.,-1.144237745222E-17,0.));
#2429 = ADVANCED_FACE('',(#2430,#2459),#2470,.T.);
#2430 = FACE_BOUND('',#2431,.T.);
#2431 = EDGE_LOOP('',(#2432,#2433,#2434,#2435,#2443,#2451,#2457,#2458));
#2432 = ORIENTED_EDGE('',*,*,#1165,.F.);
#2433 = ORIENTED_EDGE('',*,*,#1142,.F.);
#2434 = ORIENTED_EDGE('',*,*,#1113,.F.);
#2435 = ORIENTED_EDGE('',*,*,#2436,.F.);
#2436 = EDGE_CURVE('',#2437,#1114,#2439,.T.);
#2437 = VERTEX_POINT('',#2438);
#2438 = CARTESIAN_POINT('',(-0.646824228722,-1.333648457443,1.55));
#2439 = LINE('',#2440,#2441);
#2440 = CARTESIAN_POINT('',(-0.646824228722,-1.333648457443,1.55));
#2441 = VECTOR('',#2442,1.);
#2442 = DIRECTION('',(-0.707106781187,0.707106781187,0.));
#2443 = ORIENTED_EDGE('',*,*,#2444,.F.);
#2444 = EDGE_CURVE('',#2445,#2437,#2447,.T.);
#2445 = VERTEX_POINT('',#2446);
#2446 = CARTESIAN_POINT('',(0.646824228722,-1.333648457443,1.55));
#2447 = LINE('',#2448,#2449);
#2448 = CARTESIAN_POINT('',(0.646824228722,-1.333648457443,1.55));
#2449 = VECTOR('',#2450,1.);
#2450 = DIRECTION('',(-1.,-1.110223024625E-16,0.));
#2451 = ORIENTED_EDGE('',*,*,#2452,.F.);
#2452 = EDGE_CURVE('',#1237,#2445,#2453,.T.);
#2453 = LINE('',#2454,#2455);
#2454 = CARTESIAN_POINT('',(0.683648457443,-1.296824228722,1.55));
#2455 = VECTOR('',#2456,1.);
#2456 = DIRECTION('',(-0.707106781187,-0.707106781187,0.));
#2457 = ORIENTED_EDGE('',*,*,#1243,.F.);
#2458 = ORIENTED_EDGE('',*,*,#1188,.F.);
#2459 = FACE_BOUND('',#2460,.T.);
#2460 = EDGE_LOOP('',(#2461));
#2461 = ORIENTED_EDGE('',*,*,#2462,.T.);
#2462 = EDGE_CURVE('',#2463,#2463,#2465,.T.);
#2463 = VERTEX_POINT('',#2464);
#2464 = CARTESIAN_POINT('',(-0.483648457443,1.083648457443,1.55));
#2465 = CIRCLE('',#2466,5.E-02);
#2466 = AXIS2_PLACEMENT_3D('',#2467,#2468,#2469);
#2467 = CARTESIAN_POINT('',(-0.483648457443,1.133648457443,1.55));
#2468 = DIRECTION('',(0.,-0.,-1.));
#2469 = DIRECTION('',(1.110223024625E-16,-1.,0.));
#2470 = PLANE('',#2471);
#2471 = AXIS2_PLACEMENT_3D('',#2472,#2473,#2474);
#2472 = CARTESIAN_POINT('',(-0.646824228722,1.333648457443,1.55));
#2473 = DIRECTION('',(0.,0.,1.));
#2474 = DIRECTION('',(0.436386464522,-0.899759330922,0.));
#2475 = ADVANCED_FACE('',(#2476),#2486,.F.);
#2476 = FACE_BOUND('',#2477,.F.);
#2477 = EDGE_LOOP('',(#2478,#2479,#2480,#2481));
#2478 = ORIENTED_EDGE('',*,*,#1314,.T.);
#2479 = ORIENTED_EDGE('',*,*,#1121,.T.);
#2480 = ORIENTED_EDGE('',*,*,#2436,.F.);
#2481 = ORIENTED_EDGE('',*,*,#2482,.F.);
#2482 = EDGE_CURVE('',#1315,#2437,#2483,.T.);
#2483 = B_SPLINE_CURVE_WITH_KNOTS('',1,(#2484,#2485),.UNSPECIFIED.,.F.,
  .F.,(2,2),(0.,1.),.PIECEWISE_BEZIER_KNOTS.);
#2484 = CARTESIAN_POINT('',(-0.6925,-1.425,0.9));
#2485 = CARTESIAN_POINT('',(-0.646824228722,-1.333648457443,1.55));
#2486 = B_SPLINE_SURFACE_WITH_KNOTS('',1,1,(
    (#2487,#2488)
    ,(#2489,#2490
    )),.UNSPECIFIED.,.F.,.F.,.F.,(2,2),(2,2),(0.,0.116672618896),(0.,1.)
  ,.PIECEWISE_BEZIER_KNOTS.);
#2487 = CARTESIAN_POINT('',(-0.6925,-1.425,0.9));
#2488 = CARTESIAN_POINT('',(-0.646824228722,-1.333648457443,1.55));
#2489 = CARTESIAN_POINT('',(-0.775,-1.3425,0.9));
#2490 = CARTESIAN_POINT('',(-0.683648457443,-1.296824228722,1.55));
#2491 = ADVANCED_FACE('',(#2492),#2505,.F.);
#2492 = FACE_BOUND('',#2493,.F.);
#2493 = EDGE_LOOP('',(#2494,#2495,#2501,#2502,#2503,#2504));
#2494 = ORIENTED_EDGE('',*,*,#2255,.F.);
#2495 = ORIENTED_EDGE('',*,*,#2496,.T.);
#2496 = EDGE_CURVE('',#2247,#2356,#2497,.T.);
#2497 = LINE('',#2498,#2499);
#2498 = CARTESIAN_POINT('',(0.85,-0.7,0.9));
#2499 = VECTOR('',#2500,1.);
#2500 = DIRECTION('',(1.110223024625E-16,-1.,0.));
#2501 = ORIENTED_EDGE('',*,*,#2364,.T.);
#2502 = ORIENTED_EDGE('',*,*,#1296,.T.);
#2503 = ORIENTED_EDGE('',*,*,#1220,.F.);
#2504 = ORIENTED_EDGE('',*,*,#2162,.F.);
#2505 = PLANE('',#2506);
#2506 = AXIS2_PLACEMENT_3D('',#2507,#2508,#2509);
#2507 = CARTESIAN_POINT('',(0.85,-0.7,0.9));
#2508 = DIRECTION('',(0.,0.,-1.));
#2509 = DIRECTION('',(-1.,-1.110223024625E-16,-0.));
#2510 = ADVANCED_FACE('',(#2511),#2521,.F.);
#2511 = FACE_BOUND('',#2512,.F.);
#2512 = EDGE_LOOP('',(#2513,#2514,#2519,#2520));
#2513 = ORIENTED_EDGE('',*,*,#1330,.T.);
#2514 = ORIENTED_EDGE('',*,*,#2515,.T.);
#2515 = EDGE_CURVE('',#1323,#2445,#2516,.T.);
#2516 = B_SPLINE_CURVE_WITH_KNOTS('',1,(#2517,#2518),.UNSPECIFIED.,.F.,
  .F.,(2,2),(0.,1.),.PIECEWISE_BEZIER_KNOTS.);
#2517 = CARTESIAN_POINT('',(0.6925,-1.425,0.9));
#2518 = CARTESIAN_POINT('',(0.646824228722,-1.333648457443,1.55));
#2519 = ORIENTED_EDGE('',*,*,#2452,.F.);
#2520 = ORIENTED_EDGE('',*,*,#1236,.F.);
#2521 = B_SPLINE_SURFACE_WITH_KNOTS('',1,1,(
    (#2522,#2523)
    ,(#2524,#2525
    )),.UNSPECIFIED.,.F.,.F.,.F.,(2,2),(2,2),(0.,0.116672618896),(0.,1.)
  ,.PIECEWISE_BEZIER_KNOTS.);
#2522 = CARTESIAN_POINT('',(0.775,-1.3425,0.9));
#2523 = CARTESIAN_POINT('',(0.683648457443,-1.296824228722,1.55));
#2524 = CARTESIAN_POINT('',(0.6925,-1.425,0.9));
#2525 = CARTESIAN_POINT('',(0.646824228722,-1.333648457443,1.55));
#2526 = ADVANCED_FACE('',(#2527),#2538,.T.);
#2527 = FACE_BOUND('',#2528,.T.);
#2528 = EDGE_LOOP('',(#2529,#2530,#2531,#2532));
#2529 = ORIENTED_EDGE('',*,*,#2042,.T.);
#2530 = ORIENTED_EDGE('',*,*,#1266,.T.);
#2531 = ORIENTED_EDGE('',*,*,#2144,.F.);
#2532 = ORIENTED_EDGE('',*,*,#2533,.F.);
#2533 = EDGE_CURVE('',#2035,#2137,#2534,.T.);
#2534 = LINE('',#2535,#2536);
#2535 = CARTESIAN_POINT('',(1.096201938253,1.2,0.693412044417));
#2536 = VECTOR('',#2537,1.);
#2537 = DIRECTION('',(1.110223024625E-16,-1.,0.));
#2538 = CYLINDRICAL_SURFACE('',#2539,0.25);
#2539 = AXIS2_PLACEMENT_3D('',#2540,#2541,#2542);
#2540 = CARTESIAN_POINT('',(0.85,1.2,0.65));
#2541 = DIRECTION('',(-1.110223024625E-16,1.,0.));
#2542 = DIRECTION('',(0.984807753012,1.093356242223E-16,0.173648177667)
  );
#2543 = ADVANCED_FACE('',(#2544),#2550,.F.);
#2544 = FACE_BOUND('',#2545,.F.);
#2545 = EDGE_LOOP('',(#2546,#2547,#2548,#2549));
#2546 = ORIENTED_EDGE('',*,*,#1322,.T.);
#2547 = ORIENTED_EDGE('',*,*,#2482,.T.);
#2548 = ORIENTED_EDGE('',*,*,#2444,.F.);
#2549 = ORIENTED_EDGE('',*,*,#2515,.F.);
#2550 = B_SPLINE_SURFACE_WITH_KNOTS('',1,1,(
    (#2551,#2552)
    ,(#2553,#2554
    )),.UNSPECIFIED.,.F.,.F.,.F.,(2,2),(2,2),(0.,1.385),(0.,1.),
  .PIECEWISE_BEZIER_KNOTS.);
#2551 = CARTESIAN_POINT('',(0.6925,-1.425,0.9));
#2552 = CARTESIAN_POINT('',(0.646824228722,-1.333648457443,1.55));
#2553 = CARTESIAN_POINT('',(-0.6925,-1.425,0.9));
#2554 = CARTESIAN_POINT('',(-0.646824228722,-1.333648457443,1.55));
#2555 = ADVANCED_FACE('',(#2556),#2567,.T.);
#2556 = FACE_BOUND('',#2557,.T.);
#2557 = EDGE_LOOP('',(#2558,#2559,#2560,#2561));
#2558 = ORIENTED_EDGE('',*,*,#1414,.T.);
#2559 = ORIENTED_EDGE('',*,*,#2396,.T.);
#2560 = ORIENTED_EDGE('',*,*,#1523,.F.);
#2561 = ORIENTED_EDGE('',*,*,#2562,.F.);
#2562 = EDGE_CURVE('',#1407,#1516,#2563,.T.);
#2563 = LINE('',#2564,#2565);
#2564 = CARTESIAN_POINT('',(-1.096201938253,-1.2,0.693412044417));
#2565 = VECTOR('',#2566,1.);
#2566 = DIRECTION('',(1.144237745222E-17,1.,0.));
#2567 = CYLINDRICAL_SURFACE('',#2568,0.25);
#2568 = AXIS2_PLACEMENT_3D('',#2569,#2570,#2571);
#2569 = CARTESIAN_POINT('',(-0.85,-1.2,0.65));
#2570 = DIRECTION('',(-1.144237745222E-17,-1.,0.));
#2571 = DIRECTION('',(-0.984807753012,1.126854202784E-17,0.173648177667)
  );
#2572 = ADVANCED_FACE('',(#2573),#2584,.F.);
#2573 = FACE_BOUND('',#2574,.F.);
#2574 = EDGE_LOOP('',(#2575,#2581,#2582,#2583));
#2575 = ORIENTED_EDGE('',*,*,#2576,.T.);
#2576 = EDGE_CURVE('',#1398,#1507,#2577,.T.);
#2577 = LINE('',#2578,#2579);
#2578 = CARTESIAN_POINT('',(-1.172050016982,-1.2,0.232635182233));
#2579 = VECTOR('',#2580,1.);
#2580 = DIRECTION('',(1.144237745222E-17,1.,0.));
#2581 = ORIENTED_EDGE('',*,*,#1515,.T.);
#2582 = ORIENTED_EDGE('',*,*,#2562,.F.);
#2583 = ORIENTED_EDGE('',*,*,#1406,.F.);
#2584 = PLANE('',#2585);
#2585 = AXIS2_PLACEMENT_3D('',#2586,#2587,#2588);
#2586 = CARTESIAN_POINT('',(-1.172050016982,-1.2,0.232635182233));
#2587 = DIRECTION('',(0.986721169868,-1.129043606572E-17,-0.162423314012
    ));
#2588 = DIRECTION('',(0.162423314012,-1.858508865964E-18,0.986721169868)
  );
#2589 = ADVANCED_FACE('',(#2590),#2601,.F.);
#2590 = FACE_BOUND('',#2591,.F.);
#2591 = EDGE_LOOP('',(#2592,#2598,#2599,#2600));
#2592 = ORIENTED_EDGE('',*,*,#2593,.T.);
#2593 = EDGE_CURVE('',#1390,#1499,#2594,.T.);
#2594 = LINE('',#2595,#2596);
#2595 = CARTESIAN_POINT('',(-1.270530792283,-1.2,0.15));
#2596 = VECTOR('',#2597,1.);
#2597 = DIRECTION('',(1.144237745222E-17,1.,0.));
#2598 = ORIENTED_EDGE('',*,*,#1506,.T.);
#2599 = ORIENTED_EDGE('',*,*,#2576,.F.);
#2600 = ORIENTED_EDGE('',*,*,#1397,.F.);
#2601 = CYLINDRICAL_SURFACE('',#2602,0.1);
#2602 = AXIS2_PLACEMENT_3D('',#2603,#2604,#2605);
#2603 = CARTESIAN_POINT('',(-1.270530792283,-1.2,0.25));
#2604 = DIRECTION('',(-1.144237745222E-17,-1.,0.));
#2605 = DIRECTION('',(-2.22044604925E-15,2.540718180781E-32,-1.));
#2606 = ADVANCED_FACE('',(#2607),#2618,.F.);
#2607 = FACE_BOUND('',#2608,.F.);
#2608 = EDGE_LOOP('',(#2609,#2615,#2616,#2617));
#2609 = ORIENTED_EDGE('',*,*,#2610,.T.);
#2610 = EDGE_CURVE('',#1382,#1491,#2611,.T.);
#2611 = LINE('',#2612,#2613);
#2612 = CARTESIAN_POINT('',(-1.4,-1.2,0.15));
#2613 = VECTOR('',#2614,1.);
#2614 = DIRECTION('',(1.144237745222E-17,1.,0.));
#2615 = ORIENTED_EDGE('',*,*,#1498,.T.);
#2616 = ORIENTED_EDGE('',*,*,#2593,.F.);
#2617 = ORIENTED_EDGE('',*,*,#1389,.F.);
#2618 = PLANE('',#2619);
#2619 = AXIS2_PLACEMENT_3D('',#2620,#2621,#2622);
#2620 = CARTESIAN_POINT('',(-1.4,-1.2,0.15));
#2621 = DIRECTION('',(0.,0.,-1.));
#2622 = DIRECTION('',(1.,-1.144237745222E-17,0.));
#2623 = ADVANCED_FACE('',(#2624),#2635,.F.);
#2624 = FACE_BOUND('',#2625,.F.);
#2625 = EDGE_LOOP('',(#2626,#2632,#2633,#2634));
#2626 = ORIENTED_EDGE('',*,*,#2627,.T.);
#2627 = EDGE_CURVE('',#1374,#1483,#2628,.T.);
#2628 = LINE('',#2629,#2630);
#2629 = CARTESIAN_POINT('',(-1.4,-1.2,0.));
#2630 = VECTOR('',#2631,1.);
#2631 = DIRECTION('',(1.144237745222E-17,1.,0.));
#2632 = ORIENTED_EDGE('',*,*,#1490,.T.);
#2633 = ORIENTED_EDGE('',*,*,#2610,.F.);
#2634 = ORIENTED_EDGE('',*,*,#1381,.F.);
#2635 = PLANE('',#2636);
#2636 = AXIS2_PLACEMENT_3D('',#2637,#2638,#2639);
#2637 = CARTESIAN_POINT('',(-1.4,-1.2,0.));
#2638 = DIRECTION('',(1.,-1.144237745222E-17,0.));
#2639 = DIRECTION('',(0.,0.,1.));
#2640 = ADVANCED_FACE('',(#2641),#2652,.F.);
#2641 = FACE_BOUND('',#2642,.F.);
#2642 = EDGE_LOOP('',(#2643,#2649,#2650,#2651));
#2643 = ORIENTED_EDGE('',*,*,#2644,.T.);
#2644 = EDGE_CURVE('',#1365,#1474,#2645,.T.);
#2645 = LINE('',#2646,#2647);
#2646 = CARTESIAN_POINT('',(-1.270530792283,-1.2,0.));
#2647 = VECTOR('',#2648,1.);
#2648 = DIRECTION('',(1.144237745222E-17,1.,0.));
#2649 = ORIENTED_EDGE('',*,*,#1482,.T.);
#2650 = ORIENTED_EDGE('',*,*,#2627,.F.);
#2651 = ORIENTED_EDGE('',*,*,#1373,.F.);
#2652 = PLANE('',#2653);
#2653 = AXIS2_PLACEMENT_3D('',#2654,#2655,#2656);
#2654 = CARTESIAN_POINT('',(-1.270530792283,-1.2,0.));
#2655 = DIRECTION('',(0.,0.,1.));
#2656 = DIRECTION('',(-1.,1.144237745222E-17,0.));
#2657 = ADVANCED_FACE('',(#2658),#2669,.T.);
#2658 = FACE_BOUND('',#2659,.T.);
#2659 = EDGE_LOOP('',(#2660,#2661,#2662,#2663));
#2660 = ORIENTED_EDGE('',*,*,#1364,.T.);
#2661 = ORIENTED_EDGE('',*,*,#2644,.T.);
#2662 = ORIENTED_EDGE('',*,*,#1473,.F.);
#2663 = ORIENTED_EDGE('',*,*,#2664,.F.);
#2664 = EDGE_CURVE('',#1357,#1466,#2665,.T.);
#2665 = LINE('',#2666,#2667);
#2666 = CARTESIAN_POINT('',(-1.02432885403,-1.2,0.206587955583));
#2667 = VECTOR('',#2668,1.);
#2668 = DIRECTION('',(1.144237745222E-17,1.,0.));
#2669 = CYLINDRICAL_SURFACE('',#2670,0.25);
#2670 = AXIS2_PLACEMENT_3D('',#2671,#2672,#2673);
#2671 = CARTESIAN_POINT('',(-1.270530792283,-1.2,0.25));
#2672 = DIRECTION('',(-1.144237745222E-17,-1.,0.));
#2673 = DIRECTION('',(0.984807753012,-1.126854202784E-17,-0.173648177667
    ));
#2674 = ADVANCED_FACE('',(#2675),#2681,.F.);
#2675 = FACE_BOUND('',#2676,.F.);
#2676 = EDGE_LOOP('',(#2677,#2678,#2679,#2680));
#2677 = ORIENTED_EDGE('',*,*,#1447,.T.);
#2678 = ORIENTED_EDGE('',*,*,#1465,.T.);
#2679 = ORIENTED_EDGE('',*,*,#2664,.F.);
#2680 = ORIENTED_EDGE('',*,*,#1356,.F.);
#2681 = PLANE('',#2682);
#2682 = AXIS2_PLACEMENT_3D('',#2683,#2684,#2685);
#2683 = CARTESIAN_POINT('',(-0.948480775301,-1.2,0.667364817767));
#2684 = DIRECTION('',(-0.986721169868,1.129043606572E-17,0.162423314012)
  );
#2685 = DIRECTION('',(-0.162423314012,1.858508865964E-18,-0.986721169868
    ));
#2686 = ADVANCED_FACE('',(#2687),#2698,.T.);
#2687 = FACE_BOUND('',#2688,.T.);
#2688 = EDGE_LOOP('',(#2689,#2690,#2691,#2692));
#2689 = ORIENTED_EDGE('',*,*,#1637,.T.);
#2690 = ORIENTED_EDGE('',*,*,#2415,.T.);
#2691 = ORIENTED_EDGE('',*,*,#1746,.F.);
#2692 = ORIENTED_EDGE('',*,*,#2693,.F.);
#2693 = EDGE_CURVE('',#1630,#1739,#2694,.T.);
#2694 = LINE('',#2695,#2696);
#2695 = CARTESIAN_POINT('',(-1.096201938253,-0.25,0.693412044417));
#2696 = VECTOR('',#2697,1.);
#2697 = DIRECTION('',(1.144237745222E-17,1.,0.));
#2698 = CYLINDRICAL_SURFACE('',#2699,0.25);
#2699 = AXIS2_PLACEMENT_3D('',#2700,#2701,#2702);
#2700 = CARTESIAN_POINT('',(-0.85,-0.25,0.65));
#2701 = DIRECTION('',(-1.144237745222E-17,-1.,0.));
#2702 = DIRECTION('',(-0.984807753012,1.126854202784E-17,0.173648177667)
  );
#2703 = ADVANCED_FACE('',(#2704),#2715,.F.);
#2704 = FACE_BOUND('',#2705,.F.);
#2705 = EDGE_LOOP('',(#2706,#2712,#2713,#2714));
#2706 = ORIENTED_EDGE('',*,*,#2707,.T.);
#2707 = EDGE_CURVE('',#1621,#1730,#2708,.T.);
#2708 = LINE('',#2709,#2710);
#2709 = CARTESIAN_POINT('',(-1.172050016982,-0.25,0.232635182233));
#2710 = VECTOR('',#2711,1.);
#2711 = DIRECTION('',(1.144237745222E-17,1.,0.));
#2712 = ORIENTED_EDGE('',*,*,#1738,.T.);
#2713 = ORIENTED_EDGE('',*,*,#2693,.F.);
#2714 = ORIENTED_EDGE('',*,*,#1629,.F.);
#2715 = PLANE('',#2716);
#2716 = AXIS2_PLACEMENT_3D('',#2717,#2718,#2719);
#2717 = CARTESIAN_POINT('',(-1.172050016982,-0.25,0.232635182233));
#2718 = DIRECTION('',(0.986721169868,-1.129043606572E-17,-0.162423314012
    ));
#2719 = DIRECTION('',(0.162423314012,-1.858508865964E-18,0.986721169868)
  );
#2720 = ADVANCED_FACE('',(#2721),#2732,.F.);
#2721 = FACE_BOUND('',#2722,.F.);
#2722 = EDGE_LOOP('',(#2723,#2729,#2730,#2731));
#2723 = ORIENTED_EDGE('',*,*,#2724,.T.);
#2724 = EDGE_CURVE('',#1613,#1722,#2725,.T.);
#2725 = LINE('',#2726,#2727);
#2726 = CARTESIAN_POINT('',(-1.270530792283,-0.25,0.15));
#2727 = VECTOR('',#2728,1.);
#2728 = DIRECTION('',(1.144237745222E-17,1.,0.));
#2729 = ORIENTED_EDGE('',*,*,#1729,.T.);
#2730 = ORIENTED_EDGE('',*,*,#2707,.F.);
#2731 = ORIENTED_EDGE('',*,*,#1620,.F.);
#2732 = CYLINDRICAL_SURFACE('',#2733,0.1);
#2733 = AXIS2_PLACEMENT_3D('',#2734,#2735,#2736);
#2734 = CARTESIAN_POINT('',(-1.270530792283,-0.25,0.25));
#2735 = DIRECTION('',(-1.144237745222E-17,-1.,0.));
#2736 = DIRECTION('',(-2.22044604925E-15,2.540718180781E-32,-1.));
#2737 = ADVANCED_FACE('',(#2738),#2749,.F.);
#2738 = FACE_BOUND('',#2739,.F.);
#2739 = EDGE_LOOP('',(#2740,#2746,#2747,#2748));
#2740 = ORIENTED_EDGE('',*,*,#2741,.T.);
#2741 = EDGE_CURVE('',#1605,#1714,#2742,.T.);
#2742 = LINE('',#2743,#2744);
#2743 = CARTESIAN_POINT('',(-1.4,-0.25,0.15));
#2744 = VECTOR('',#2745,1.);
#2745 = DIRECTION('',(1.144237745222E-17,1.,0.));
#2746 = ORIENTED_EDGE('',*,*,#1721,.T.);
#2747 = ORIENTED_EDGE('',*,*,#2724,.F.);
#2748 = ORIENTED_EDGE('',*,*,#1612,.F.);
#2749 = PLANE('',#2750);
#2750 = AXIS2_PLACEMENT_3D('',#2751,#2752,#2753);
#2751 = CARTESIAN_POINT('',(-1.4,-0.25,0.15));
#2752 = DIRECTION('',(0.,0.,-1.));
#2753 = DIRECTION('',(1.,-1.144237745222E-17,0.));
#2754 = ADVANCED_FACE('',(#2755),#2766,.F.);
#2755 = FACE_BOUND('',#2756,.F.);
#2756 = EDGE_LOOP('',(#2757,#2763,#2764,#2765));
#2757 = ORIENTED_EDGE('',*,*,#2758,.T.);
#2758 = EDGE_CURVE('',#1597,#1706,#2759,.T.);
#2759 = LINE('',#2760,#2761);
#2760 = CARTESIAN_POINT('',(-1.4,-0.25,0.));
#2761 = VECTOR('',#2762,1.);
#2762 = DIRECTION('',(1.144237745222E-17,1.,0.));
#2763 = ORIENTED_EDGE('',*,*,#1713,.T.);
#2764 = ORIENTED_EDGE('',*,*,#2741,.F.);
#2765 = ORIENTED_EDGE('',*,*,#1604,.F.);
#2766 = PLANE('',#2767);
#2767 = AXIS2_PLACEMENT_3D('',#2768,#2769,#2770);
#2768 = CARTESIAN_POINT('',(-1.4,-0.25,0.));
#2769 = DIRECTION('',(1.,-1.144237745222E-17,0.));
#2770 = DIRECTION('',(0.,0.,1.));
#2771 = ADVANCED_FACE('',(#2772),#2783,.F.);
#2772 = FACE_BOUND('',#2773,.F.);
#2773 = EDGE_LOOP('',(#2774,#2780,#2781,#2782));
#2774 = ORIENTED_EDGE('',*,*,#2775,.T.);
#2775 = EDGE_CURVE('',#1588,#1697,#2776,.T.);
#2776 = LINE('',#2777,#2778);
#2777 = CARTESIAN_POINT('',(-1.270530792283,-0.25,0.));
#2778 = VECTOR('',#2779,1.);
#2779 = DIRECTION('',(1.144237745222E-17,1.,0.));
#2780 = ORIENTED_EDGE('',*,*,#1705,.T.);
#2781 = ORIENTED_EDGE('',*,*,#2758,.F.);
#2782 = ORIENTED_EDGE('',*,*,#1596,.F.);
#2783 = PLANE('',#2784);
#2784 = AXIS2_PLACEMENT_3D('',#2785,#2786,#2787);
#2785 = CARTESIAN_POINT('',(-1.270530792283,-0.25,0.));
#2786 = DIRECTION('',(0.,0.,1.));
#2787 = DIRECTION('',(-1.,1.144237745222E-17,0.));
#2788 = ADVANCED_FACE('',(#2789),#2800,.T.);
#2789 = FACE_BOUND('',#2790,.T.);
#2790 = EDGE_LOOP('',(#2791,#2792,#2793,#2794));
#2791 = ORIENTED_EDGE('',*,*,#1587,.T.);
#2792 = ORIENTED_EDGE('',*,*,#2775,.T.);
#2793 = ORIENTED_EDGE('',*,*,#1696,.F.);
#2794 = ORIENTED_EDGE('',*,*,#2795,.F.);
#2795 = EDGE_CURVE('',#1580,#1689,#2796,.T.);
#2796 = LINE('',#2797,#2798);
#2797 = CARTESIAN_POINT('',(-1.02432885403,-0.25,0.206587955583));
#2798 = VECTOR('',#2799,1.);
#2799 = DIRECTION('',(1.144237745222E-17,1.,0.));
#2800 = CYLINDRICAL_SURFACE('',#2801,0.25);
#2801 = AXIS2_PLACEMENT_3D('',#2802,#2803,#2804);
#2802 = CARTESIAN_POINT('',(-1.270530792283,-0.25,0.25));
#2803 = DIRECTION('',(-1.144237745222E-17,-1.,0.));
#2804 = DIRECTION('',(0.984807753012,-1.126854202784E-17,-0.173648177667
    ));
#2805 = ADVANCED_FACE('',(#2806),#2812,.F.);
#2806 = FACE_BOUND('',#2807,.F.);
#2807 = EDGE_LOOP('',(#2808,#2809,#2810,#2811));
#2808 = ORIENTED_EDGE('',*,*,#1670,.T.);
#2809 = ORIENTED_EDGE('',*,*,#1688,.T.);
#2810 = ORIENTED_EDGE('',*,*,#2795,.F.);
#2811 = ORIENTED_EDGE('',*,*,#1579,.F.);
#2812 = PLANE('',#2813);
#2813 = AXIS2_PLACEMENT_3D('',#2814,#2815,#2816);
#2814 = CARTESIAN_POINT('',(-0.948480775301,-0.25,0.667364817767));
#2815 = DIRECTION('',(-0.986721169868,1.129043606572E-17,0.162423314012)
  );
#2816 = DIRECTION('',(-0.162423314012,1.858508865964E-18,-0.986721169868
    ));
#2817 = ADVANCED_FACE('',(#2818),#2829,.F.);
#2818 = FACE_BOUND('',#2819,.F.);
#2819 = EDGE_LOOP('',(#2820,#2826,#2827,#2828));
#2820 = ORIENTED_EDGE('',*,*,#2821,.T.);
#2821 = EDGE_CURVE('',#1839,#1941,#2822,.T.);
#2822 = LINE('',#2823,#2824);
#2823 = CARTESIAN_POINT('',(-1.172050016982,0.7,0.232635182233));
#2824 = VECTOR('',#2825,1.);
#2825 = DIRECTION('',(1.144237745222E-17,1.,0.));
#2826 = ORIENTED_EDGE('',*,*,#1949,.T.);
#2827 = ORIENTED_EDGE('',*,*,#2381,.F.);
#2828 = ORIENTED_EDGE('',*,*,#1847,.F.);
#2829 = PLANE('',#2830);
#2830 = AXIS2_PLACEMENT_3D('',#2831,#2832,#2833);
#2831 = CARTESIAN_POINT('',(-1.172050016982,0.7,0.232635182233));
#2832 = DIRECTION('',(0.986721169868,-1.129043606572E-17,-0.162423314012
    ));
#2833 = DIRECTION('',(0.162423314012,-1.858508865964E-18,0.986721169868)
  );
#2834 = ADVANCED_FACE('',(#2835),#2846,.F.);
#2835 = FACE_BOUND('',#2836,.F.);
#2836 = EDGE_LOOP('',(#2837,#2843,#2844,#2845));
#2837 = ORIENTED_EDGE('',*,*,#2838,.T.);
#2838 = EDGE_CURVE('',#1831,#1933,#2839,.T.);
#2839 = LINE('',#2840,#2841);
#2840 = CARTESIAN_POINT('',(-1.270530792283,0.7,0.15));
#2841 = VECTOR('',#2842,1.);
#2842 = DIRECTION('',(1.144237745222E-17,1.,0.));
#2843 = ORIENTED_EDGE('',*,*,#1940,.T.);
#2844 = ORIENTED_EDGE('',*,*,#2821,.F.);
#2845 = ORIENTED_EDGE('',*,*,#1838,.F.);
#2846 = CYLINDRICAL_SURFACE('',#2847,0.1);
#2847 = AXIS2_PLACEMENT_3D('',#2848,#2849,#2850);
#2848 = CARTESIAN_POINT('',(-1.270530792283,0.7,0.25));
#2849 = DIRECTION('',(-1.144237745222E-17,-1.,0.));
#2850 = DIRECTION('',(-2.22044604925E-15,2.540718180781E-32,-1.));
#2851 = ADVANCED_FACE('',(#2852),#2863,.F.);
#2852 = FACE_BOUND('',#2853,.F.);
#2853 = EDGE_LOOP('',(#2854,#2860,#2861,#2862));
#2854 = ORIENTED_EDGE('',*,*,#2855,.T.);
#2855 = EDGE_CURVE('',#1823,#1925,#2856,.T.);
#2856 = LINE('',#2857,#2858);
#2857 = CARTESIAN_POINT('',(-1.4,0.7,0.15));
#2858 = VECTOR('',#2859,1.);
#2859 = DIRECTION('',(1.144237745222E-17,1.,0.));
#2860 = ORIENTED_EDGE('',*,*,#1932,.T.);
#2861 = ORIENTED_EDGE('',*,*,#2838,.F.);
#2862 = ORIENTED_EDGE('',*,*,#1830,.F.);
#2863 = PLANE('',#2864);
#2864 = AXIS2_PLACEMENT_3D('',#2865,#2866,#2867);
#2865 = CARTESIAN_POINT('',(-1.4,0.7,0.15));
#2866 = DIRECTION('',(0.,0.,-1.));
#2867 = DIRECTION('',(1.,-1.144237745222E-17,0.));
#2868 = ADVANCED_FACE('',(#2869),#2880,.F.);
#2869 = FACE_BOUND('',#2870,.F.);
#2870 = EDGE_LOOP('',(#2871,#2877,#2878,#2879));
#2871 = ORIENTED_EDGE('',*,*,#2872,.T.);
#2872 = EDGE_CURVE('',#1815,#1917,#2873,.T.);
#2873 = LINE('',#2874,#2875);
#2874 = CARTESIAN_POINT('',(-1.4,0.7,0.));
#2875 = VECTOR('',#2876,1.);
#2876 = DIRECTION('',(1.144237745222E-17,1.,0.));
#2877 = ORIENTED_EDGE('',*,*,#1924,.T.);
#2878 = ORIENTED_EDGE('',*,*,#2855,.F.);
#2879 = ORIENTED_EDGE('',*,*,#1822,.F.);
#2880 = PLANE('',#2881);
#2881 = AXIS2_PLACEMENT_3D('',#2882,#2883,#2884);
#2882 = CARTESIAN_POINT('',(-1.4,0.7,0.));
#2883 = DIRECTION('',(1.,-1.144237745222E-17,0.));
#2884 = DIRECTION('',(0.,0.,1.));
#2885 = ADVANCED_FACE('',(#2886),#2897,.F.);
#2886 = FACE_BOUND('',#2887,.F.);
#2887 = EDGE_LOOP('',(#2888,#2894,#2895,#2896));
#2888 = ORIENTED_EDGE('',*,*,#2889,.T.);
#2889 = EDGE_CURVE('',#1806,#1908,#2890,.T.);
#2890 = LINE('',#2891,#2892);
#2891 = CARTESIAN_POINT('',(-1.270530792283,0.7,0.));
#2892 = VECTOR('',#2893,1.);
#2893 = DIRECTION('',(1.144237745222E-17,1.,0.));
#2894 = ORIENTED_EDGE('',*,*,#1916,.T.);
#2895 = ORIENTED_EDGE('',*,*,#2872,.F.);
#2896 = ORIENTED_EDGE('',*,*,#1814,.F.);
#2897 = PLANE('',#2898);
#2898 = AXIS2_PLACEMENT_3D('',#2899,#2900,#2901);
#2899 = CARTESIAN_POINT('',(-1.270530792283,0.7,0.));
#2900 = DIRECTION('',(0.,0.,1.));
#2901 = DIRECTION('',(-1.,1.144237745222E-17,0.));
#2902 = ADVANCED_FACE('',(#2903),#2914,.T.);
#2903 = FACE_BOUND('',#2904,.T.);
#2904 = EDGE_LOOP('',(#2905,#2906,#2907,#2908));
#2905 = ORIENTED_EDGE('',*,*,#1805,.T.);
#2906 = ORIENTED_EDGE('',*,*,#2889,.T.);
#2907 = ORIENTED_EDGE('',*,*,#1907,.F.);
#2908 = ORIENTED_EDGE('',*,*,#2909,.F.);
#2909 = EDGE_CURVE('',#1798,#1900,#2910,.T.);
#2910 = LINE('',#2911,#2912);
#2911 = CARTESIAN_POINT('',(-1.02432885403,0.7,0.206587955583));
#2912 = VECTOR('',#2913,1.);
#2913 = DIRECTION('',(1.144237745222E-17,1.,0.));
#2914 = CYLINDRICAL_SURFACE('',#2915,0.25);
#2915 = AXIS2_PLACEMENT_3D('',#2916,#2917,#2918);
#2916 = CARTESIAN_POINT('',(-1.270530792283,0.7,0.25));
#2917 = DIRECTION('',(-1.144237745222E-17,-1.,0.));
#2918 = DIRECTION('',(0.984807753012,-1.126854202784E-17,-0.173648177667
    ));
#2919 = ADVANCED_FACE('',(#2920),#2926,.F.);
#2920 = FACE_BOUND('',#2921,.F.);
#2921 = EDGE_LOOP('',(#2922,#2923,#2924,#2925));
#2922 = ORIENTED_EDGE('',*,*,#1881,.T.);
#2923 = ORIENTED_EDGE('',*,*,#1899,.T.);
#2924 = ORIENTED_EDGE('',*,*,#2909,.F.);
#2925 = ORIENTED_EDGE('',*,*,#1797,.F.);
#2926 = PLANE('',#2927);
#2927 = AXIS2_PLACEMENT_3D('',#2928,#2929,#2930);
#2928 = CARTESIAN_POINT('',(-0.948480775301,0.7,0.667364817767));
#2929 = DIRECTION('',(-0.986721169868,1.129043606572E-17,0.162423314012)
  );
#2930 = DIRECTION('',(-0.162423314012,1.858508865964E-18,-0.986721169868
    ));
#2931 = ADVANCED_FACE('',(#2932),#2943,.F.);
#2932 = FACE_BOUND('',#2933,.F.);
#2933 = EDGE_LOOP('',(#2934,#2940,#2941,#2942));
#2934 = ORIENTED_EDGE('',*,*,#2935,.T.);
#2935 = EDGE_CURVE('',#2026,#2128,#2936,.T.);
#2936 = LINE('',#2937,#2938);
#2937 = CARTESIAN_POINT('',(1.172050016982,1.2,0.232635182233));
#2938 = VECTOR('',#2939,1.);
#2939 = DIRECTION('',(1.110223024625E-16,-1.,0.));
#2940 = ORIENTED_EDGE('',*,*,#2136,.T.);
#2941 = ORIENTED_EDGE('',*,*,#2533,.F.);
#2942 = ORIENTED_EDGE('',*,*,#2034,.F.);
#2943 = PLANE('',#2944);
#2944 = AXIS2_PLACEMENT_3D('',#2945,#2946,#2947);
#2945 = CARTESIAN_POINT('',(1.172050016982,1.2,0.232635182233));
#2946 = DIRECTION('',(-0.986721169868,-1.095480561672E-16,
    -0.162423314012));
#2947 = DIRECTION('',(-0.162423314012,-1.803261029519E-17,0.986721169868
    ));
#2948 = ADVANCED_FACE('',(#2949),#2960,.F.);
#2949 = FACE_BOUND('',#2950,.F.);
#2950 = EDGE_LOOP('',(#2951,#2957,#2958,#2959));
#2951 = ORIENTED_EDGE('',*,*,#2952,.T.);
#2952 = EDGE_CURVE('',#2018,#2120,#2953,.T.);
#2953 = LINE('',#2954,#2955);
#2954 = CARTESIAN_POINT('',(1.270530792283,1.2,0.15));
#2955 = VECTOR('',#2956,1.);
#2956 = DIRECTION('',(1.110223024625E-16,-1.,0.));
#2957 = ORIENTED_EDGE('',*,*,#2127,.T.);
#2958 = ORIENTED_EDGE('',*,*,#2935,.F.);
#2959 = ORIENTED_EDGE('',*,*,#2025,.F.);
#2960 = CYLINDRICAL_SURFACE('',#2961,0.1);
#2961 = AXIS2_PLACEMENT_3D('',#2962,#2963,#2964);
#2962 = CARTESIAN_POINT('',(1.270530792283,1.2,0.25));
#2963 = DIRECTION('',(-1.110223024625E-16,1.,0.));
#2964 = DIRECTION('',(2.22044604925E-15,2.465190328815E-31,-1.));
#2965 = ADVANCED_FACE('',(#2966),#2977,.F.);
#2966 = FACE_BOUND('',#2967,.F.);
#2967 = EDGE_LOOP('',(#2968,#2974,#2975,#2976));
#2968 = ORIENTED_EDGE('',*,*,#2969,.T.);
#2969 = EDGE_CURVE('',#2010,#2112,#2970,.T.);
#2970 = LINE('',#2971,#2972);
#2971 = CARTESIAN_POINT('',(1.4,1.2,0.15));
#2972 = VECTOR('',#2973,1.);
#2973 = DIRECTION('',(1.110223024625E-16,-1.,0.));
#2974 = ORIENTED_EDGE('',*,*,#2119,.T.);
#2975 = ORIENTED_EDGE('',*,*,#2952,.F.);
#2976 = ORIENTED_EDGE('',*,*,#2017,.F.);
#2977 = PLANE('',#2978);
#2978 = AXIS2_PLACEMENT_3D('',#2979,#2980,#2981);
#2979 = CARTESIAN_POINT('',(1.4,1.2,0.15));
#2980 = DIRECTION('',(0.,0.,-1.));
#2981 = DIRECTION('',(-1.,-1.110223024625E-16,-0.));
#2982 = ADVANCED_FACE('',(#2983),#2994,.F.);
#2983 = FACE_BOUND('',#2984,.F.);
#2984 = EDGE_LOOP('',(#2985,#2991,#2992,#2993));
#2985 = ORIENTED_EDGE('',*,*,#2986,.T.);
#2986 = EDGE_CURVE('',#2002,#2104,#2987,.T.);
#2987 = LINE('',#2988,#2989);
#2988 = CARTESIAN_POINT('',(1.4,1.2,0.));
#2989 = VECTOR('',#2990,1.);
#2990 = DIRECTION('',(1.110223024625E-16,-1.,0.));
#2991 = ORIENTED_EDGE('',*,*,#2111,.T.);
#2992 = ORIENTED_EDGE('',*,*,#2969,.F.);
#2993 = ORIENTED_EDGE('',*,*,#2009,.F.);
#2994 = PLANE('',#2995);
#2995 = AXIS2_PLACEMENT_3D('',#2996,#2997,#2998);
#2996 = CARTESIAN_POINT('',(1.4,1.2,0.));
#2997 = DIRECTION('',(-1.,-1.110223024625E-16,0.));
#2998 = DIRECTION('',(0.,0.,1.));
#2999 = ADVANCED_FACE('',(#3000),#3011,.F.);
#3000 = FACE_BOUND('',#3001,.F.);
#3001 = EDGE_LOOP('',(#3002,#3008,#3009,#3010));
#3002 = ORIENTED_EDGE('',*,*,#3003,.T.);
#3003 = EDGE_CURVE('',#1993,#2095,#3004,.T.);
#3004 = LINE('',#3005,#3006);
#3005 = CARTESIAN_POINT('',(1.270530792283,1.2,0.));
#3006 = VECTOR('',#3007,1.);
#3007 = DIRECTION('',(1.110223024625E-16,-1.,0.));
#3008 = ORIENTED_EDGE('',*,*,#2103,.T.);
#3009 = ORIENTED_EDGE('',*,*,#2986,.F.);
#3010 = ORIENTED_EDGE('',*,*,#2001,.F.);
#3011 = PLANE('',#3012);
#3012 = AXIS2_PLACEMENT_3D('',#3013,#3014,#3015);
#3013 = CARTESIAN_POINT('',(1.270530792283,1.2,0.));
#3014 = DIRECTION('',(0.,0.,1.));
#3015 = DIRECTION('',(1.,1.110223024625E-16,-0.));
#3016 = ADVANCED_FACE('',(#3017),#3028,.T.);
#3017 = FACE_BOUND('',#3018,.T.);
#3018 = EDGE_LOOP('',(#3019,#3020,#3021,#3022));
#3019 = ORIENTED_EDGE('',*,*,#1992,.T.);
#3020 = ORIENTED_EDGE('',*,*,#3003,.T.);
#3021 = ORIENTED_EDGE('',*,*,#2094,.F.);
#3022 = ORIENTED_EDGE('',*,*,#3023,.F.);
#3023 = EDGE_CURVE('',#1985,#2087,#3024,.T.);
#3024 = LINE('',#3025,#3026);
#3025 = CARTESIAN_POINT('',(1.02432885403,1.2,0.206587955583));
#3026 = VECTOR('',#3027,1.);
#3027 = DIRECTION('',(1.110223024625E-16,-1.,0.));
#3028 = CYLINDRICAL_SURFACE('',#3029,0.25);
#3029 = AXIS2_PLACEMENT_3D('',#3030,#3031,#3032);
#3030 = CARTESIAN_POINT('',(1.270530792283,1.2,0.25));
#3031 = DIRECTION('',(-1.110223024625E-16,1.,0.));
#3032 = DIRECTION('',(-0.984807753012,-1.093356242223E-16,
    -0.173648177667));
#3033 = ADVANCED_FACE('',(#3034),#3040,.F.);
#3034 = FACE_BOUND('',#3035,.F.);
#3035 = EDGE_LOOP('',(#3036,#3037,#3038,#3039));
#3036 = ORIENTED_EDGE('',*,*,#2068,.T.);
#3037 = ORIENTED_EDGE('',*,*,#2086,.T.);
#3038 = ORIENTED_EDGE('',*,*,#3023,.F.);
#3039 = ORIENTED_EDGE('',*,*,#1984,.F.);
#3040 = PLANE('',#3041);
#3041 = AXIS2_PLACEMENT_3D('',#3042,#3043,#3044);
#3042 = CARTESIAN_POINT('',(0.948480775301,1.2,0.667364817767));
#3043 = DIRECTION('',(0.986721169868,1.095480561672E-16,0.162423314012)
  );
#3044 = DIRECTION('',(0.162423314012,1.803261029519E-17,-0.986721169868)
  );
#3045 = ADVANCED_FACE('',(#3046),#3057,.T.);
#3046 = FACE_BOUND('',#3047,.T.);
#3047 = EDGE_LOOP('',(#3048,#3049,#3050,#3051));
#3048 = ORIENTED_EDGE('',*,*,#2246,.T.);
#3049 = ORIENTED_EDGE('',*,*,#2496,.T.);
#3050 = ORIENTED_EDGE('',*,*,#2355,.F.);
#3051 = ORIENTED_EDGE('',*,*,#3052,.F.);
#3052 = EDGE_CURVE('',#2239,#2348,#3053,.T.);
#3053 = LINE('',#3054,#3055);
#3054 = CARTESIAN_POINT('',(1.096201938253,-0.7,0.693412044417));
#3055 = VECTOR('',#3056,1.);
#3056 = DIRECTION('',(1.110223024625E-16,-1.,0.));
#3057 = CYLINDRICAL_SURFACE('',#3058,0.25);
#3058 = AXIS2_PLACEMENT_3D('',#3059,#3060,#3061);
#3059 = CARTESIAN_POINT('',(0.85,-0.7,0.65));
#3060 = DIRECTION('',(-1.110223024625E-16,1.,0.));
#3061 = DIRECTION('',(0.984807753012,1.093356242223E-16,0.173648177667)
  );
#3062 = ADVANCED_FACE('',(#3063),#3074,.F.);
#3063 = FACE_BOUND('',#3064,.F.);
#3064 = EDGE_LOOP('',(#3065,#3071,#3072,#3073));
#3065 = ORIENTED_EDGE('',*,*,#3066,.T.);
#3066 = EDGE_CURVE('',#2230,#2339,#3067,.T.);
#3067 = LINE('',#3068,#3069);
#3068 = CARTESIAN_POINT('',(1.172050016982,-0.7,0.232635182233));
#3069 = VECTOR('',#3070,1.);
#3070 = DIRECTION('',(1.110223024625E-16,-1.,0.));
#3071 = ORIENTED_EDGE('',*,*,#2347,.T.);
#3072 = ORIENTED_EDGE('',*,*,#3052,.F.);
#3073 = ORIENTED_EDGE('',*,*,#2238,.F.);
#3074 = PLANE('',#3075);
#3075 = AXIS2_PLACEMENT_3D('',#3076,#3077,#3078);
#3076 = CARTESIAN_POINT('',(1.172050016982,-0.7,0.232635182233));
#3077 = DIRECTION('',(-0.986721169868,-1.095480561672E-16,
    -0.162423314012));
#3078 = DIRECTION('',(-0.162423314012,-1.803261029519E-17,0.986721169868
    ));
#3079 = ADVANCED_FACE('',(#3080),#3091,.F.);
#3080 = FACE_BOUND('',#3081,.F.);
#3081 = EDGE_LOOP('',(#3082,#3088,#3089,#3090));
#3082 = ORIENTED_EDGE('',*,*,#3083,.T.);
#3083 = EDGE_CURVE('',#2222,#2331,#3084,.T.);
#3084 = LINE('',#3085,#3086);
#3085 = CARTESIAN_POINT('',(1.270530792283,-0.7,0.15));
#3086 = VECTOR('',#3087,1.);
#3087 = DIRECTION('',(1.110223024625E-16,-1.,0.));
#3088 = ORIENTED_EDGE('',*,*,#2338,.T.);
#3089 = ORIENTED_EDGE('',*,*,#3066,.F.);
#3090 = ORIENTED_EDGE('',*,*,#2229,.F.);
#3091 = CYLINDRICAL_SURFACE('',#3092,0.1);
#3092 = AXIS2_PLACEMENT_3D('',#3093,#3094,#3095);
#3093 = CARTESIAN_POINT('',(1.270530792283,-0.7,0.25));
#3094 = DIRECTION('',(-1.110223024625E-16,1.,0.));
#3095 = DIRECTION('',(2.22044604925E-15,2.465190328815E-31,-1.));
#3096 = ADVANCED_FACE('',(#3097),#3108,.F.);
#3097 = FACE_BOUND('',#3098,.F.);
#3098 = EDGE_LOOP('',(#3099,#3105,#3106,#3107));
#3099 = ORIENTED_EDGE('',*,*,#3100,.T.);
#3100 = EDGE_CURVE('',#2214,#2323,#3101,.T.);
#3101 = LINE('',#3102,#3103);
#3102 = CARTESIAN_POINT('',(1.4,-0.7,0.15));
#3103 = VECTOR('',#3104,1.);
#3104 = DIRECTION('',(1.110223024625E-16,-1.,0.));
#3105 = ORIENTED_EDGE('',*,*,#2330,.T.);
#3106 = ORIENTED_EDGE('',*,*,#3083,.F.);
#3107 = ORIENTED_EDGE('',*,*,#2221,.F.);
#3108 = PLANE('',#3109);
#3109 = AXIS2_PLACEMENT_3D('',#3110,#3111,#3112);
#3110 = CARTESIAN_POINT('',(1.4,-0.7,0.15));
#3111 = DIRECTION('',(0.,0.,-1.));
#3112 = DIRECTION('',(-1.,-1.110223024625E-16,-0.));
#3113 = ADVANCED_FACE('',(#3114),#3125,.F.);
#3114 = FACE_BOUND('',#3115,.F.);
#3115 = EDGE_LOOP('',(#3116,#3122,#3123,#3124));
#3116 = ORIENTED_EDGE('',*,*,#3117,.T.);
#3117 = EDGE_CURVE('',#2206,#2315,#3118,.T.);
#3118 = LINE('',#3119,#3120);
#3119 = CARTESIAN_POINT('',(1.4,-0.7,0.));
#3120 = VECTOR('',#3121,1.);
#3121 = DIRECTION('',(1.110223024625E-16,-1.,0.));
#3122 = ORIENTED_EDGE('',*,*,#2322,.T.);
#3123 = ORIENTED_EDGE('',*,*,#3100,.F.);
#3124 = ORIENTED_EDGE('',*,*,#2213,.F.);
#3125 = PLANE('',#3126);
#3126 = AXIS2_PLACEMENT_3D('',#3127,#3128,#3129);
#3127 = CARTESIAN_POINT('',(1.4,-0.7,0.));
#3128 = DIRECTION('',(-1.,-1.110223024625E-16,0.));
#3129 = DIRECTION('',(0.,0.,1.));
#3130 = ADVANCED_FACE('',(#3131),#3142,.F.);
#3131 = FACE_BOUND('',#3132,.F.);
#3132 = EDGE_LOOP('',(#3133,#3139,#3140,#3141));
#3133 = ORIENTED_EDGE('',*,*,#3134,.T.);
#3134 = EDGE_CURVE('',#2197,#2306,#3135,.T.);
#3135 = LINE('',#3136,#3137);
#3136 = CARTESIAN_POINT('',(1.270530792283,-0.7,0.));
#3137 = VECTOR('',#3138,1.);
#3138 = DIRECTION('',(1.110223024625E-16,-1.,0.));
#3139 = ORIENTED_EDGE('',*,*,#2314,.T.);
#3140 = ORIENTED_EDGE('',*,*,#3117,.F.);
#3141 = ORIENTED_EDGE('',*,*,#2205,.F.);
#3142 = PLANE('',#3143);
#3143 = AXIS2_PLACEMENT_3D('',#3144,#3145,#3146);
#3144 = CARTESIAN_POINT('',(1.270530792283,-0.7,0.));
#3145 = DIRECTION('',(0.,0.,1.));
#3146 = DIRECTION('',(1.,1.110223024625E-16,-0.));
#3147 = ADVANCED_FACE('',(#3148),#3159,.T.);
#3148 = FACE_BOUND('',#3149,.T.);
#3149 = EDGE_LOOP('',(#3150,#3151,#3152,#3153));
#3150 = ORIENTED_EDGE('',*,*,#2196,.T.);
#3151 = ORIENTED_EDGE('',*,*,#3134,.T.);
#3152 = ORIENTED_EDGE('',*,*,#2305,.F.);
#3153 = ORIENTED_EDGE('',*,*,#3154,.F.);
#3154 = EDGE_CURVE('',#2189,#2298,#3155,.T.);
#3155 = LINE('',#3156,#3157);
#3156 = CARTESIAN_POINT('',(1.02432885403,-0.7,0.206587955583));
#3157 = VECTOR('',#3158,1.);
#3158 = DIRECTION('',(1.110223024625E-16,-1.,0.));
#3159 = CYLINDRICAL_SURFACE('',#3160,0.25);
#3160 = AXIS2_PLACEMENT_3D('',#3161,#3162,#3163);
#3161 = CARTESIAN_POINT('',(1.270530792283,-0.7,0.25));
#3162 = DIRECTION('',(-1.110223024625E-16,1.,0.));
#3163 = DIRECTION('',(-0.984807753012,-1.093356242223E-16,
    -0.173648177667));
#3164 = ADVANCED_FACE('',(#3165),#3171,.F.);
#3165 = FACE_BOUND('',#3166,.F.);
#3166 = EDGE_LOOP('',(#3167,#3168,#3169,#3170));
#3167 = ORIENTED_EDGE('',*,*,#2279,.T.);
#3168 = ORIENTED_EDGE('',*,*,#2297,.T.);
#3169 = ORIENTED_EDGE('',*,*,#3154,.F.);
#3170 = ORIENTED_EDGE('',*,*,#2188,.F.);
#3171 = PLANE('',#3172);
#3172 = AXIS2_PLACEMENT_3D('',#3173,#3174,#3175);
#3173 = CARTESIAN_POINT('',(0.948480775301,-0.7,0.667364817767));
#3174 = DIRECTION('',(0.986721169868,1.095480561672E-16,0.162423314012)
  );
#3175 = DIRECTION('',(0.162423314012,1.803261029519E-17,-0.986721169868)
  );
#3176 = ADVANCED_FACE('',(#3177),#3180,.F.);
#3177 = FACE_BOUND('',#3178,.T.);
#3178 = EDGE_LOOP('',(#3179));
#3179 = ORIENTED_EDGE('',*,*,#2462,.F.);
#3180 = PLANE('',#3181);
#3181 = AXIS2_PLACEMENT_3D('',#3182,#3183,#3184);
#3182 = CARTESIAN_POINT('',(-0.483648457443,1.133648457443,1.55));
#3183 = DIRECTION('',(0.,0.,-1.));
#3184 = DIRECTION('',(1.110223024625E-16,-1.,0.));
#3185 = ( GEOMETRIC_REPRESENTATION_CONTEXT(3) 
GLOBAL_UNCERTAINTY_ASSIGNED_CONTEXT((#3189)) 
GLOBAL_UNIT_ASSIGNED_CONTEXT((#3186,#3187,#3188)) REPRESENTATION_CONTEXT
('Context #1','3D Context with UNIT and UNCERTAINTY') );
#3186 = ( LENGTH_UNIT() NAMED_UNIT(*) SI_UNIT(.MILLI.,.METRE.) );
#3187 = ( NAMED_UNIT(*) PLANE_ANGLE_UNIT() SI_UNIT($,.RADIAN.) );
#3188 = ( NAMED_UNIT(*) SI_UNIT($,.STERADIAN.) SOLID_ANGLE_UNIT() );
#3189 = UNCERTAINTY_MEASURE_WITH_UNIT(LENGTH_MEASURE(1.E-07),#3186,
  'distance_accuracy_value','confusion accuracy');
#3190 = CONTEXT_DEPENDENT_SHAPE_REPRESENTATION(#3191,#3193);
#3191 = ( REPRESENTATION_RELATIONSHIP('','',#115,#92) 
REPRESENTATION_RELATIONSHIP_WITH_TRANSFORMATION(#3192) 
SHAPE_REPRESENTATION_RELATIONSHIP() );
#3192 = ITEM_DEFINED_TRANSFORMATION('','',#11,#93);
#3193 = PRODUCT_DEFINITION_SHAPE('Placement','Placement of an item',
  #3194);
#3194 = NEXT_ASSEMBLY_USAGE_OCCURRENCE('1','=>[0:1:1:3]','',#87,#110,$);
#3195 = PRODUCT_RELATED_PRODUCT_CATEGORY('part',$,(#112));
#3196 = SHAPE_DEFINITION_REPRESENTATION(#3197,#3203);
#3197 = PRODUCT_DEFINITION_SHAPE('','',#3198);
#3198 = PRODUCT_DEFINITION('design','',#3199,#3202);
#3199 = PRODUCT_DEFINITION_FORMATION('','',#3200);
#3200 = PRODUCT('C_0201_0603Metric','C_0201_0603Metric','',(#3201));
#3201 = PRODUCT_CONTEXT('',#2,'mechanical');
#3202 = PRODUCT_DEFINITION_CONTEXT('part definition',#2,'design');
#3203 = SHAPE_REPRESENTATION('',(#11,#3204),#3208);
#3204 = AXIS2_PLACEMENT_3D('',#3205,#3206,#3207);
#3205 = CARTESIAN_POINT('',(0.,0.,0.));
#3206 = DIRECTION('',(0.,0.,1.));
#3207 = DIRECTION('',(1.,0.,-0.));
#3208 = ( GEOMETRIC_REPRESENTATION_CONTEXT(3) 
GLOBAL_UNCERTAINTY_ASSIGNED_CONTEXT((#3212)) 
GLOBAL_UNIT_ASSIGNED_CONTEXT((#3209,#3210,#3211)) REPRESENTATION_CONTEXT
('Context #1','3D Context with UNIT and UNCERTAINTY') );
#3209 = ( LENGTH_UNIT() NAMED_UNIT(*) SI_UNIT(.MILLI.,.METRE.) );
#3210 = ( NAMED_UNIT(*) PLANE_ANGLE_UNIT() SI_UNIT($,.RADIAN.) );
#3211 = ( NAMED_UNIT(*) SI_UNIT($,.STERADIAN.) SOLID_ANGLE_UNIT() );
#3212 = UNCERTAINTY_MEASURE_WITH_UNIT(LENGTH_MEASURE(1.E-07),#3209,
  'distance_accuracy_value','confusion accuracy');
#3213 = CONTEXT_DEPENDENT_SHAPE_REPRESENTATION(#3214,#3216);
#3214 = ( REPRESENTATION_RELATIONSHIP('','',#3203,#10) 
REPRESENTATION_RELATIONSHIP_WITH_TRANSFORMATION(#3215) 
SHAPE_REPRESENTATION_RELATIONSHIP() );
#3215 = ITEM_DEFINED_TRANSFORMATION('','',#11,#19);
#3216 = PRODUCT_DEFINITION_SHAPE('Placement','Placement of an item',
  #3217);
#3217 = NEXT_ASSEMBLY_USAGE_OCCURRENCE('4','C14','',#5,#3198,$);
#3218 = PRODUCT_RELATED_PRODUCT_CATEGORY('part',$,(#3200));
#3219 = SHAPE_DEFINITION_REPRESENTATION(#3220,#3226);
#3220 = PRODUCT_DEFINITION_SHAPE('','',#3221);
#3221 = PRODUCT_DEFINITION('design','',#3222,#3225);
#3222 = PRODUCT_DEFINITION_FORMATION('','',#3223);
#3223 = PRODUCT('C_0201_0603Metric','C_0201_0603Metric','',(#3224));
#3224 = PRODUCT_CONTEXT('',#2,'mechanical');
#3225 = PRODUCT_DEFINITION_CONTEXT('part definition',#2,'design');
#3226 = ADVANCED_BREP_SHAPE_REPRESENTATION('',(#11,#3227),#4081);
#3227 = MANIFOLD_SOLID_BREP('',#3228);
#3228 = CLOSED_SHELL('',(#3229,#3305,#3336,#3361,#3386,#3410,#3434,#3459
    ,#3484,#3501,#3587,#3619,#3643,#3668,#3692,#3717,#3741,#3766,#3783,
    #3869,#3900,#3925,#3950,#3974,#3998,#4023,#4048,#4065));
#3229 = ADVANCED_FACE('',(#3230),#3300,.F.);
#3230 = FACE_BOUND('',#3231,.F.);
#3231 = EDGE_LOOP('',(#3232,#3242,#3251,#3259,#3268,#3276,#3285,#3293));
#3232 = ORIENTED_EDGE('',*,*,#3233,.F.);
#3233 = EDGE_CURVE('',#3234,#3236,#3238,.T.);
#3234 = VERTEX_POINT('',#3235);
#3235 = CARTESIAN_POINT('',(-0.3,-0.15,1.5E-02));
#3236 = VERTEX_POINT('',#3237);
#3237 = CARTESIAN_POINT('',(-0.3,-0.15,0.285));
#3238 = LINE('',#3239,#3240);
#3239 = CARTESIAN_POINT('',(-0.3,-0.15,0.));
#3240 = VECTOR('',#3241,1.);
#3241 = DIRECTION('',(0.,0.,1.));
#3242 = ORIENTED_EDGE('',*,*,#3243,.T.);
#3243 = EDGE_CURVE('',#3234,#3244,#3246,.T.);
#3244 = VERTEX_POINT('',#3245);
#3245 = CARTESIAN_POINT('',(-0.3,-0.135,-2.775557561563E-17));
#3246 = CIRCLE('',#3247,1.5E-02);
#3247 = AXIS2_PLACEMENT_3D('',#3248,#3249,#3250);
#3248 = CARTESIAN_POINT('',(-0.3,-0.135,1.5E-02));
#3249 = DIRECTION('',(1.,0.,-0.));
#3250 = DIRECTION('',(0.,0.,1.));
#3251 = ORIENTED_EDGE('',*,*,#3252,.T.);
#3252 = EDGE_CURVE('',#3244,#3253,#3255,.T.);
#3253 = VERTEX_POINT('',#3254);
#3254 = CARTESIAN_POINT('',(-0.3,0.135,-2.775557561563E-17));
#3255 = LINE('',#3256,#3257);
#3256 = CARTESIAN_POINT('',(-0.3,-0.15,0.));
#3257 = VECTOR('',#3258,1.);
#3258 = DIRECTION('',(0.,1.,0.));
#3259 = ORIENTED_EDGE('',*,*,#3260,.F.);
#3260 = EDGE_CURVE('',#3261,#3253,#3263,.T.);
#3261 = VERTEX_POINT('',#3262);
#3262 = CARTESIAN_POINT('',(-0.3,0.15,1.5E-02));
#3263 = CIRCLE('',#3264,1.5E-02);
#3264 = AXIS2_PLACEMENT_3D('',#3265,#3266,#3267);
#3265 = CARTESIAN_POINT('',(-0.3,0.135,1.5E-02));
#3266 = DIRECTION('',(-1.,0.,0.));
#3267 = DIRECTION('',(0.,0.,1.));
#3268 = ORIENTED_EDGE('',*,*,#3269,.T.);
#3269 = EDGE_CURVE('',#3261,#3270,#3272,.T.);
#3270 = VERTEX_POINT('',#3271);
#3271 = CARTESIAN_POINT('',(-0.3,0.15,0.285));
#3272 = LINE('',#3273,#3274);
#3273 = CARTESIAN_POINT('',(-0.3,0.15,0.));
#3274 = VECTOR('',#3275,1.);
#3275 = DIRECTION('',(0.,0.,1.));
#3276 = ORIENTED_EDGE('',*,*,#3277,.T.);
#3277 = EDGE_CURVE('',#3270,#3278,#3280,.T.);
#3278 = VERTEX_POINT('',#3279);
#3279 = CARTESIAN_POINT('',(-0.3,0.135,0.3));
#3280 = CIRCLE('',#3281,1.5E-02);
#3281 = AXIS2_PLACEMENT_3D('',#3282,#3283,#3284);
#3282 = CARTESIAN_POINT('',(-0.3,0.135,0.285));
#3283 = DIRECTION('',(1.,0.,-0.));
#3284 = DIRECTION('',(0.,0.,1.));
#3285 = ORIENTED_EDGE('',*,*,#3286,.F.);
#3286 = EDGE_CURVE('',#3287,#3278,#3289,.T.);
#3287 = VERTEX_POINT('',#3288);
#3288 = CARTESIAN_POINT('',(-0.3,-0.135,0.3));
#3289 = LINE('',#3290,#3291);
#3290 = CARTESIAN_POINT('',(-0.3,-0.15,0.3));
#3291 = VECTOR('',#3292,1.);
#3292 = DIRECTION('',(0.,1.,0.));
#3293 = ORIENTED_EDGE('',*,*,#3294,.F.);
#3294 = EDGE_CURVE('',#3236,#3287,#3295,.T.);
#3295 = CIRCLE('',#3296,1.5E-02);
#3296 = AXIS2_PLACEMENT_3D('',#3297,#3298,#3299);
#3297 = CARTESIAN_POINT('',(-0.3,-0.135,0.285));
#3298 = DIRECTION('',(-1.,0.,0.));
#3299 = DIRECTION('',(0.,0.,1.));
#3300 = PLANE('',#3301);
#3301 = AXIS2_PLACEMENT_3D('',#3302,#3303,#3304);
#3302 = CARTESIAN_POINT('',(-0.3,-0.15,0.));
#3303 = DIRECTION('',(1.,0.,0.));
#3304 = DIRECTION('',(0.,0.,1.));
#3305 = ADVANCED_FACE('',(#3306),#3331,.F.);
#3306 = FACE_BOUND('',#3307,.F.);
#3307 = EDGE_LOOP('',(#3308,#3318,#3324,#3325));
#3308 = ORIENTED_EDGE('',*,*,#3309,.F.);
#3309 = EDGE_CURVE('',#3310,#3312,#3314,.T.);
#3310 = VERTEX_POINT('',#3311);
#3311 = CARTESIAN_POINT('',(-0.15,-0.15,1.5E-02));
#3312 = VERTEX_POINT('',#3313);
#3313 = CARTESIAN_POINT('',(-0.15,-0.15,0.285));
#3314 = LINE('',#3315,#3316);
#3315 = CARTESIAN_POINT('',(-0.15,-0.15,0.));
#3316 = VECTOR('',#3317,1.);
#3317 = DIRECTION('',(0.,0.,1.));
#3318 = ORIENTED_EDGE('',*,*,#3319,.F.);
#3319 = EDGE_CURVE('',#3234,#3310,#3320,.T.);
#3320 = LINE('',#3321,#3322);
#3321 = CARTESIAN_POINT('',(-0.3,-0.15,1.5E-02));
#3322 = VECTOR('',#3323,1.);
#3323 = DIRECTION('',(1.,0.,0.));
#3324 = ORIENTED_EDGE('',*,*,#3233,.T.);
#3325 = ORIENTED_EDGE('',*,*,#3326,.T.);
#3326 = EDGE_CURVE('',#3236,#3312,#3327,.T.);
#3327 = LINE('',#3328,#3329);
#3328 = CARTESIAN_POINT('',(-0.3,-0.15,0.285));
#3329 = VECTOR('',#3330,1.);
#3330 = DIRECTION('',(1.,0.,0.));
#3331 = PLANE('',#3332);
#3332 = AXIS2_PLACEMENT_3D('',#3333,#3334,#3335);
#3333 = CARTESIAN_POINT('',(-0.3,-0.15,0.));
#3334 = DIRECTION('',(0.,1.,0.));
#3335 = DIRECTION('',(0.,-0.,1.));
#3336 = ADVANCED_FACE('',(#3337),#3356,.T.);
#3337 = FACE_BOUND('',#3338,.T.);
#3338 = EDGE_LOOP('',(#3339,#3340,#3348,#3355));
#3339 = ORIENTED_EDGE('',*,*,#3243,.T.);
#3340 = ORIENTED_EDGE('',*,*,#3341,.T.);
#3341 = EDGE_CURVE('',#3244,#3342,#3344,.T.);
#3342 = VERTEX_POINT('',#3343);
#3343 = CARTESIAN_POINT('',(-0.15,-0.135,-2.775557561563E-17));
#3344 = LINE('',#3345,#3346);
#3345 = CARTESIAN_POINT('',(-0.3,-0.135,-2.775557561563E-17));
#3346 = VECTOR('',#3347,1.);
#3347 = DIRECTION('',(1.,0.,0.));
#3348 = ORIENTED_EDGE('',*,*,#3349,.F.);
#3349 = EDGE_CURVE('',#3310,#3342,#3350,.T.);
#3350 = CIRCLE('',#3351,1.5E-02);
#3351 = AXIS2_PLACEMENT_3D('',#3352,#3353,#3354);
#3352 = CARTESIAN_POINT('',(-0.15,-0.135,1.5E-02));
#3353 = DIRECTION('',(1.,0.,-0.));
#3354 = DIRECTION('',(0.,0.,1.));
#3355 = ORIENTED_EDGE('',*,*,#3319,.F.);
#3356 = CYLINDRICAL_SURFACE('',#3357,1.5E-02);
#3357 = AXIS2_PLACEMENT_3D('',#3358,#3359,#3360);
#3358 = CARTESIAN_POINT('',(-0.3,-0.135,1.5E-02));
#3359 = DIRECTION('',(1.,0.,0.));
#3360 = DIRECTION('',(0.,-1.,0.));
#3361 = ADVANCED_FACE('',(#3362),#3381,.T.);
#3362 = FACE_BOUND('',#3363,.T.);
#3363 = EDGE_LOOP('',(#3364,#3365,#3374,#3380));
#3364 = ORIENTED_EDGE('',*,*,#3326,.T.);
#3365 = ORIENTED_EDGE('',*,*,#3366,.T.);
#3366 = EDGE_CURVE('',#3312,#3367,#3369,.T.);
#3367 = VERTEX_POINT('',#3368);
#3368 = CARTESIAN_POINT('',(-0.15,-0.135,0.3));
#3369 = CIRCLE('',#3370,1.5E-02);
#3370 = AXIS2_PLACEMENT_3D('',#3371,#3372,#3373);
#3371 = CARTESIAN_POINT('',(-0.15,-0.135,0.285));
#3372 = DIRECTION('',(-1.,0.,0.));
#3373 = DIRECTION('',(0.,0.,1.));
#3374 = ORIENTED_EDGE('',*,*,#3375,.F.);
#3375 = EDGE_CURVE('',#3287,#3367,#3376,.T.);
#3376 = LINE('',#3377,#3378);
#3377 = CARTESIAN_POINT('',(-0.3,-0.135,0.3));
#3378 = VECTOR('',#3379,1.);
#3379 = DIRECTION('',(1.,0.,0.));
#3380 = ORIENTED_EDGE('',*,*,#3294,.F.);
#3381 = CYLINDRICAL_SURFACE('',#3382,1.5E-02);
#3382 = AXIS2_PLACEMENT_3D('',#3383,#3384,#3385);
#3383 = CARTESIAN_POINT('',(-0.3,-0.135,0.285));
#3384 = DIRECTION('',(1.,0.,0.));
#3385 = DIRECTION('',(0.,-1.,0.));
#3386 = ADVANCED_FACE('',(#3387),#3405,.F.);
#3387 = FACE_BOUND('',#3388,.F.);
#3388 = EDGE_LOOP('',(#3389,#3390,#3391,#3399));
#3389 = ORIENTED_EDGE('',*,*,#3252,.F.);
#3390 = ORIENTED_EDGE('',*,*,#3341,.T.);
#3391 = ORIENTED_EDGE('',*,*,#3392,.T.);
#3392 = EDGE_CURVE('',#3342,#3393,#3395,.T.);
#3393 = VERTEX_POINT('',#3394);
#3394 = CARTESIAN_POINT('',(-0.15,0.135,-2.775557561563E-17));
#3395 = LINE('',#3396,#3397);
#3396 = CARTESIAN_POINT('',(-0.15,-0.15,0.));
#3397 = VECTOR('',#3398,1.);
#3398 = DIRECTION('',(0.,1.,0.));
#3399 = ORIENTED_EDGE('',*,*,#3400,.F.);
#3400 = EDGE_CURVE('',#3253,#3393,#3401,.T.);
#3401 = LINE('',#3402,#3403);
#3402 = CARTESIAN_POINT('',(-0.3,0.135,-2.775557561563E-17));
#3403 = VECTOR('',#3404,1.);
#3404 = DIRECTION('',(1.,0.,0.));
#3405 = PLANE('',#3406);
#3406 = AXIS2_PLACEMENT_3D('',#3407,#3408,#3409);
#3407 = CARTESIAN_POINT('',(-0.3,-0.15,0.));
#3408 = DIRECTION('',(0.,0.,1.));
#3409 = DIRECTION('',(1.,0.,-0.));
#3410 = ADVANCED_FACE('',(#3411),#3429,.T.);
#3411 = FACE_BOUND('',#3412,.T.);
#3412 = EDGE_LOOP('',(#3413,#3414,#3415,#3423));
#3413 = ORIENTED_EDGE('',*,*,#3286,.F.);
#3414 = ORIENTED_EDGE('',*,*,#3375,.T.);
#3415 = ORIENTED_EDGE('',*,*,#3416,.T.);
#3416 = EDGE_CURVE('',#3367,#3417,#3419,.T.);
#3417 = VERTEX_POINT('',#3418);
#3418 = CARTESIAN_POINT('',(-0.15,0.135,0.3));
#3419 = LINE('',#3420,#3421);
#3420 = CARTESIAN_POINT('',(-0.15,-0.15,0.3));
#3421 = VECTOR('',#3422,1.);
#3422 = DIRECTION('',(0.,1.,0.));
#3423 = ORIENTED_EDGE('',*,*,#3424,.F.);
#3424 = EDGE_CURVE('',#3278,#3417,#3425,.T.);
#3425 = LINE('',#3426,#3427);
#3426 = CARTESIAN_POINT('',(-0.3,0.135,0.3));
#3427 = VECTOR('',#3428,1.);
#3428 = DIRECTION('',(1.,0.,0.));
#3429 = PLANE('',#3430);
#3430 = AXIS2_PLACEMENT_3D('',#3431,#3432,#3433);
#3431 = CARTESIAN_POINT('',(-0.3,-0.15,0.3));
#3432 = DIRECTION('',(0.,0.,1.));
#3433 = DIRECTION('',(1.,0.,-0.));
#3434 = ADVANCED_FACE('',(#3435),#3454,.T.);
#3435 = FACE_BOUND('',#3436,.T.);
#3436 = EDGE_LOOP('',(#3437,#3445,#3452,#3453));
#3437 = ORIENTED_EDGE('',*,*,#3438,.T.);
#3438 = EDGE_CURVE('',#3261,#3439,#3441,.T.);
#3439 = VERTEX_POINT('',#3440);
#3440 = CARTESIAN_POINT('',(-0.15,0.15,1.5E-02));
#3441 = LINE('',#3442,#3443);
#3442 = CARTESIAN_POINT('',(-0.3,0.15,1.5E-02));
#3443 = VECTOR('',#3444,1.);
#3444 = DIRECTION('',(1.,0.,0.));
#3445 = ORIENTED_EDGE('',*,*,#3446,.T.);
#3446 = EDGE_CURVE('',#3439,#3393,#3447,.T.);
#3447 = CIRCLE('',#3448,1.5E-02);
#3448 = AXIS2_PLACEMENT_3D('',#3449,#3450,#3451);
#3449 = CARTESIAN_POINT('',(-0.15,0.135,1.5E-02));
#3450 = DIRECTION('',(-1.,0.,0.));
#3451 = DIRECTION('',(0.,0.,1.));
#3452 = ORIENTED_EDGE('',*,*,#3400,.F.);
#3453 = ORIENTED_EDGE('',*,*,#3260,.F.);
#3454 = CYLINDRICAL_SURFACE('',#3455,1.5E-02);
#3455 = AXIS2_PLACEMENT_3D('',#3456,#3457,#3458);
#3456 = CARTESIAN_POINT('',(-0.3,0.135,1.5E-02));
#3457 = DIRECTION('',(1.,0.,0.));
#3458 = DIRECTION('',(-0.,1.,0.));
#3459 = ADVANCED_FACE('',(#3460),#3479,.T.);
#3460 = FACE_BOUND('',#3461,.T.);
#3461 = EDGE_LOOP('',(#3462,#3463,#3464,#3473));
#3462 = ORIENTED_EDGE('',*,*,#3277,.T.);
#3463 = ORIENTED_EDGE('',*,*,#3424,.T.);
#3464 = ORIENTED_EDGE('',*,*,#3465,.F.);
#3465 = EDGE_CURVE('',#3466,#3417,#3468,.T.);
#3466 = VERTEX_POINT('',#3467);
#3467 = CARTESIAN_POINT('',(-0.15,0.15,0.285));
#3468 = CIRCLE('',#3469,1.5E-02);
#3469 = AXIS2_PLACEMENT_3D('',#3470,#3471,#3472);
#3470 = CARTESIAN_POINT('',(-0.15,0.135,0.285));
#3471 = DIRECTION('',(1.,0.,-0.));
#3472 = DIRECTION('',(0.,0.,1.));
#3473 = ORIENTED_EDGE('',*,*,#3474,.F.);
#3474 = EDGE_CURVE('',#3270,#3466,#3475,.T.);
#3475 = LINE('',#3476,#3477);
#3476 = CARTESIAN_POINT('',(-0.3,0.15,0.285));
#3477 = VECTOR('',#3478,1.);
#3478 = DIRECTION('',(1.,0.,0.));
#3479 = CYLINDRICAL_SURFACE('',#3480,1.5E-02);
#3480 = AXIS2_PLACEMENT_3D('',#3481,#3482,#3483);
#3481 = CARTESIAN_POINT('',(-0.3,0.135,0.285));
#3482 = DIRECTION('',(1.,0.,0.));
#3483 = DIRECTION('',(-0.,1.,0.));
#3484 = ADVANCED_FACE('',(#3485),#3496,.T.);
#3485 = FACE_BOUND('',#3486,.T.);
#3486 = EDGE_LOOP('',(#3487,#3493,#3494,#3495));
#3487 = ORIENTED_EDGE('',*,*,#3488,.F.);
#3488 = EDGE_CURVE('',#3439,#3466,#3489,.T.);
#3489 = LINE('',#3490,#3491);
#3490 = CARTESIAN_POINT('',(-0.15,0.15,0.));
#3491 = VECTOR('',#3492,1.);
#3492 = DIRECTION('',(0.,0.,1.));
#3493 = ORIENTED_EDGE('',*,*,#3438,.F.);
#3494 = ORIENTED_EDGE('',*,*,#3269,.T.);
#3495 = ORIENTED_EDGE('',*,*,#3474,.T.);
#3496 = PLANE('',#3497);
#3497 = AXIS2_PLACEMENT_3D('',#3498,#3499,#3500);
#3498 = CARTESIAN_POINT('',(-0.3,0.15,0.));
#3499 = DIRECTION('',(0.,1.,0.));
#3500 = DIRECTION('',(0.,-0.,1.));
#3501 = ADVANCED_FACE('',(#3502,#3512),#3582,.T.);
#3502 = FACE_BOUND('',#3503,.T.);
#3503 = EDGE_LOOP('',(#3504,#3505,#3506,#3507,#3508,#3509,#3510,#3511));
#3504 = ORIENTED_EDGE('',*,*,#3309,.F.);
#3505 = ORIENTED_EDGE('',*,*,#3349,.T.);
#3506 = ORIENTED_EDGE('',*,*,#3392,.T.);
#3507 = ORIENTED_EDGE('',*,*,#3446,.F.);
#3508 = ORIENTED_EDGE('',*,*,#3488,.T.);
#3509 = ORIENTED_EDGE('',*,*,#3465,.T.);
#3510 = ORIENTED_EDGE('',*,*,#3416,.F.);
#3511 = ORIENTED_EDGE('',*,*,#3366,.F.);
#3512 = FACE_BOUND('',#3513,.T.);
#3513 = EDGE_LOOP('',(#3514,#3525,#3533,#3542,#3550,#3559,#3567,#3576));
#3514 = ORIENTED_EDGE('',*,*,#3515,.F.);
#3515 = EDGE_CURVE('',#3516,#3518,#3520,.T.);
#3516 = VERTEX_POINT('',#3517);
#3517 = CARTESIAN_POINT('',(-0.15,-0.135,3.E-02));
#3518 = VERTEX_POINT('',#3519);
#3519 = CARTESIAN_POINT('',(-0.15,-0.12,1.5E-02));
#3520 = CIRCLE('',#3521,1.5E-02);
#3521 = AXIS2_PLACEMENT_3D('',#3522,#3523,#3524);
#3522 = CARTESIAN_POINT('',(-0.15,-0.12,3.E-02));
#3523 = DIRECTION('',(1.,0.,-0.));
#3524 = DIRECTION('',(0.,0.,1.));
#3525 = ORIENTED_EDGE('',*,*,#3526,.T.);
#3526 = EDGE_CURVE('',#3516,#3527,#3529,.T.);
#3527 = VERTEX_POINT('',#3528);
#3528 = CARTESIAN_POINT('',(-0.15,-0.135,0.27));
#3529 = LINE('',#3530,#3531);
#3530 = CARTESIAN_POINT('',(-0.15,-0.135,1.5E-02));
#3531 = VECTOR('',#3532,1.);
#3532 = DIRECTION('',(0.,0.,1.));
#3533 = ORIENTED_EDGE('',*,*,#3534,.T.);
#3534 = EDGE_CURVE('',#3527,#3535,#3537,.T.);
#3535 = VERTEX_POINT('',#3536);
#3536 = CARTESIAN_POINT('',(-0.15,-0.12,0.285));
#3537 = CIRCLE('',#3538,1.5E-02);
#3538 = AXIS2_PLACEMENT_3D('',#3539,#3540,#3541);
#3539 = CARTESIAN_POINT('',(-0.15,-0.12,0.27));
#3540 = DIRECTION('',(-1.,0.,0.));
#3541 = DIRECTION('',(0.,0.,1.));
#3542 = ORIENTED_EDGE('',*,*,#3543,.T.);
#3543 = EDGE_CURVE('',#3535,#3544,#3546,.T.);
#3544 = VERTEX_POINT('',#3545);
#3545 = CARTESIAN_POINT('',(-0.15,0.12,0.285));
#3546 = LINE('',#3547,#3548);
#3547 = CARTESIAN_POINT('',(-0.15,-0.135,0.285));
#3548 = VECTOR('',#3549,1.);
#3549 = DIRECTION('',(0.,1.,0.));
#3550 = ORIENTED_EDGE('',*,*,#3551,.F.);
#3551 = EDGE_CURVE('',#3552,#3544,#3554,.T.);
#3552 = VERTEX_POINT('',#3553);
#3553 = CARTESIAN_POINT('',(-0.15,0.135,0.27));
#3554 = CIRCLE('',#3555,1.5E-02);
#3555 = AXIS2_PLACEMENT_3D('',#3556,#3557,#3558);
#3556 = CARTESIAN_POINT('',(-0.15,0.12,0.27));
#3557 = DIRECTION('',(1.,0.,-0.));
#3558 = DIRECTION('',(0.,0.,1.));
#3559 = ORIENTED_EDGE('',*,*,#3560,.F.);
#3560 = EDGE_CURVE('',#3561,#3552,#3563,.T.);
#3561 = VERTEX_POINT('',#3562);
#3562 = CARTESIAN_POINT('',(-0.15,0.135,3.E-02));
#3563 = LINE('',#3564,#3565);
#3564 = CARTESIAN_POINT('',(-0.15,0.135,1.5E-02));
#3565 = VECTOR('',#3566,1.);
#3566 = DIRECTION('',(0.,0.,1.));
#3567 = ORIENTED_EDGE('',*,*,#3568,.T.);
#3568 = EDGE_CURVE('',#3561,#3569,#3571,.T.);
#3569 = VERTEX_POINT('',#3570);
#3570 = CARTESIAN_POINT('',(-0.15,0.12,1.5E-02));
#3571 = CIRCLE('',#3572,1.5E-02);
#3572 = AXIS2_PLACEMENT_3D('',#3573,#3574,#3575);
#3573 = CARTESIAN_POINT('',(-0.15,0.12,3.E-02));
#3574 = DIRECTION('',(-1.,0.,0.));
#3575 = DIRECTION('',(0.,0.,1.));
#3576 = ORIENTED_EDGE('',*,*,#3577,.F.);
#3577 = EDGE_CURVE('',#3518,#3569,#3578,.T.);
#3578 = LINE('',#3579,#3580);
#3579 = CARTESIAN_POINT('',(-0.15,-0.135,1.5E-02));
#3580 = VECTOR('',#3581,1.);
#3581 = DIRECTION('',(0.,1.,0.));
#3582 = PLANE('',#3583);
#3583 = AXIS2_PLACEMENT_3D('',#3584,#3585,#3586);
#3584 = CARTESIAN_POINT('',(-0.15,-0.15,0.));
#3585 = DIRECTION('',(1.,0.,0.));
#3586 = DIRECTION('',(0.,0.,1.));
#3587 = ADVANCED_FACE('',(#3588),#3614,.T.);
#3588 = FACE_BOUND('',#3589,.T.);
#3589 = EDGE_LOOP('',(#3590,#3591,#3599,#3608));
#3590 = ORIENTED_EDGE('',*,*,#3515,.T.);
#3591 = ORIENTED_EDGE('',*,*,#3592,.T.);
#3592 = EDGE_CURVE('',#3518,#3593,#3595,.T.);
#3593 = VERTEX_POINT('',#3594);
#3594 = CARTESIAN_POINT('',(0.15,-0.12,1.5E-02));
#3595 = LINE('',#3596,#3597);
#3596 = CARTESIAN_POINT('',(-0.15,-0.12,1.5E-02));
#3597 = VECTOR('',#3598,1.);
#3598 = DIRECTION('',(1.,0.,0.));
#3599 = ORIENTED_EDGE('',*,*,#3600,.F.);
#3600 = EDGE_CURVE('',#3601,#3593,#3603,.T.);
#3601 = VERTEX_POINT('',#3602);
#3602 = CARTESIAN_POINT('',(0.15,-0.135,3.E-02));
#3603 = CIRCLE('',#3604,1.5E-02);
#3604 = AXIS2_PLACEMENT_3D('',#3605,#3606,#3607);
#3605 = CARTESIAN_POINT('',(0.15,-0.12,3.E-02));
#3606 = DIRECTION('',(1.,0.,-0.));
#3607 = DIRECTION('',(0.,0.,1.));
#3608 = ORIENTED_EDGE('',*,*,#3609,.F.);
#3609 = EDGE_CURVE('',#3516,#3601,#3610,.T.);
#3610 = LINE('',#3611,#3612);
#3611 = CARTESIAN_POINT('',(-0.15,-0.135,3.E-02));
#3612 = VECTOR('',#3613,1.);
#3613 = DIRECTION('',(1.,0.,0.));
#3614 = CYLINDRICAL_SURFACE('',#3615,1.5E-02);
#3615 = AXIS2_PLACEMENT_3D('',#3616,#3617,#3618);
#3616 = CARTESIAN_POINT('',(-0.15,-0.12,3.E-02));
#3617 = DIRECTION('',(1.,0.,0.));
#3618 = DIRECTION('',(0.,-1.,0.));
#3619 = ADVANCED_FACE('',(#3620),#3638,.F.);
#3620 = FACE_BOUND('',#3621,.F.);
#3621 = EDGE_LOOP('',(#3622,#3623,#3624,#3632));
#3622 = ORIENTED_EDGE('',*,*,#3577,.F.);
#3623 = ORIENTED_EDGE('',*,*,#3592,.T.);
#3624 = ORIENTED_EDGE('',*,*,#3625,.T.);
#3625 = EDGE_CURVE('',#3593,#3626,#3628,.T.);
#3626 = VERTEX_POINT('',#3627);
#3627 = CARTESIAN_POINT('',(0.15,0.12,1.5E-02));
#3628 = LINE('',#3629,#3630);
#3629 = CARTESIAN_POINT('',(0.15,-0.135,1.5E-02));
#3630 = VECTOR('',#3631,1.);
#3631 = DIRECTION('',(0.,1.,0.));
#3632 = ORIENTED_EDGE('',*,*,#3633,.F.);
#3633 = EDGE_CURVE('',#3569,#3626,#3634,.T.);
#3634 = LINE('',#3635,#3636);
#3635 = CARTESIAN_POINT('',(-0.15,0.12,1.5E-02));
#3636 = VECTOR('',#3637,1.);
#3637 = DIRECTION('',(1.,0.,0.));
#3638 = PLANE('',#3639);
#3639 = AXIS2_PLACEMENT_3D('',#3640,#3641,#3642);
#3640 = CARTESIAN_POINT('',(-0.15,-0.135,1.5E-02));
#3641 = DIRECTION('',(0.,0.,1.));
#3642 = DIRECTION('',(1.,0.,-0.));
#3643 = ADVANCED_FACE('',(#3644),#3663,.T.);
#3644 = FACE_BOUND('',#3645,.T.);
#3645 = EDGE_LOOP('',(#3646,#3654,#3661,#3662));
#3646 = ORIENTED_EDGE('',*,*,#3647,.T.);
#3647 = EDGE_CURVE('',#3561,#3648,#3650,.T.);
#3648 = VERTEX_POINT('',#3649);
#3649 = CARTESIAN_POINT('',(0.15,0.135,3.E-02));
#3650 = LINE('',#3651,#3652);
#3651 = CARTESIAN_POINT('',(-0.15,0.135,3.E-02));
#3652 = VECTOR('',#3653,1.);
#3653 = DIRECTION('',(1.,0.,0.));
#3654 = ORIENTED_EDGE('',*,*,#3655,.T.);
#3655 = EDGE_CURVE('',#3648,#3626,#3656,.T.);
#3656 = CIRCLE('',#3657,1.5E-02);
#3657 = AXIS2_PLACEMENT_3D('',#3658,#3659,#3660);
#3658 = CARTESIAN_POINT('',(0.15,0.12,3.E-02));
#3659 = DIRECTION('',(-1.,0.,0.));
#3660 = DIRECTION('',(0.,0.,1.));
#3661 = ORIENTED_EDGE('',*,*,#3633,.F.);
#3662 = ORIENTED_EDGE('',*,*,#3568,.F.);
#3663 = CYLINDRICAL_SURFACE('',#3664,1.5E-02);
#3664 = AXIS2_PLACEMENT_3D('',#3665,#3666,#3667);
#3665 = CARTESIAN_POINT('',(-0.15,0.12,3.E-02));
#3666 = DIRECTION('',(1.,0.,0.));
#3667 = DIRECTION('',(-0.,1.,0.));
#3668 = ADVANCED_FACE('',(#3669),#3687,.T.);
#3669 = FACE_BOUND('',#3670,.T.);
#3670 = EDGE_LOOP('',(#3671,#3679,#3680,#3681));
#3671 = ORIENTED_EDGE('',*,*,#3672,.F.);
#3672 = EDGE_CURVE('',#3648,#3673,#3675,.T.);
#3673 = VERTEX_POINT('',#3674);
#3674 = CARTESIAN_POINT('',(0.15,0.135,0.27));
#3675 = LINE('',#3676,#3677);
#3676 = CARTESIAN_POINT('',(0.15,0.135,1.5E-02));
#3677 = VECTOR('',#3678,1.);
#3678 = DIRECTION('',(0.,0.,1.));
#3679 = ORIENTED_EDGE('',*,*,#3647,.F.);
#3680 = ORIENTED_EDGE('',*,*,#3560,.T.);
#3681 = ORIENTED_EDGE('',*,*,#3682,.T.);
#3682 = EDGE_CURVE('',#3552,#3673,#3683,.T.);
#3683 = LINE('',#3684,#3685);
#3684 = CARTESIAN_POINT('',(-0.15,0.135,0.27));
#3685 = VECTOR('',#3686,1.);
#3686 = DIRECTION('',(1.,0.,0.));
#3687 = PLANE('',#3688);
#3688 = AXIS2_PLACEMENT_3D('',#3689,#3690,#3691);
#3689 = CARTESIAN_POINT('',(-0.15,0.135,1.5E-02));
#3690 = DIRECTION('',(0.,1.,0.));
#3691 = DIRECTION('',(0.,-0.,1.));
#3692 = ADVANCED_FACE('',(#3693),#3712,.T.);
#3693 = FACE_BOUND('',#3694,.T.);
#3694 = EDGE_LOOP('',(#3695,#3696,#3704,#3711));
#3695 = ORIENTED_EDGE('',*,*,#3551,.T.);
#3696 = ORIENTED_EDGE('',*,*,#3697,.T.);
#3697 = EDGE_CURVE('',#3544,#3698,#3700,.T.);
#3698 = VERTEX_POINT('',#3699);
#3699 = CARTESIAN_POINT('',(0.15,0.12,0.285));
#3700 = LINE('',#3701,#3702);
#3701 = CARTESIAN_POINT('',(-0.15,0.12,0.285));
#3702 = VECTOR('',#3703,1.);
#3703 = DIRECTION('',(1.,0.,0.));
#3704 = ORIENTED_EDGE('',*,*,#3705,.F.);
#3705 = EDGE_CURVE('',#3673,#3698,#3706,.T.);
#3706 = CIRCLE('',#3707,1.5E-02);
#3707 = AXIS2_PLACEMENT_3D('',#3708,#3709,#3710);
#3708 = CARTESIAN_POINT('',(0.15,0.12,0.27));
#3709 = DIRECTION('',(1.,0.,-0.));
#3710 = DIRECTION('',(0.,0.,1.));
#3711 = ORIENTED_EDGE('',*,*,#3682,.F.);
#3712 = CYLINDRICAL_SURFACE('',#3713,1.5E-02);
#3713 = AXIS2_PLACEMENT_3D('',#3714,#3715,#3716);
#3714 = CARTESIAN_POINT('',(-0.15,0.12,0.27));
#3715 = DIRECTION('',(1.,0.,0.));
#3716 = DIRECTION('',(-0.,1.,0.));
#3717 = ADVANCED_FACE('',(#3718),#3736,.T.);
#3718 = FACE_BOUND('',#3719,.T.);
#3719 = EDGE_LOOP('',(#3720,#3721,#3729,#3735));
#3720 = ORIENTED_EDGE('',*,*,#3543,.F.);
#3721 = ORIENTED_EDGE('',*,*,#3722,.T.);
#3722 = EDGE_CURVE('',#3535,#3723,#3725,.T.);
#3723 = VERTEX_POINT('',#3724);
#3724 = CARTESIAN_POINT('',(0.15,-0.12,0.285));
#3725 = LINE('',#3726,#3727);
#3726 = CARTESIAN_POINT('',(-0.15,-0.12,0.285));
#3727 = VECTOR('',#3728,1.);
#3728 = DIRECTION('',(1.,0.,0.));
#3729 = ORIENTED_EDGE('',*,*,#3730,.T.);
#3730 = EDGE_CURVE('',#3723,#3698,#3731,.T.);
#3731 = LINE('',#3732,#3733);
#3732 = CARTESIAN_POINT('',(0.15,-0.135,0.285));
#3733 = VECTOR('',#3734,1.);
#3734 = DIRECTION('',(0.,1.,0.));
#3735 = ORIENTED_EDGE('',*,*,#3697,.F.);
#3736 = PLANE('',#3737);
#3737 = AXIS2_PLACEMENT_3D('',#3738,#3739,#3740);
#3738 = CARTESIAN_POINT('',(-0.15,-0.135,0.285));
#3739 = DIRECTION('',(0.,0.,1.));
#3740 = DIRECTION('',(1.,0.,-0.));
#3741 = ADVANCED_FACE('',(#3742),#3761,.T.);
#3742 = FACE_BOUND('',#3743,.T.);
#3743 = EDGE_LOOP('',(#3744,#3752,#3759,#3760));
#3744 = ORIENTED_EDGE('',*,*,#3745,.T.);
#3745 = EDGE_CURVE('',#3527,#3746,#3748,.T.);
#3746 = VERTEX_POINT('',#3747);
#3747 = CARTESIAN_POINT('',(0.15,-0.135,0.27));
#3748 = LINE('',#3749,#3750);
#3749 = CARTESIAN_POINT('',(-0.15,-0.135,0.27));
#3750 = VECTOR('',#3751,1.);
#3751 = DIRECTION('',(1.,0.,0.));
#3752 = ORIENTED_EDGE('',*,*,#3753,.T.);
#3753 = EDGE_CURVE('',#3746,#3723,#3754,.T.);
#3754 = CIRCLE('',#3755,1.5E-02);
#3755 = AXIS2_PLACEMENT_3D('',#3756,#3757,#3758);
#3756 = CARTESIAN_POINT('',(0.15,-0.12,0.27));
#3757 = DIRECTION('',(-1.,0.,0.));
#3758 = DIRECTION('',(0.,0.,1.));
#3759 = ORIENTED_EDGE('',*,*,#3722,.F.);
#3760 = ORIENTED_EDGE('',*,*,#3534,.F.);
#3761 = CYLINDRICAL_SURFACE('',#3762,1.5E-02);
#3762 = AXIS2_PLACEMENT_3D('',#3763,#3764,#3765);
#3763 = CARTESIAN_POINT('',(-0.15,-0.12,0.27));
#3764 = DIRECTION('',(1.,0.,0.));
#3765 = DIRECTION('',(0.,-1.,0.));
#3766 = ADVANCED_FACE('',(#3767),#3778,.F.);
#3767 = FACE_BOUND('',#3768,.F.);
#3768 = EDGE_LOOP('',(#3769,#3775,#3776,#3777));
#3769 = ORIENTED_EDGE('',*,*,#3770,.F.);
#3770 = EDGE_CURVE('',#3601,#3746,#3771,.T.);
#3771 = LINE('',#3772,#3773);
#3772 = CARTESIAN_POINT('',(0.15,-0.135,1.5E-02));
#3773 = VECTOR('',#3774,1.);
#3774 = DIRECTION('',(0.,0.,1.));
#3775 = ORIENTED_EDGE('',*,*,#3609,.F.);
#3776 = ORIENTED_EDGE('',*,*,#3526,.T.);
#3777 = ORIENTED_EDGE('',*,*,#3745,.T.);
#3778 = PLANE('',#3779);
#3779 = AXIS2_PLACEMENT_3D('',#3780,#3781,#3782);
#3780 = CARTESIAN_POINT('',(-0.15,-0.135,1.5E-02));
#3781 = DIRECTION('',(0.,1.,0.));
#3782 = DIRECTION('',(0.,-0.,1.));
#3783 = ADVANCED_FACE('',(#3784,#3854),#3864,.F.);
#3784 = FACE_BOUND('',#3785,.F.);
#3785 = EDGE_LOOP('',(#3786,#3796,#3805,#3813,#3822,#3830,#3839,#3847));
#3786 = ORIENTED_EDGE('',*,*,#3787,.F.);
#3787 = EDGE_CURVE('',#3788,#3790,#3792,.T.);
#3788 = VERTEX_POINT('',#3789);
#3789 = CARTESIAN_POINT('',(0.15,-0.15,1.5E-02));
#3790 = VERTEX_POINT('',#3791);
#3791 = CARTESIAN_POINT('',(0.15,-0.15,0.285));
#3792 = LINE('',#3793,#3794);
#3793 = CARTESIAN_POINT('',(0.15,-0.15,0.));
#3794 = VECTOR('',#3795,1.);
#3795 = DIRECTION('',(0.,0.,1.));
#3796 = ORIENTED_EDGE('',*,*,#3797,.T.);
#3797 = EDGE_CURVE('',#3788,#3798,#3800,.T.);
#3798 = VERTEX_POINT('',#3799);
#3799 = CARTESIAN_POINT('',(0.15,-0.135,-2.775557561563E-17));
#3800 = CIRCLE('',#3801,1.5E-02);
#3801 = AXIS2_PLACEMENT_3D('',#3802,#3803,#3804);
#3802 = CARTESIAN_POINT('',(0.15,-0.135,1.5E-02));
#3803 = DIRECTION('',(1.,0.,-0.));
#3804 = DIRECTION('',(0.,0.,1.));
#3805 = ORIENTED_EDGE('',*,*,#3806,.T.);
#3806 = EDGE_CURVE('',#3798,#3807,#3809,.T.);
#3807 = VERTEX_POINT('',#3808);
#3808 = CARTESIAN_POINT('',(0.15,0.135,-2.775557561563E-17));
#3809 = LINE('',#3810,#3811);
#3810 = CARTESIAN_POINT('',(0.15,-0.15,0.));
#3811 = VECTOR('',#3812,1.);
#3812 = DIRECTION('',(0.,1.,0.));
#3813 = ORIENTED_EDGE('',*,*,#3814,.F.);
#3814 = EDGE_CURVE('',#3815,#3807,#3817,.T.);
#3815 = VERTEX_POINT('',#3816);
#3816 = CARTESIAN_POINT('',(0.15,0.15,1.5E-02));
#3817 = CIRCLE('',#3818,1.5E-02);
#3818 = AXIS2_PLACEMENT_3D('',#3819,#3820,#3821);
#3819 = CARTESIAN_POINT('',(0.15,0.135,1.5E-02));
#3820 = DIRECTION('',(-1.,0.,0.));
#3821 = DIRECTION('',(0.,0.,1.));
#3822 = ORIENTED_EDGE('',*,*,#3823,.T.);
#3823 = EDGE_CURVE('',#3815,#3824,#3826,.T.);
#3824 = VERTEX_POINT('',#3825);
#3825 = CARTESIAN_POINT('',(0.15,0.15,0.285));
#3826 = LINE('',#3827,#3828);
#3827 = CARTESIAN_POINT('',(0.15,0.15,0.));
#3828 = VECTOR('',#3829,1.);
#3829 = DIRECTION('',(0.,0.,1.));
#3830 = ORIENTED_EDGE('',*,*,#3831,.T.);
#3831 = EDGE_CURVE('',#3824,#3832,#3834,.T.);
#3832 = VERTEX_POINT('',#3833);
#3833 = CARTESIAN_POINT('',(0.15,0.135,0.3));
#3834 = CIRCLE('',#3835,1.5E-02);
#3835 = AXIS2_PLACEMENT_3D('',#3836,#3837,#3838);
#3836 = CARTESIAN_POINT('',(0.15,0.135,0.285));
#3837 = DIRECTION('',(1.,0.,-0.));
#3838 = DIRECTION('',(0.,0.,1.));
#3839 = ORIENTED_EDGE('',*,*,#3840,.F.);
#3840 = EDGE_CURVE('',#3841,#3832,#3843,.T.);
#3841 = VERTEX_POINT('',#3842);
#3842 = CARTESIAN_POINT('',(0.15,-0.135,0.3));
#3843 = LINE('',#3844,#3845);
#3844 = CARTESIAN_POINT('',(0.15,-0.15,0.3));
#3845 = VECTOR('',#3846,1.);
#3846 = DIRECTION('',(0.,1.,0.));
#3847 = ORIENTED_EDGE('',*,*,#3848,.F.);
#3848 = EDGE_CURVE('',#3790,#3841,#3849,.T.);
#3849 = CIRCLE('',#3850,1.5E-02);
#3850 = AXIS2_PLACEMENT_3D('',#3851,#3852,#3853);
#3851 = CARTESIAN_POINT('',(0.15,-0.135,0.285));
#3852 = DIRECTION('',(-1.,0.,0.));
#3853 = DIRECTION('',(0.,0.,1.));
#3854 = FACE_BOUND('',#3855,.F.);
#3855 = EDGE_LOOP('',(#3856,#3857,#3858,#3859,#3860,#3861,#3862,#3863));
#3856 = ORIENTED_EDGE('',*,*,#3600,.F.);
#3857 = ORIENTED_EDGE('',*,*,#3770,.T.);
#3858 = ORIENTED_EDGE('',*,*,#3753,.T.);
#3859 = ORIENTED_EDGE('',*,*,#3730,.T.);
#3860 = ORIENTED_EDGE('',*,*,#3705,.F.);
#3861 = ORIENTED_EDGE('',*,*,#3672,.F.);
#3862 = ORIENTED_EDGE('',*,*,#3655,.T.);
#3863 = ORIENTED_EDGE('',*,*,#3625,.F.);
#3864 = PLANE('',#3865);
#3865 = AXIS2_PLACEMENT_3D('',#3866,#3867,#3868);
#3866 = CARTESIAN_POINT('',(0.15,-0.15,0.));
#3867 = DIRECTION('',(1.,0.,0.));
#3868 = DIRECTION('',(0.,0.,1.));
#3869 = ADVANCED_FACE('',(#3870),#3895,.F.);
#3870 = FACE_BOUND('',#3871,.F.);
#3871 = EDGE_LOOP('',(#3872,#3882,#3888,#3889));
#3872 = ORIENTED_EDGE('',*,*,#3873,.F.);
#3873 = EDGE_CURVE('',#3874,#3876,#3878,.T.);
#3874 = VERTEX_POINT('',#3875);
#3875 = CARTESIAN_POINT('',(0.3,-0.15,1.5E-02));
#3876 = VERTEX_POINT('',#3877);
#3877 = CARTESIAN_POINT('',(0.3,-0.15,0.285));
#3878 = LINE('',#3879,#3880);
#3879 = CARTESIAN_POINT('',(0.3,-0.15,0.));
#3880 = VECTOR('',#3881,1.);
#3881 = DIRECTION('',(0.,0.,1.));
#3882 = ORIENTED_EDGE('',*,*,#3883,.F.);
#3883 = EDGE_CURVE('',#3788,#3874,#3884,.T.);
#3884 = LINE('',#3885,#3886);
#3885 = CARTESIAN_POINT('',(0.15,-0.15,1.5E-02));
#3886 = VECTOR('',#3887,1.);
#3887 = DIRECTION('',(1.,0.,0.));
#3888 = ORIENTED_EDGE('',*,*,#3787,.T.);
#3889 = ORIENTED_EDGE('',*,*,#3890,.T.);
#3890 = EDGE_CURVE('',#3790,#3876,#3891,.T.);
#3891 = LINE('',#3892,#3893);
#3892 = CARTESIAN_POINT('',(0.15,-0.15,0.285));
#3893 = VECTOR('',#3894,1.);
#3894 = DIRECTION('',(1.,0.,0.));
#3895 = PLANE('',#3896);
#3896 = AXIS2_PLACEMENT_3D('',#3897,#3898,#3899);
#3897 = CARTESIAN_POINT('',(0.15,-0.15,0.));
#3898 = DIRECTION('',(0.,1.,0.));
#3899 = DIRECTION('',(0.,-0.,1.));
#3900 = ADVANCED_FACE('',(#3901),#3920,.T.);
#3901 = FACE_BOUND('',#3902,.T.);
#3902 = EDGE_LOOP('',(#3903,#3904,#3912,#3919));
#3903 = ORIENTED_EDGE('',*,*,#3797,.T.);
#3904 = ORIENTED_EDGE('',*,*,#3905,.T.);
#3905 = EDGE_CURVE('',#3798,#3906,#3908,.T.);
#3906 = VERTEX_POINT('',#3907);
#3907 = CARTESIAN_POINT('',(0.3,-0.135,-2.775557561563E-17));
#3908 = LINE('',#3909,#3910);
#3909 = CARTESIAN_POINT('',(0.15,-0.135,-2.775557561563E-17));
#3910 = VECTOR('',#3911,1.);
#3911 = DIRECTION('',(1.,0.,0.));
#3912 = ORIENTED_EDGE('',*,*,#3913,.F.);
#3913 = EDGE_CURVE('',#3874,#3906,#3914,.T.);
#3914 = CIRCLE('',#3915,1.5E-02);
#3915 = AXIS2_PLACEMENT_3D('',#3916,#3917,#3918);
#3916 = CARTESIAN_POINT('',(0.3,-0.135,1.5E-02));
#3917 = DIRECTION('',(1.,0.,-0.));
#3918 = DIRECTION('',(0.,0.,1.));
#3919 = ORIENTED_EDGE('',*,*,#3883,.F.);
#3920 = CYLINDRICAL_SURFACE('',#3921,1.5E-02);
#3921 = AXIS2_PLACEMENT_3D('',#3922,#3923,#3924);
#3922 = CARTESIAN_POINT('',(0.15,-0.135,1.5E-02));
#3923 = DIRECTION('',(1.,0.,0.));
#3924 = DIRECTION('',(0.,-1.,0.));
#3925 = ADVANCED_FACE('',(#3926),#3945,.T.);
#3926 = FACE_BOUND('',#3927,.T.);
#3927 = EDGE_LOOP('',(#3928,#3929,#3938,#3944));
#3928 = ORIENTED_EDGE('',*,*,#3890,.T.);
#3929 = ORIENTED_EDGE('',*,*,#3930,.T.);
#3930 = EDGE_CURVE('',#3876,#3931,#3933,.T.);
#3931 = VERTEX_POINT('',#3932);
#3932 = CARTESIAN_POINT('',(0.3,-0.135,0.3));
#3933 = CIRCLE('',#3934,1.5E-02);
#3934 = AXIS2_PLACEMENT_3D('',#3935,#3936,#3937);
#3935 = CARTESIAN_POINT('',(0.3,-0.135,0.285));
#3936 = DIRECTION('',(-1.,0.,0.));
#3937 = DIRECTION('',(0.,0.,1.));
#3938 = ORIENTED_EDGE('',*,*,#3939,.F.);
#3939 = EDGE_CURVE('',#3841,#3931,#3940,.T.);
#3940 = LINE('',#3941,#3942);
#3941 = CARTESIAN_POINT('',(0.15,-0.135,0.3));
#3942 = VECTOR('',#3943,1.);
#3943 = DIRECTION('',(1.,0.,0.));
#3944 = ORIENTED_EDGE('',*,*,#3848,.F.);
#3945 = CYLINDRICAL_SURFACE('',#3946,1.5E-02);
#3946 = AXIS2_PLACEMENT_3D('',#3947,#3948,#3949);
#3947 = CARTESIAN_POINT('',(0.15,-0.135,0.285));
#3948 = DIRECTION('',(1.,0.,0.));
#3949 = DIRECTION('',(0.,-1.,0.));
#3950 = ADVANCED_FACE('',(#3951),#3969,.F.);
#3951 = FACE_BOUND('',#3952,.F.);
#3952 = EDGE_LOOP('',(#3953,#3954,#3955,#3963));
#3953 = ORIENTED_EDGE('',*,*,#3806,.F.);
#3954 = ORIENTED_EDGE('',*,*,#3905,.T.);
#3955 = ORIENTED_EDGE('',*,*,#3956,.T.);
#3956 = EDGE_CURVE('',#3906,#3957,#3959,.T.);
#3957 = VERTEX_POINT('',#3958);
#3958 = CARTESIAN_POINT('',(0.3,0.135,-2.775557561563E-17));
#3959 = LINE('',#3960,#3961);
#3960 = CARTESIAN_POINT('',(0.3,-0.15,0.));
#3961 = VECTOR('',#3962,1.);
#3962 = DIRECTION('',(0.,1.,0.));
#3963 = ORIENTED_EDGE('',*,*,#3964,.F.);
#3964 = EDGE_CURVE('',#3807,#3957,#3965,.T.);
#3965 = LINE('',#3966,#3967);
#3966 = CARTESIAN_POINT('',(0.15,0.135,-2.775557561563E-17));
#3967 = VECTOR('',#3968,1.);
#3968 = DIRECTION('',(1.,0.,0.));
#3969 = PLANE('',#3970);
#3970 = AXIS2_PLACEMENT_3D('',#3971,#3972,#3973);
#3971 = CARTESIAN_POINT('',(0.15,-0.15,0.));
#3972 = DIRECTION('',(0.,0.,1.));
#3973 = DIRECTION('',(1.,0.,-0.));
#3974 = ADVANCED_FACE('',(#3975),#3993,.T.);
#3975 = FACE_BOUND('',#3976,.T.);
#3976 = EDGE_LOOP('',(#3977,#3978,#3979,#3987));
#3977 = ORIENTED_EDGE('',*,*,#3840,.F.);
#3978 = ORIENTED_EDGE('',*,*,#3939,.T.);
#3979 = ORIENTED_EDGE('',*,*,#3980,.T.);
#3980 = EDGE_CURVE('',#3931,#3981,#3983,.T.);
#3981 = VERTEX_POINT('',#3982);
#3982 = CARTESIAN_POINT('',(0.3,0.135,0.3));
#3983 = LINE('',#3984,#3985);
#3984 = CARTESIAN_POINT('',(0.3,-0.15,0.3));
#3985 = VECTOR('',#3986,1.);
#3986 = DIRECTION('',(0.,1.,0.));
#3987 = ORIENTED_EDGE('',*,*,#3988,.F.);
#3988 = EDGE_CURVE('',#3832,#3981,#3989,.T.);
#3989 = LINE('',#3990,#3991);
#3990 = CARTESIAN_POINT('',(0.15,0.135,0.3));
#3991 = VECTOR('',#3992,1.);
#3992 = DIRECTION('',(1.,0.,0.));
#3993 = PLANE('',#3994);
#3994 = AXIS2_PLACEMENT_3D('',#3995,#3996,#3997);
#3995 = CARTESIAN_POINT('',(0.15,-0.15,0.3));
#3996 = DIRECTION('',(0.,0.,1.));
#3997 = DIRECTION('',(1.,0.,-0.));
#3998 = ADVANCED_FACE('',(#3999),#4018,.T.);
#3999 = FACE_BOUND('',#4000,.T.);
#4000 = EDGE_LOOP('',(#4001,#4009,#4016,#4017));
#4001 = ORIENTED_EDGE('',*,*,#4002,.T.);
#4002 = EDGE_CURVE('',#3815,#4003,#4005,.T.);
#4003 = VERTEX_POINT('',#4004);
#4004 = CARTESIAN_POINT('',(0.3,0.15,1.5E-02));
#4005 = LINE('',#4006,#4007);
#4006 = CARTESIAN_POINT('',(0.15,0.15,1.5E-02));
#4007 = VECTOR('',#4008,1.);
#4008 = DIRECTION('',(1.,0.,0.));
#4009 = ORIENTED_EDGE('',*,*,#4010,.T.);
#4010 = EDGE_CURVE('',#4003,#3957,#4011,.T.);
#4011 = CIRCLE('',#4012,1.5E-02);
#4012 = AXIS2_PLACEMENT_3D('',#4013,#4014,#4015);
#4013 = CARTESIAN_POINT('',(0.3,0.135,1.5E-02));
#4014 = DIRECTION('',(-1.,0.,0.));
#4015 = DIRECTION('',(0.,0.,1.));
#4016 = ORIENTED_EDGE('',*,*,#3964,.F.);
#4017 = ORIENTED_EDGE('',*,*,#3814,.F.);
#4018 = CYLINDRICAL_SURFACE('',#4019,1.5E-02);
#4019 = AXIS2_PLACEMENT_3D('',#4020,#4021,#4022);
#4020 = CARTESIAN_POINT('',(0.15,0.135,1.5E-02));
#4021 = DIRECTION('',(1.,0.,0.));
#4022 = DIRECTION('',(-0.,1.,0.));
#4023 = ADVANCED_FACE('',(#4024),#4043,.T.);
#4024 = FACE_BOUND('',#4025,.T.);
#4025 = EDGE_LOOP('',(#4026,#4027,#4028,#4037));
#4026 = ORIENTED_EDGE('',*,*,#3831,.T.);
#4027 = ORIENTED_EDGE('',*,*,#3988,.T.);
#4028 = ORIENTED_EDGE('',*,*,#4029,.F.);
#4029 = EDGE_CURVE('',#4030,#3981,#4032,.T.);
#4030 = VERTEX_POINT('',#4031);
#4031 = CARTESIAN_POINT('',(0.3,0.15,0.285));
#4032 = CIRCLE('',#4033,1.5E-02);
#4033 = AXIS2_PLACEMENT_3D('',#4034,#4035,#4036);
#4034 = CARTESIAN_POINT('',(0.3,0.135,0.285));
#4035 = DIRECTION('',(1.,0.,-0.));
#4036 = DIRECTION('',(0.,0.,1.));
#4037 = ORIENTED_EDGE('',*,*,#4038,.F.);
#4038 = EDGE_CURVE('',#3824,#4030,#4039,.T.);
#4039 = LINE('',#4040,#4041);
#4040 = CARTESIAN_POINT('',(0.15,0.15,0.285));
#4041 = VECTOR('',#4042,1.);
#4042 = DIRECTION('',(1.,0.,0.));
#4043 = CYLINDRICAL_SURFACE('',#4044,1.5E-02);
#4044 = AXIS2_PLACEMENT_3D('',#4045,#4046,#4047);
#4045 = CARTESIAN_POINT('',(0.15,0.135,0.285));
#4046 = DIRECTION('',(1.,0.,0.));
#4047 = DIRECTION('',(-0.,1.,0.));
#4048 = ADVANCED_FACE('',(#4049),#4060,.T.);
#4049 = FACE_BOUND('',#4050,.T.);
#4050 = EDGE_LOOP('',(#4051,#4057,#4058,#4059));
#4051 = ORIENTED_EDGE('',*,*,#4052,.F.);
#4052 = EDGE_CURVE('',#4003,#4030,#4053,.T.);
#4053 = LINE('',#4054,#4055);
#4054 = CARTESIAN_POINT('',(0.3,0.15,0.));
#4055 = VECTOR('',#4056,1.);
#4056 = DIRECTION('',(0.,0.,1.));
#4057 = ORIENTED_EDGE('',*,*,#4002,.F.);
#4058 = ORIENTED_EDGE('',*,*,#3823,.T.);
#4059 = ORIENTED_EDGE('',*,*,#4038,.T.);
#4060 = PLANE('',#4061);
#4061 = AXIS2_PLACEMENT_3D('',#4062,#4063,#4064);
#4062 = CARTESIAN_POINT('',(0.15,0.15,0.));
#4063 = DIRECTION('',(0.,1.,0.));
#4064 = DIRECTION('',(0.,-0.,1.));
#4065 = ADVANCED_FACE('',(#4066),#4076,.T.);
#4066 = FACE_BOUND('',#4067,.T.);
#4067 = EDGE_LOOP('',(#4068,#4069,#4070,#4071,#4072,#4073,#4074,#4075));
#4068 = ORIENTED_EDGE('',*,*,#3873,.F.);
#4069 = ORIENTED_EDGE('',*,*,#3913,.T.);
#4070 = ORIENTED_EDGE('',*,*,#3956,.T.);
#4071 = ORIENTED_EDGE('',*,*,#4010,.F.);
#4072 = ORIENTED_EDGE('',*,*,#4052,.T.);
#4073 = ORIENTED_EDGE('',*,*,#4029,.T.);
#4074 = ORIENTED_EDGE('',*,*,#3980,.F.);
#4075 = ORIENTED_EDGE('',*,*,#3930,.F.);
#4076 = PLANE('',#4077);
#4077 = AXIS2_PLACEMENT_3D('',#4078,#4079,#4080);
#4078 = CARTESIAN_POINT('',(0.3,-0.15,0.));
#4079 = DIRECTION('',(1.,0.,0.));
#4080 = DIRECTION('',(0.,0.,1.));
#4081 = ( GEOMETRIC_REPRESENTATION_CONTEXT(3) 
GLOBAL_UNCERTAINTY_ASSIGNED_CONTEXT((#4085)) 
GLOBAL_UNIT_ASSIGNED_CONTEXT((#4082,#4083,#4084)) REPRESENTATION_CONTEXT
('Context #1','3D Context with UNIT and UNCERTAINTY') );
#4082 = ( LENGTH_UNIT() NAMED_UNIT(*) SI_UNIT(.MILLI.,.METRE.) );
#4083 = ( NAMED_UNIT(*) PLANE_ANGLE_UNIT() SI_UNIT($,.RADIAN.) );
#4084 = ( NAMED_UNIT(*) SI_UNIT($,.STERADIAN.) SOLID_ANGLE_UNIT() );
#4085 = UNCERTAINTY_MEASURE_WITH_UNIT(LENGTH_MEASURE(1.E-07),#4082,
  'distance_accuracy_value','confusion accuracy');
#4086 = CONTEXT_DEPENDENT_SHAPE_REPRESENTATION(#4087,#4089);
#4087 = ( REPRESENTATION_RELATIONSHIP('','',#3226,#3203) 
REPRESENTATION_RELATIONSHIP_WITH_TRANSFORMATION(#4088) 
SHAPE_REPRESENTATION_RELATIONSHIP() );
#4088 = ITEM_DEFINED_TRANSFORMATION('','',#11,#3204);
#4089 = PRODUCT_DEFINITION_SHAPE('Placement','Placement of an item',
  #4090);
#4090 = NEXT_ASSEMBLY_USAGE_OCCURRENCE('3','=>[0:1:1:5]','',#3198,#3221,
  $);
#4091 = PRODUCT_RELATED_PRODUCT_CATEGORY('part',$,(#3223));
#4092 = SHAPE_DEFINITION_REPRESENTATION(#4093,#4099);
#4093 = PRODUCT_DEFINITION_SHAPE('','',#4094);
#4094 = PRODUCT_DEFINITION('design','',#4095,#4098);
#4095 = PRODUCT_DEFINITION_FORMATION('','',#4096);
#4096 = PRODUCT('R_0201_0603Metric','R_0201_0603Metric','',(#4097));
#4097 = PRODUCT_CONTEXT('',#2,'mechanical');
#4098 = PRODUCT_DEFINITION_CONTEXT('part definition',#2,'design');
#4099 = SHAPE_REPRESENTATION('',(#11,#4100),#4104);
#4100 = AXIS2_PLACEMENT_3D('',#4101,#4102,#4103);
#4101 = CARTESIAN_POINT('',(0.,0.,0.));
#4102 = DIRECTION('',(0.,0.,1.));
#4103 = DIRECTION('',(1.,0.,-0.));
#4104 = ( GEOMETRIC_REPRESENTATION_CONTEXT(3) 
GLOBAL_UNCERTAINTY_ASSIGNED_CONTEXT((#4108)) 
GLOBAL_UNIT_ASSIGNED_CONTEXT((#4105,#4106,#4107)) REPRESENTATION_CONTEXT
('Context #1','3D Context with UNIT and UNCERTAINTY') );
#4105 = ( LENGTH_UNIT() NAMED_UNIT(*) SI_UNIT(.MILLI.,.METRE.) );
#4106 = ( NAMED_UNIT(*) PLANE_ANGLE_UNIT() SI_UNIT($,.RADIAN.) );
#4107 = ( NAMED_UNIT(*) SI_UNIT($,.STERADIAN.) SOLID_ANGLE_UNIT() );
#4108 = UNCERTAINTY_MEASURE_WITH_UNIT(LENGTH_MEASURE(1.E-07),#4105,
  'distance_accuracy_value','confusion accuracy');
#4109 = CONTEXT_DEPENDENT_SHAPE_REPRESENTATION(#4110,#4112);
#4110 = ( REPRESENTATION_RELATIONSHIP('','',#4099,#10) 
REPRESENTATION_RELATIONSHIP_WITH_TRANSFORMATION(#4111) 
SHAPE_REPRESENTATION_RELATIONSHIP() );
#4111 = ITEM_DEFINED_TRANSFORMATION('','',#11,#23);
#4112 = PRODUCT_DEFINITION_SHAPE('Placement','Placement of an item',
  #4113);
#4113 = NEXT_ASSEMBLY_USAGE_OCCURRENCE('6','R1','',#5,#4094,$);
#4114 = PRODUCT_RELATED_PRODUCT_CATEGORY('part',$,(#4096));
#4115 = SHAPE_DEFINITION_REPRESENTATION(#4116,#4122);
#4116 = PRODUCT_DEFINITION_SHAPE('','',#4117);
#4117 = PRODUCT_DEFINITION('design','',#4118,#4121);
#4118 = PRODUCT_DEFINITION_FORMATION('','',#4119);
#4119 = PRODUCT('R_0201_0603Metric','R_0201_0603Metric','',(#4120));
#4120 = PRODUCT_CONTEXT('',#2,'mechanical');
#4121 = PRODUCT_DEFINITION_CONTEXT('part definition',#2,'design');
#4122 = ADVANCED_BREP_SHAPE_REPRESENTATION('',(#11,#4123),#4913);
#4123 = MANIFOLD_SOLID_BREP('',#4124);
#4124 = CLOSED_SHELL('',(#4125,#4165,#4248,#4273,#4298,#4365,#4382,#4399
    ,#4448,#4465,#4482,#4531,#4548,#4617,#4648,#4672,#4741,#4765,#4782,
    #4799,#4816,#4833,#4850,#4867,#4884,#4901));
#4125 = ADVANCED_FACE('',(#4126),#4160,.F.);
#4126 = FACE_BOUND('',#4127,.F.);
#4127 = EDGE_LOOP('',(#4128,#4138,#4146,#4154));
#4128 = ORIENTED_EDGE('',*,*,#4129,.F.);
#4129 = EDGE_CURVE('',#4130,#4132,#4134,.T.);
#4130 = VERTEX_POINT('',#4131);
#4131 = CARTESIAN_POINT('',(-0.3,-0.15,2.3E-02));
#4132 = VERTEX_POINT('',#4133);
#4133 = CARTESIAN_POINT('',(-0.3,-0.15,0.207));
#4134 = LINE('',#4135,#4136);
#4135 = CARTESIAN_POINT('',(-0.3,-0.15,0.));
#4136 = VECTOR('',#4137,1.);
#4137 = DIRECTION('',(0.,0.,1.));
#4138 = ORIENTED_EDGE('',*,*,#4139,.T.);
#4139 = EDGE_CURVE('',#4130,#4140,#4142,.T.);
#4140 = VERTEX_POINT('',#4141);
#4141 = CARTESIAN_POINT('',(-0.3,0.15,2.3E-02));
#4142 = LINE('',#4143,#4144);
#4143 = CARTESIAN_POINT('',(-0.3,-0.15,2.3E-02));
#4144 = VECTOR('',#4145,1.);
#4145 = DIRECTION('',(0.,1.,0.));
#4146 = ORIENTED_EDGE('',*,*,#4147,.T.);
#4147 = EDGE_CURVE('',#4140,#4148,#4150,.T.);
#4148 = VERTEX_POINT('',#4149);
#4149 = CARTESIAN_POINT('',(-0.3,0.15,0.207));
#4150 = LINE('',#4151,#4152);
#4151 = CARTESIAN_POINT('',(-0.3,0.15,0.));
#4152 = VECTOR('',#4153,1.);
#4153 = DIRECTION('',(0.,0.,1.));
#4154 = ORIENTED_EDGE('',*,*,#4155,.F.);
#4155 = EDGE_CURVE('',#4132,#4148,#4156,.T.);
#4156 = LINE('',#4157,#4158);
#4157 = CARTESIAN_POINT('',(-0.3,-0.15,0.207));
#4158 = VECTOR('',#4159,1.);
#4159 = DIRECTION('',(0.,1.,0.));
#4160 = PLANE('',#4161);
#4161 = AXIS2_PLACEMENT_3D('',#4162,#4163,#4164);
#4162 = CARTESIAN_POINT('',(-0.3,-0.15,0.));
#4163 = DIRECTION('',(1.,0.,0.));
#4164 = DIRECTION('',(0.,0.,1.));
#4165 = ADVANCED_FACE('',(#4166),#4243,.F.);
#4166 = FACE_BOUND('',#4167,.F.);
#4167 = EDGE_LOOP('',(#4168,#4178,#4185,#4186,#4195,#4203,#4212,#4220,
    #4228,#4236));
#4168 = ORIENTED_EDGE('',*,*,#4169,.F.);
#4169 = EDGE_CURVE('',#4170,#4172,#4174,.T.);
#4170 = VERTEX_POINT('',#4171);
#4171 = CARTESIAN_POINT('',(-0.277,-0.15,-1.387778780781E-17));
#4172 = VERTEX_POINT('',#4173);
#4173 = CARTESIAN_POINT('',(-0.223,-0.15,-1.387778780781E-17));
#4174 = LINE('',#4175,#4176);
#4175 = CARTESIAN_POINT('',(-0.3,-0.15,0.));
#4176 = VECTOR('',#4177,1.);
#4177 = DIRECTION('',(1.,0.,0.));
#4178 = ORIENTED_EDGE('',*,*,#4179,.F.);
#4179 = EDGE_CURVE('',#4130,#4170,#4180,.T.);
#4180 = CIRCLE('',#4181,2.3E-02);
#4181 = AXIS2_PLACEMENT_3D('',#4182,#4183,#4184);
#4182 = CARTESIAN_POINT('',(-0.277,-0.15,2.3E-02));
#4183 = DIRECTION('',(0.,-1.,0.));
#4184 = DIRECTION('',(0.,0.,1.));
#4185 = ORIENTED_EDGE('',*,*,#4129,.T.);
#4186 = ORIENTED_EDGE('',*,*,#4187,.T.);
#4187 = EDGE_CURVE('',#4132,#4188,#4190,.T.);
#4188 = VERTEX_POINT('',#4189);
#4189 = CARTESIAN_POINT('',(-0.277,-0.15,0.23));
#4190 = CIRCLE('',#4191,2.3E-02);
#4191 = AXIS2_PLACEMENT_3D('',#4192,#4193,#4194);
#4192 = CARTESIAN_POINT('',(-0.277,-0.15,0.207));
#4193 = DIRECTION('',(0.,1.,0.));
#4194 = DIRECTION('',(0.,-0.,1.));
#4195 = ORIENTED_EDGE('',*,*,#4196,.T.);
#4196 = EDGE_CURVE('',#4188,#4197,#4199,.T.);
#4197 = VERTEX_POINT('',#4198);
#4198 = CARTESIAN_POINT('',(-0.223,-0.15,0.23));
#4199 = LINE('',#4200,#4201);
#4200 = CARTESIAN_POINT('',(-0.3,-0.15,0.23));
#4201 = VECTOR('',#4202,1.);
#4202 = DIRECTION('',(1.,0.,0.));
#4203 = ORIENTED_EDGE('',*,*,#4204,.F.);
#4204 = EDGE_CURVE('',#4205,#4197,#4207,.T.);
#4205 = VERTEX_POINT('',#4206);
#4206 = CARTESIAN_POINT('',(-0.2,-0.15,0.207));
#4207 = CIRCLE('',#4208,2.3E-02);
#4208 = AXIS2_PLACEMENT_3D('',#4209,#4210,#4211);
#4209 = CARTESIAN_POINT('',(-0.223,-0.15,0.207));
#4210 = DIRECTION('',(0.,-1.,0.));
#4211 = DIRECTION('',(0.,0.,1.));
#4212 = ORIENTED_EDGE('',*,*,#4213,.F.);
#4213 = EDGE_CURVE('',#4214,#4205,#4216,.T.);
#4214 = VERTEX_POINT('',#4215);
#4215 = CARTESIAN_POINT('',(-0.277,-0.15,0.207));
#4216 = LINE('',#4217,#4218);
#4217 = CARTESIAN_POINT('',(-0.277,-0.15,0.207));
#4218 = VECTOR('',#4219,1.);
#4219 = DIRECTION('',(1.,0.,0.));
#4220 = ORIENTED_EDGE('',*,*,#4221,.F.);
#4221 = EDGE_CURVE('',#4222,#4214,#4224,.T.);
#4222 = VERTEX_POINT('',#4223);
#4223 = CARTESIAN_POINT('',(-0.277,-0.15,2.3E-02));
#4224 = LINE('',#4225,#4226);
#4225 = CARTESIAN_POINT('',(-0.277,-0.15,2.3E-02));
#4226 = VECTOR('',#4227,1.);
#4227 = DIRECTION('',(0.,0.,1.));
#4228 = ORIENTED_EDGE('',*,*,#4229,.T.);
#4229 = EDGE_CURVE('',#4222,#4230,#4232,.T.);
#4230 = VERTEX_POINT('',#4231);
#4231 = CARTESIAN_POINT('',(-0.2,-0.15,2.3E-02));
#4232 = LINE('',#4233,#4234);
#4233 = CARTESIAN_POINT('',(-0.277,-0.15,2.3E-02));
#4234 = VECTOR('',#4235,1.);
#4235 = DIRECTION('',(1.,0.,0.));
#4236 = ORIENTED_EDGE('',*,*,#4237,.T.);
#4237 = EDGE_CURVE('',#4230,#4172,#4238,.T.);
#4238 = CIRCLE('',#4239,2.3E-02);
#4239 = AXIS2_PLACEMENT_3D('',#4240,#4241,#4242);
#4240 = CARTESIAN_POINT('',(-0.223,-0.15,2.3E-02));
#4241 = DIRECTION('',(0.,1.,0.));
#4242 = DIRECTION('',(0.,-0.,1.));
#4243 = PLANE('',#4244);
#4244 = AXIS2_PLACEMENT_3D('',#4245,#4246,#4247);
#4245 = CARTESIAN_POINT('',(-0.3,-0.15,0.));
#4246 = DIRECTION('',(0.,1.,0.));
#4247 = DIRECTION('',(0.,-0.,1.));
#4248 = ADVANCED_FACE('',(#4249),#4268,.T.);
#4249 = FACE_BOUND('',#4250,.T.);
#4250 = EDGE_LOOP('',(#4251,#4252,#4261,#4267));
#4251 = ORIENTED_EDGE('',*,*,#4139,.T.);
#4252 = ORIENTED_EDGE('',*,*,#4253,.T.);
#4253 = EDGE_CURVE('',#4140,#4254,#4256,.T.);
#4254 = VERTEX_POINT('',#4255);
#4255 = CARTESIAN_POINT('',(-0.277,0.15,-1.387778780781E-17));
#4256 = CIRCLE('',#4257,2.3E-02);
#4257 = AXIS2_PLACEMENT_3D('',#4258,#4259,#4260);
#4258 = CARTESIAN_POINT('',(-0.277,0.15,2.3E-02));
#4259 = DIRECTION('',(0.,-1.,0.));
#4260 = DIRECTION('',(0.,0.,1.));
#4261 = ORIENTED_EDGE('',*,*,#4262,.F.);
#4262 = EDGE_CURVE('',#4170,#4254,#4263,.T.);
#4263 = LINE('',#4264,#4265);
#4264 = CARTESIAN_POINT('',(-0.277,-0.15,-1.387778780781E-17));
#4265 = VECTOR('',#4266,1.);
#4266 = DIRECTION('',(0.,1.,0.));
#4267 = ORIENTED_EDGE('',*,*,#4179,.F.);
#4268 = CYLINDRICAL_SURFACE('',#4269,2.3E-02);
#4269 = AXIS2_PLACEMENT_3D('',#4270,#4271,#4272);
#4270 = CARTESIAN_POINT('',(-0.277,-0.15,2.3E-02));
#4271 = DIRECTION('',(0.,1.,0.));
#4272 = DIRECTION('',(-1.,0.,0.));
#4273 = ADVANCED_FACE('',(#4274),#4293,.T.);
#4274 = FACE_BOUND('',#4275,.T.);
#4275 = EDGE_LOOP('',(#4276,#4277,#4285,#4292));
#4276 = ORIENTED_EDGE('',*,*,#4187,.T.);
#4277 = ORIENTED_EDGE('',*,*,#4278,.T.);
#4278 = EDGE_CURVE('',#4188,#4279,#4281,.T.);
#4279 = VERTEX_POINT('',#4280);
#4280 = CARTESIAN_POINT('',(-0.277,0.15,0.23));
#4281 = LINE('',#4282,#4283);
#4282 = CARTESIAN_POINT('',(-0.277,-0.15,0.23));
#4283 = VECTOR('',#4284,1.);
#4284 = DIRECTION('',(0.,1.,0.));
#4285 = ORIENTED_EDGE('',*,*,#4286,.F.);
#4286 = EDGE_CURVE('',#4148,#4279,#4287,.T.);
#4287 = CIRCLE('',#4288,2.3E-02);
#4288 = AXIS2_PLACEMENT_3D('',#4289,#4290,#4291);
#4289 = CARTESIAN_POINT('',(-0.277,0.15,0.207));
#4290 = DIRECTION('',(0.,1.,0.));
#4291 = DIRECTION('',(0.,-0.,1.));
#4292 = ORIENTED_EDGE('',*,*,#4155,.F.);
#4293 = CYLINDRICAL_SURFACE('',#4294,2.3E-02);
#4294 = AXIS2_PLACEMENT_3D('',#4295,#4296,#4297);
#4295 = CARTESIAN_POINT('',(-0.277,-0.15,0.207));
#4296 = DIRECTION('',(0.,1.,0.));
#4297 = DIRECTION('',(-1.,0.,0.));
#4298 = ADVANCED_FACE('',(#4299),#4360,.T.);
#4299 = FACE_BOUND('',#4300,.T.);
#4300 = EDGE_LOOP('',(#4301,#4309,#4310,#4311,#4312,#4320,#4329,#4337,
    #4345,#4353));
#4301 = ORIENTED_EDGE('',*,*,#4302,.F.);
#4302 = EDGE_CURVE('',#4254,#4303,#4305,.T.);
#4303 = VERTEX_POINT('',#4304);
#4304 = CARTESIAN_POINT('',(-0.223,0.15,-1.387778780781E-17));
#4305 = LINE('',#4306,#4307);
#4306 = CARTESIAN_POINT('',(-0.3,0.15,0.));
#4307 = VECTOR('',#4308,1.);
#4308 = DIRECTION('',(1.,0.,0.));
#4309 = ORIENTED_EDGE('',*,*,#4253,.F.);
#4310 = ORIENTED_EDGE('',*,*,#4147,.T.);
#4311 = ORIENTED_EDGE('',*,*,#4286,.T.);
#4312 = ORIENTED_EDGE('',*,*,#4313,.T.);
#4313 = EDGE_CURVE('',#4279,#4314,#4316,.T.);
#4314 = VERTEX_POINT('',#4315);
#4315 = CARTESIAN_POINT('',(-0.223,0.15,0.23));
#4316 = LINE('',#4317,#4318);
#4317 = CARTESIAN_POINT('',(-0.3,0.15,0.23));
#4318 = VECTOR('',#4319,1.);
#4319 = DIRECTION('',(1.,0.,0.));
#4320 = ORIENTED_EDGE('',*,*,#4321,.F.);
#4321 = EDGE_CURVE('',#4322,#4314,#4324,.T.);
#4322 = VERTEX_POINT('',#4323);
#4323 = CARTESIAN_POINT('',(-0.2,0.15,0.207));
#4324 = CIRCLE('',#4325,2.3E-02);
#4325 = AXIS2_PLACEMENT_3D('',#4326,#4327,#4328);
#4326 = CARTESIAN_POINT('',(-0.223,0.15,0.207));
#4327 = DIRECTION('',(0.,-1.,0.));
#4328 = DIRECTION('',(0.,0.,1.));
#4329 = ORIENTED_EDGE('',*,*,#4330,.F.);
#4330 = EDGE_CURVE('',#4331,#4322,#4333,.T.);
#4331 = VERTEX_POINT('',#4332);
#4332 = CARTESIAN_POINT('',(-0.277,0.15,0.207));
#4333 = LINE('',#4334,#4335);
#4334 = CARTESIAN_POINT('',(-0.277,0.15,0.207));
#4335 = VECTOR('',#4336,1.);
#4336 = DIRECTION('',(1.,0.,0.));
#4337 = ORIENTED_EDGE('',*,*,#4338,.F.);
#4338 = EDGE_CURVE('',#4339,#4331,#4341,.T.);
#4339 = VERTEX_POINT('',#4340);
#4340 = CARTESIAN_POINT('',(-0.277,0.15,2.3E-02));
#4341 = LINE('',#4342,#4343);
#4342 = CARTESIAN_POINT('',(-0.277,0.15,2.3E-02));
#4343 = VECTOR('',#4344,1.);
#4344 = DIRECTION('',(0.,0.,1.));
#4345 = ORIENTED_EDGE('',*,*,#4346,.T.);
#4346 = EDGE_CURVE('',#4339,#4347,#4349,.T.);
#4347 = VERTEX_POINT('',#4348);
#4348 = CARTESIAN_POINT('',(-0.2,0.15,2.3E-02));
#4349 = LINE('',#4350,#4351);
#4350 = CARTESIAN_POINT('',(-0.277,0.15,2.3E-02));
#4351 = VECTOR('',#4352,1.);
#4352 = DIRECTION('',(1.,0.,0.));
#4353 = ORIENTED_EDGE('',*,*,#4354,.T.);
#4354 = EDGE_CURVE('',#4347,#4303,#4355,.T.);
#4355 = CIRCLE('',#4356,2.3E-02);
#4356 = AXIS2_PLACEMENT_3D('',#4357,#4358,#4359);
#4357 = CARTESIAN_POINT('',(-0.223,0.15,2.3E-02));
#4358 = DIRECTION('',(0.,1.,0.));
#4359 = DIRECTION('',(0.,-0.,1.));
#4360 = PLANE('',#4361);
#4361 = AXIS2_PLACEMENT_3D('',#4362,#4363,#4364);
#4362 = CARTESIAN_POINT('',(-0.3,0.15,0.));
#4363 = DIRECTION('',(0.,1.,0.));
#4364 = DIRECTION('',(0.,-0.,1.));
#4365 = ADVANCED_FACE('',(#4366),#4377,.F.);
#4366 = FACE_BOUND('',#4367,.F.);
#4367 = EDGE_LOOP('',(#4368,#4369,#4370,#4371));
#4368 = ORIENTED_EDGE('',*,*,#4302,.F.);
#4369 = ORIENTED_EDGE('',*,*,#4262,.F.);
#4370 = ORIENTED_EDGE('',*,*,#4169,.T.);
#4371 = ORIENTED_EDGE('',*,*,#4372,.T.);
#4372 = EDGE_CURVE('',#4172,#4303,#4373,.T.);
#4373 = LINE('',#4374,#4375);
#4374 = CARTESIAN_POINT('',(-0.223,-0.15,-1.387778780781E-17));
#4375 = VECTOR('',#4376,1.);
#4376 = DIRECTION('',(0.,1.,0.));
#4377 = PLANE('',#4378);
#4378 = AXIS2_PLACEMENT_3D('',#4379,#4380,#4381);
#4379 = CARTESIAN_POINT('',(-0.3,-0.15,0.));
#4380 = DIRECTION('',(0.,0.,1.));
#4381 = DIRECTION('',(1.,0.,-0.));
#4382 = ADVANCED_FACE('',(#4383),#4394,.T.);
#4383 = FACE_BOUND('',#4384,.T.);
#4384 = EDGE_LOOP('',(#4385,#4386,#4387,#4388));
#4385 = ORIENTED_EDGE('',*,*,#4237,.T.);
#4386 = ORIENTED_EDGE('',*,*,#4372,.T.);
#4387 = ORIENTED_EDGE('',*,*,#4354,.F.);
#4388 = ORIENTED_EDGE('',*,*,#4389,.F.);
#4389 = EDGE_CURVE('',#4230,#4347,#4390,.T.);
#4390 = LINE('',#4391,#4392);
#4391 = CARTESIAN_POINT('',(-0.2,-0.15,2.3E-02));
#4392 = VECTOR('',#4393,1.);
#4393 = DIRECTION('',(0.,1.,0.));
#4394 = CYLINDRICAL_SURFACE('',#4395,2.3E-02);
#4395 = AXIS2_PLACEMENT_3D('',#4396,#4397,#4398);
#4396 = CARTESIAN_POINT('',(-0.223,-0.15,2.3E-02));
#4397 = DIRECTION('',(0.,1.,0.));
#4398 = DIRECTION('',(1.,0.,0.));
#4399 = ADVANCED_FACE('',(#4400),#4443,.F.);
#4400 = FACE_BOUND('',#4401,.F.);
#4401 = EDGE_LOOP('',(#4402,#4403,#4404,#4405,#4413,#4421,#4429,#4437));
#4402 = ORIENTED_EDGE('',*,*,#4229,.F.);
#4403 = ORIENTED_EDGE('',*,*,#4221,.T.);
#4404 = ORIENTED_EDGE('',*,*,#4213,.T.);
#4405 = ORIENTED_EDGE('',*,*,#4406,.T.);
#4406 = EDGE_CURVE('',#4205,#4407,#4409,.T.);
#4407 = VERTEX_POINT('',#4408);
#4408 = CARTESIAN_POINT('',(0.2,-0.15,0.207));
#4409 = LINE('',#4410,#4411);
#4410 = CARTESIAN_POINT('',(-0.2,-0.15,0.207));
#4411 = VECTOR('',#4412,1.);
#4412 = DIRECTION('',(1.,0.,0.));
#4413 = ORIENTED_EDGE('',*,*,#4414,.T.);
#4414 = EDGE_CURVE('',#4407,#4415,#4417,.T.);
#4415 = VERTEX_POINT('',#4416);
#4416 = CARTESIAN_POINT('',(0.277,-0.15,0.207));
#4417 = LINE('',#4418,#4419);
#4418 = CARTESIAN_POINT('',(-0.277,-0.15,0.207));
#4419 = VECTOR('',#4420,1.);
#4420 = DIRECTION('',(1.,0.,0.));
#4421 = ORIENTED_EDGE('',*,*,#4422,.F.);
#4422 = EDGE_CURVE('',#4423,#4415,#4425,.T.);
#4423 = VERTEX_POINT('',#4424);
#4424 = CARTESIAN_POINT('',(0.277,-0.15,2.3E-02));
#4425 = LINE('',#4426,#4427);
#4426 = CARTESIAN_POINT('',(0.277,-0.15,2.3E-02));
#4427 = VECTOR('',#4428,1.);
#4428 = DIRECTION('',(0.,0.,1.));
#4429 = ORIENTED_EDGE('',*,*,#4430,.F.);
#4430 = EDGE_CURVE('',#4431,#4423,#4433,.T.);
#4431 = VERTEX_POINT('',#4432);
#4432 = CARTESIAN_POINT('',(0.2,-0.15,2.3E-02));
#4433 = LINE('',#4434,#4435);
#4434 = CARTESIAN_POINT('',(-0.277,-0.15,2.3E-02));
#4435 = VECTOR('',#4436,1.);
#4436 = DIRECTION('',(1.,0.,0.));
#4437 = ORIENTED_EDGE('',*,*,#4438,.F.);
#4438 = EDGE_CURVE('',#4230,#4431,#4439,.T.);
#4439 = LINE('',#4440,#4441);
#4440 = CARTESIAN_POINT('',(-0.277,-0.15,2.3E-02));
#4441 = VECTOR('',#4442,1.);
#4442 = DIRECTION('',(1.,0.,0.));
#4443 = PLANE('',#4444);
#4444 = AXIS2_PLACEMENT_3D('',#4445,#4446,#4447);
#4445 = CARTESIAN_POINT('',(-0.277,-0.15,2.3E-02));
#4446 = DIRECTION('',(0.,1.,0.));
#4447 = DIRECTION('',(0.,-0.,1.));
#4448 = ADVANCED_FACE('',(#4449),#4460,.T.);
#4449 = FACE_BOUND('',#4450,.T.);
#4450 = EDGE_LOOP('',(#4451,#4452,#4453,#4454));
#4451 = ORIENTED_EDGE('',*,*,#4313,.F.);
#4452 = ORIENTED_EDGE('',*,*,#4278,.F.);
#4453 = ORIENTED_EDGE('',*,*,#4196,.T.);
#4454 = ORIENTED_EDGE('',*,*,#4455,.T.);
#4455 = EDGE_CURVE('',#4197,#4314,#4456,.T.);
#4456 = LINE('',#4457,#4458);
#4457 = CARTESIAN_POINT('',(-0.223,-0.15,0.23));
#4458 = VECTOR('',#4459,1.);
#4459 = DIRECTION('',(0.,1.,0.));
#4460 = PLANE('',#4461);
#4461 = AXIS2_PLACEMENT_3D('',#4462,#4463,#4464);
#4462 = CARTESIAN_POINT('',(-0.3,-0.15,0.23));
#4463 = DIRECTION('',(0.,0.,1.));
#4464 = DIRECTION('',(1.,0.,-0.));
#4465 = ADVANCED_FACE('',(#4466),#4477,.T.);
#4466 = FACE_BOUND('',#4467,.T.);
#4467 = EDGE_LOOP('',(#4468,#4474,#4475,#4476));
#4468 = ORIENTED_EDGE('',*,*,#4469,.T.);
#4469 = EDGE_CURVE('',#4205,#4322,#4470,.T.);
#4470 = LINE('',#4471,#4472);
#4471 = CARTESIAN_POINT('',(-0.2,-0.15,0.207));
#4472 = VECTOR('',#4473,1.);
#4473 = DIRECTION('',(0.,1.,0.));
#4474 = ORIENTED_EDGE('',*,*,#4321,.T.);
#4475 = ORIENTED_EDGE('',*,*,#4455,.F.);
#4476 = ORIENTED_EDGE('',*,*,#4204,.F.);
#4477 = CYLINDRICAL_SURFACE('',#4478,2.3E-02);
#4478 = AXIS2_PLACEMENT_3D('',#4479,#4480,#4481);
#4479 = CARTESIAN_POINT('',(-0.223,-0.15,0.207));
#4480 = DIRECTION('',(0.,1.,0.));
#4481 = DIRECTION('',(1.,0.,0.));
#4482 = ADVANCED_FACE('',(#4483),#4526,.T.);
#4483 = FACE_BOUND('',#4484,.T.);
#4484 = EDGE_LOOP('',(#4485,#4486,#4487,#4488,#4496,#4504,#4512,#4520));
#4485 = ORIENTED_EDGE('',*,*,#4346,.F.);
#4486 = ORIENTED_EDGE('',*,*,#4338,.T.);
#4487 = ORIENTED_EDGE('',*,*,#4330,.T.);
#4488 = ORIENTED_EDGE('',*,*,#4489,.T.);
#4489 = EDGE_CURVE('',#4322,#4490,#4492,.T.);
#4490 = VERTEX_POINT('',#4491);
#4491 = CARTESIAN_POINT('',(0.2,0.15,0.207));
#4492 = LINE('',#4493,#4494);
#4493 = CARTESIAN_POINT('',(-0.2,0.15,0.207));
#4494 = VECTOR('',#4495,1.);
#4495 = DIRECTION('',(1.,0.,0.));
#4496 = ORIENTED_EDGE('',*,*,#4497,.T.);
#4497 = EDGE_CURVE('',#4490,#4498,#4500,.T.);
#4498 = VERTEX_POINT('',#4499);
#4499 = CARTESIAN_POINT('',(0.277,0.15,0.207));
#4500 = LINE('',#4501,#4502);
#4501 = CARTESIAN_POINT('',(-0.277,0.15,0.207));
#4502 = VECTOR('',#4503,1.);
#4503 = DIRECTION('',(1.,0.,0.));
#4504 = ORIENTED_EDGE('',*,*,#4505,.F.);
#4505 = EDGE_CURVE('',#4506,#4498,#4508,.T.);
#4506 = VERTEX_POINT('',#4507);
#4507 = CARTESIAN_POINT('',(0.277,0.15,2.3E-02));
#4508 = LINE('',#4509,#4510);
#4509 = CARTESIAN_POINT('',(0.277,0.15,2.3E-02));
#4510 = VECTOR('',#4511,1.);
#4511 = DIRECTION('',(0.,0.,1.));
#4512 = ORIENTED_EDGE('',*,*,#4513,.F.);
#4513 = EDGE_CURVE('',#4514,#4506,#4516,.T.);
#4514 = VERTEX_POINT('',#4515);
#4515 = CARTESIAN_POINT('',(0.2,0.15,2.3E-02));
#4516 = LINE('',#4517,#4518);
#4517 = CARTESIAN_POINT('',(-0.277,0.15,2.3E-02));
#4518 = VECTOR('',#4519,1.);
#4519 = DIRECTION('',(1.,0.,0.));
#4520 = ORIENTED_EDGE('',*,*,#4521,.F.);
#4521 = EDGE_CURVE('',#4347,#4514,#4522,.T.);
#4522 = LINE('',#4523,#4524);
#4523 = CARTESIAN_POINT('',(-0.277,0.15,2.3E-02));
#4524 = VECTOR('',#4525,1.);
#4525 = DIRECTION('',(1.,0.,0.));
#4526 = PLANE('',#4527);
#4527 = AXIS2_PLACEMENT_3D('',#4528,#4529,#4530);
#4528 = CARTESIAN_POINT('',(-0.277,0.15,2.3E-02));
#4529 = DIRECTION('',(0.,1.,0.));
#4530 = DIRECTION('',(0.,-0.,1.));
#4531 = ADVANCED_FACE('',(#4532),#4543,.F.);
#4532 = FACE_BOUND('',#4533,.F.);
#4533 = EDGE_LOOP('',(#4534,#4535,#4536,#4542));
#4534 = ORIENTED_EDGE('',*,*,#4389,.F.);
#4535 = ORIENTED_EDGE('',*,*,#4438,.T.);
#4536 = ORIENTED_EDGE('',*,*,#4537,.T.);
#4537 = EDGE_CURVE('',#4431,#4514,#4538,.T.);
#4538 = LINE('',#4539,#4540);
#4539 = CARTESIAN_POINT('',(0.2,-0.15,2.3E-02));
#4540 = VECTOR('',#4541,1.);
#4541 = DIRECTION('',(0.,1.,0.));
#4542 = ORIENTED_EDGE('',*,*,#4521,.F.);
#4543 = PLANE('',#4544);
#4544 = AXIS2_PLACEMENT_3D('',#4545,#4546,#4547);
#4545 = CARTESIAN_POINT('',(-0.277,-0.15,2.3E-02));
#4546 = DIRECTION('',(0.,0.,1.));
#4547 = DIRECTION('',(1.,0.,-0.));
#4548 = ADVANCED_FACE('',(#4549),#4612,.F.);
#4549 = FACE_BOUND('',#4550,.F.);
#4550 = EDGE_LOOP('',(#4551,#4561,#4568,#4569,#4570,#4571,#4580,#4588,
    #4597,#4605));
#4551 = ORIENTED_EDGE('',*,*,#4552,.F.);
#4552 = EDGE_CURVE('',#4553,#4555,#4557,.T.);
#4553 = VERTEX_POINT('',#4554);
#4554 = CARTESIAN_POINT('',(0.223,-0.15,-1.387778780781E-17));
#4555 = VERTEX_POINT('',#4556);
#4556 = CARTESIAN_POINT('',(0.277,-0.15,-1.387778780781E-17));
#4557 = LINE('',#4558,#4559);
#4558 = CARTESIAN_POINT('',(0.2,-0.15,0.));
#4559 = VECTOR('',#4560,1.);
#4560 = DIRECTION('',(1.,0.,0.));
#4561 = ORIENTED_EDGE('',*,*,#4562,.F.);
#4562 = EDGE_CURVE('',#4431,#4553,#4563,.T.);
#4563 = CIRCLE('',#4564,2.3E-02);
#4564 = AXIS2_PLACEMENT_3D('',#4565,#4566,#4567);
#4565 = CARTESIAN_POINT('',(0.223,-0.15,2.3E-02));
#4566 = DIRECTION('',(0.,-1.,0.));
#4567 = DIRECTION('',(0.,0.,1.));
#4568 = ORIENTED_EDGE('',*,*,#4430,.T.);
#4569 = ORIENTED_EDGE('',*,*,#4422,.T.);
#4570 = ORIENTED_EDGE('',*,*,#4414,.F.);
#4571 = ORIENTED_EDGE('',*,*,#4572,.T.);
#4572 = EDGE_CURVE('',#4407,#4573,#4575,.T.);
#4573 = VERTEX_POINT('',#4574);
#4574 = CARTESIAN_POINT('',(0.223,-0.15,0.23));
#4575 = CIRCLE('',#4576,2.3E-02);
#4576 = AXIS2_PLACEMENT_3D('',#4577,#4578,#4579);
#4577 = CARTESIAN_POINT('',(0.223,-0.15,0.207));
#4578 = DIRECTION('',(0.,1.,0.));
#4579 = DIRECTION('',(0.,-0.,1.));
#4580 = ORIENTED_EDGE('',*,*,#4581,.T.);
#4581 = EDGE_CURVE('',#4573,#4582,#4584,.T.);
#4582 = VERTEX_POINT('',#4583);
#4583 = CARTESIAN_POINT('',(0.277,-0.15,0.23));
#4584 = LINE('',#4585,#4586);
#4585 = CARTESIAN_POINT('',(0.2,-0.15,0.23));
#4586 = VECTOR('',#4587,1.);
#4587 = DIRECTION('',(1.,0.,0.));
#4588 = ORIENTED_EDGE('',*,*,#4589,.F.);
#4589 = EDGE_CURVE('',#4590,#4582,#4592,.T.);
#4590 = VERTEX_POINT('',#4591);
#4591 = CARTESIAN_POINT('',(0.3,-0.15,0.207));
#4592 = CIRCLE('',#4593,2.3E-02);
#4593 = AXIS2_PLACEMENT_3D('',#4594,#4595,#4596);
#4594 = CARTESIAN_POINT('',(0.277,-0.15,0.207));
#4595 = DIRECTION('',(0.,-1.,0.));
#4596 = DIRECTION('',(0.,0.,1.));
#4597 = ORIENTED_EDGE('',*,*,#4598,.F.);
#4598 = EDGE_CURVE('',#4599,#4590,#4601,.T.);
#4599 = VERTEX_POINT('',#4600);
#4600 = CARTESIAN_POINT('',(0.3,-0.15,2.3E-02));
#4601 = LINE('',#4602,#4603);
#4602 = CARTESIAN_POINT('',(0.3,-0.15,0.));
#4603 = VECTOR('',#4604,1.);
#4604 = DIRECTION('',(0.,0.,1.));
#4605 = ORIENTED_EDGE('',*,*,#4606,.T.);
#4606 = EDGE_CURVE('',#4599,#4555,#4607,.T.);
#4607 = CIRCLE('',#4608,2.3E-02);
#4608 = AXIS2_PLACEMENT_3D('',#4609,#4610,#4611);
#4609 = CARTESIAN_POINT('',(0.277,-0.15,2.3E-02));
#4610 = DIRECTION('',(0.,1.,0.));
#4611 = DIRECTION('',(0.,-0.,1.));
#4612 = PLANE('',#4613);
#4613 = AXIS2_PLACEMENT_3D('',#4614,#4615,#4616);
#4614 = CARTESIAN_POINT('',(0.2,-0.15,0.));
#4615 = DIRECTION('',(0.,1.,0.));
#4616 = DIRECTION('',(0.,-0.,1.));
#4617 = ADVANCED_FACE('',(#4618),#4643,.F.);
#4618 = FACE_BOUND('',#4619,.F.);
#4619 = EDGE_LOOP('',(#4620,#4621,#4629,#4637));
#4620 = ORIENTED_EDGE('',*,*,#4406,.F.);
#4621 = ORIENTED_EDGE('',*,*,#4622,.T.);
#4622 = EDGE_CURVE('',#4205,#4623,#4625,.T.);
#4623 = VERTEX_POINT('',#4624);
#4624 = CARTESIAN_POINT('',(-0.2,-0.15,0.23));
#4625 = LINE('',#4626,#4627);
#4626 = CARTESIAN_POINT('',(-0.2,-0.15,0.207));
#4627 = VECTOR('',#4628,1.);
#4628 = DIRECTION('',(0.,0.,1.));
#4629 = ORIENTED_EDGE('',*,*,#4630,.T.);
#4630 = EDGE_CURVE('',#4623,#4631,#4633,.T.);
#4631 = VERTEX_POINT('',#4632);
#4632 = CARTESIAN_POINT('',(0.2,-0.15,0.23));
#4633 = LINE('',#4634,#4635);
#4634 = CARTESIAN_POINT('',(-0.2,-0.15,0.23));
#4635 = VECTOR('',#4636,1.);
#4636 = DIRECTION('',(1.,0.,0.));
#4637 = ORIENTED_EDGE('',*,*,#4638,.F.);
#4638 = EDGE_CURVE('',#4407,#4631,#4639,.T.);
#4639 = LINE('',#4640,#4641);
#4640 = CARTESIAN_POINT('',(0.2,-0.15,0.207));
#4641 = VECTOR('',#4642,1.);
#4642 = DIRECTION('',(0.,0.,1.));
#4643 = PLANE('',#4644);
#4644 = AXIS2_PLACEMENT_3D('',#4645,#4646,#4647);
#4645 = CARTESIAN_POINT('',(-0.2,-0.15,0.207));
#4646 = DIRECTION('',(0.,1.,0.));
#4647 = DIRECTION('',(0.,-0.,1.));
#4648 = ADVANCED_FACE('',(#4649),#4667,.F.);
#4649 = FACE_BOUND('',#4650,.F.);
#4650 = EDGE_LOOP('',(#4651,#4652,#4653,#4661));
#4651 = ORIENTED_EDGE('',*,*,#4622,.F.);
#4652 = ORIENTED_EDGE('',*,*,#4469,.T.);
#4653 = ORIENTED_EDGE('',*,*,#4654,.T.);
#4654 = EDGE_CURVE('',#4322,#4655,#4657,.T.);
#4655 = VERTEX_POINT('',#4656);
#4656 = CARTESIAN_POINT('',(-0.2,0.15,0.23));
#4657 = LINE('',#4658,#4659);
#4658 = CARTESIAN_POINT('',(-0.2,0.15,0.207));
#4659 = VECTOR('',#4660,1.);
#4660 = DIRECTION('',(0.,0.,1.));
#4661 = ORIENTED_EDGE('',*,*,#4662,.F.);
#4662 = EDGE_CURVE('',#4623,#4655,#4663,.T.);
#4663 = LINE('',#4664,#4665);
#4664 = CARTESIAN_POINT('',(-0.2,-0.15,0.23));
#4665 = VECTOR('',#4666,1.);
#4666 = DIRECTION('',(0.,1.,0.));
#4667 = PLANE('',#4668);
#4668 = AXIS2_PLACEMENT_3D('',#4669,#4670,#4671);
#4669 = CARTESIAN_POINT('',(-0.2,-0.15,0.207));
#4670 = DIRECTION('',(1.,0.,0.));
#4671 = DIRECTION('',(0.,0.,1.));
#4672 = ADVANCED_FACE('',(#4673),#4736,.T.);
#4673 = FACE_BOUND('',#4674,.T.);
#4674 = EDGE_LOOP('',(#4675,#4685,#4692,#4693,#4694,#4695,#4704,#4712,
    #4721,#4729));
#4675 = ORIENTED_EDGE('',*,*,#4676,.F.);
#4676 = EDGE_CURVE('',#4677,#4679,#4681,.T.);
#4677 = VERTEX_POINT('',#4678);
#4678 = CARTESIAN_POINT('',(0.223,0.15,-1.387778780781E-17));
#4679 = VERTEX_POINT('',#4680);
#4680 = CARTESIAN_POINT('',(0.277,0.15,-1.387778780781E-17));
#4681 = LINE('',#4682,#4683);
#4682 = CARTESIAN_POINT('',(0.2,0.15,0.));
#4683 = VECTOR('',#4684,1.);
#4684 = DIRECTION('',(1.,0.,0.));
#4685 = ORIENTED_EDGE('',*,*,#4686,.F.);
#4686 = EDGE_CURVE('',#4514,#4677,#4687,.T.);
#4687 = CIRCLE('',#4688,2.3E-02);
#4688 = AXIS2_PLACEMENT_3D('',#4689,#4690,#4691);
#4689 = CARTESIAN_POINT('',(0.223,0.15,2.3E-02));
#4690 = DIRECTION('',(0.,-1.,0.));
#4691 = DIRECTION('',(0.,0.,1.));
#4692 = ORIENTED_EDGE('',*,*,#4513,.T.);
#4693 = ORIENTED_EDGE('',*,*,#4505,.T.);
#4694 = ORIENTED_EDGE('',*,*,#4497,.F.);
#4695 = ORIENTED_EDGE('',*,*,#4696,.T.);
#4696 = EDGE_CURVE('',#4490,#4697,#4699,.T.);
#4697 = VERTEX_POINT('',#4698);
#4698 = CARTESIAN_POINT('',(0.223,0.15,0.23));
#4699 = CIRCLE('',#4700,2.3E-02);
#4700 = AXIS2_PLACEMENT_3D('',#4701,#4702,#4703);
#4701 = CARTESIAN_POINT('',(0.223,0.15,0.207));
#4702 = DIRECTION('',(0.,1.,0.));
#4703 = DIRECTION('',(0.,-0.,1.));
#4704 = ORIENTED_EDGE('',*,*,#4705,.T.);
#4705 = EDGE_CURVE('',#4697,#4706,#4708,.T.);
#4706 = VERTEX_POINT('',#4707);
#4707 = CARTESIAN_POINT('',(0.277,0.15,0.23));
#4708 = LINE('',#4709,#4710);
#4709 = CARTESIAN_POINT('',(0.2,0.15,0.23));
#4710 = VECTOR('',#4711,1.);
#4711 = DIRECTION('',(1.,0.,0.));
#4712 = ORIENTED_EDGE('',*,*,#4713,.F.);
#4713 = EDGE_CURVE('',#4714,#4706,#4716,.T.);
#4714 = VERTEX_POINT('',#4715);
#4715 = CARTESIAN_POINT('',(0.3,0.15,0.207));
#4716 = CIRCLE('',#4717,2.3E-02);
#4717 = AXIS2_PLACEMENT_3D('',#4718,#4719,#4720);
#4718 = CARTESIAN_POINT('',(0.277,0.15,0.207));
#4719 = DIRECTION('',(0.,-1.,0.));
#4720 = DIRECTION('',(0.,0.,1.));
#4721 = ORIENTED_EDGE('',*,*,#4722,.F.);
#4722 = EDGE_CURVE('',#4723,#4714,#4725,.T.);
#4723 = VERTEX_POINT('',#4724);
#4724 = CARTESIAN_POINT('',(0.3,0.15,2.3E-02));
#4725 = LINE('',#4726,#4727);
#4726 = CARTESIAN_POINT('',(0.3,0.15,0.));
#4727 = VECTOR('',#4728,1.);
#4728 = DIRECTION('',(0.,0.,1.));
#4729 = ORIENTED_EDGE('',*,*,#4730,.T.);
#4730 = EDGE_CURVE('',#4723,#4679,#4731,.T.);
#4731 = CIRCLE('',#4732,2.3E-02);
#4732 = AXIS2_PLACEMENT_3D('',#4733,#4734,#4735);
#4733 = CARTESIAN_POINT('',(0.277,0.15,2.3E-02));
#4734 = DIRECTION('',(0.,1.,0.));
#4735 = DIRECTION('',(0.,-0.,1.));
#4736 = PLANE('',#4737);
#4737 = AXIS2_PLACEMENT_3D('',#4738,#4739,#4740);
#4738 = CARTESIAN_POINT('',(0.2,0.15,0.));
#4739 = DIRECTION('',(0.,1.,0.));
#4740 = DIRECTION('',(0.,-0.,1.));
#4741 = ADVANCED_FACE('',(#4742),#4760,.T.);
#4742 = FACE_BOUND('',#4743,.T.);
#4743 = EDGE_LOOP('',(#4744,#4745,#4746,#4754));
#4744 = ORIENTED_EDGE('',*,*,#4489,.F.);
#4745 = ORIENTED_EDGE('',*,*,#4654,.T.);
#4746 = ORIENTED_EDGE('',*,*,#4747,.T.);
#4747 = EDGE_CURVE('',#4655,#4748,#4750,.T.);
#4748 = VERTEX_POINT('',#4749);
#4749 = CARTESIAN_POINT('',(0.2,0.15,0.23));
#4750 = LINE('',#4751,#4752);
#4751 = CARTESIAN_POINT('',(-0.2,0.15,0.23));
#4752 = VECTOR('',#4753,1.);
#4753 = DIRECTION('',(1.,0.,0.));
#4754 = ORIENTED_EDGE('',*,*,#4755,.F.);
#4755 = EDGE_CURVE('',#4490,#4748,#4756,.T.);
#4756 = LINE('',#4757,#4758);
#4757 = CARTESIAN_POINT('',(0.2,0.15,0.207));
#4758 = VECTOR('',#4759,1.);
#4759 = DIRECTION('',(0.,0.,1.));
#4760 = PLANE('',#4761);
#4761 = AXIS2_PLACEMENT_3D('',#4762,#4763,#4764);
#4762 = CARTESIAN_POINT('',(-0.2,0.15,0.207));
#4763 = DIRECTION('',(0.,1.,0.));
#4764 = DIRECTION('',(0.,-0.,1.));
#4765 = ADVANCED_FACE('',(#4766),#4777,.T.);
#4766 = FACE_BOUND('',#4767,.T.);
#4767 = EDGE_LOOP('',(#4768,#4769,#4770,#4776));
#4768 = ORIENTED_EDGE('',*,*,#4537,.T.);
#4769 = ORIENTED_EDGE('',*,*,#4686,.T.);
#4770 = ORIENTED_EDGE('',*,*,#4771,.F.);
#4771 = EDGE_CURVE('',#4553,#4677,#4772,.T.);
#4772 = LINE('',#4773,#4774);
#4773 = CARTESIAN_POINT('',(0.223,-0.15,-1.387778780781E-17));
#4774 = VECTOR('',#4775,1.);
#4775 = DIRECTION('',(0.,1.,0.));
#4776 = ORIENTED_EDGE('',*,*,#4562,.F.);
#4777 = CYLINDRICAL_SURFACE('',#4778,2.3E-02);
#4778 = AXIS2_PLACEMENT_3D('',#4779,#4780,#4781);
#4779 = CARTESIAN_POINT('',(0.223,-0.15,2.3E-02));
#4780 = DIRECTION('',(0.,1.,0.));
#4781 = DIRECTION('',(-1.,0.,0.));
#4782 = ADVANCED_FACE('',(#4783),#4794,.F.);
#4783 = FACE_BOUND('',#4784,.F.);
#4784 = EDGE_LOOP('',(#4785,#4786,#4787,#4788));
#4785 = ORIENTED_EDGE('',*,*,#4676,.F.);
#4786 = ORIENTED_EDGE('',*,*,#4771,.F.);
#4787 = ORIENTED_EDGE('',*,*,#4552,.T.);
#4788 = ORIENTED_EDGE('',*,*,#4789,.T.);
#4789 = EDGE_CURVE('',#4555,#4679,#4790,.T.);
#4790 = LINE('',#4791,#4792);
#4791 = CARTESIAN_POINT('',(0.277,-0.15,-1.387778780781E-17));
#4792 = VECTOR('',#4793,1.);
#4793 = DIRECTION('',(0.,1.,0.));
#4794 = PLANE('',#4795);
#4795 = AXIS2_PLACEMENT_3D('',#4796,#4797,#4798);
#4796 = CARTESIAN_POINT('',(0.2,-0.15,0.));
#4797 = DIRECTION('',(0.,0.,1.));
#4798 = DIRECTION('',(1.,0.,-0.));
#4799 = ADVANCED_FACE('',(#4800),#4811,.T.);
#4800 = FACE_BOUND('',#4801,.T.);
#4801 = EDGE_LOOP('',(#4802,#4803,#4804,#4805));
#4802 = ORIENTED_EDGE('',*,*,#4606,.T.);
#4803 = ORIENTED_EDGE('',*,*,#4789,.T.);
#4804 = ORIENTED_EDGE('',*,*,#4730,.F.);
#4805 = ORIENTED_EDGE('',*,*,#4806,.F.);
#4806 = EDGE_CURVE('',#4599,#4723,#4807,.T.);
#4807 = LINE('',#4808,#4809);
#4808 = CARTESIAN_POINT('',(0.3,-0.15,2.3E-02));
#4809 = VECTOR('',#4810,1.);
#4810 = DIRECTION('',(0.,1.,0.));
#4811 = CYLINDRICAL_SURFACE('',#4812,2.3E-02);
#4812 = AXIS2_PLACEMENT_3D('',#4813,#4814,#4815);
#4813 = CARTESIAN_POINT('',(0.277,-0.15,2.3E-02));
#4814 = DIRECTION('',(0.,1.,0.));
#4815 = DIRECTION('',(1.,0.,0.));
#4816 = ADVANCED_FACE('',(#4817),#4828,.T.);
#4817 = FACE_BOUND('',#4818,.T.);
#4818 = EDGE_LOOP('',(#4819,#4820,#4821,#4822));
#4819 = ORIENTED_EDGE('',*,*,#4598,.F.);
#4820 = ORIENTED_EDGE('',*,*,#4806,.T.);
#4821 = ORIENTED_EDGE('',*,*,#4722,.T.);
#4822 = ORIENTED_EDGE('',*,*,#4823,.F.);
#4823 = EDGE_CURVE('',#4590,#4714,#4824,.T.);
#4824 = LINE('',#4825,#4826);
#4825 = CARTESIAN_POINT('',(0.3,-0.15,0.207));
#4826 = VECTOR('',#4827,1.);
#4827 = DIRECTION('',(0.,1.,0.));
#4828 = PLANE('',#4829);
#4829 = AXIS2_PLACEMENT_3D('',#4830,#4831,#4832);
#4830 = CARTESIAN_POINT('',(0.3,-0.15,0.));
#4831 = DIRECTION('',(1.,0.,0.));
#4832 = DIRECTION('',(0.,0.,1.));
#4833 = ADVANCED_FACE('',(#4834),#4845,.T.);
#4834 = FACE_BOUND('',#4835,.T.);
#4835 = EDGE_LOOP('',(#4836,#4837,#4838,#4844));
#4836 = ORIENTED_EDGE('',*,*,#4823,.T.);
#4837 = ORIENTED_EDGE('',*,*,#4713,.T.);
#4838 = ORIENTED_EDGE('',*,*,#4839,.F.);
#4839 = EDGE_CURVE('',#4582,#4706,#4840,.T.);
#4840 = LINE('',#4841,#4842);
#4841 = CARTESIAN_POINT('',(0.277,-0.15,0.23));
#4842 = VECTOR('',#4843,1.);
#4843 = DIRECTION('',(0.,1.,0.));
#4844 = ORIENTED_EDGE('',*,*,#4589,.F.);
#4845 = CYLINDRICAL_SURFACE('',#4846,2.3E-02);
#4846 = AXIS2_PLACEMENT_3D('',#4847,#4848,#4849);
#4847 = CARTESIAN_POINT('',(0.277,-0.15,0.207));
#4848 = DIRECTION('',(0.,1.,0.));
#4849 = DIRECTION('',(1.,0.,0.));
#4850 = ADVANCED_FACE('',(#4851),#4862,.T.);
#4851 = FACE_BOUND('',#4852,.T.);
#4852 = EDGE_LOOP('',(#4853,#4854,#4860,#4861));
#4853 = ORIENTED_EDGE('',*,*,#4705,.F.);
#4854 = ORIENTED_EDGE('',*,*,#4855,.F.);
#4855 = EDGE_CURVE('',#4573,#4697,#4856,.T.);
#4856 = LINE('',#4857,#4858);
#4857 = CARTESIAN_POINT('',(0.223,-0.15,0.23));
#4858 = VECTOR('',#4859,1.);
#4859 = DIRECTION('',(0.,1.,0.));
#4860 = ORIENTED_EDGE('',*,*,#4581,.T.);
#4861 = ORIENTED_EDGE('',*,*,#4839,.T.);
#4862 = PLANE('',#4863);
#4863 = AXIS2_PLACEMENT_3D('',#4864,#4865,#4866);
#4864 = CARTESIAN_POINT('',(0.2,-0.15,0.23));
#4865 = DIRECTION('',(0.,0.,1.));
#4866 = DIRECTION('',(1.,0.,-0.));
#4867 = ADVANCED_FACE('',(#4868),#4879,.T.);
#4868 = FACE_BOUND('',#4869,.T.);
#4869 = EDGE_LOOP('',(#4870,#4871,#4872,#4873));
#4870 = ORIENTED_EDGE('',*,*,#4572,.T.);
#4871 = ORIENTED_EDGE('',*,*,#4855,.T.);
#4872 = ORIENTED_EDGE('',*,*,#4696,.F.);
#4873 = ORIENTED_EDGE('',*,*,#4874,.F.);
#4874 = EDGE_CURVE('',#4407,#4490,#4875,.T.);
#4875 = LINE('',#4876,#4877);
#4876 = CARTESIAN_POINT('',(0.2,-0.15,0.207));
#4877 = VECTOR('',#4878,1.);
#4878 = DIRECTION('',(0.,1.,0.));
#4879 = CYLINDRICAL_SURFACE('',#4880,2.3E-02);
#4880 = AXIS2_PLACEMENT_3D('',#4881,#4882,#4883);
#4881 = CARTESIAN_POINT('',(0.223,-0.15,0.207));
#4882 = DIRECTION('',(0.,1.,0.));
#4883 = DIRECTION('',(-1.,0.,0.));
#4884 = ADVANCED_FACE('',(#4885),#4896,.T.);
#4885 = FACE_BOUND('',#4886,.T.);
#4886 = EDGE_LOOP('',(#4887,#4888,#4889,#4890));
#4887 = ORIENTED_EDGE('',*,*,#4638,.F.);
#4888 = ORIENTED_EDGE('',*,*,#4874,.T.);
#4889 = ORIENTED_EDGE('',*,*,#4755,.T.);
#4890 = ORIENTED_EDGE('',*,*,#4891,.F.);
#4891 = EDGE_CURVE('',#4631,#4748,#4892,.T.);
#4892 = LINE('',#4893,#4894);
#4893 = CARTESIAN_POINT('',(0.2,-0.15,0.23));
#4894 = VECTOR('',#4895,1.);
#4895 = DIRECTION('',(0.,1.,0.));
#4896 = PLANE('',#4897);
#4897 = AXIS2_PLACEMENT_3D('',#4898,#4899,#4900);
#4898 = CARTESIAN_POINT('',(0.2,-0.15,0.207));
#4899 = DIRECTION('',(1.,0.,0.));
#4900 = DIRECTION('',(0.,0.,1.));
#4901 = ADVANCED_FACE('',(#4902),#4908,.T.);
#4902 = FACE_BOUND('',#4903,.T.);
#4903 = EDGE_LOOP('',(#4904,#4905,#4906,#4907));
#4904 = ORIENTED_EDGE('',*,*,#4662,.F.);
#4905 = ORIENTED_EDGE('',*,*,#4630,.T.);
#4906 = ORIENTED_EDGE('',*,*,#4891,.T.);
#4907 = ORIENTED_EDGE('',*,*,#4747,.F.);
#4908 = PLANE('',#4909);
#4909 = AXIS2_PLACEMENT_3D('',#4910,#4911,#4912);
#4910 = CARTESIAN_POINT('',(-0.2,-0.15,0.23));
#4911 = DIRECTION('',(0.,0.,1.));
#4912 = DIRECTION('',(1.,0.,-0.));
#4913 = ( GEOMETRIC_REPRESENTATION_CONTEXT(3) 
GLOBAL_UNCERTAINTY_ASSIGNED_CONTEXT((#4917)) 
GLOBAL_UNIT_ASSIGNED_CONTEXT((#4914,#4915,#4916)) REPRESENTATION_CONTEXT
('Context #1','3D Context with UNIT and UNCERTAINTY') );
#4914 = ( LENGTH_UNIT() NAMED_UNIT(*) SI_UNIT(.MILLI.,.METRE.) );
#4915 = ( NAMED_UNIT(*) PLANE_ANGLE_UNIT() SI_UNIT($,.RADIAN.) );
#4916 = ( NAMED_UNIT(*) SI_UNIT($,.STERADIAN.) SOLID_ANGLE_UNIT() );
#4917 = UNCERTAINTY_MEASURE_WITH_UNIT(LENGTH_MEASURE(1.E-07),#4914,
  'distance_accuracy_value','confusion accuracy');
#4918 = CONTEXT_DEPENDENT_SHAPE_REPRESENTATION(#4919,#4921);
#4919 = ( REPRESENTATION_RELATIONSHIP('','',#4122,#4099) 
REPRESENTATION_RELATIONSHIP_WITH_TRANSFORMATION(#4920) 
SHAPE_REPRESENTATION_RELATIONSHIP() );
#4920 = ITEM_DEFINED_TRANSFORMATION('','',#11,#4100);
#4921 = PRODUCT_DEFINITION_SHAPE('Placement','Placement of an item',
  #4922);
#4922 = NEXT_ASSEMBLY_USAGE_OCCURRENCE('5','=>[0:1:1:7]','',#4094,#4117,
  $);
#4923 = PRODUCT_RELATED_PRODUCT_CATEGORY('part',$,(#4119));
#4924 = CONTEXT_DEPENDENT_SHAPE_REPRESENTATION(#4925,#4927);
#4925 = ( REPRESENTATION_RELATIONSHIP('','',#3203,#10) 
REPRESENTATION_RELATIONSHIP_WITH_TRANSFORMATION(#4926) 
SHAPE_REPRESENTATION_RELATIONSHIP() );
#4926 = ITEM_DEFINED_TRANSFORMATION('','',#11,#27);
#4927 = PRODUCT_DEFINITION_SHAPE('Placement','Placement of an item',
  #4928);
#4928 = NEXT_ASSEMBLY_USAGE_OCCURRENCE('7','C7','',#5,#3198,$);
#4929 = CONTEXT_DEPENDENT_SHAPE_REPRESENTATION(#4930,#4932);
#4930 = ( REPRESENTATION_RELATIONSHIP('','',#3203,#10) 
REPRESENTATION_RELATIONSHIP_WITH_TRANSFORMATION(#4931) 
SHAPE_REPRESENTATION_RELATIONSHIP() );
#4931 = ITEM_DEFINED_TRANSFORMATION('','',#11,#31);
#4932 = PRODUCT_DEFINITION_SHAPE('Placement','Placement of an item',
  #4933);
#4933 = NEXT_ASSEMBLY_USAGE_OCCURRENCE('8','C12','',#5,#3198,$);
#4934 = CONTEXT_DEPENDENT_SHAPE_REPRESENTATION(#4935,#4937);
#4935 = ( REPRESENTATION_RELATIONSHIP('','',#4099,#10) 
REPRESENTATION_RELATIONSHIP_WITH_TRANSFORMATION(#4936) 
SHAPE_REPRESENTATION_RELATIONSHIP() );
#4936 = ITEM_DEFINED_TRANSFORMATION('','',#11,#35);
#4937 = PRODUCT_DEFINITION_SHAPE('Placement','Placement of an item',
  #4938);
#4938 = NEXT_ASSEMBLY_USAGE_OCCURRENCE('9','R2','',#5,#4094,$);
#4939 = SHAPE_DEFINITION_REPRESENTATION(#4940,#4946);
#4940 = PRODUCT_DEFINITION_SHAPE('','',#4941);
#4941 = PRODUCT_DEFINITION('design','',#4942,#4945);
#4942 = PRODUCT_DEFINITION_FORMATION('','',#4943);
#4943 = PRODUCT('C_0402_1005Metric','C_0402_1005Metric','',(#4944));
#4944 = PRODUCT_CONTEXT('',#2,'mechanical');
#4945 = PRODUCT_DEFINITION_CONTEXT('part definition',#2,'design');
#4946 = SHAPE_REPRESENTATION('',(#11,#4947),#4951);
#4947 = AXIS2_PLACEMENT_3D('',#4948,#4949,#4950);
#4948 = CARTESIAN_POINT('',(0.,0.,0.));
#4949 = DIRECTION('',(0.,0.,1.));
#4950 = DIRECTION('',(1.,0.,-0.));
#4951 = ( GEOMETRIC_REPRESENTATION_CONTEXT(3) 
GLOBAL_UNCERTAINTY_ASSIGNED_CONTEXT((#4955)) 
GLOBAL_UNIT_ASSIGNED_CONTEXT((#4952,#4953,#4954)) REPRESENTATION_CONTEXT
('Context #1','3D Context with UNIT and UNCERTAINTY') );
#4952 = ( LENGTH_UNIT() NAMED_UNIT(*) SI_UNIT(.MILLI.,.METRE.) );
#4953 = ( NAMED_UNIT(*) PLANE_ANGLE_UNIT() SI_UNIT($,.RADIAN.) );
#4954 = ( NAMED_UNIT(*) SI_UNIT($,.STERADIAN.) SOLID_ANGLE_UNIT() );
#4955 = UNCERTAINTY_MEASURE_WITH_UNIT(LENGTH_MEASURE(1.E-07),#4952,
  'distance_accuracy_value','confusion accuracy');
#4956 = CONTEXT_DEPENDENT_SHAPE_REPRESENTATION(#4957,#4959);
#4957 = ( REPRESENTATION_RELATIONSHIP('','',#4946,#10) 
REPRESENTATION_RELATIONSHIP_WITH_TRANSFORMATION(#4958) 
SHAPE_REPRESENTATION_RELATIONSHIP() );
#4958 = ITEM_DEFINED_TRANSFORMATION('','',#11,#39);
#4959 = PRODUCT_DEFINITION_SHAPE('Placement','Placement of an item',
  #4960);
#4960 = NEXT_ASSEMBLY_USAGE_OCCURRENCE('11','C13','',#5,#4941,$);
#4961 = PRODUCT_RELATED_PRODUCT_CATEGORY('part',$,(#4943));
#4962 = SHAPE_DEFINITION_REPRESENTATION(#4963,#4969);
#4963 = PRODUCT_DEFINITION_SHAPE('','',#4964);
#4964 = PRODUCT_DEFINITION('design','',#4965,#4968);
#4965 = PRODUCT_DEFINITION_FORMATION('','',#4966);
#4966 = PRODUCT('C_0402_1005Metric','C_0402_1005Metric','',(#4967));
#4967 = PRODUCT_CONTEXT('',#2,'mechanical');
#4968 = PRODUCT_DEFINITION_CONTEXT('part definition',#2,'design');
#4969 = ADVANCED_BREP_SHAPE_REPRESENTATION('',(#11,#4970),#5824);
#4970 = MANIFOLD_SOLID_BREP('',#4971);
#4971 = CLOSED_SHELL('',(#4972,#5048,#5079,#5104,#5129,#5153,#5177,#5202
    ,#5227,#5244,#5330,#5362,#5386,#5411,#5435,#5460,#5484,#5509,#5526,
    #5612,#5643,#5668,#5693,#5717,#5741,#5766,#5791,#5808));
#4972 = ADVANCED_FACE('',(#4973),#5043,.F.);
#4973 = FACE_BOUND('',#4974,.F.);
#4974 = EDGE_LOOP('',(#4975,#4985,#4994,#5002,#5011,#5019,#5028,#5036));
#4975 = ORIENTED_EDGE('',*,*,#4976,.F.);
#4976 = EDGE_CURVE('',#4977,#4979,#4981,.T.);
#4977 = VERTEX_POINT('',#4978);
#4978 = CARTESIAN_POINT('',(-0.5,-0.25,2.E-02));
#4979 = VERTEX_POINT('',#4980);
#4980 = CARTESIAN_POINT('',(-0.5,-0.25,0.48));
#4981 = LINE('',#4982,#4983);
#4982 = CARTESIAN_POINT('',(-0.5,-0.25,0.));
#4983 = VECTOR('',#4984,1.);
#4984 = DIRECTION('',(0.,0.,1.));
#4985 = ORIENTED_EDGE('',*,*,#4986,.T.);
#4986 = EDGE_CURVE('',#4977,#4987,#4989,.T.);
#4987 = VERTEX_POINT('',#4988);
#4988 = CARTESIAN_POINT('',(-0.5,-0.23,0.));
#4989 = CIRCLE('',#4990,2.E-02);
#4990 = AXIS2_PLACEMENT_3D('',#4991,#4992,#4993);
#4991 = CARTESIAN_POINT('',(-0.5,-0.23,2.E-02));
#4992 = DIRECTION('',(1.,0.,-0.));
#4993 = DIRECTION('',(0.,0.,1.));
#4994 = ORIENTED_EDGE('',*,*,#4995,.T.);
#4995 = EDGE_CURVE('',#4987,#4996,#4998,.T.);
#4996 = VERTEX_POINT('',#4997);
#4997 = CARTESIAN_POINT('',(-0.5,0.23,0.));
#4998 = LINE('',#4999,#5000);
#4999 = CARTESIAN_POINT('',(-0.5,-0.25,0.));
#5000 = VECTOR('',#5001,1.);
#5001 = DIRECTION('',(0.,1.,0.));
#5002 = ORIENTED_EDGE('',*,*,#5003,.F.);
#5003 = EDGE_CURVE('',#5004,#4996,#5006,.T.);
#5004 = VERTEX_POINT('',#5005);
#5005 = CARTESIAN_POINT('',(-0.5,0.25,2.E-02));
#5006 = CIRCLE('',#5007,2.E-02);
#5007 = AXIS2_PLACEMENT_3D('',#5008,#5009,#5010);
#5008 = CARTESIAN_POINT('',(-0.5,0.23,2.E-02));
#5009 = DIRECTION('',(-1.,0.,0.));
#5010 = DIRECTION('',(0.,0.,1.));
#5011 = ORIENTED_EDGE('',*,*,#5012,.T.);
#5012 = EDGE_CURVE('',#5004,#5013,#5015,.T.);
#5013 = VERTEX_POINT('',#5014);
#5014 = CARTESIAN_POINT('',(-0.5,0.25,0.48));
#5015 = LINE('',#5016,#5017);
#5016 = CARTESIAN_POINT('',(-0.5,0.25,0.));
#5017 = VECTOR('',#5018,1.);
#5018 = DIRECTION('',(0.,0.,1.));
#5019 = ORIENTED_EDGE('',*,*,#5020,.T.);
#5020 = EDGE_CURVE('',#5013,#5021,#5023,.T.);
#5021 = VERTEX_POINT('',#5022);
#5022 = CARTESIAN_POINT('',(-0.5,0.23,0.5));
#5023 = CIRCLE('',#5024,2.E-02);
#5024 = AXIS2_PLACEMENT_3D('',#5025,#5026,#5027);
#5025 = CARTESIAN_POINT('',(-0.5,0.23,0.48));
#5026 = DIRECTION('',(1.,0.,-0.));
#5027 = DIRECTION('',(0.,0.,1.));
#5028 = ORIENTED_EDGE('',*,*,#5029,.F.);
#5029 = EDGE_CURVE('',#5030,#5021,#5032,.T.);
#5030 = VERTEX_POINT('',#5031);
#5031 = CARTESIAN_POINT('',(-0.5,-0.23,0.5));
#5032 = LINE('',#5033,#5034);
#5033 = CARTESIAN_POINT('',(-0.5,-0.25,0.5));
#5034 = VECTOR('',#5035,1.);
#5035 = DIRECTION('',(0.,1.,0.));
#5036 = ORIENTED_EDGE('',*,*,#5037,.F.);
#5037 = EDGE_CURVE('',#4979,#5030,#5038,.T.);
#5038 = CIRCLE('',#5039,2.E-02);
#5039 = AXIS2_PLACEMENT_3D('',#5040,#5041,#5042);
#5040 = CARTESIAN_POINT('',(-0.5,-0.23,0.48));
#5041 = DIRECTION('',(-1.,0.,0.));
#5042 = DIRECTION('',(0.,0.,1.));
#5043 = PLANE('',#5044);
#5044 = AXIS2_PLACEMENT_3D('',#5045,#5046,#5047);
#5045 = CARTESIAN_POINT('',(-0.5,-0.25,0.));
#5046 = DIRECTION('',(1.,0.,0.));
#5047 = DIRECTION('',(0.,0.,1.));
#5048 = ADVANCED_FACE('',(#5049),#5074,.F.);
#5049 = FACE_BOUND('',#5050,.F.);
#5050 = EDGE_LOOP('',(#5051,#5061,#5067,#5068));
#5051 = ORIENTED_EDGE('',*,*,#5052,.F.);
#5052 = EDGE_CURVE('',#5053,#5055,#5057,.T.);
#5053 = VERTEX_POINT('',#5054);
#5054 = CARTESIAN_POINT('',(-0.3,-0.25,2.E-02));
#5055 = VERTEX_POINT('',#5056);
#5056 = CARTESIAN_POINT('',(-0.3,-0.25,0.48));
#5057 = LINE('',#5058,#5059);
#5058 = CARTESIAN_POINT('',(-0.3,-0.25,0.));
#5059 = VECTOR('',#5060,1.);
#5060 = DIRECTION('',(0.,0.,1.));
#5061 = ORIENTED_EDGE('',*,*,#5062,.F.);
#5062 = EDGE_CURVE('',#4977,#5053,#5063,.T.);
#5063 = LINE('',#5064,#5065);
#5064 = CARTESIAN_POINT('',(-0.5,-0.25,2.E-02));
#5065 = VECTOR('',#5066,1.);
#5066 = DIRECTION('',(1.,0.,0.));
#5067 = ORIENTED_EDGE('',*,*,#4976,.T.);
#5068 = ORIENTED_EDGE('',*,*,#5069,.T.);
#5069 = EDGE_CURVE('',#4979,#5055,#5070,.T.);
#5070 = LINE('',#5071,#5072);
#5071 = CARTESIAN_POINT('',(-0.5,-0.25,0.48));
#5072 = VECTOR('',#5073,1.);
#5073 = DIRECTION('',(1.,0.,0.));
#5074 = PLANE('',#5075);
#5075 = AXIS2_PLACEMENT_3D('',#5076,#5077,#5078);
#5076 = CARTESIAN_POINT('',(-0.5,-0.25,0.));
#5077 = DIRECTION('',(0.,1.,0.));
#5078 = DIRECTION('',(0.,-0.,1.));
#5079 = ADVANCED_FACE('',(#5080),#5099,.T.);
#5080 = FACE_BOUND('',#5081,.T.);
#5081 = EDGE_LOOP('',(#5082,#5083,#5091,#5098));
#5082 = ORIENTED_EDGE('',*,*,#4986,.T.);
#5083 = ORIENTED_EDGE('',*,*,#5084,.T.);
#5084 = EDGE_CURVE('',#4987,#5085,#5087,.T.);
#5085 = VERTEX_POINT('',#5086);
#5086 = CARTESIAN_POINT('',(-0.3,-0.23,0.));
#5087 = LINE('',#5088,#5089);
#5088 = CARTESIAN_POINT('',(-0.5,-0.23,0.));
#5089 = VECTOR('',#5090,1.);
#5090 = DIRECTION('',(1.,0.,0.));
#5091 = ORIENTED_EDGE('',*,*,#5092,.F.);
#5092 = EDGE_CURVE('',#5053,#5085,#5093,.T.);
#5093 = CIRCLE('',#5094,2.E-02);
#5094 = AXIS2_PLACEMENT_3D('',#5095,#5096,#5097);
#5095 = CARTESIAN_POINT('',(-0.3,-0.23,2.E-02));
#5096 = DIRECTION('',(1.,0.,-0.));
#5097 = DIRECTION('',(0.,0.,1.));
#5098 = ORIENTED_EDGE('',*,*,#5062,.F.);
#5099 = CYLINDRICAL_SURFACE('',#5100,2.E-02);
#5100 = AXIS2_PLACEMENT_3D('',#5101,#5102,#5103);
#5101 = CARTESIAN_POINT('',(-0.5,-0.23,2.E-02));
#5102 = DIRECTION('',(1.,0.,0.));
#5103 = DIRECTION('',(0.,-1.,0.));
#5104 = ADVANCED_FACE('',(#5105),#5124,.T.);
#5105 = FACE_BOUND('',#5106,.T.);
#5106 = EDGE_LOOP('',(#5107,#5108,#5117,#5123));
#5107 = ORIENTED_EDGE('',*,*,#5069,.T.);
#5108 = ORIENTED_EDGE('',*,*,#5109,.T.);
#5109 = EDGE_CURVE('',#5055,#5110,#5112,.T.);
#5110 = VERTEX_POINT('',#5111);
#5111 = CARTESIAN_POINT('',(-0.3,-0.23,0.5));
#5112 = CIRCLE('',#5113,2.E-02);
#5113 = AXIS2_PLACEMENT_3D('',#5114,#5115,#5116);
#5114 = CARTESIAN_POINT('',(-0.3,-0.23,0.48));
#5115 = DIRECTION('',(-1.,0.,0.));
#5116 = DIRECTION('',(0.,0.,1.));
#5117 = ORIENTED_EDGE('',*,*,#5118,.F.);
#5118 = EDGE_CURVE('',#5030,#5110,#5119,.T.);
#5119 = LINE('',#5120,#5121);
#5120 = CARTESIAN_POINT('',(-0.5,-0.23,0.5));
#5121 = VECTOR('',#5122,1.);
#5122 = DIRECTION('',(1.,0.,0.));
#5123 = ORIENTED_EDGE('',*,*,#5037,.F.);
#5124 = CYLINDRICAL_SURFACE('',#5125,2.E-02);
#5125 = AXIS2_PLACEMENT_3D('',#5126,#5127,#5128);
#5126 = CARTESIAN_POINT('',(-0.5,-0.23,0.48));
#5127 = DIRECTION('',(1.,0.,0.));
#5128 = DIRECTION('',(0.,-1.,0.));
#5129 = ADVANCED_FACE('',(#5130),#5148,.F.);
#5130 = FACE_BOUND('',#5131,.F.);
#5131 = EDGE_LOOP('',(#5132,#5133,#5134,#5142));
#5132 = ORIENTED_EDGE('',*,*,#4995,.F.);
#5133 = ORIENTED_EDGE('',*,*,#5084,.T.);
#5134 = ORIENTED_EDGE('',*,*,#5135,.T.);
#5135 = EDGE_CURVE('',#5085,#5136,#5138,.T.);
#5136 = VERTEX_POINT('',#5137);
#5137 = CARTESIAN_POINT('',(-0.3,0.23,0.));
#5138 = LINE('',#5139,#5140);
#5139 = CARTESIAN_POINT('',(-0.3,-0.25,0.));
#5140 = VECTOR('',#5141,1.);
#5141 = DIRECTION('',(0.,1.,0.));
#5142 = ORIENTED_EDGE('',*,*,#5143,.F.);
#5143 = EDGE_CURVE('',#4996,#5136,#5144,.T.);
#5144 = LINE('',#5145,#5146);
#5145 = CARTESIAN_POINT('',(-0.5,0.23,0.));
#5146 = VECTOR('',#5147,1.);
#5147 = DIRECTION('',(1.,0.,0.));
#5148 = PLANE('',#5149);
#5149 = AXIS2_PLACEMENT_3D('',#5150,#5151,#5152);
#5150 = CARTESIAN_POINT('',(-0.5,-0.25,0.));
#5151 = DIRECTION('',(0.,0.,1.));
#5152 = DIRECTION('',(1.,0.,-0.));
#5153 = ADVANCED_FACE('',(#5154),#5172,.T.);
#5154 = FACE_BOUND('',#5155,.T.);
#5155 = EDGE_LOOP('',(#5156,#5157,#5158,#5166));
#5156 = ORIENTED_EDGE('',*,*,#5029,.F.);
#5157 = ORIENTED_EDGE('',*,*,#5118,.T.);
#5158 = ORIENTED_EDGE('',*,*,#5159,.T.);
#5159 = EDGE_CURVE('',#5110,#5160,#5162,.T.);
#5160 = VERTEX_POINT('',#5161);
#5161 = CARTESIAN_POINT('',(-0.3,0.23,0.5));
#5162 = LINE('',#5163,#5164);
#5163 = CARTESIAN_POINT('',(-0.3,-0.25,0.5));
#5164 = VECTOR('',#5165,1.);
#5165 = DIRECTION('',(0.,1.,0.));
#5166 = ORIENTED_EDGE('',*,*,#5167,.F.);
#5167 = EDGE_CURVE('',#5021,#5160,#5168,.T.);
#5168 = LINE('',#5169,#5170);
#5169 = CARTESIAN_POINT('',(-0.5,0.23,0.5));
#5170 = VECTOR('',#5171,1.);
#5171 = DIRECTION('',(1.,0.,0.));
#5172 = PLANE('',#5173);
#5173 = AXIS2_PLACEMENT_3D('',#5174,#5175,#5176);
#5174 = CARTESIAN_POINT('',(-0.5,-0.25,0.5));
#5175 = DIRECTION('',(0.,0.,1.));
#5176 = DIRECTION('',(1.,0.,-0.));
#5177 = ADVANCED_FACE('',(#5178),#5197,.T.);
#5178 = FACE_BOUND('',#5179,.T.);
#5179 = EDGE_LOOP('',(#5180,#5188,#5195,#5196));
#5180 = ORIENTED_EDGE('',*,*,#5181,.T.);
#5181 = EDGE_CURVE('',#5004,#5182,#5184,.T.);
#5182 = VERTEX_POINT('',#5183);
#5183 = CARTESIAN_POINT('',(-0.3,0.25,2.E-02));
#5184 = LINE('',#5185,#5186);
#5185 = CARTESIAN_POINT('',(-0.5,0.25,2.E-02));
#5186 = VECTOR('',#5187,1.);
#5187 = DIRECTION('',(1.,0.,0.));
#5188 = ORIENTED_EDGE('',*,*,#5189,.T.);
#5189 = EDGE_CURVE('',#5182,#5136,#5190,.T.);
#5190 = CIRCLE('',#5191,2.E-02);
#5191 = AXIS2_PLACEMENT_3D('',#5192,#5193,#5194);
#5192 = CARTESIAN_POINT('',(-0.3,0.23,2.E-02));
#5193 = DIRECTION('',(-1.,0.,0.));
#5194 = DIRECTION('',(0.,0.,1.));
#5195 = ORIENTED_EDGE('',*,*,#5143,.F.);
#5196 = ORIENTED_EDGE('',*,*,#5003,.F.);
#5197 = CYLINDRICAL_SURFACE('',#5198,2.E-02);
#5198 = AXIS2_PLACEMENT_3D('',#5199,#5200,#5201);
#5199 = CARTESIAN_POINT('',(-0.5,0.23,2.E-02));
#5200 = DIRECTION('',(1.,0.,0.));
#5201 = DIRECTION('',(-0.,1.,0.));
#5202 = ADVANCED_FACE('',(#5203),#5222,.T.);
#5203 = FACE_BOUND('',#5204,.T.);
#5204 = EDGE_LOOP('',(#5205,#5206,#5207,#5216));
#5205 = ORIENTED_EDGE('',*,*,#5020,.T.);
#5206 = ORIENTED_EDGE('',*,*,#5167,.T.);
#5207 = ORIENTED_EDGE('',*,*,#5208,.F.);
#5208 = EDGE_CURVE('',#5209,#5160,#5211,.T.);
#5209 = VERTEX_POINT('',#5210);
#5210 = CARTESIAN_POINT('',(-0.3,0.25,0.48));
#5211 = CIRCLE('',#5212,2.E-02);
#5212 = AXIS2_PLACEMENT_3D('',#5213,#5214,#5215);
#5213 = CARTESIAN_POINT('',(-0.3,0.23,0.48));
#5214 = DIRECTION('',(1.,0.,-0.));
#5215 = DIRECTION('',(0.,0.,1.));
#5216 = ORIENTED_EDGE('',*,*,#5217,.F.);
#5217 = EDGE_CURVE('',#5013,#5209,#5218,.T.);
#5218 = LINE('',#5219,#5220);
#5219 = CARTESIAN_POINT('',(-0.5,0.25,0.48));
#5220 = VECTOR('',#5221,1.);
#5221 = DIRECTION('',(1.,0.,0.));
#5222 = CYLINDRICAL_SURFACE('',#5223,2.E-02);
#5223 = AXIS2_PLACEMENT_3D('',#5224,#5225,#5226);
#5224 = CARTESIAN_POINT('',(-0.5,0.23,0.48));
#5225 = DIRECTION('',(1.,0.,0.));
#5226 = DIRECTION('',(-0.,1.,0.));
#5227 = ADVANCED_FACE('',(#5228),#5239,.T.);
#5228 = FACE_BOUND('',#5229,.T.);
#5229 = EDGE_LOOP('',(#5230,#5236,#5237,#5238));
#5230 = ORIENTED_EDGE('',*,*,#5231,.F.);
#5231 = EDGE_CURVE('',#5182,#5209,#5232,.T.);
#5232 = LINE('',#5233,#5234);
#5233 = CARTESIAN_POINT('',(-0.3,0.25,0.));
#5234 = VECTOR('',#5235,1.);
#5235 = DIRECTION('',(0.,0.,1.));
#5236 = ORIENTED_EDGE('',*,*,#5181,.F.);
#5237 = ORIENTED_EDGE('',*,*,#5012,.T.);
#5238 = ORIENTED_EDGE('',*,*,#5217,.T.);
#5239 = PLANE('',#5240);
#5240 = AXIS2_PLACEMENT_3D('',#5241,#5242,#5243);
#5241 = CARTESIAN_POINT('',(-0.5,0.25,0.));
#5242 = DIRECTION('',(0.,1.,0.));
#5243 = DIRECTION('',(0.,-0.,1.));
#5244 = ADVANCED_FACE('',(#5245,#5255),#5325,.T.);
#5245 = FACE_BOUND('',#5246,.T.);
#5246 = EDGE_LOOP('',(#5247,#5248,#5249,#5250,#5251,#5252,#5253,#5254));
#5247 = ORIENTED_EDGE('',*,*,#5052,.F.);
#5248 = ORIENTED_EDGE('',*,*,#5092,.T.);
#5249 = ORIENTED_EDGE('',*,*,#5135,.T.);
#5250 = ORIENTED_EDGE('',*,*,#5189,.F.);
#5251 = ORIENTED_EDGE('',*,*,#5231,.T.);
#5252 = ORIENTED_EDGE('',*,*,#5208,.T.);
#5253 = ORIENTED_EDGE('',*,*,#5159,.F.);
#5254 = ORIENTED_EDGE('',*,*,#5109,.F.);
#5255 = FACE_BOUND('',#5256,.T.);
#5256 = EDGE_LOOP('',(#5257,#5268,#5276,#5285,#5293,#5302,#5310,#5319));
#5257 = ORIENTED_EDGE('',*,*,#5258,.F.);
#5258 = EDGE_CURVE('',#5259,#5261,#5263,.T.);
#5259 = VERTEX_POINT('',#5260);
#5260 = CARTESIAN_POINT('',(-0.3,-0.23,4.E-02));
#5261 = VERTEX_POINT('',#5262);
#5262 = CARTESIAN_POINT('',(-0.3,-0.21,2.E-02));
#5263 = CIRCLE('',#5264,2.E-02);
#5264 = AXIS2_PLACEMENT_3D('',#5265,#5266,#5267);
#5265 = CARTESIAN_POINT('',(-0.3,-0.21,4.E-02));
#5266 = DIRECTION('',(1.,0.,-0.));
#5267 = DIRECTION('',(0.,0.,1.));
#5268 = ORIENTED_EDGE('',*,*,#5269,.T.);
#5269 = EDGE_CURVE('',#5259,#5270,#5272,.T.);
#5270 = VERTEX_POINT('',#5271);
#5271 = CARTESIAN_POINT('',(-0.3,-0.23,0.46));
#5272 = LINE('',#5273,#5274);
#5273 = CARTESIAN_POINT('',(-0.3,-0.23,2.E-02));
#5274 = VECTOR('',#5275,1.);
#5275 = DIRECTION('',(0.,0.,1.));
#5276 = ORIENTED_EDGE('',*,*,#5277,.T.);
#5277 = EDGE_CURVE('',#5270,#5278,#5280,.T.);
#5278 = VERTEX_POINT('',#5279);
#5279 = CARTESIAN_POINT('',(-0.3,-0.21,0.48));
#5280 = CIRCLE('',#5281,2.E-02);
#5281 = AXIS2_PLACEMENT_3D('',#5282,#5283,#5284);
#5282 = CARTESIAN_POINT('',(-0.3,-0.21,0.46));
#5283 = DIRECTION('',(-1.,0.,0.));
#5284 = DIRECTION('',(0.,0.,1.));
#5285 = ORIENTED_EDGE('',*,*,#5286,.T.);
#5286 = EDGE_CURVE('',#5278,#5287,#5289,.T.);
#5287 = VERTEX_POINT('',#5288);
#5288 = CARTESIAN_POINT('',(-0.3,0.21,0.48));
#5289 = LINE('',#5290,#5291);
#5290 = CARTESIAN_POINT('',(-0.3,-0.23,0.48));
#5291 = VECTOR('',#5292,1.);
#5292 = DIRECTION('',(0.,1.,0.));
#5293 = ORIENTED_EDGE('',*,*,#5294,.F.);
#5294 = EDGE_CURVE('',#5295,#5287,#5297,.T.);
#5295 = VERTEX_POINT('',#5296);
#5296 = CARTESIAN_POINT('',(-0.3,0.23,0.46));
#5297 = CIRCLE('',#5298,2.E-02);
#5298 = AXIS2_PLACEMENT_3D('',#5299,#5300,#5301);
#5299 = CARTESIAN_POINT('',(-0.3,0.21,0.46));
#5300 = DIRECTION('',(1.,0.,-0.));
#5301 = DIRECTION('',(0.,0.,1.));
#5302 = ORIENTED_EDGE('',*,*,#5303,.F.);
#5303 = EDGE_CURVE('',#5304,#5295,#5306,.T.);
#5304 = VERTEX_POINT('',#5305);
#5305 = CARTESIAN_POINT('',(-0.3,0.23,4.E-02));
#5306 = LINE('',#5307,#5308);
#5307 = CARTESIAN_POINT('',(-0.3,0.23,2.E-02));
#5308 = VECTOR('',#5309,1.);
#5309 = DIRECTION('',(0.,0.,1.));
#5310 = ORIENTED_EDGE('',*,*,#5311,.T.);
#5311 = EDGE_CURVE('',#5304,#5312,#5314,.T.);
#5312 = VERTEX_POINT('',#5313);
#5313 = CARTESIAN_POINT('',(-0.3,0.21,2.E-02));
#5314 = CIRCLE('',#5315,2.E-02);
#5315 = AXIS2_PLACEMENT_3D('',#5316,#5317,#5318);
#5316 = CARTESIAN_POINT('',(-0.3,0.21,4.E-02));
#5317 = DIRECTION('',(-1.,0.,0.));
#5318 = DIRECTION('',(0.,0.,1.));
#5319 = ORIENTED_EDGE('',*,*,#5320,.F.);
#5320 = EDGE_CURVE('',#5261,#5312,#5321,.T.);
#5321 = LINE('',#5322,#5323);
#5322 = CARTESIAN_POINT('',(-0.3,-0.23,2.E-02));
#5323 = VECTOR('',#5324,1.);
#5324 = DIRECTION('',(0.,1.,0.));
#5325 = PLANE('',#5326);
#5326 = AXIS2_PLACEMENT_3D('',#5327,#5328,#5329);
#5327 = CARTESIAN_POINT('',(-0.3,-0.25,0.));
#5328 = DIRECTION('',(1.,0.,0.));
#5329 = DIRECTION('',(0.,0.,1.));
#5330 = ADVANCED_FACE('',(#5331),#5357,.T.);
#5331 = FACE_BOUND('',#5332,.T.);
#5332 = EDGE_LOOP('',(#5333,#5334,#5342,#5351));
#5333 = ORIENTED_EDGE('',*,*,#5258,.T.);
#5334 = ORIENTED_EDGE('',*,*,#5335,.T.);
#5335 = EDGE_CURVE('',#5261,#5336,#5338,.T.);
#5336 = VERTEX_POINT('',#5337);
#5337 = CARTESIAN_POINT('',(0.3,-0.21,2.E-02));
#5338 = LINE('',#5339,#5340);
#5339 = CARTESIAN_POINT('',(-0.3,-0.21,2.E-02));
#5340 = VECTOR('',#5341,1.);
#5341 = DIRECTION('',(1.,0.,0.));
#5342 = ORIENTED_EDGE('',*,*,#5343,.F.);
#5343 = EDGE_CURVE('',#5344,#5336,#5346,.T.);
#5344 = VERTEX_POINT('',#5345);
#5345 = CARTESIAN_POINT('',(0.3,-0.23,4.E-02));
#5346 = CIRCLE('',#5347,2.E-02);
#5347 = AXIS2_PLACEMENT_3D('',#5348,#5349,#5350);
#5348 = CARTESIAN_POINT('',(0.3,-0.21,4.E-02));
#5349 = DIRECTION('',(1.,0.,-0.));
#5350 = DIRECTION('',(0.,0.,1.));
#5351 = ORIENTED_EDGE('',*,*,#5352,.F.);
#5352 = EDGE_CURVE('',#5259,#5344,#5353,.T.);
#5353 = LINE('',#5354,#5355);
#5354 = CARTESIAN_POINT('',(-0.3,-0.23,4.E-02));
#5355 = VECTOR('',#5356,1.);
#5356 = DIRECTION('',(1.,0.,0.));
#5357 = CYLINDRICAL_SURFACE('',#5358,2.E-02);
#5358 = AXIS2_PLACEMENT_3D('',#5359,#5360,#5361);
#5359 = CARTESIAN_POINT('',(-0.3,-0.21,4.E-02));
#5360 = DIRECTION('',(1.,0.,0.));
#5361 = DIRECTION('',(0.,-1.,0.));
#5362 = ADVANCED_FACE('',(#5363),#5381,.F.);
#5363 = FACE_BOUND('',#5364,.F.);
#5364 = EDGE_LOOP('',(#5365,#5366,#5367,#5375));
#5365 = ORIENTED_EDGE('',*,*,#5320,.F.);
#5366 = ORIENTED_EDGE('',*,*,#5335,.T.);
#5367 = ORIENTED_EDGE('',*,*,#5368,.T.);
#5368 = EDGE_CURVE('',#5336,#5369,#5371,.T.);
#5369 = VERTEX_POINT('',#5370);
#5370 = CARTESIAN_POINT('',(0.3,0.21,2.E-02));
#5371 = LINE('',#5372,#5373);
#5372 = CARTESIAN_POINT('',(0.3,-0.23,2.E-02));
#5373 = VECTOR('',#5374,1.);
#5374 = DIRECTION('',(0.,1.,0.));
#5375 = ORIENTED_EDGE('',*,*,#5376,.F.);
#5376 = EDGE_CURVE('',#5312,#5369,#5377,.T.);
#5377 = LINE('',#5378,#5379);
#5378 = CARTESIAN_POINT('',(-0.3,0.21,2.E-02));
#5379 = VECTOR('',#5380,1.);
#5380 = DIRECTION('',(1.,0.,0.));
#5381 = PLANE('',#5382);
#5382 = AXIS2_PLACEMENT_3D('',#5383,#5384,#5385);
#5383 = CARTESIAN_POINT('',(-0.3,-0.23,2.E-02));
#5384 = DIRECTION('',(0.,0.,1.));
#5385 = DIRECTION('',(1.,0.,-0.));
#5386 = ADVANCED_FACE('',(#5387),#5406,.T.);
#5387 = FACE_BOUND('',#5388,.T.);
#5388 = EDGE_LOOP('',(#5389,#5397,#5404,#5405));
#5389 = ORIENTED_EDGE('',*,*,#5390,.T.);
#5390 = EDGE_CURVE('',#5304,#5391,#5393,.T.);
#5391 = VERTEX_POINT('',#5392);
#5392 = CARTESIAN_POINT('',(0.3,0.23,4.E-02));
#5393 = LINE('',#5394,#5395);
#5394 = CARTESIAN_POINT('',(-0.3,0.23,4.E-02));
#5395 = VECTOR('',#5396,1.);
#5396 = DIRECTION('',(1.,0.,0.));
#5397 = ORIENTED_EDGE('',*,*,#5398,.T.);
#5398 = EDGE_CURVE('',#5391,#5369,#5399,.T.);
#5399 = CIRCLE('',#5400,2.E-02);
#5400 = AXIS2_PLACEMENT_3D('',#5401,#5402,#5403);
#5401 = CARTESIAN_POINT('',(0.3,0.21,4.E-02));
#5402 = DIRECTION('',(-1.,0.,0.));
#5403 = DIRECTION('',(0.,0.,1.));
#5404 = ORIENTED_EDGE('',*,*,#5376,.F.);
#5405 = ORIENTED_EDGE('',*,*,#5311,.F.);
#5406 = CYLINDRICAL_SURFACE('',#5407,2.E-02);
#5407 = AXIS2_PLACEMENT_3D('',#5408,#5409,#5410);
#5408 = CARTESIAN_POINT('',(-0.3,0.21,4.E-02));
#5409 = DIRECTION('',(1.,0.,0.));
#5410 = DIRECTION('',(-0.,1.,0.));
#5411 = ADVANCED_FACE('',(#5412),#5430,.T.);
#5412 = FACE_BOUND('',#5413,.T.);
#5413 = EDGE_LOOP('',(#5414,#5422,#5423,#5424));
#5414 = ORIENTED_EDGE('',*,*,#5415,.F.);
#5415 = EDGE_CURVE('',#5391,#5416,#5418,.T.);
#5416 = VERTEX_POINT('',#5417);
#5417 = CARTESIAN_POINT('',(0.3,0.23,0.46));
#5418 = LINE('',#5419,#5420);
#5419 = CARTESIAN_POINT('',(0.3,0.23,2.E-02));
#5420 = VECTOR('',#5421,1.);
#5421 = DIRECTION('',(0.,0.,1.));
#5422 = ORIENTED_EDGE('',*,*,#5390,.F.);
#5423 = ORIENTED_EDGE('',*,*,#5303,.T.);
#5424 = ORIENTED_EDGE('',*,*,#5425,.T.);
#5425 = EDGE_CURVE('',#5295,#5416,#5426,.T.);
#5426 = LINE('',#5427,#5428);
#5427 = CARTESIAN_POINT('',(-0.3,0.23,0.46));
#5428 = VECTOR('',#5429,1.);
#5429 = DIRECTION('',(1.,0.,0.));
#5430 = PLANE('',#5431);
#5431 = AXIS2_PLACEMENT_3D('',#5432,#5433,#5434);
#5432 = CARTESIAN_POINT('',(-0.3,0.23,2.E-02));
#5433 = DIRECTION('',(0.,1.,0.));
#5434 = DIRECTION('',(0.,-0.,1.));
#5435 = ADVANCED_FACE('',(#5436),#5455,.T.);
#5436 = FACE_BOUND('',#5437,.T.);
#5437 = EDGE_LOOP('',(#5438,#5439,#5447,#5454));
#5438 = ORIENTED_EDGE('',*,*,#5294,.T.);
#5439 = ORIENTED_EDGE('',*,*,#5440,.T.);
#5440 = EDGE_CURVE('',#5287,#5441,#5443,.T.);
#5441 = VERTEX_POINT('',#5442);
#5442 = CARTESIAN_POINT('',(0.3,0.21,0.48));
#5443 = LINE('',#5444,#5445);
#5444 = CARTESIAN_POINT('',(-0.3,0.21,0.48));
#5445 = VECTOR('',#5446,1.);
#5446 = DIRECTION('',(1.,0.,0.));
#5447 = ORIENTED_EDGE('',*,*,#5448,.F.);
#5448 = EDGE_CURVE('',#5416,#5441,#5449,.T.);
#5449 = CIRCLE('',#5450,2.E-02);
#5450 = AXIS2_PLACEMENT_3D('',#5451,#5452,#5453);
#5451 = CARTESIAN_POINT('',(0.3,0.21,0.46));
#5452 = DIRECTION('',(1.,0.,-0.));
#5453 = DIRECTION('',(0.,0.,1.));
#5454 = ORIENTED_EDGE('',*,*,#5425,.F.);
#5455 = CYLINDRICAL_SURFACE('',#5456,2.E-02);
#5456 = AXIS2_PLACEMENT_3D('',#5457,#5458,#5459);
#5457 = CARTESIAN_POINT('',(-0.3,0.21,0.46));
#5458 = DIRECTION('',(1.,0.,0.));
#5459 = DIRECTION('',(-0.,1.,0.));
#5460 = ADVANCED_FACE('',(#5461),#5479,.T.);
#5461 = FACE_BOUND('',#5462,.T.);
#5462 = EDGE_LOOP('',(#5463,#5464,#5472,#5478));
#5463 = ORIENTED_EDGE('',*,*,#5286,.F.);
#5464 = ORIENTED_EDGE('',*,*,#5465,.T.);
#5465 = EDGE_CURVE('',#5278,#5466,#5468,.T.);
#5466 = VERTEX_POINT('',#5467);
#5467 = CARTESIAN_POINT('',(0.3,-0.21,0.48));
#5468 = LINE('',#5469,#5470);
#5469 = CARTESIAN_POINT('',(-0.3,-0.21,0.48));
#5470 = VECTOR('',#5471,1.);
#5471 = DIRECTION('',(1.,0.,0.));
#5472 = ORIENTED_EDGE('',*,*,#5473,.T.);
#5473 = EDGE_CURVE('',#5466,#5441,#5474,.T.);
#5474 = LINE('',#5475,#5476);
#5475 = CARTESIAN_POINT('',(0.3,-0.23,0.48));
#5476 = VECTOR('',#5477,1.);
#5477 = DIRECTION('',(0.,1.,0.));
#5478 = ORIENTED_EDGE('',*,*,#5440,.F.);
#5479 = PLANE('',#5480);
#5480 = AXIS2_PLACEMENT_3D('',#5481,#5482,#5483);
#5481 = CARTESIAN_POINT('',(-0.3,-0.23,0.48));
#5482 = DIRECTION('',(0.,0.,1.));
#5483 = DIRECTION('',(1.,0.,-0.));
#5484 = ADVANCED_FACE('',(#5485),#5504,.T.);
#5485 = FACE_BOUND('',#5486,.T.);
#5486 = EDGE_LOOP('',(#5487,#5495,#5502,#5503));
#5487 = ORIENTED_EDGE('',*,*,#5488,.T.);
#5488 = EDGE_CURVE('',#5270,#5489,#5491,.T.);
#5489 = VERTEX_POINT('',#5490);
#5490 = CARTESIAN_POINT('',(0.3,-0.23,0.46));
#5491 = LINE('',#5492,#5493);
#5492 = CARTESIAN_POINT('',(-0.3,-0.23,0.46));
#5493 = VECTOR('',#5494,1.);
#5494 = DIRECTION('',(1.,0.,0.));
#5495 = ORIENTED_EDGE('',*,*,#5496,.T.);
#5496 = EDGE_CURVE('',#5489,#5466,#5497,.T.);
#5497 = CIRCLE('',#5498,2.E-02);
#5498 = AXIS2_PLACEMENT_3D('',#5499,#5500,#5501);
#5499 = CARTESIAN_POINT('',(0.3,-0.21,0.46));
#5500 = DIRECTION('',(-1.,0.,0.));
#5501 = DIRECTION('',(0.,0.,1.));
#5502 = ORIENTED_EDGE('',*,*,#5465,.F.);
#5503 = ORIENTED_EDGE('',*,*,#5277,.F.);
#5504 = CYLINDRICAL_SURFACE('',#5505,2.E-02);
#5505 = AXIS2_PLACEMENT_3D('',#5506,#5507,#5508);
#5506 = CARTESIAN_POINT('',(-0.3,-0.21,0.46));
#5507 = DIRECTION('',(1.,0.,0.));
#5508 = DIRECTION('',(0.,-1.,0.));
#5509 = ADVANCED_FACE('',(#5510),#5521,.F.);
#5510 = FACE_BOUND('',#5511,.F.);
#5511 = EDGE_LOOP('',(#5512,#5518,#5519,#5520));
#5512 = ORIENTED_EDGE('',*,*,#5513,.F.);
#5513 = EDGE_CURVE('',#5344,#5489,#5514,.T.);
#5514 = LINE('',#5515,#5516);
#5515 = CARTESIAN_POINT('',(0.3,-0.23,2.E-02));
#5516 = VECTOR('',#5517,1.);
#5517 = DIRECTION('',(0.,0.,1.));
#5518 = ORIENTED_EDGE('',*,*,#5352,.F.);
#5519 = ORIENTED_EDGE('',*,*,#5269,.T.);
#5520 = ORIENTED_EDGE('',*,*,#5488,.T.);
#5521 = PLANE('',#5522);
#5522 = AXIS2_PLACEMENT_3D('',#5523,#5524,#5525);
#5523 = CARTESIAN_POINT('',(-0.3,-0.23,2.E-02));
#5524 = DIRECTION('',(0.,1.,0.));
#5525 = DIRECTION('',(0.,-0.,1.));
#5526 = ADVANCED_FACE('',(#5527,#5597),#5607,.F.);
#5527 = FACE_BOUND('',#5528,.F.);
#5528 = EDGE_LOOP('',(#5529,#5539,#5548,#5556,#5565,#5573,#5582,#5590));
#5529 = ORIENTED_EDGE('',*,*,#5530,.F.);
#5530 = EDGE_CURVE('',#5531,#5533,#5535,.T.);
#5531 = VERTEX_POINT('',#5532);
#5532 = CARTESIAN_POINT('',(0.3,-0.25,2.E-02));
#5533 = VERTEX_POINT('',#5534);
#5534 = CARTESIAN_POINT('',(0.3,-0.25,0.48));
#5535 = LINE('',#5536,#5537);
#5536 = CARTESIAN_POINT('',(0.3,-0.25,0.));
#5537 = VECTOR('',#5538,1.);
#5538 = DIRECTION('',(0.,0.,1.));
#5539 = ORIENTED_EDGE('',*,*,#5540,.T.);
#5540 = EDGE_CURVE('',#5531,#5541,#5543,.T.);
#5541 = VERTEX_POINT('',#5542);
#5542 = CARTESIAN_POINT('',(0.3,-0.23,0.));
#5543 = CIRCLE('',#5544,2.E-02);
#5544 = AXIS2_PLACEMENT_3D('',#5545,#5546,#5547);
#5545 = CARTESIAN_POINT('',(0.3,-0.23,2.E-02));
#5546 = DIRECTION('',(1.,0.,-0.));
#5547 = DIRECTION('',(0.,0.,1.));
#5548 = ORIENTED_EDGE('',*,*,#5549,.T.);
#5549 = EDGE_CURVE('',#5541,#5550,#5552,.T.);
#5550 = VERTEX_POINT('',#5551);
#5551 = CARTESIAN_POINT('',(0.3,0.23,0.));
#5552 = LINE('',#5553,#5554);
#5553 = CARTESIAN_POINT('',(0.3,-0.25,0.));
#5554 = VECTOR('',#5555,1.);
#5555 = DIRECTION('',(0.,1.,0.));
#5556 = ORIENTED_EDGE('',*,*,#5557,.F.);
#5557 = EDGE_CURVE('',#5558,#5550,#5560,.T.);
#5558 = VERTEX_POINT('',#5559);
#5559 = CARTESIAN_POINT('',(0.3,0.25,2.E-02));
#5560 = CIRCLE('',#5561,2.E-02);
#5561 = AXIS2_PLACEMENT_3D('',#5562,#5563,#5564);
#5562 = CARTESIAN_POINT('',(0.3,0.23,2.E-02));
#5563 = DIRECTION('',(-1.,0.,0.));
#5564 = DIRECTION('',(0.,0.,1.));
#5565 = ORIENTED_EDGE('',*,*,#5566,.T.);
#5566 = EDGE_CURVE('',#5558,#5567,#5569,.T.);
#5567 = VERTEX_POINT('',#5568);
#5568 = CARTESIAN_POINT('',(0.3,0.25,0.48));
#5569 = LINE('',#5570,#5571);
#5570 = CARTESIAN_POINT('',(0.3,0.25,0.));
#5571 = VECTOR('',#5572,1.);
#5572 = DIRECTION('',(0.,0.,1.));
#5573 = ORIENTED_EDGE('',*,*,#5574,.T.);
#5574 = EDGE_CURVE('',#5567,#5575,#5577,.T.);
#5575 = VERTEX_POINT('',#5576);
#5576 = CARTESIAN_POINT('',(0.3,0.23,0.5));
#5577 = CIRCLE('',#5578,2.E-02);
#5578 = AXIS2_PLACEMENT_3D('',#5579,#5580,#5581);
#5579 = CARTESIAN_POINT('',(0.3,0.23,0.48));
#5580 = DIRECTION('',(1.,0.,-0.));
#5581 = DIRECTION('',(0.,0.,1.));
#5582 = ORIENTED_EDGE('',*,*,#5583,.F.);
#5583 = EDGE_CURVE('',#5584,#5575,#5586,.T.);
#5584 = VERTEX_POINT('',#5585);
#5585 = CARTESIAN_POINT('',(0.3,-0.23,0.5));
#5586 = LINE('',#5587,#5588);
#5587 = CARTESIAN_POINT('',(0.3,-0.25,0.5));
#5588 = VECTOR('',#5589,1.);
#5589 = DIRECTION('',(0.,1.,0.));
#5590 = ORIENTED_EDGE('',*,*,#5591,.F.);
#5591 = EDGE_CURVE('',#5533,#5584,#5592,.T.);
#5592 = CIRCLE('',#5593,2.E-02);
#5593 = AXIS2_PLACEMENT_3D('',#5594,#5595,#5596);
#5594 = CARTESIAN_POINT('',(0.3,-0.23,0.48));
#5595 = DIRECTION('',(-1.,0.,0.));
#5596 = DIRECTION('',(0.,0.,1.));
#5597 = FACE_BOUND('',#5598,.F.);
#5598 = EDGE_LOOP('',(#5599,#5600,#5601,#5602,#5603,#5604,#5605,#5606));
#5599 = ORIENTED_EDGE('',*,*,#5343,.F.);
#5600 = ORIENTED_EDGE('',*,*,#5513,.T.);
#5601 = ORIENTED_EDGE('',*,*,#5496,.T.);
#5602 = ORIENTED_EDGE('',*,*,#5473,.T.);
#5603 = ORIENTED_EDGE('',*,*,#5448,.F.);
#5604 = ORIENTED_EDGE('',*,*,#5415,.F.);
#5605 = ORIENTED_EDGE('',*,*,#5398,.T.);
#5606 = ORIENTED_EDGE('',*,*,#5368,.F.);
#5607 = PLANE('',#5608);
#5608 = AXIS2_PLACEMENT_3D('',#5609,#5610,#5611);
#5609 = CARTESIAN_POINT('',(0.3,-0.25,0.));
#5610 = DIRECTION('',(1.,0.,0.));
#5611 = DIRECTION('',(0.,0.,1.));
#5612 = ADVANCED_FACE('',(#5613),#5638,.F.);
#5613 = FACE_BOUND('',#5614,.F.);
#5614 = EDGE_LOOP('',(#5615,#5625,#5631,#5632));
#5615 = ORIENTED_EDGE('',*,*,#5616,.F.);
#5616 = EDGE_CURVE('',#5617,#5619,#5621,.T.);
#5617 = VERTEX_POINT('',#5618);
#5618 = CARTESIAN_POINT('',(0.5,-0.25,2.E-02));
#5619 = VERTEX_POINT('',#5620);
#5620 = CARTESIAN_POINT('',(0.5,-0.25,0.48));
#5621 = LINE('',#5622,#5623);
#5622 = CARTESIAN_POINT('',(0.5,-0.25,0.));
#5623 = VECTOR('',#5624,1.);
#5624 = DIRECTION('',(0.,0.,1.));
#5625 = ORIENTED_EDGE('',*,*,#5626,.F.);
#5626 = EDGE_CURVE('',#5531,#5617,#5627,.T.);
#5627 = LINE('',#5628,#5629);
#5628 = CARTESIAN_POINT('',(0.3,-0.25,2.E-02));
#5629 = VECTOR('',#5630,1.);
#5630 = DIRECTION('',(1.,0.,0.));
#5631 = ORIENTED_EDGE('',*,*,#5530,.T.);
#5632 = ORIENTED_EDGE('',*,*,#5633,.T.);
#5633 = EDGE_CURVE('',#5533,#5619,#5634,.T.);
#5634 = LINE('',#5635,#5636);
#5635 = CARTESIAN_POINT('',(0.3,-0.25,0.48));
#5636 = VECTOR('',#5637,1.);
#5637 = DIRECTION('',(1.,0.,0.));
#5638 = PLANE('',#5639);
#5639 = AXIS2_PLACEMENT_3D('',#5640,#5641,#5642);
#5640 = CARTESIAN_POINT('',(0.3,-0.25,0.));
#5641 = DIRECTION('',(0.,1.,0.));
#5642 = DIRECTION('',(0.,-0.,1.));
#5643 = ADVANCED_FACE('',(#5644),#5663,.T.);
#5644 = FACE_BOUND('',#5645,.T.);
#5645 = EDGE_LOOP('',(#5646,#5647,#5655,#5662));
#5646 = ORIENTED_EDGE('',*,*,#5540,.T.);
#5647 = ORIENTED_EDGE('',*,*,#5648,.T.);
#5648 = EDGE_CURVE('',#5541,#5649,#5651,.T.);
#5649 = VERTEX_POINT('',#5650);
#5650 = CARTESIAN_POINT('',(0.5,-0.23,0.));
#5651 = LINE('',#5652,#5653);
#5652 = CARTESIAN_POINT('',(0.3,-0.23,0.));
#5653 = VECTOR('',#5654,1.);
#5654 = DIRECTION('',(1.,0.,0.));
#5655 = ORIENTED_EDGE('',*,*,#5656,.F.);
#5656 = EDGE_CURVE('',#5617,#5649,#5657,.T.);
#5657 = CIRCLE('',#5658,2.E-02);
#5658 = AXIS2_PLACEMENT_3D('',#5659,#5660,#5661);
#5659 = CARTESIAN_POINT('',(0.5,-0.23,2.E-02));
#5660 = DIRECTION('',(1.,0.,-0.));
#5661 = DIRECTION('',(0.,0.,1.));
#5662 = ORIENTED_EDGE('',*,*,#5626,.F.);
#5663 = CYLINDRICAL_SURFACE('',#5664,2.E-02);
#5664 = AXIS2_PLACEMENT_3D('',#5665,#5666,#5667);
#5665 = CARTESIAN_POINT('',(0.3,-0.23,2.E-02));
#5666 = DIRECTION('',(1.,0.,0.));
#5667 = DIRECTION('',(0.,-1.,0.));
#5668 = ADVANCED_FACE('',(#5669),#5688,.T.);
#5669 = FACE_BOUND('',#5670,.T.);
#5670 = EDGE_LOOP('',(#5671,#5672,#5681,#5687));
#5671 = ORIENTED_EDGE('',*,*,#5633,.T.);
#5672 = ORIENTED_EDGE('',*,*,#5673,.T.);
#5673 = EDGE_CURVE('',#5619,#5674,#5676,.T.);
#5674 = VERTEX_POINT('',#5675);
#5675 = CARTESIAN_POINT('',(0.5,-0.23,0.5));
#5676 = CIRCLE('',#5677,2.E-02);
#5677 = AXIS2_PLACEMENT_3D('',#5678,#5679,#5680);
#5678 = CARTESIAN_POINT('',(0.5,-0.23,0.48));
#5679 = DIRECTION('',(-1.,0.,0.));
#5680 = DIRECTION('',(0.,0.,1.));
#5681 = ORIENTED_EDGE('',*,*,#5682,.F.);
#5682 = EDGE_CURVE('',#5584,#5674,#5683,.T.);
#5683 = LINE('',#5684,#5685);
#5684 = CARTESIAN_POINT('',(0.3,-0.23,0.5));
#5685 = VECTOR('',#5686,1.);
#5686 = DIRECTION('',(1.,0.,0.));
#5687 = ORIENTED_EDGE('',*,*,#5591,.F.);
#5688 = CYLINDRICAL_SURFACE('',#5689,2.E-02);
#5689 = AXIS2_PLACEMENT_3D('',#5690,#5691,#5692);
#5690 = CARTESIAN_POINT('',(0.3,-0.23,0.48));
#5691 = DIRECTION('',(1.,0.,0.));
#5692 = DIRECTION('',(0.,-1.,0.));
#5693 = ADVANCED_FACE('',(#5694),#5712,.F.);
#5694 = FACE_BOUND('',#5695,.F.);
#5695 = EDGE_LOOP('',(#5696,#5697,#5698,#5706));
#5696 = ORIENTED_EDGE('',*,*,#5549,.F.);
#5697 = ORIENTED_EDGE('',*,*,#5648,.T.);
#5698 = ORIENTED_EDGE('',*,*,#5699,.T.);
#5699 = EDGE_CURVE('',#5649,#5700,#5702,.T.);
#5700 = VERTEX_POINT('',#5701);
#5701 = CARTESIAN_POINT('',(0.5,0.23,0.));
#5702 = LINE('',#5703,#5704);
#5703 = CARTESIAN_POINT('',(0.5,-0.25,0.));
#5704 = VECTOR('',#5705,1.);
#5705 = DIRECTION('',(0.,1.,0.));
#5706 = ORIENTED_EDGE('',*,*,#5707,.F.);
#5707 = EDGE_CURVE('',#5550,#5700,#5708,.T.);
#5708 = LINE('',#5709,#5710);
#5709 = CARTESIAN_POINT('',(0.3,0.23,0.));
#5710 = VECTOR('',#5711,1.);
#5711 = DIRECTION('',(1.,0.,0.));
#5712 = PLANE('',#5713);
#5713 = AXIS2_PLACEMENT_3D('',#5714,#5715,#5716);
#5714 = CARTESIAN_POINT('',(0.3,-0.25,0.));
#5715 = DIRECTION('',(0.,0.,1.));
#5716 = DIRECTION('',(1.,0.,-0.));
#5717 = ADVANCED_FACE('',(#5718),#5736,.T.);
#5718 = FACE_BOUND('',#5719,.T.);
#5719 = EDGE_LOOP('',(#5720,#5721,#5722,#5730));
#5720 = ORIENTED_EDGE('',*,*,#5583,.F.);
#5721 = ORIENTED_EDGE('',*,*,#5682,.T.);
#5722 = ORIENTED_EDGE('',*,*,#5723,.T.);
#5723 = EDGE_CURVE('',#5674,#5724,#5726,.T.);
#5724 = VERTEX_POINT('',#5725);
#5725 = CARTESIAN_POINT('',(0.5,0.23,0.5));
#5726 = LINE('',#5727,#5728);
#5727 = CARTESIAN_POINT('',(0.5,-0.25,0.5));
#5728 = VECTOR('',#5729,1.);
#5729 = DIRECTION('',(0.,1.,0.));
#5730 = ORIENTED_EDGE('',*,*,#5731,.F.);
#5731 = EDGE_CURVE('',#5575,#5724,#5732,.T.);
#5732 = LINE('',#5733,#5734);
#5733 = CARTESIAN_POINT('',(0.3,0.23,0.5));
#5734 = VECTOR('',#5735,1.);
#5735 = DIRECTION('',(1.,0.,0.));
#5736 = PLANE('',#5737);
#5737 = AXIS2_PLACEMENT_3D('',#5738,#5739,#5740);
#5738 = CARTESIAN_POINT('',(0.3,-0.25,0.5));
#5739 = DIRECTION('',(0.,0.,1.));
#5740 = DIRECTION('',(1.,0.,-0.));
#5741 = ADVANCED_FACE('',(#5742),#5761,.T.);
#5742 = FACE_BOUND('',#5743,.T.);
#5743 = EDGE_LOOP('',(#5744,#5752,#5759,#5760));
#5744 = ORIENTED_EDGE('',*,*,#5745,.T.);
#5745 = EDGE_CURVE('',#5558,#5746,#5748,.T.);
#5746 = VERTEX_POINT('',#5747);
#5747 = CARTESIAN_POINT('',(0.5,0.25,2.E-02));
#5748 = LINE('',#5749,#5750);
#5749 = CARTESIAN_POINT('',(0.3,0.25,2.E-02));
#5750 = VECTOR('',#5751,1.);
#5751 = DIRECTION('',(1.,0.,0.));
#5752 = ORIENTED_EDGE('',*,*,#5753,.T.);
#5753 = EDGE_CURVE('',#5746,#5700,#5754,.T.);
#5754 = CIRCLE('',#5755,2.E-02);
#5755 = AXIS2_PLACEMENT_3D('',#5756,#5757,#5758);
#5756 = CARTESIAN_POINT('',(0.5,0.23,2.E-02));
#5757 = DIRECTION('',(-1.,0.,0.));
#5758 = DIRECTION('',(0.,0.,1.));
#5759 = ORIENTED_EDGE('',*,*,#5707,.F.);
#5760 = ORIENTED_EDGE('',*,*,#5557,.F.);
#5761 = CYLINDRICAL_SURFACE('',#5762,2.E-02);
#5762 = AXIS2_PLACEMENT_3D('',#5763,#5764,#5765);
#5763 = CARTESIAN_POINT('',(0.3,0.23,2.E-02));
#5764 = DIRECTION('',(1.,0.,0.));
#5765 = DIRECTION('',(-0.,1.,0.));
#5766 = ADVANCED_FACE('',(#5767),#5786,.T.);
#5767 = FACE_BOUND('',#5768,.T.);
#5768 = EDGE_LOOP('',(#5769,#5770,#5771,#5780));
#5769 = ORIENTED_EDGE('',*,*,#5574,.T.);
#5770 = ORIENTED_EDGE('',*,*,#5731,.T.);
#5771 = ORIENTED_EDGE('',*,*,#5772,.F.);
#5772 = EDGE_CURVE('',#5773,#5724,#5775,.T.);
#5773 = VERTEX_POINT('',#5774);
#5774 = CARTESIAN_POINT('',(0.5,0.25,0.48));
#5775 = CIRCLE('',#5776,2.E-02);
#5776 = AXIS2_PLACEMENT_3D('',#5777,#5778,#5779);
#5777 = CARTESIAN_POINT('',(0.5,0.23,0.48));
#5778 = DIRECTION('',(1.,0.,-0.));
#5779 = DIRECTION('',(0.,0.,1.));
#5780 = ORIENTED_EDGE('',*,*,#5781,.F.);
#5781 = EDGE_CURVE('',#5567,#5773,#5782,.T.);
#5782 = LINE('',#5783,#5784);
#5783 = CARTESIAN_POINT('',(0.3,0.25,0.48));
#5784 = VECTOR('',#5785,1.);
#5785 = DIRECTION('',(1.,0.,0.));
#5786 = CYLINDRICAL_SURFACE('',#5787,2.E-02);
#5787 = AXIS2_PLACEMENT_3D('',#5788,#5789,#5790);
#5788 = CARTESIAN_POINT('',(0.3,0.23,0.48));
#5789 = DIRECTION('',(1.,0.,0.));
#5790 = DIRECTION('',(-0.,1.,0.));
#5791 = ADVANCED_FACE('',(#5792),#5803,.T.);
#5792 = FACE_BOUND('',#5793,.T.);
#5793 = EDGE_LOOP('',(#5794,#5800,#5801,#5802));
#5794 = ORIENTED_EDGE('',*,*,#5795,.F.);
#5795 = EDGE_CURVE('',#5746,#5773,#5796,.T.);
#5796 = LINE('',#5797,#5798);
#5797 = CARTESIAN_POINT('',(0.5,0.25,0.));
#5798 = VECTOR('',#5799,1.);
#5799 = DIRECTION('',(0.,0.,1.));
#5800 = ORIENTED_EDGE('',*,*,#5745,.F.);
#5801 = ORIENTED_EDGE('',*,*,#5566,.T.);
#5802 = ORIENTED_EDGE('',*,*,#5781,.T.);
#5803 = PLANE('',#5804);
#5804 = AXIS2_PLACEMENT_3D('',#5805,#5806,#5807);
#5805 = CARTESIAN_POINT('',(0.3,0.25,0.));
#5806 = DIRECTION('',(0.,1.,0.));
#5807 = DIRECTION('',(0.,-0.,1.));
#5808 = ADVANCED_FACE('',(#5809),#5819,.T.);
#5809 = FACE_BOUND('',#5810,.T.);
#5810 = EDGE_LOOP('',(#5811,#5812,#5813,#5814,#5815,#5816,#5817,#5818));
#5811 = ORIENTED_EDGE('',*,*,#5616,.F.);
#5812 = ORIENTED_EDGE('',*,*,#5656,.T.);
#5813 = ORIENTED_EDGE('',*,*,#5699,.T.);
#5814 = ORIENTED_EDGE('',*,*,#5753,.F.);
#5815 = ORIENTED_EDGE('',*,*,#5795,.T.);
#5816 = ORIENTED_EDGE('',*,*,#5772,.T.);
#5817 = ORIENTED_EDGE('',*,*,#5723,.F.);
#5818 = ORIENTED_EDGE('',*,*,#5673,.F.);
#5819 = PLANE('',#5820);
#5820 = AXIS2_PLACEMENT_3D('',#5821,#5822,#5823);
#5821 = CARTESIAN_POINT('',(0.5,-0.25,0.));
#5822 = DIRECTION('',(1.,0.,0.));
#5823 = DIRECTION('',(0.,0.,1.));
#5824 = ( GEOMETRIC_REPRESENTATION_CONTEXT(3) 
GLOBAL_UNCERTAINTY_ASSIGNED_CONTEXT((#5828)) 
GLOBAL_UNIT_ASSIGNED_CONTEXT((#5825,#5826,#5827)) REPRESENTATION_CONTEXT
('Context #1','3D Context with UNIT and UNCERTAINTY') );
#5825 = ( LENGTH_UNIT() NAMED_UNIT(*) SI_UNIT(.MILLI.,.METRE.) );
#5826 = ( NAMED_UNIT(*) PLANE_ANGLE_UNIT() SI_UNIT($,.RADIAN.) );
#5827 = ( NAMED_UNIT(*) SI_UNIT($,.STERADIAN.) SOLID_ANGLE_UNIT() );
#5828 = UNCERTAINTY_MEASURE_WITH_UNIT(LENGTH_MEASURE(1.E-07),#5825,
  'distance_accuracy_value','confusion accuracy');
#5829 = CONTEXT_DEPENDENT_SHAPE_REPRESENTATION(#5830,#5832);
#5830 = ( REPRESENTATION_RELATIONSHIP('','',#4969,#4946) 
REPRESENTATION_RELATIONSHIP_WITH_TRANSFORMATION(#5831) 
SHAPE_REPRESENTATION_RELATIONSHIP() );
#5831 = ITEM_DEFINED_TRANSFORMATION('','',#11,#4947);
#5832 = PRODUCT_DEFINITION_SHAPE('Placement','Placement of an item',
  #5833);
#5833 = NEXT_ASSEMBLY_USAGE_OCCURRENCE('10','=>[0:1:1:9]','',#4941,#4964
  ,$);
#5834 = PRODUCT_RELATED_PRODUCT_CATEGORY('part',$,(#4966));
#5835 = CONTEXT_DEPENDENT_SHAPE_REPRESENTATION(#5836,#5838);
#5836 = ( REPRESENTATION_RELATIONSHIP('','',#3203,#10) 
REPRESENTATION_RELATIONSHIP_WITH_TRANSFORMATION(#5837) 
SHAPE_REPRESENTATION_RELATIONSHIP() );
#5837 = ITEM_DEFINED_TRANSFORMATION('','',#11,#43);
#5838 = PRODUCT_DEFINITION_SHAPE('Placement','Placement of an item',
  #5839);
#5839 = NEXT_ASSEMBLY_USAGE_OCCURRENCE('12','C6','',#5,#3198,$);
#5840 = CONTEXT_DEPENDENT_SHAPE_REPRESENTATION(#5841,#5843);
#5841 = ( REPRESENTATION_RELATIONSHIP('','',#4946,#10) 
REPRESENTATION_RELATIONSHIP_WITH_TRANSFORMATION(#5842) 
SHAPE_REPRESENTATION_RELATIONSHIP() );
#5842 = ITEM_DEFINED_TRANSFORMATION('','',#11,#47);
#5843 = PRODUCT_DEFINITION_SHAPE('Placement','Placement of an item',
  #5844);
#5844 = NEXT_ASSEMBLY_USAGE_OCCURRENCE('13','C1','',#5,#4941,$);
#5845 = CONTEXT_DEPENDENT_SHAPE_REPRESENTATION(#5846,#5848);
#5846 = ( REPRESENTATION_RELATIONSHIP('','',#92,#10) 
REPRESENTATION_RELATIONSHIP_WITH_TRANSFORMATION(#5847) 
SHAPE_REPRESENTATION_RELATIONSHIP() );
#5847 = ITEM_DEFINED_TRANSFORMATION('','',#11,#51);
#5848 = PRODUCT_DEFINITION_SHAPE('Placement','Placement of an item',
  #5849);
#5849 = NEXT_ASSEMBLY_USAGE_OCCURRENCE('14','U3','',#5,#87,$);
#5850 = SHAPE_DEFINITION_REPRESENTATION(#5851,#5857);
#5851 = PRODUCT_DEFINITION_SHAPE('','',#5852);
#5852 = PRODUCT_DEFINITION('design','',#5853,#5856);
#5853 = PRODUCT_DEFINITION_FORMATION('','',#5854);
#5854 = PRODUCT('DFN-8-1EP_2x3mm_P0.5mm_EP0.61x2.2mm',
  'DFN-8-1EP_2x3mm_P0.5mm_EP0.61x2.2mm','',(#5855));
#5855 = PRODUCT_CONTEXT('',#2,'mechanical');
#5856 = PRODUCT_DEFINITION_CONTEXT('part definition',#2,'design');
#5857 = SHAPE_REPRESENTATION('',(#11,#5858),#5862);
#5858 = AXIS2_PLACEMENT_3D('',#5859,#5860,#5861);
#5859 = CARTESIAN_POINT('',(0.,0.,0.));
#5860 = DIRECTION('',(0.,0.,1.));
#5861 = DIRECTION('',(1.,0.,-0.));
#5862 = ( GEOMETRIC_REPRESENTATION_CONTEXT(3) 
GLOBAL_UNCERTAINTY_ASSIGNED_CONTEXT((#5866)) 
GLOBAL_UNIT_ASSIGNED_CONTEXT((#5863,#5864,#5865)) REPRESENTATION_CONTEXT
('Context #1','3D Context with UNIT and UNCERTAINTY') );
#5863 = ( LENGTH_UNIT() NAMED_UNIT(*) SI_UNIT(.MILLI.,.METRE.) );
#5864 = ( NAMED_UNIT(*) PLANE_ANGLE_UNIT() SI_UNIT($,.RADIAN.) );
#5865 = ( NAMED_UNIT(*) SI_UNIT($,.STERADIAN.) SOLID_ANGLE_UNIT() );
#5866 = UNCERTAINTY_MEASURE_WITH_UNIT(LENGTH_MEASURE(1.E-07),#5863,
  'distance_accuracy_value','confusion accuracy');
#5867 = CONTEXT_DEPENDENT_SHAPE_REPRESENTATION(#5868,#5870);
#5868 = ( REPRESENTATION_RELATIONSHIP('','',#5857,#10) 
REPRESENTATION_RELATIONSHIP_WITH_TRANSFORMATION(#5869) 
SHAPE_REPRESENTATION_RELATIONSHIP() );
#5869 = ITEM_DEFINED_TRANSFORMATION('','',#11,#55);
#5870 = PRODUCT_DEFINITION_SHAPE('Placement','Placement of an item',
  #5871);
#5871 = NEXT_ASSEMBLY_USAGE_OCCURRENCE('16','U4','',#5,#5852,$);
#5872 = PRODUCT_RELATED_PRODUCT_CATEGORY('part',$,(#5854));
#5873 = SHAPE_DEFINITION_REPRESENTATION(#5874,#5880);
#5874 = PRODUCT_DEFINITION_SHAPE('','',#5875);
#5875 = PRODUCT_DEFINITION('design','',#5876,#5879);
#5876 = PRODUCT_DEFINITION_FORMATION('','',#5877);
#5877 = PRODUCT('DFN-8-1EP_2x3mm_Pitch0.5mm',
  'DFN-8-1EP_2x3mm_Pitch0.5mm','',(#5878));
#5878 = PRODUCT_CONTEXT('',#2,'mechanical');
#5879 = PRODUCT_DEFINITION_CONTEXT('part definition',#2,'design');
#5880 = ADVANCED_BREP_SHAPE_REPRESENTATION('',(#11,#5881),#7851);
#5881 = MANIFOLD_SOLID_BREP('',#5882);
#5882 = CLOSED_SHELL('',(#5883,#5924,#5971,#5996,#6036,#6053,#6375,#6484
    ,#6496,#6619,#6636,#6676,#6701,#6741,#6774,#6799,#6832,#6872,#6897,
    #6937,#6970,#6995,#7028,#7068,#7093,#7126,#7166,#7191,#7231,#7264,
    #7289,#7322,#7339,#7370,#7394,#7418,#7442,#7459,#7482,#7499,#7516,
    #7533,#7550,#7567,#7584,#7601,#7618,#7630,#7647,#7659,#7676,#7688,
    #7705,#7717,#7734,#7746,#7763,#7775,#7792,#7804,#7817,#7842));
#5883 = ADVANCED_FACE('',(#5884),#5919,.T.);
#5884 = FACE_BOUND('',#5885,.F.);
#5885 = EDGE_LOOP('',(#5886,#5896,#5905,#5913));
#5886 = ORIENTED_EDGE('',*,*,#5887,.T.);
#5887 = EDGE_CURVE('',#5888,#5890,#5892,.T.);
#5888 = VERTEX_POINT('',#5889);
#5889 = CARTESIAN_POINT('',(-1.,-0.375,0.));
#5890 = VERTEX_POINT('',#5891);
#5891 = CARTESIAN_POINT('',(-0.725,-0.375,0.));
#5892 = LINE('',#5893,#5894);
#5893 = CARTESIAN_POINT('',(-1.,-0.375,0.));
#5894 = VECTOR('',#5895,1.);
#5895 = DIRECTION('',(1.,-4.669739647545E-16,0.));
#5896 = ORIENTED_EDGE('',*,*,#5897,.T.);
#5897 = EDGE_CURVE('',#5890,#5898,#5900,.T.);
#5898 = VERTEX_POINT('',#5899);
#5899 = CARTESIAN_POINT('',(-0.725,-0.125,0.));
#5900 = CIRCLE('',#5901,0.125);
#5901 = AXIS2_PLACEMENT_3D('',#5902,#5903,#5904);
#5902 = CARTESIAN_POINT('',(-0.725,-0.25,0.));
#5903 = DIRECTION('',(0.,0.,1.));
#5904 = DIRECTION('',(-4.669739647545E-16,-1.,0.));
#5905 = ORIENTED_EDGE('',*,*,#5906,.T.);
#5906 = EDGE_CURVE('',#5898,#5907,#5909,.T.);
#5907 = VERTEX_POINT('',#5908);
#5908 = CARTESIAN_POINT('',(-1.,-0.125,0.));
#5909 = LINE('',#5910,#5911);
#5910 = CARTESIAN_POINT('',(-0.725,-0.125,0.));
#5911 = VECTOR('',#5912,1.);
#5912 = DIRECTION('',(-1.,4.669739647545E-16,0.));
#5913 = ORIENTED_EDGE('',*,*,#5914,.T.);
#5914 = EDGE_CURVE('',#5907,#5888,#5915,.T.);
#5915 = LINE('',#5916,#5917);
#5916 = CARTESIAN_POINT('',(-1.,-0.125,0.));
#5917 = VECTOR('',#5918,1.);
#5918 = DIRECTION('',(-4.669739647545E-16,-1.,0.));
#5919 = PLANE('',#5920);
#5920 = AXIS2_PLACEMENT_3D('',#5921,#5922,#5923);
#5921 = CARTESIAN_POINT('',(-1.,-0.375,0.));
#5922 = DIRECTION('',(0.,-0.,-1.));
#5923 = DIRECTION('',(4.669739647545E-16,1.,0.));
#5924 = ADVANCED_FACE('',(#5925),#5966,.F.);
#5925 = FACE_BOUND('',#5926,.F.);
#5926 = EDGE_LOOP('',(#5927,#5928,#5936,#5944,#5952,#5960));
#5927 = ORIENTED_EDGE('',*,*,#5887,.F.);
#5928 = ORIENTED_EDGE('',*,*,#5929,.T.);
#5929 = EDGE_CURVE('',#5888,#5930,#5932,.T.);
#5930 = VERTEX_POINT('',#5931);
#5931 = CARTESIAN_POINT('',(-1.,-0.375,0.2));
#5932 = LINE('',#5933,#5934);
#5933 = CARTESIAN_POINT('',(-1.,-0.375,0.));
#5934 = VECTOR('',#5935,1.);
#5935 = DIRECTION('',(0.,0.,1.));
#5936 = ORIENTED_EDGE('',*,*,#5937,.T.);
#5937 = EDGE_CURVE('',#5930,#5938,#5940,.T.);
#5938 = VERTEX_POINT('',#5939);
#5939 = CARTESIAN_POINT('',(-0.99,-0.375,0.2));
#5940 = LINE('',#5941,#5942);
#5941 = CARTESIAN_POINT('',(-1.,-0.375,0.2));
#5942 = VECTOR('',#5943,1.);
#5943 = DIRECTION('',(1.,-4.669739647545E-16,0.));
#5944 = ORIENTED_EDGE('',*,*,#5945,.F.);
#5945 = EDGE_CURVE('',#5946,#5938,#5948,.T.);
#5946 = VERTEX_POINT('',#5947);
#5947 = CARTESIAN_POINT('',(-0.99,-0.375,2.E-02));
#5948 = LINE('',#5949,#5950);
#5949 = CARTESIAN_POINT('',(-0.99,-0.375,1.E-02));
#5950 = VECTOR('',#5951,1.);
#5951 = DIRECTION('',(0.,0.,1.));
#5952 = ORIENTED_EDGE('',*,*,#5953,.F.);
#5953 = EDGE_CURVE('',#5954,#5946,#5956,.T.);
#5954 = VERTEX_POINT('',#5955);
#5955 = CARTESIAN_POINT('',(-0.725,-0.375,2.E-02));
#5956 = LINE('',#5957,#5958);
#5957 = CARTESIAN_POINT('',(-0.995,-0.375,2.E-02));
#5958 = VECTOR('',#5959,1.);
#5959 = DIRECTION('',(-1.,4.669739647545E-16,0.));
#5960 = ORIENTED_EDGE('',*,*,#5961,.F.);
#5961 = EDGE_CURVE('',#5890,#5954,#5962,.T.);
#5962 = LINE('',#5963,#5964);
#5963 = CARTESIAN_POINT('',(-0.725,-0.375,0.));
#5964 = VECTOR('',#5965,1.);
#5965 = DIRECTION('',(0.,0.,1.));
#5966 = PLANE('',#5967);
#5967 = AXIS2_PLACEMENT_3D('',#5968,#5969,#5970);
#5968 = CARTESIAN_POINT('',(-1.,-0.375,0.));
#5969 = DIRECTION('',(4.669739647545E-16,1.,0.));
#5970 = DIRECTION('',(1.,-4.669739647545E-16,0.));
#5971 = ADVANCED_FACE('',(#5972),#5991,.T.);
#5972 = FACE_BOUND('',#5973,.T.);
#5973 = EDGE_LOOP('',(#5974,#5982,#5989,#5990));
#5974 = ORIENTED_EDGE('',*,*,#5975,.T.);
#5975 = EDGE_CURVE('',#5898,#5976,#5978,.T.);
#5976 = VERTEX_POINT('',#5977);
#5977 = CARTESIAN_POINT('',(-0.725,-0.125,2.E-02));
#5978 = LINE('',#5979,#5980);
#5979 = CARTESIAN_POINT('',(-0.725,-0.125,0.));
#5980 = VECTOR('',#5981,1.);
#5981 = DIRECTION('',(0.,0.,1.));
#5982 = ORIENTED_EDGE('',*,*,#5983,.T.);
#5983 = EDGE_CURVE('',#5976,#5954,#5984,.T.);
#5984 = CIRCLE('',#5985,0.125);
#5985 = AXIS2_PLACEMENT_3D('',#5986,#5987,#5988);
#5986 = CARTESIAN_POINT('',(-0.725,-0.25,2.E-02));
#5987 = DIRECTION('',(-0.,0.,-1.));
#5988 = DIRECTION('',(-4.669739647545E-16,-1.,0.));
#5989 = ORIENTED_EDGE('',*,*,#5961,.F.);
#5990 = ORIENTED_EDGE('',*,*,#5897,.T.);
#5991 = CYLINDRICAL_SURFACE('',#5992,0.125);
#5992 = AXIS2_PLACEMENT_3D('',#5993,#5994,#5995);
#5993 = CARTESIAN_POINT('',(-0.725,-0.25,0.));
#5994 = DIRECTION('',(0.,0.,-1.));
#5995 = DIRECTION('',(-4.669739647545E-16,-1.,-0.));
#5996 = ADVANCED_FACE('',(#5997),#6031,.F.);
#5997 = FACE_BOUND('',#5998,.F.);
#5998 = EDGE_LOOP('',(#5999,#6000,#6001,#6009,#6017,#6025));
#5999 = ORIENTED_EDGE('',*,*,#5906,.F.);
#6000 = ORIENTED_EDGE('',*,*,#5975,.T.);
#6001 = ORIENTED_EDGE('',*,*,#6002,.F.);
#6002 = EDGE_CURVE('',#6003,#5976,#6005,.T.);
#6003 = VERTEX_POINT('',#6004);
#6004 = CARTESIAN_POINT('',(-0.99,-0.125,2.E-02));
#6005 = LINE('',#6006,#6007);
#6006 = CARTESIAN_POINT('',(-0.8575,-0.125,2.E-02));
#6007 = VECTOR('',#6008,1.);
#6008 = DIRECTION('',(1.,-4.669739647545E-16,0.));
#6009 = ORIENTED_EDGE('',*,*,#6010,.F.);
#6010 = EDGE_CURVE('',#6011,#6003,#6013,.T.);
#6011 = VERTEX_POINT('',#6012);
#6012 = CARTESIAN_POINT('',(-0.99,-0.125,0.2));
#6013 = LINE('',#6014,#6015);
#6014 = CARTESIAN_POINT('',(-0.99,-0.125,1.E-02));
#6015 = VECTOR('',#6016,1.);
#6016 = DIRECTION('',(0.,-0.,-1.));
#6017 = ORIENTED_EDGE('',*,*,#6018,.T.);
#6018 = EDGE_CURVE('',#6011,#6019,#6021,.T.);
#6019 = VERTEX_POINT('',#6020);
#6020 = CARTESIAN_POINT('',(-1.,-0.125,0.2));
#6021 = LINE('',#6022,#6023);
#6022 = CARTESIAN_POINT('',(-0.725,-0.125,0.2));
#6023 = VECTOR('',#6024,1.);
#6024 = DIRECTION('',(-1.,4.669739647545E-16,0.));
#6025 = ORIENTED_EDGE('',*,*,#6026,.F.);
#6026 = EDGE_CURVE('',#5907,#6019,#6027,.T.);
#6027 = LINE('',#6028,#6029);
#6028 = CARTESIAN_POINT('',(-1.,-0.125,0.));
#6029 = VECTOR('',#6030,1.);
#6030 = DIRECTION('',(0.,0.,1.));
#6031 = PLANE('',#6032);
#6032 = AXIS2_PLACEMENT_3D('',#6033,#6034,#6035);
#6033 = CARTESIAN_POINT('',(-0.725,-0.125,0.));
#6034 = DIRECTION('',(-4.669739647545E-16,-1.,0.));
#6035 = DIRECTION('',(-1.,4.669739647545E-16,0.));
#6036 = ADVANCED_FACE('',(#6037),#6048,.F.);
#6037 = FACE_BOUND('',#6038,.F.);
#6038 = EDGE_LOOP('',(#6039,#6040,#6046,#6047));
#6039 = ORIENTED_EDGE('',*,*,#6026,.T.);
#6040 = ORIENTED_EDGE('',*,*,#6041,.T.);
#6041 = EDGE_CURVE('',#6019,#5930,#6042,.T.);
#6042 = LINE('',#6043,#6044);
#6043 = CARTESIAN_POINT('',(-1.,-0.125,0.2));
#6044 = VECTOR('',#6045,1.);
#6045 = DIRECTION('',(-4.669739647545E-16,-1.,0.));
#6046 = ORIENTED_EDGE('',*,*,#5929,.F.);
#6047 = ORIENTED_EDGE('',*,*,#5914,.F.);
#6048 = PLANE('',#6049);
#6049 = AXIS2_PLACEMENT_3D('',#6050,#6051,#6052);
#6050 = CARTESIAN_POINT('',(-1.,-0.125,0.));
#6051 = DIRECTION('',(1.,-4.669739647545E-16,0.));
#6052 = DIRECTION('',(-4.669739647545E-16,-1.,0.));
#6053 = ADVANCED_FACE('',(#6054,#6328),#6370,.F.);
#6054 = FACE_BOUND('',#6055,.F.);
#6055 = EDGE_LOOP('',(#6056,#6066,#6074,#6082,#6090,#6099,#6107,#6115,
    #6123,#6132,#6140,#6146,#6147,#6148,#6149,#6157,#6165,#6174,#6182,
    #6190,#6198,#6206,#6214,#6223,#6231,#6239,#6247,#6256,#6264,#6272,
    #6280,#6289,#6297,#6305,#6313,#6322));
#6056 = ORIENTED_EDGE('',*,*,#6057,.F.);
#6057 = EDGE_CURVE('',#6058,#6060,#6062,.T.);
#6058 = VERTEX_POINT('',#6059);
#6059 = CARTESIAN_POINT('',(0.99,1.49,2.E-02));
#6060 = VERTEX_POINT('',#6061);
#6061 = CARTESIAN_POINT('',(0.99,0.875,2.E-02));
#6062 = LINE('',#6063,#6064);
#6063 = CARTESIAN_POINT('',(0.99,1.49,2.E-02));
#6064 = VECTOR('',#6065,1.);
#6065 = DIRECTION('',(-2.22044604925E-16,-1.,0.));
#6066 = ORIENTED_EDGE('',*,*,#6067,.F.);
#6067 = EDGE_CURVE('',#6068,#6058,#6070,.T.);
#6068 = VERTEX_POINT('',#6069);
#6069 = CARTESIAN_POINT('',(-0.99,1.49,2.E-02));
#6070 = LINE('',#6071,#6072);
#6071 = CARTESIAN_POINT('',(-0.99,1.49,2.E-02));
#6072 = VECTOR('',#6073,1.);
#6073 = DIRECTION('',(1.,-2.22044604925E-16,0.));
#6074 = ORIENTED_EDGE('',*,*,#6075,.T.);
#6075 = EDGE_CURVE('',#6068,#6076,#6078,.T.);
#6076 = VERTEX_POINT('',#6077);
#6077 = CARTESIAN_POINT('',(-0.99,0.875,2.E-02));
#6078 = LINE('',#6079,#6080);
#6079 = CARTESIAN_POINT('',(-0.99,1.49,2.E-02));
#6080 = VECTOR('',#6081,1.);
#6081 = DIRECTION('',(-2.22044604925E-16,-1.,0.));
#6082 = ORIENTED_EDGE('',*,*,#6083,.T.);
#6083 = EDGE_CURVE('',#6076,#6084,#6086,.T.);
#6084 = VERTEX_POINT('',#6085);
#6085 = CARTESIAN_POINT('',(-0.725,0.875,2.E-02));
#6086 = LINE('',#6087,#6088);
#6087 = CARTESIAN_POINT('',(-0.8575,0.875,2.E-02));
#6088 = VECTOR('',#6089,1.);
#6089 = DIRECTION('',(1.,-4.669739647545E-16,0.));
#6090 = ORIENTED_EDGE('',*,*,#6091,.T.);
#6091 = EDGE_CURVE('',#6084,#6092,#6094,.T.);
#6092 = VERTEX_POINT('',#6093);
#6093 = CARTESIAN_POINT('',(-0.725,0.625,2.E-02));
#6094 = CIRCLE('',#6095,0.125);
#6095 = AXIS2_PLACEMENT_3D('',#6096,#6097,#6098);
#6096 = CARTESIAN_POINT('',(-0.725,0.75,2.E-02));
#6097 = DIRECTION('',(-0.,0.,-1.));
#6098 = DIRECTION('',(-4.669739647545E-16,-1.,0.));
#6099 = ORIENTED_EDGE('',*,*,#6100,.T.);
#6100 = EDGE_CURVE('',#6092,#6101,#6103,.T.);
#6101 = VERTEX_POINT('',#6102);
#6102 = CARTESIAN_POINT('',(-0.99,0.625,2.E-02));
#6103 = LINE('',#6104,#6105);
#6104 = CARTESIAN_POINT('',(-0.995,0.625,2.E-02));
#6105 = VECTOR('',#6106,1.);
#6106 = DIRECTION('',(-1.,4.669739647545E-16,0.));
#6107 = ORIENTED_EDGE('',*,*,#6108,.T.);
#6108 = EDGE_CURVE('',#6101,#6109,#6111,.T.);
#6109 = VERTEX_POINT('',#6110);
#6110 = CARTESIAN_POINT('',(-0.99,0.375,2.E-02));
#6111 = LINE('',#6112,#6113);
#6112 = CARTESIAN_POINT('',(-0.99,1.49,2.E-02));
#6113 = VECTOR('',#6114,1.);
#6114 = DIRECTION('',(-2.22044604925E-16,-1.,0.));
#6115 = ORIENTED_EDGE('',*,*,#6116,.T.);
#6116 = EDGE_CURVE('',#6109,#6117,#6119,.T.);
#6117 = VERTEX_POINT('',#6118);
#6118 = CARTESIAN_POINT('',(-0.725,0.375,2.E-02));
#6119 = LINE('',#6120,#6121);
#6120 = CARTESIAN_POINT('',(-0.8575,0.375,2.E-02));
#6121 = VECTOR('',#6122,1.);
#6122 = DIRECTION('',(1.,-4.669739647545E-16,0.));
#6123 = ORIENTED_EDGE('',*,*,#6124,.T.);
#6124 = EDGE_CURVE('',#6117,#6125,#6127,.T.);
#6125 = VERTEX_POINT('',#6126);
#6126 = CARTESIAN_POINT('',(-0.725,0.125,2.E-02));
#6127 = CIRCLE('',#6128,0.125);
#6128 = AXIS2_PLACEMENT_3D('',#6129,#6130,#6131);
#6129 = CARTESIAN_POINT('',(-0.725,0.25,2.E-02));
#6130 = DIRECTION('',(-0.,0.,-1.));
#6131 = DIRECTION('',(-4.669739647545E-16,-1.,0.));
#6132 = ORIENTED_EDGE('',*,*,#6133,.T.);
#6133 = EDGE_CURVE('',#6125,#6134,#6136,.T.);
#6134 = VERTEX_POINT('',#6135);
#6135 = CARTESIAN_POINT('',(-0.99,0.125,2.E-02));
#6136 = LINE('',#6137,#6138);
#6137 = CARTESIAN_POINT('',(-0.995,0.125,2.E-02));
#6138 = VECTOR('',#6139,1.);
#6139 = DIRECTION('',(-1.,4.669739647545E-16,0.));
#6140 = ORIENTED_EDGE('',*,*,#6141,.T.);
#6141 = EDGE_CURVE('',#6134,#6003,#6142,.T.);
#6142 = LINE('',#6143,#6144);
#6143 = CARTESIAN_POINT('',(-0.99,1.49,2.E-02));
#6144 = VECTOR('',#6145,1.);
#6145 = DIRECTION('',(-2.22044604925E-16,-1.,0.));
#6146 = ORIENTED_EDGE('',*,*,#6002,.T.);
#6147 = ORIENTED_EDGE('',*,*,#5983,.T.);
#6148 = ORIENTED_EDGE('',*,*,#5953,.T.);
#6149 = ORIENTED_EDGE('',*,*,#6150,.T.);
#6150 = EDGE_CURVE('',#5946,#6151,#6153,.T.);
#6151 = VERTEX_POINT('',#6152);
#6152 = CARTESIAN_POINT('',(-0.99,-0.625,2.E-02));
#6153 = LINE('',#6154,#6155);
#6154 = CARTESIAN_POINT('',(-0.99,1.49,2.E-02));
#6155 = VECTOR('',#6156,1.);
#6156 = DIRECTION('',(-2.22044604925E-16,-1.,0.));
#6157 = ORIENTED_EDGE('',*,*,#6158,.T.);
#6158 = EDGE_CURVE('',#6151,#6159,#6161,.T.);
#6159 = VERTEX_POINT('',#6160);
#6160 = CARTESIAN_POINT('',(-0.725,-0.625,2.E-02));
#6161 = LINE('',#6162,#6163);
#6162 = CARTESIAN_POINT('',(-0.8575,-0.625,2.E-02));
#6163 = VECTOR('',#6164,1.);
#6164 = DIRECTION('',(1.,-4.669739647545E-16,0.));
#6165 = ORIENTED_EDGE('',*,*,#6166,.T.);
#6166 = EDGE_CURVE('',#6159,#6167,#6169,.T.);
#6167 = VERTEX_POINT('',#6168);
#6168 = CARTESIAN_POINT('',(-0.725,-0.875,2.E-02));
#6169 = CIRCLE('',#6170,0.125);
#6170 = AXIS2_PLACEMENT_3D('',#6171,#6172,#6173);
#6171 = CARTESIAN_POINT('',(-0.725,-0.75,2.E-02));
#6172 = DIRECTION('',(-0.,0.,-1.));
#6173 = DIRECTION('',(-4.669739647545E-16,-1.,0.));
#6174 = ORIENTED_EDGE('',*,*,#6175,.T.);
#6175 = EDGE_CURVE('',#6167,#6176,#6178,.T.);
#6176 = VERTEX_POINT('',#6177);
#6177 = CARTESIAN_POINT('',(-0.99,-0.875,2.E-02));
#6178 = LINE('',#6179,#6180);
#6179 = CARTESIAN_POINT('',(-0.995,-0.875,2.E-02));
#6180 = VECTOR('',#6181,1.);
#6181 = DIRECTION('',(-1.,4.669739647545E-16,0.));
#6182 = ORIENTED_EDGE('',*,*,#6183,.T.);
#6183 = EDGE_CURVE('',#6176,#6184,#6186,.T.);
#6184 = VERTEX_POINT('',#6185);
#6185 = CARTESIAN_POINT('',(-0.99,-1.49,2.E-02));
#6186 = LINE('',#6187,#6188);
#6187 = CARTESIAN_POINT('',(-0.99,1.49,2.E-02));
#6188 = VECTOR('',#6189,1.);
#6189 = DIRECTION('',(-2.22044604925E-16,-1.,0.));
#6190 = ORIENTED_EDGE('',*,*,#6191,.T.);
#6191 = EDGE_CURVE('',#6184,#6192,#6194,.T.);
#6192 = VERTEX_POINT('',#6193);
#6193 = CARTESIAN_POINT('',(0.99,-1.49,2.E-02));
#6194 = LINE('',#6195,#6196);
#6195 = CARTESIAN_POINT('',(-0.99,-1.49,2.E-02));
#6196 = VECTOR('',#6197,1.);
#6197 = DIRECTION('',(1.,-2.22044604925E-16,0.));
#6198 = ORIENTED_EDGE('',*,*,#6199,.F.);
#6199 = EDGE_CURVE('',#6200,#6192,#6202,.T.);
#6200 = VERTEX_POINT('',#6201);
#6201 = CARTESIAN_POINT('',(0.99,-0.875,2.E-02));
#6202 = LINE('',#6203,#6204);
#6203 = CARTESIAN_POINT('',(0.99,1.49,2.E-02));
#6204 = VECTOR('',#6205,1.);
#6205 = DIRECTION('',(-2.22044604925E-16,-1.,0.));
#6206 = ORIENTED_EDGE('',*,*,#6207,.T.);
#6207 = EDGE_CURVE('',#6200,#6208,#6210,.T.);
#6208 = VERTEX_POINT('',#6209);
#6209 = CARTESIAN_POINT('',(0.725,-0.875,2.E-02));
#6210 = LINE('',#6211,#6212);
#6211 = CARTESIAN_POINT('',(-0.1325,-0.875,2.E-02));
#6212 = VECTOR('',#6213,1.);
#6213 = DIRECTION('',(-1.,3.445092848398E-16,0.));
#6214 = ORIENTED_EDGE('',*,*,#6215,.T.);
#6215 = EDGE_CURVE('',#6208,#6216,#6218,.T.);
#6216 = VERTEX_POINT('',#6217);
#6217 = CARTESIAN_POINT('',(0.725,-0.625,2.E-02));
#6218 = CIRCLE('',#6219,0.125);
#6219 = AXIS2_PLACEMENT_3D('',#6220,#6221,#6222);
#6220 = CARTESIAN_POINT('',(0.725,-0.75,2.E-02));
#6221 = DIRECTION('',(0.,0.,-1.));
#6222 = DIRECTION('',(3.445092848398E-16,1.,0.));
#6223 = ORIENTED_EDGE('',*,*,#6224,.T.);
#6224 = EDGE_CURVE('',#6216,#6225,#6227,.T.);
#6225 = VERTEX_POINT('',#6226);
#6226 = CARTESIAN_POINT('',(0.99,-0.625,2.E-02));
#6227 = LINE('',#6228,#6229);
#6228 = CARTESIAN_POINT('',(5.E-03,-0.625,2.E-02));
#6229 = VECTOR('',#6230,1.);
#6230 = DIRECTION('',(1.,-3.445092848398E-16,0.));
#6231 = ORIENTED_EDGE('',*,*,#6232,.F.);
#6232 = EDGE_CURVE('',#6233,#6225,#6235,.T.);
#6233 = VERTEX_POINT('',#6234);
#6234 = CARTESIAN_POINT('',(0.99,-0.375,2.E-02));
#6235 = LINE('',#6236,#6237);
#6236 = CARTESIAN_POINT('',(0.99,1.49,2.E-02));
#6237 = VECTOR('',#6238,1.);
#6238 = DIRECTION('',(-2.22044604925E-16,-1.,0.));
#6239 = ORIENTED_EDGE('',*,*,#6240,.T.);
#6240 = EDGE_CURVE('',#6233,#6241,#6243,.T.);
#6241 = VERTEX_POINT('',#6242);
#6242 = CARTESIAN_POINT('',(0.725,-0.375,2.E-02));
#6243 = LINE('',#6244,#6245);
#6244 = CARTESIAN_POINT('',(-0.1325,-0.375,2.E-02));
#6245 = VECTOR('',#6246,1.);
#6246 = DIRECTION('',(-1.,3.445092848398E-16,0.));
#6247 = ORIENTED_EDGE('',*,*,#6248,.T.);
#6248 = EDGE_CURVE('',#6241,#6249,#6251,.T.);
#6249 = VERTEX_POINT('',#6250);
#6250 = CARTESIAN_POINT('',(0.725,-0.125,2.E-02));
#6251 = CIRCLE('',#6252,0.125);
#6252 = AXIS2_PLACEMENT_3D('',#6253,#6254,#6255);
#6253 = CARTESIAN_POINT('',(0.725,-0.25,2.E-02));
#6254 = DIRECTION('',(0.,0.,-1.));
#6255 = DIRECTION('',(3.445092848398E-16,1.,0.));
#6256 = ORIENTED_EDGE('',*,*,#6257,.T.);
#6257 = EDGE_CURVE('',#6249,#6258,#6260,.T.);
#6258 = VERTEX_POINT('',#6259);
#6259 = CARTESIAN_POINT('',(0.99,-0.125,2.E-02));
#6260 = LINE('',#6261,#6262);
#6261 = CARTESIAN_POINT('',(5.E-03,-0.125,2.E-02));
#6262 = VECTOR('',#6263,1.);
#6263 = DIRECTION('',(1.,-3.445092848398E-16,0.));
#6264 = ORIENTED_EDGE('',*,*,#6265,.F.);
#6265 = EDGE_CURVE('',#6266,#6258,#6268,.T.);
#6266 = VERTEX_POINT('',#6267);
#6267 = CARTESIAN_POINT('',(0.99,0.125,2.E-02));
#6268 = LINE('',#6269,#6270);
#6269 = CARTESIAN_POINT('',(0.99,1.49,2.E-02));
#6270 = VECTOR('',#6271,1.);
#6271 = DIRECTION('',(-2.22044604925E-16,-1.,0.));
#6272 = ORIENTED_EDGE('',*,*,#6273,.T.);
#6273 = EDGE_CURVE('',#6266,#6274,#6276,.T.);
#6274 = VERTEX_POINT('',#6275);
#6275 = CARTESIAN_POINT('',(0.725,0.125,2.E-02));
#6276 = LINE('',#6277,#6278);
#6277 = CARTESIAN_POINT('',(-0.1325,0.125,2.E-02));
#6278 = VECTOR('',#6279,1.);
#6279 = DIRECTION('',(-1.,3.445092848398E-16,0.));
#6280 = ORIENTED_EDGE('',*,*,#6281,.T.);
#6281 = EDGE_CURVE('',#6274,#6282,#6284,.T.);
#6282 = VERTEX_POINT('',#6283);
#6283 = CARTESIAN_POINT('',(0.725,0.375,2.E-02));
#6284 = CIRCLE('',#6285,0.125);
#6285 = AXIS2_PLACEMENT_3D('',#6286,#6287,#6288);
#6286 = CARTESIAN_POINT('',(0.725,0.25,2.E-02));
#6287 = DIRECTION('',(0.,0.,-1.));
#6288 = DIRECTION('',(3.445092848398E-16,1.,0.));
#6289 = ORIENTED_EDGE('',*,*,#6290,.T.);
#6290 = EDGE_CURVE('',#6282,#6291,#6293,.T.);
#6291 = VERTEX_POINT('',#6292);
#6292 = CARTESIAN_POINT('',(0.99,0.375,2.E-02));
#6293 = LINE('',#6294,#6295);
#6294 = CARTESIAN_POINT('',(5.E-03,0.375,2.E-02));
#6295 = VECTOR('',#6296,1.);
#6296 = DIRECTION('',(1.,-3.445092848398E-16,0.));
#6297 = ORIENTED_EDGE('',*,*,#6298,.F.);
#6298 = EDGE_CURVE('',#6299,#6291,#6301,.T.);
#6299 = VERTEX_POINT('',#6300);
#6300 = CARTESIAN_POINT('',(0.99,0.625,2.E-02));
#6301 = LINE('',#6302,#6303);
#6302 = CARTESIAN_POINT('',(0.99,1.49,2.E-02));
#6303 = VECTOR('',#6304,1.);
#6304 = DIRECTION('',(-2.22044604925E-16,-1.,0.));
#6305 = ORIENTED_EDGE('',*,*,#6306,.T.);
#6306 = EDGE_CURVE('',#6299,#6307,#6309,.T.);
#6307 = VERTEX_POINT('',#6308);
#6308 = CARTESIAN_POINT('',(0.725,0.625,2.E-02));
#6309 = LINE('',#6310,#6311);
#6310 = CARTESIAN_POINT('',(-0.1325,0.625,2.E-02));
#6311 = VECTOR('',#6312,1.);
#6312 = DIRECTION('',(-1.,3.445092848398E-16,0.));
#6313 = ORIENTED_EDGE('',*,*,#6314,.T.);
#6314 = EDGE_CURVE('',#6307,#6315,#6317,.T.);
#6315 = VERTEX_POINT('',#6316);
#6316 = CARTESIAN_POINT('',(0.725,0.875,2.E-02));
#6317 = CIRCLE('',#6318,0.125);
#6318 = AXIS2_PLACEMENT_3D('',#6319,#6320,#6321);
#6319 = CARTESIAN_POINT('',(0.725,0.75,2.E-02));
#6320 = DIRECTION('',(0.,0.,-1.));
#6321 = DIRECTION('',(3.445092848398E-16,1.,0.));
#6322 = ORIENTED_EDGE('',*,*,#6323,.T.);
#6323 = EDGE_CURVE('',#6315,#6060,#6324,.T.);
#6324 = LINE('',#6325,#6326);
#6325 = CARTESIAN_POINT('',(5.E-03,0.875,2.E-02));
#6326 = VECTOR('',#6327,1.);
#6327 = DIRECTION('',(1.,-3.445092848398E-16,0.));
#6328 = FACE_BOUND('',#6329,.F.);
#6329 = EDGE_LOOP('',(#6330,#6340,#6348,#6356,#6364));
#6330 = ORIENTED_EDGE('',*,*,#6331,.F.);
#6331 = EDGE_CURVE('',#6332,#6334,#6336,.T.);
#6332 = VERTEX_POINT('',#6333);
#6333 = CARTESIAN_POINT('',(-0.28,0.875,2.E-02));
#6334 = VERTEX_POINT('',#6335);
#6335 = CARTESIAN_POINT('',(-0.28,-1.075,2.E-02));
#6336 = LINE('',#6337,#6338);
#6337 = CARTESIAN_POINT('',(-0.28,0.875,2.E-02));
#6338 = VECTOR('',#6339,1.);
#6339 = DIRECTION('',(-2.22044604925E-16,-1.,0.));
#6340 = ORIENTED_EDGE('',*,*,#6341,.F.);
#6341 = EDGE_CURVE('',#6342,#6332,#6344,.T.);
#6342 = VERTEX_POINT('',#6343);
#6343 = CARTESIAN_POINT('',(-8.E-02,1.075,2.E-02));
#6344 = LINE('',#6345,#6346);
#6345 = CARTESIAN_POINT('',(-8.E-02,1.075,2.E-02));
#6346 = VECTOR('',#6347,1.);
#6347 = DIRECTION('',(-0.707106781187,-0.707106781187,0.));
#6348 = ORIENTED_EDGE('',*,*,#6349,.F.);
#6349 = EDGE_CURVE('',#6350,#6342,#6352,.T.);
#6350 = VERTEX_POINT('',#6351);
#6351 = CARTESIAN_POINT('',(0.28,1.075,2.E-02));
#6352 = LINE('',#6353,#6354);
#6353 = CARTESIAN_POINT('',(0.28,1.075,2.E-02));
#6354 = VECTOR('',#6355,1.);
#6355 = DIRECTION('',(-1.,2.22044604925E-16,0.));
#6356 = ORIENTED_EDGE('',*,*,#6357,.F.);
#6357 = EDGE_CURVE('',#6358,#6350,#6360,.T.);
#6358 = VERTEX_POINT('',#6359);
#6359 = CARTESIAN_POINT('',(0.28,-1.075,2.E-02));
#6360 = LINE('',#6361,#6362);
#6361 = CARTESIAN_POINT('',(0.28,-1.075,2.E-02));
#6362 = VECTOR('',#6363,1.);
#6363 = DIRECTION('',(2.22044604925E-16,1.,0.));
#6364 = ORIENTED_EDGE('',*,*,#6365,.F.);
#6365 = EDGE_CURVE('',#6334,#6358,#6366,.T.);
#6366 = LINE('',#6367,#6368);
#6367 = CARTESIAN_POINT('',(-0.28,-1.075,2.E-02));
#6368 = VECTOR('',#6369,1.);
#6369 = DIRECTION('',(1.,-2.22044604925E-16,0.));
#6370 = PLANE('',#6371);
#6371 = AXIS2_PLACEMENT_3D('',#6372,#6373,#6374);
#6372 = CARTESIAN_POINT('',(-0.99,1.49,2.E-02));
#6373 = DIRECTION('',(0.,0.,1.));
#6374 = DIRECTION('',(-2.22044604925E-16,-1.,0.));
#6375 = ADVANCED_FACE('',(#6376),#6479,.F.);
#6376 = FACE_BOUND('',#6377,.F.);
#6377 = EDGE_LOOP('',(#6378,#6379,#6387,#6395,#6401,#6402,#6410,#6418,
    #6424,#6425,#6426,#6432,#6433,#6434,#6442,#6450,#6456,#6457,#6465,
    #6473));
#6378 = ORIENTED_EDGE('',*,*,#6075,.F.);
#6379 = ORIENTED_EDGE('',*,*,#6380,.T.);
#6380 = EDGE_CURVE('',#6068,#6381,#6383,.T.);
#6381 = VERTEX_POINT('',#6382);
#6382 = CARTESIAN_POINT('',(-0.99,1.49,0.77));
#6383 = LINE('',#6384,#6385);
#6384 = CARTESIAN_POINT('',(-0.99,1.49,2.E-02));
#6385 = VECTOR('',#6386,1.);
#6386 = DIRECTION('',(0.,0.,1.));
#6387 = ORIENTED_EDGE('',*,*,#6388,.T.);
#6388 = EDGE_CURVE('',#6381,#6389,#6391,.T.);
#6389 = VERTEX_POINT('',#6390);
#6390 = CARTESIAN_POINT('',(-0.99,-1.49,0.77));
#6391 = LINE('',#6392,#6393);
#6392 = CARTESIAN_POINT('',(-0.99,1.49,0.77));
#6393 = VECTOR('',#6394,1.);
#6394 = DIRECTION('',(-2.22044604925E-16,-1.,0.));
#6395 = ORIENTED_EDGE('',*,*,#6396,.F.);
#6396 = EDGE_CURVE('',#6184,#6389,#6397,.T.);
#6397 = LINE('',#6398,#6399);
#6398 = CARTESIAN_POINT('',(-0.99,-1.49,2.E-02));
#6399 = VECTOR('',#6400,1.);
#6400 = DIRECTION('',(0.,0.,1.));
#6401 = ORIENTED_EDGE('',*,*,#6183,.F.);
#6402 = ORIENTED_EDGE('',*,*,#6403,.T.);
#6403 = EDGE_CURVE('',#6176,#6404,#6406,.T.);
#6404 = VERTEX_POINT('',#6405);
#6405 = CARTESIAN_POINT('',(-0.99,-0.875,0.2));
#6406 = LINE('',#6407,#6408);
#6407 = CARTESIAN_POINT('',(-0.99,-0.875,1.E-02));
#6408 = VECTOR('',#6409,1.);
#6409 = DIRECTION('',(0.,0.,1.));
#6410 = ORIENTED_EDGE('',*,*,#6411,.T.);
#6411 = EDGE_CURVE('',#6404,#6412,#6414,.T.);
#6412 = VERTEX_POINT('',#6413);
#6413 = CARTESIAN_POINT('',(-0.99,-0.625,0.2));
#6414 = LINE('',#6415,#6416);
#6415 = CARTESIAN_POINT('',(-0.99,0.3075,0.2));
#6416 = VECTOR('',#6417,1.);
#6417 = DIRECTION('',(2.22044604925E-16,1.,0.));
#6418 = ORIENTED_EDGE('',*,*,#6419,.T.);
#6419 = EDGE_CURVE('',#6412,#6151,#6420,.T.);
#6420 = LINE('',#6421,#6422);
#6421 = CARTESIAN_POINT('',(-0.99,-0.625,1.E-02));
#6422 = VECTOR('',#6423,1.);
#6423 = DIRECTION('',(0.,-0.,-1.));
#6424 = ORIENTED_EDGE('',*,*,#6150,.F.);
#6425 = ORIENTED_EDGE('',*,*,#5945,.T.);
#6426 = ORIENTED_EDGE('',*,*,#6427,.T.);
#6427 = EDGE_CURVE('',#5938,#6011,#6428,.T.);
#6428 = LINE('',#6429,#6430);
#6429 = CARTESIAN_POINT('',(-0.99,0.5575,0.2));
#6430 = VECTOR('',#6431,1.);
#6431 = DIRECTION('',(2.22044604925E-16,1.,0.));
#6432 = ORIENTED_EDGE('',*,*,#6010,.T.);
#6433 = ORIENTED_EDGE('',*,*,#6141,.F.);
#6434 = ORIENTED_EDGE('',*,*,#6435,.T.);
#6435 = EDGE_CURVE('',#6134,#6436,#6438,.T.);
#6436 = VERTEX_POINT('',#6437);
#6437 = CARTESIAN_POINT('',(-0.99,0.125,0.2));
#6438 = LINE('',#6439,#6440);
#6439 = CARTESIAN_POINT('',(-0.99,0.125,1.E-02));
#6440 = VECTOR('',#6441,1.);
#6441 = DIRECTION('',(0.,0.,1.));
#6442 = ORIENTED_EDGE('',*,*,#6443,.T.);
#6443 = EDGE_CURVE('',#6436,#6444,#6446,.T.);
#6444 = VERTEX_POINT('',#6445);
#6445 = CARTESIAN_POINT('',(-0.99,0.375,0.2));
#6446 = LINE('',#6447,#6448);
#6447 = CARTESIAN_POINT('',(-0.99,0.8075,0.2));
#6448 = VECTOR('',#6449,1.);
#6449 = DIRECTION('',(2.22044604925E-16,1.,0.));
#6450 = ORIENTED_EDGE('',*,*,#6451,.T.);
#6451 = EDGE_CURVE('',#6444,#6109,#6452,.T.);
#6452 = LINE('',#6453,#6454);
#6453 = CARTESIAN_POINT('',(-0.99,0.375,1.E-02));
#6454 = VECTOR('',#6455,1.);
#6455 = DIRECTION('',(0.,-0.,-1.));
#6456 = ORIENTED_EDGE('',*,*,#6108,.F.);
#6457 = ORIENTED_EDGE('',*,*,#6458,.T.);
#6458 = EDGE_CURVE('',#6101,#6459,#6461,.T.);
#6459 = VERTEX_POINT('',#6460);
#6460 = CARTESIAN_POINT('',(-0.99,0.625,0.2));
#6461 = LINE('',#6462,#6463);
#6462 = CARTESIAN_POINT('',(-0.99,0.625,1.E-02));
#6463 = VECTOR('',#6464,1.);
#6464 = DIRECTION('',(0.,0.,1.));
#6465 = ORIENTED_EDGE('',*,*,#6466,.T.);
#6466 = EDGE_CURVE('',#6459,#6467,#6469,.T.);
#6467 = VERTEX_POINT('',#6468);
#6468 = CARTESIAN_POINT('',(-0.99,0.875,0.2));
#6469 = LINE('',#6470,#6471);
#6470 = CARTESIAN_POINT('',(-0.99,1.0575,0.2));
#6471 = VECTOR('',#6472,1.);
#6472 = DIRECTION('',(2.22044604925E-16,1.,0.));
#6473 = ORIENTED_EDGE('',*,*,#6474,.T.);
#6474 = EDGE_CURVE('',#6467,#6076,#6475,.T.);
#6475 = LINE('',#6476,#6477);
#6476 = CARTESIAN_POINT('',(-0.99,0.875,1.E-02));
#6477 = VECTOR('',#6478,1.);
#6478 = DIRECTION('',(0.,-0.,-1.));
#6479 = PLANE('',#6480);
#6480 = AXIS2_PLACEMENT_3D('',#6481,#6482,#6483);
#6481 = CARTESIAN_POINT('',(-0.99,1.49,2.E-02));
#6482 = DIRECTION('',(1.,-2.22044604925E-16,0.));
#6483 = DIRECTION('',(0.,0.,1.));
#6484 = ADVANCED_FACE('',(#6485),#6491,.F.);
#6485 = FACE_BOUND('',#6486,.F.);
#6486 = EDGE_LOOP('',(#6487,#6488,#6489,#6490));
#6487 = ORIENTED_EDGE('',*,*,#5937,.F.);
#6488 = ORIENTED_EDGE('',*,*,#6041,.F.);
#6489 = ORIENTED_EDGE('',*,*,#6018,.F.);
#6490 = ORIENTED_EDGE('',*,*,#6427,.F.);
#6491 = PLANE('',#6492);
#6492 = AXIS2_PLACEMENT_3D('',#6493,#6494,#6495);
#6493 = CARTESIAN_POINT('',(-1.,-0.375,0.2));
#6494 = DIRECTION('',(0.,-0.,-1.));
#6495 = DIRECTION('',(4.669739647545E-16,1.,0.));
#6496 = ADVANCED_FACE('',(#6497),#6614,.T.);
#6497 = FACE_BOUND('',#6498,.T.);
#6498 = EDGE_LOOP('',(#6499,#6500,#6508,#6516,#6522,#6523,#6531,#6539,
    #6545,#6546,#6554,#6562,#6568,#6569,#6577,#6585,#6591,#6592,#6600,
    #6608));
#6499 = ORIENTED_EDGE('',*,*,#6057,.F.);
#6500 = ORIENTED_EDGE('',*,*,#6501,.T.);
#6501 = EDGE_CURVE('',#6058,#6502,#6504,.T.);
#6502 = VERTEX_POINT('',#6503);
#6503 = CARTESIAN_POINT('',(0.99,1.49,0.77));
#6504 = LINE('',#6505,#6506);
#6505 = CARTESIAN_POINT('',(0.99,1.49,2.E-02));
#6506 = VECTOR('',#6507,1.);
#6507 = DIRECTION('',(0.,0.,1.));
#6508 = ORIENTED_EDGE('',*,*,#6509,.T.);
#6509 = EDGE_CURVE('',#6502,#6510,#6512,.T.);
#6510 = VERTEX_POINT('',#6511);
#6511 = CARTESIAN_POINT('',(0.99,-1.49,0.77));
#6512 = LINE('',#6513,#6514);
#6513 = CARTESIAN_POINT('',(0.99,1.49,0.77));
#6514 = VECTOR('',#6515,1.);
#6515 = DIRECTION('',(-2.22044604925E-16,-1.,0.));
#6516 = ORIENTED_EDGE('',*,*,#6517,.F.);
#6517 = EDGE_CURVE('',#6192,#6510,#6518,.T.);
#6518 = LINE('',#6519,#6520);
#6519 = CARTESIAN_POINT('',(0.99,-1.49,2.E-02));
#6520 = VECTOR('',#6521,1.);
#6521 = DIRECTION('',(0.,0.,1.));
#6522 = ORIENTED_EDGE('',*,*,#6199,.F.);
#6523 = ORIENTED_EDGE('',*,*,#6524,.T.);
#6524 = EDGE_CURVE('',#6200,#6525,#6527,.T.);
#6525 = VERTEX_POINT('',#6526);
#6526 = CARTESIAN_POINT('',(0.99,-0.875,0.2));
#6527 = LINE('',#6528,#6529);
#6528 = CARTESIAN_POINT('',(0.99,-0.875,1.E-02));
#6529 = VECTOR('',#6530,1.);
#6530 = DIRECTION('',(0.,0.,1.));
#6531 = ORIENTED_EDGE('',*,*,#6532,.T.);
#6532 = EDGE_CURVE('',#6525,#6533,#6535,.T.);
#6533 = VERTEX_POINT('',#6534);
#6534 = CARTESIAN_POINT('',(0.99,-0.625,0.2));
#6535 = LINE('',#6536,#6537);
#6536 = CARTESIAN_POINT('',(0.99,0.4325,0.2));
#6537 = VECTOR('',#6538,1.);
#6538 = DIRECTION('',(2.22044604925E-16,1.,0.));
#6539 = ORIENTED_EDGE('',*,*,#6540,.T.);
#6540 = EDGE_CURVE('',#6533,#6225,#6541,.T.);
#6541 = LINE('',#6542,#6543);
#6542 = CARTESIAN_POINT('',(0.99,-0.625,1.E-02));
#6543 = VECTOR('',#6544,1.);
#6544 = DIRECTION('',(0.,-0.,-1.));
#6545 = ORIENTED_EDGE('',*,*,#6232,.F.);
#6546 = ORIENTED_EDGE('',*,*,#6547,.T.);
#6547 = EDGE_CURVE('',#6233,#6548,#6550,.T.);
#6548 = VERTEX_POINT('',#6549);
#6549 = CARTESIAN_POINT('',(0.99,-0.375,0.2));
#6550 = LINE('',#6551,#6552);
#6551 = CARTESIAN_POINT('',(0.99,-0.375,1.E-02));
#6552 = VECTOR('',#6553,1.);
#6553 = DIRECTION('',(0.,0.,1.));
#6554 = ORIENTED_EDGE('',*,*,#6555,.T.);
#6555 = EDGE_CURVE('',#6548,#6556,#6558,.T.);
#6556 = VERTEX_POINT('',#6557);
#6557 = CARTESIAN_POINT('',(0.99,-0.125,0.2));
#6558 = LINE('',#6559,#6560);
#6559 = CARTESIAN_POINT('',(0.99,0.6825,0.2));
#6560 = VECTOR('',#6561,1.);
#6561 = DIRECTION('',(2.22044604925E-16,1.,0.));
#6562 = ORIENTED_EDGE('',*,*,#6563,.T.);
#6563 = EDGE_CURVE('',#6556,#6258,#6564,.T.);
#6564 = LINE('',#6565,#6566);
#6565 = CARTESIAN_POINT('',(0.99,-0.125,1.E-02));
#6566 = VECTOR('',#6567,1.);
#6567 = DIRECTION('',(0.,-0.,-1.));
#6568 = ORIENTED_EDGE('',*,*,#6265,.F.);
#6569 = ORIENTED_EDGE('',*,*,#6570,.T.);
#6570 = EDGE_CURVE('',#6266,#6571,#6573,.T.);
#6571 = VERTEX_POINT('',#6572);
#6572 = CARTESIAN_POINT('',(0.99,0.125,0.2));
#6573 = LINE('',#6574,#6575);
#6574 = CARTESIAN_POINT('',(0.99,0.125,1.E-02));
#6575 = VECTOR('',#6576,1.);
#6576 = DIRECTION('',(0.,0.,1.));
#6577 = ORIENTED_EDGE('',*,*,#6578,.T.);
#6578 = EDGE_CURVE('',#6571,#6579,#6581,.T.);
#6579 = VERTEX_POINT('',#6580);
#6580 = CARTESIAN_POINT('',(0.99,0.375,0.2));
#6581 = LINE('',#6582,#6583);
#6582 = CARTESIAN_POINT('',(0.99,0.9325,0.2));
#6583 = VECTOR('',#6584,1.);
#6584 = DIRECTION('',(2.22044604925E-16,1.,0.));
#6585 = ORIENTED_EDGE('',*,*,#6586,.T.);
#6586 = EDGE_CURVE('',#6579,#6291,#6587,.T.);
#6587 = LINE('',#6588,#6589);
#6588 = CARTESIAN_POINT('',(0.99,0.375,1.E-02));
#6589 = VECTOR('',#6590,1.);
#6590 = DIRECTION('',(0.,-0.,-1.));
#6591 = ORIENTED_EDGE('',*,*,#6298,.F.);
#6592 = ORIENTED_EDGE('',*,*,#6593,.T.);
#6593 = EDGE_CURVE('',#6299,#6594,#6596,.T.);
#6594 = VERTEX_POINT('',#6595);
#6595 = CARTESIAN_POINT('',(0.99,0.625,0.2));
#6596 = LINE('',#6597,#6598);
#6597 = CARTESIAN_POINT('',(0.99,0.625,1.E-02));
#6598 = VECTOR('',#6599,1.);
#6599 = DIRECTION('',(0.,0.,1.));
#6600 = ORIENTED_EDGE('',*,*,#6601,.T.);
#6601 = EDGE_CURVE('',#6594,#6602,#6604,.T.);
#6602 = VERTEX_POINT('',#6603);
#6603 = CARTESIAN_POINT('',(0.99,0.875,0.2));
#6604 = LINE('',#6605,#6606);
#6605 = CARTESIAN_POINT('',(0.99,1.1825,0.2));
#6606 = VECTOR('',#6607,1.);
#6607 = DIRECTION('',(2.22044604925E-16,1.,0.));
#6608 = ORIENTED_EDGE('',*,*,#6609,.T.);
#6609 = EDGE_CURVE('',#6602,#6060,#6610,.T.);
#6610 = LINE('',#6611,#6612);
#6611 = CARTESIAN_POINT('',(0.99,0.875,1.E-02));
#6612 = VECTOR('',#6613,1.);
#6613 = DIRECTION('',(0.,-0.,-1.));
#6614 = PLANE('',#6615);
#6615 = AXIS2_PLACEMENT_3D('',#6616,#6617,#6618);
#6616 = CARTESIAN_POINT('',(0.99,1.49,2.E-02));
#6617 = DIRECTION('',(1.,-2.22044604925E-16,0.));
#6618 = DIRECTION('',(0.,0.,1.));
#6619 = ADVANCED_FACE('',(#6620),#6631,.F.);
#6620 = FACE_BOUND('',#6621,.F.);
#6621 = EDGE_LOOP('',(#6622,#6623,#6624,#6625));
#6622 = ORIENTED_EDGE('',*,*,#6380,.F.);
#6623 = ORIENTED_EDGE('',*,*,#6067,.T.);
#6624 = ORIENTED_EDGE('',*,*,#6501,.T.);
#6625 = ORIENTED_EDGE('',*,*,#6626,.F.);
#6626 = EDGE_CURVE('',#6381,#6502,#6627,.T.);
#6627 = LINE('',#6628,#6629);
#6628 = CARTESIAN_POINT('',(-0.99,1.49,0.77));
#6629 = VECTOR('',#6630,1.);
#6630 = DIRECTION('',(1.,-2.22044604925E-16,0.));
#6631 = PLANE('',#6632);
#6632 = AXIS2_PLACEMENT_3D('',#6633,#6634,#6635);
#6633 = CARTESIAN_POINT('',(-0.99,1.49,2.E-02));
#6634 = DIRECTION('',(-2.22044604925E-16,-1.,0.));
#6635 = DIRECTION('',(0.,0.,1.));
#6636 = ADVANCED_FACE('',(#6637),#6671,.F.);
#6637 = FACE_BOUND('',#6638,.F.);
#6638 = EDGE_LOOP('',(#6639,#6649,#6657,#6663,#6664,#6665));
#6639 = ORIENTED_EDGE('',*,*,#6640,.F.);
#6640 = EDGE_CURVE('',#6641,#6643,#6645,.T.);
#6641 = VERTEX_POINT('',#6642);
#6642 = CARTESIAN_POINT('',(1.,0.875,0.));
#6643 = VERTEX_POINT('',#6644);
#6644 = CARTESIAN_POINT('',(0.725,0.875,0.));
#6645 = LINE('',#6646,#6647);
#6646 = CARTESIAN_POINT('',(1.,0.875,0.));
#6647 = VECTOR('',#6648,1.);
#6648 = DIRECTION('',(-1.,3.445092848398E-16,0.));
#6649 = ORIENTED_EDGE('',*,*,#6650,.T.);
#6650 = EDGE_CURVE('',#6641,#6651,#6653,.T.);
#6651 = VERTEX_POINT('',#6652);
#6652 = CARTESIAN_POINT('',(1.,0.875,0.2));
#6653 = LINE('',#6654,#6655);
#6654 = CARTESIAN_POINT('',(1.,0.875,0.));
#6655 = VECTOR('',#6656,1.);
#6656 = DIRECTION('',(0.,0.,1.));
#6657 = ORIENTED_EDGE('',*,*,#6658,.T.);
#6658 = EDGE_CURVE('',#6651,#6602,#6659,.T.);
#6659 = LINE('',#6660,#6661);
#6660 = CARTESIAN_POINT('',(1.,0.875,0.2));
#6661 = VECTOR('',#6662,1.);
#6662 = DIRECTION('',(-1.,3.445092848398E-16,0.));
#6663 = ORIENTED_EDGE('',*,*,#6609,.T.);
#6664 = ORIENTED_EDGE('',*,*,#6323,.F.);
#6665 = ORIENTED_EDGE('',*,*,#6666,.F.);
#6666 = EDGE_CURVE('',#6643,#6315,#6667,.T.);
#6667 = LINE('',#6668,#6669);
#6668 = CARTESIAN_POINT('',(0.725,0.875,0.));
#6669 = VECTOR('',#6670,1.);
#6670 = DIRECTION('',(0.,0.,1.));
#6671 = PLANE('',#6672);
#6672 = AXIS2_PLACEMENT_3D('',#6673,#6674,#6675);
#6673 = CARTESIAN_POINT('',(1.,0.875,0.));
#6674 = DIRECTION('',(-3.445092848398E-16,-1.,0.));
#6675 = DIRECTION('',(-1.,3.445092848398E-16,0.));
#6676 = ADVANCED_FACE('',(#6677),#6696,.T.);
#6677 = FACE_BOUND('',#6678,.T.);
#6678 = EDGE_LOOP('',(#6679,#6687,#6688,#6689));
#6679 = ORIENTED_EDGE('',*,*,#6680,.T.);
#6680 = EDGE_CURVE('',#6681,#6307,#6683,.T.);
#6681 = VERTEX_POINT('',#6682);
#6682 = CARTESIAN_POINT('',(0.725,0.625,0.));
#6683 = LINE('',#6684,#6685);
#6684 = CARTESIAN_POINT('',(0.725,0.625,0.));
#6685 = VECTOR('',#6686,1.);
#6686 = DIRECTION('',(0.,0.,1.));
#6687 = ORIENTED_EDGE('',*,*,#6314,.T.);
#6688 = ORIENTED_EDGE('',*,*,#6666,.F.);
#6689 = ORIENTED_EDGE('',*,*,#6690,.T.);
#6690 = EDGE_CURVE('',#6643,#6681,#6691,.T.);
#6691 = CIRCLE('',#6692,0.125);
#6692 = AXIS2_PLACEMENT_3D('',#6693,#6694,#6695);
#6693 = CARTESIAN_POINT('',(0.725,0.75,0.));
#6694 = DIRECTION('',(0.,-0.,1.));
#6695 = DIRECTION('',(3.445092848398E-16,1.,0.));
#6696 = CYLINDRICAL_SURFACE('',#6697,0.125);
#6697 = AXIS2_PLACEMENT_3D('',#6698,#6699,#6700);
#6698 = CARTESIAN_POINT('',(0.725,0.75,0.));
#6699 = DIRECTION('',(0.,-0.,-1.));
#6700 = DIRECTION('',(3.445092848398E-16,1.,0.));
#6701 = ADVANCED_FACE('',(#6702),#6736,.F.);
#6702 = FACE_BOUND('',#6703,.F.);
#6703 = EDGE_LOOP('',(#6704,#6714,#6720,#6721,#6722,#6730));
#6704 = ORIENTED_EDGE('',*,*,#6705,.F.);
#6705 = EDGE_CURVE('',#6706,#6708,#6710,.T.);
#6706 = VERTEX_POINT('',#6707);
#6707 = CARTESIAN_POINT('',(-0.725,0.875,0.));
#6708 = VERTEX_POINT('',#6709);
#6709 = CARTESIAN_POINT('',(-1.,0.875,0.));
#6710 = LINE('',#6711,#6712);
#6711 = CARTESIAN_POINT('',(-0.725,0.875,0.));
#6712 = VECTOR('',#6713,1.);
#6713 = DIRECTION('',(-1.,4.669739647545E-16,0.));
#6714 = ORIENTED_EDGE('',*,*,#6715,.T.);
#6715 = EDGE_CURVE('',#6706,#6084,#6716,.T.);
#6716 = LINE('',#6717,#6718);
#6717 = CARTESIAN_POINT('',(-0.725,0.875,0.));
#6718 = VECTOR('',#6719,1.);
#6719 = DIRECTION('',(0.,0.,1.));
#6720 = ORIENTED_EDGE('',*,*,#6083,.F.);
#6721 = ORIENTED_EDGE('',*,*,#6474,.F.);
#6722 = ORIENTED_EDGE('',*,*,#6723,.T.);
#6723 = EDGE_CURVE('',#6467,#6724,#6726,.T.);
#6724 = VERTEX_POINT('',#6725);
#6725 = CARTESIAN_POINT('',(-1.,0.875,0.2));
#6726 = LINE('',#6727,#6728);
#6727 = CARTESIAN_POINT('',(-0.725,0.875,0.2));
#6728 = VECTOR('',#6729,1.);
#6729 = DIRECTION('',(-1.,4.669739647545E-16,0.));
#6730 = ORIENTED_EDGE('',*,*,#6731,.F.);
#6731 = EDGE_CURVE('',#6708,#6724,#6732,.T.);
#6732 = LINE('',#6733,#6734);
#6733 = CARTESIAN_POINT('',(-1.,0.875,0.));
#6734 = VECTOR('',#6735,1.);
#6735 = DIRECTION('',(0.,0.,1.));
#6736 = PLANE('',#6737);
#6737 = AXIS2_PLACEMENT_3D('',#6738,#6739,#6740);
#6738 = CARTESIAN_POINT('',(-0.725,0.875,0.));
#6739 = DIRECTION('',(-4.669739647545E-16,-1.,0.));
#6740 = DIRECTION('',(-1.,4.669739647545E-16,0.));
#6741 = ADVANCED_FACE('',(#6742),#6769,.F.);
#6742 = FACE_BOUND('',#6743,.F.);
#6743 = EDGE_LOOP('',(#6744,#6752,#6753,#6754,#6755,#6763));
#6744 = ORIENTED_EDGE('',*,*,#6745,.F.);
#6745 = EDGE_CURVE('',#6681,#6746,#6748,.T.);
#6746 = VERTEX_POINT('',#6747);
#6747 = CARTESIAN_POINT('',(1.,0.625,0.));
#6748 = LINE('',#6749,#6750);
#6749 = CARTESIAN_POINT('',(0.725,0.625,0.));
#6750 = VECTOR('',#6751,1.);
#6751 = DIRECTION('',(1.,-3.445092848398E-16,0.));
#6752 = ORIENTED_EDGE('',*,*,#6680,.T.);
#6753 = ORIENTED_EDGE('',*,*,#6306,.F.);
#6754 = ORIENTED_EDGE('',*,*,#6593,.T.);
#6755 = ORIENTED_EDGE('',*,*,#6756,.T.);
#6756 = EDGE_CURVE('',#6594,#6757,#6759,.T.);
#6757 = VERTEX_POINT('',#6758);
#6758 = CARTESIAN_POINT('',(1.,0.625,0.2));
#6759 = LINE('',#6760,#6761);
#6760 = CARTESIAN_POINT('',(0.725,0.625,0.2));
#6761 = VECTOR('',#6762,1.);
#6762 = DIRECTION('',(1.,-3.445092848398E-16,0.));
#6763 = ORIENTED_EDGE('',*,*,#6764,.F.);
#6764 = EDGE_CURVE('',#6746,#6757,#6765,.T.);
#6765 = LINE('',#6766,#6767);
#6766 = CARTESIAN_POINT('',(1.,0.625,0.));
#6767 = VECTOR('',#6768,1.);
#6768 = DIRECTION('',(0.,0.,1.));
#6769 = PLANE('',#6770);
#6770 = AXIS2_PLACEMENT_3D('',#6771,#6772,#6773);
#6771 = CARTESIAN_POINT('',(0.725,0.625,0.));
#6772 = DIRECTION('',(3.445092848398E-16,1.,0.));
#6773 = DIRECTION('',(1.,-3.445092848398E-16,0.));
#6774 = ADVANCED_FACE('',(#6775),#6794,.T.);
#6775 = FACE_BOUND('',#6776,.T.);
#6776 = EDGE_LOOP('',(#6777,#6778,#6779,#6787));
#6777 = ORIENTED_EDGE('',*,*,#6715,.T.);
#6778 = ORIENTED_EDGE('',*,*,#6091,.T.);
#6779 = ORIENTED_EDGE('',*,*,#6780,.F.);
#6780 = EDGE_CURVE('',#6781,#6092,#6783,.T.);
#6781 = VERTEX_POINT('',#6782);
#6782 = CARTESIAN_POINT('',(-0.725,0.625,0.));
#6783 = LINE('',#6784,#6785);
#6784 = CARTESIAN_POINT('',(-0.725,0.625,0.));
#6785 = VECTOR('',#6786,1.);
#6786 = DIRECTION('',(0.,0.,1.));
#6787 = ORIENTED_EDGE('',*,*,#6788,.T.);
#6788 = EDGE_CURVE('',#6781,#6706,#6789,.T.);
#6789 = CIRCLE('',#6790,0.125);
#6790 = AXIS2_PLACEMENT_3D('',#6791,#6792,#6793);
#6791 = CARTESIAN_POINT('',(-0.725,0.75,0.));
#6792 = DIRECTION('',(0.,0.,1.));
#6793 = DIRECTION('',(-4.669739647545E-16,-1.,0.));
#6794 = CYLINDRICAL_SURFACE('',#6795,0.125);
#6795 = AXIS2_PLACEMENT_3D('',#6796,#6797,#6798);
#6796 = CARTESIAN_POINT('',(-0.725,0.75,0.));
#6797 = DIRECTION('',(0.,0.,-1.));
#6798 = DIRECTION('',(-4.669739647545E-16,-1.,-0.));
#6799 = ADVANCED_FACE('',(#6800),#6827,.F.);
#6800 = FACE_BOUND('',#6801,.F.);
#6801 = EDGE_LOOP('',(#6802,#6810,#6818,#6824,#6825,#6826));
#6802 = ORIENTED_EDGE('',*,*,#6803,.F.);
#6803 = EDGE_CURVE('',#6804,#6781,#6806,.T.);
#6804 = VERTEX_POINT('',#6805);
#6805 = CARTESIAN_POINT('',(-1.,0.625,0.));
#6806 = LINE('',#6807,#6808);
#6807 = CARTESIAN_POINT('',(-1.,0.625,0.));
#6808 = VECTOR('',#6809,1.);
#6809 = DIRECTION('',(1.,-4.669739647545E-16,0.));
#6810 = ORIENTED_EDGE('',*,*,#6811,.T.);
#6811 = EDGE_CURVE('',#6804,#6812,#6814,.T.);
#6812 = VERTEX_POINT('',#6813);
#6813 = CARTESIAN_POINT('',(-1.,0.625,0.2));
#6814 = LINE('',#6815,#6816);
#6815 = CARTESIAN_POINT('',(-1.,0.625,0.));
#6816 = VECTOR('',#6817,1.);
#6817 = DIRECTION('',(0.,0.,1.));
#6818 = ORIENTED_EDGE('',*,*,#6819,.T.);
#6819 = EDGE_CURVE('',#6812,#6459,#6820,.T.);
#6820 = LINE('',#6821,#6822);
#6821 = CARTESIAN_POINT('',(-1.,0.625,0.2));
#6822 = VECTOR('',#6823,1.);
#6823 = DIRECTION('',(1.,-4.669739647545E-16,0.));
#6824 = ORIENTED_EDGE('',*,*,#6458,.F.);
#6825 = ORIENTED_EDGE('',*,*,#6100,.F.);
#6826 = ORIENTED_EDGE('',*,*,#6780,.F.);
#6827 = PLANE('',#6828);
#6828 = AXIS2_PLACEMENT_3D('',#6829,#6830,#6831);
#6829 = CARTESIAN_POINT('',(-1.,0.625,0.));
#6830 = DIRECTION('',(4.669739647545E-16,1.,0.));
#6831 = DIRECTION('',(1.,-4.669739647545E-16,0.));
#6832 = ADVANCED_FACE('',(#6833),#6867,.F.);
#6833 = FACE_BOUND('',#6834,.F.);
#6834 = EDGE_LOOP('',(#6835,#6845,#6853,#6859,#6860,#6861));
#6835 = ORIENTED_EDGE('',*,*,#6836,.F.);
#6836 = EDGE_CURVE('',#6837,#6839,#6841,.T.);
#6837 = VERTEX_POINT('',#6838);
#6838 = CARTESIAN_POINT('',(1.,0.375,0.));
#6839 = VERTEX_POINT('',#6840);
#6840 = CARTESIAN_POINT('',(0.725,0.375,0.));
#6841 = LINE('',#6842,#6843);
#6842 = CARTESIAN_POINT('',(1.,0.375,0.));
#6843 = VECTOR('',#6844,1.);
#6844 = DIRECTION('',(-1.,3.445092848398E-16,0.));
#6845 = ORIENTED_EDGE('',*,*,#6846,.T.);
#6846 = EDGE_CURVE('',#6837,#6847,#6849,.T.);
#6847 = VERTEX_POINT('',#6848);
#6848 = CARTESIAN_POINT('',(1.,0.375,0.2));
#6849 = LINE('',#6850,#6851);
#6850 = CARTESIAN_POINT('',(1.,0.375,0.));
#6851 = VECTOR('',#6852,1.);
#6852 = DIRECTION('',(0.,0.,1.));
#6853 = ORIENTED_EDGE('',*,*,#6854,.T.);
#6854 = EDGE_CURVE('',#6847,#6579,#6855,.T.);
#6855 = LINE('',#6856,#6857);
#6856 = CARTESIAN_POINT('',(1.,0.375,0.2));
#6857 = VECTOR('',#6858,1.);
#6858 = DIRECTION('',(-1.,3.445092848398E-16,0.));
#6859 = ORIENTED_EDGE('',*,*,#6586,.T.);
#6860 = ORIENTED_EDGE('',*,*,#6290,.F.);
#6861 = ORIENTED_EDGE('',*,*,#6862,.F.);
#6862 = EDGE_CURVE('',#6839,#6282,#6863,.T.);
#6863 = LINE('',#6864,#6865);
#6864 = CARTESIAN_POINT('',(0.725,0.375,0.));
#6865 = VECTOR('',#6866,1.);
#6866 = DIRECTION('',(0.,0.,1.));
#6867 = PLANE('',#6868);
#6868 = AXIS2_PLACEMENT_3D('',#6869,#6870,#6871);
#6869 = CARTESIAN_POINT('',(1.,0.375,0.));
#6870 = DIRECTION('',(-3.445092848398E-16,-1.,0.));
#6871 = DIRECTION('',(-1.,3.445092848398E-16,0.));
#6872 = ADVANCED_FACE('',(#6873),#6892,.T.);
#6873 = FACE_BOUND('',#6874,.T.);
#6874 = EDGE_LOOP('',(#6875,#6883,#6884,#6885));
#6875 = ORIENTED_EDGE('',*,*,#6876,.T.);
#6876 = EDGE_CURVE('',#6877,#6274,#6879,.T.);
#6877 = VERTEX_POINT('',#6878);
#6878 = CARTESIAN_POINT('',(0.725,0.125,0.));
#6879 = LINE('',#6880,#6881);
#6880 = CARTESIAN_POINT('',(0.725,0.125,0.));
#6881 = VECTOR('',#6882,1.);
#6882 = DIRECTION('',(0.,0.,1.));
#6883 = ORIENTED_EDGE('',*,*,#6281,.T.);
#6884 = ORIENTED_EDGE('',*,*,#6862,.F.);
#6885 = ORIENTED_EDGE('',*,*,#6886,.T.);
#6886 = EDGE_CURVE('',#6839,#6877,#6887,.T.);
#6887 = CIRCLE('',#6888,0.125);
#6888 = AXIS2_PLACEMENT_3D('',#6889,#6890,#6891);
#6889 = CARTESIAN_POINT('',(0.725,0.25,0.));
#6890 = DIRECTION('',(0.,-0.,1.));
#6891 = DIRECTION('',(3.445092848398E-16,1.,0.));
#6892 = CYLINDRICAL_SURFACE('',#6893,0.125);
#6893 = AXIS2_PLACEMENT_3D('',#6894,#6895,#6896);
#6894 = CARTESIAN_POINT('',(0.725,0.25,0.));
#6895 = DIRECTION('',(0.,-0.,-1.));
#6896 = DIRECTION('',(3.445092848398E-16,1.,0.));
#6897 = ADVANCED_FACE('',(#6898),#6932,.F.);
#6898 = FACE_BOUND('',#6899,.F.);
#6899 = EDGE_LOOP('',(#6900,#6910,#6916,#6917,#6918,#6926));
#6900 = ORIENTED_EDGE('',*,*,#6901,.F.);
#6901 = EDGE_CURVE('',#6902,#6904,#6906,.T.);
#6902 = VERTEX_POINT('',#6903);
#6903 = CARTESIAN_POINT('',(-0.725,0.375,0.));
#6904 = VERTEX_POINT('',#6905);
#6905 = CARTESIAN_POINT('',(-1.,0.375,0.));
#6906 = LINE('',#6907,#6908);
#6907 = CARTESIAN_POINT('',(-0.725,0.375,0.));
#6908 = VECTOR('',#6909,1.);
#6909 = DIRECTION('',(-1.,4.669739647545E-16,0.));
#6910 = ORIENTED_EDGE('',*,*,#6911,.T.);
#6911 = EDGE_CURVE('',#6902,#6117,#6912,.T.);
#6912 = LINE('',#6913,#6914);
#6913 = CARTESIAN_POINT('',(-0.725,0.375,0.));
#6914 = VECTOR('',#6915,1.);
#6915 = DIRECTION('',(0.,0.,1.));
#6916 = ORIENTED_EDGE('',*,*,#6116,.F.);
#6917 = ORIENTED_EDGE('',*,*,#6451,.F.);
#6918 = ORIENTED_EDGE('',*,*,#6919,.T.);
#6919 = EDGE_CURVE('',#6444,#6920,#6922,.T.);
#6920 = VERTEX_POINT('',#6921);
#6921 = CARTESIAN_POINT('',(-1.,0.375,0.2));
#6922 = LINE('',#6923,#6924);
#6923 = CARTESIAN_POINT('',(-0.725,0.375,0.2));
#6924 = VECTOR('',#6925,1.);
#6925 = DIRECTION('',(-1.,4.669739647545E-16,0.));
#6926 = ORIENTED_EDGE('',*,*,#6927,.F.);
#6927 = EDGE_CURVE('',#6904,#6920,#6928,.T.);
#6928 = LINE('',#6929,#6930);
#6929 = CARTESIAN_POINT('',(-1.,0.375,0.));
#6930 = VECTOR('',#6931,1.);
#6931 = DIRECTION('',(0.,0.,1.));
#6932 = PLANE('',#6933);
#6933 = AXIS2_PLACEMENT_3D('',#6934,#6935,#6936);
#6934 = CARTESIAN_POINT('',(-0.725,0.375,0.));
#6935 = DIRECTION('',(-4.669739647545E-16,-1.,0.));
#6936 = DIRECTION('',(-1.,4.669739647545E-16,0.));
#6937 = ADVANCED_FACE('',(#6938),#6965,.F.);
#6938 = FACE_BOUND('',#6939,.F.);
#6939 = EDGE_LOOP('',(#6940,#6948,#6949,#6950,#6951,#6959));
#6940 = ORIENTED_EDGE('',*,*,#6941,.F.);
#6941 = EDGE_CURVE('',#6877,#6942,#6944,.T.);
#6942 = VERTEX_POINT('',#6943);
#6943 = CARTESIAN_POINT('',(1.,0.125,0.));
#6944 = LINE('',#6945,#6946);
#6945 = CARTESIAN_POINT('',(0.725,0.125,0.));
#6946 = VECTOR('',#6947,1.);
#6947 = DIRECTION('',(1.,-3.445092848398E-16,0.));
#6948 = ORIENTED_EDGE('',*,*,#6876,.T.);
#6949 = ORIENTED_EDGE('',*,*,#6273,.F.);
#6950 = ORIENTED_EDGE('',*,*,#6570,.T.);
#6951 = ORIENTED_EDGE('',*,*,#6952,.T.);
#6952 = EDGE_CURVE('',#6571,#6953,#6955,.T.);
#6953 = VERTEX_POINT('',#6954);
#6954 = CARTESIAN_POINT('',(1.,0.125,0.2));
#6955 = LINE('',#6956,#6957);
#6956 = CARTESIAN_POINT('',(0.725,0.125,0.2));
#6957 = VECTOR('',#6958,1.);
#6958 = DIRECTION('',(1.,-3.445092848398E-16,0.));
#6959 = ORIENTED_EDGE('',*,*,#6960,.F.);
#6960 = EDGE_CURVE('',#6942,#6953,#6961,.T.);
#6961 = LINE('',#6962,#6963);
#6962 = CARTESIAN_POINT('',(1.,0.125,0.));
#6963 = VECTOR('',#6964,1.);
#6964 = DIRECTION('',(0.,0.,1.));
#6965 = PLANE('',#6966);
#6966 = AXIS2_PLACEMENT_3D('',#6967,#6968,#6969);
#6967 = CARTESIAN_POINT('',(0.725,0.125,0.));
#6968 = DIRECTION('',(3.445092848398E-16,1.,0.));
#6969 = DIRECTION('',(1.,-3.445092848398E-16,0.));
#6970 = ADVANCED_FACE('',(#6971),#6990,.T.);
#6971 = FACE_BOUND('',#6972,.T.);
#6972 = EDGE_LOOP('',(#6973,#6974,#6975,#6983));
#6973 = ORIENTED_EDGE('',*,*,#6911,.T.);
#6974 = ORIENTED_EDGE('',*,*,#6124,.T.);
#6975 = ORIENTED_EDGE('',*,*,#6976,.F.);
#6976 = EDGE_CURVE('',#6977,#6125,#6979,.T.);
#6977 = VERTEX_POINT('',#6978);
#6978 = CARTESIAN_POINT('',(-0.725,0.125,0.));
#6979 = LINE('',#6980,#6981);
#6980 = CARTESIAN_POINT('',(-0.725,0.125,0.));
#6981 = VECTOR('',#6982,1.);
#6982 = DIRECTION('',(0.,0.,1.));
#6983 = ORIENTED_EDGE('',*,*,#6984,.T.);
#6984 = EDGE_CURVE('',#6977,#6902,#6985,.T.);
#6985 = CIRCLE('',#6986,0.125);
#6986 = AXIS2_PLACEMENT_3D('',#6987,#6988,#6989);
#6987 = CARTESIAN_POINT('',(-0.725,0.25,0.));
#6988 = DIRECTION('',(0.,0.,1.));
#6989 = DIRECTION('',(-4.669739647545E-16,-1.,0.));
#6990 = CYLINDRICAL_SURFACE('',#6991,0.125);
#6991 = AXIS2_PLACEMENT_3D('',#6992,#6993,#6994);
#6992 = CARTESIAN_POINT('',(-0.725,0.25,0.));
#6993 = DIRECTION('',(0.,0.,-1.));
#6994 = DIRECTION('',(-4.669739647545E-16,-1.,-0.));
#6995 = ADVANCED_FACE('',(#6996),#7023,.F.);
#6996 = FACE_BOUND('',#6997,.F.);
#6997 = EDGE_LOOP('',(#6998,#7006,#7014,#7020,#7021,#7022));
#6998 = ORIENTED_EDGE('',*,*,#6999,.F.);
#6999 = EDGE_CURVE('',#7000,#6977,#7002,.T.);
#7000 = VERTEX_POINT('',#7001);
#7001 = CARTESIAN_POINT('',(-1.,0.125,0.));
#7002 = LINE('',#7003,#7004);
#7003 = CARTESIAN_POINT('',(-1.,0.125,0.));
#7004 = VECTOR('',#7005,1.);
#7005 = DIRECTION('',(1.,-4.669739647545E-16,0.));
#7006 = ORIENTED_EDGE('',*,*,#7007,.T.);
#7007 = EDGE_CURVE('',#7000,#7008,#7010,.T.);
#7008 = VERTEX_POINT('',#7009);
#7009 = CARTESIAN_POINT('',(-1.,0.125,0.2));
#7010 = LINE('',#7011,#7012);
#7011 = CARTESIAN_POINT('',(-1.,0.125,0.));
#7012 = VECTOR('',#7013,1.);
#7013 = DIRECTION('',(0.,0.,1.));
#7014 = ORIENTED_EDGE('',*,*,#7015,.T.);
#7015 = EDGE_CURVE('',#7008,#6436,#7016,.T.);
#7016 = LINE('',#7017,#7018);
#7017 = CARTESIAN_POINT('',(-1.,0.125,0.2));
#7018 = VECTOR('',#7019,1.);
#7019 = DIRECTION('',(1.,-4.669739647545E-16,0.));
#7020 = ORIENTED_EDGE('',*,*,#6435,.F.);
#7021 = ORIENTED_EDGE('',*,*,#6133,.F.);
#7022 = ORIENTED_EDGE('',*,*,#6976,.F.);
#7023 = PLANE('',#7024);
#7024 = AXIS2_PLACEMENT_3D('',#7025,#7026,#7027);
#7025 = CARTESIAN_POINT('',(-1.,0.125,0.));
#7026 = DIRECTION('',(4.669739647545E-16,1.,0.));
#7027 = DIRECTION('',(1.,-4.669739647545E-16,0.));
#7028 = ADVANCED_FACE('',(#7029),#7063,.F.);
#7029 = FACE_BOUND('',#7030,.F.);
#7030 = EDGE_LOOP('',(#7031,#7041,#7049,#7055,#7056,#7057));
#7031 = ORIENTED_EDGE('',*,*,#7032,.F.);
#7032 = EDGE_CURVE('',#7033,#7035,#7037,.T.);
#7033 = VERTEX_POINT('',#7034);
#7034 = CARTESIAN_POINT('',(1.,-0.125,0.));
#7035 = VERTEX_POINT('',#7036);
#7036 = CARTESIAN_POINT('',(0.725,-0.125,0.));
#7037 = LINE('',#7038,#7039);
#7038 = CARTESIAN_POINT('',(1.,-0.125,0.));
#7039 = VECTOR('',#7040,1.);
#7040 = DIRECTION('',(-1.,3.445092848398E-16,0.));
#7041 = ORIENTED_EDGE('',*,*,#7042,.T.);
#7042 = EDGE_CURVE('',#7033,#7043,#7045,.T.);
#7043 = VERTEX_POINT('',#7044);
#7044 = CARTESIAN_POINT('',(1.,-0.125,0.2));
#7045 = LINE('',#7046,#7047);
#7046 = CARTESIAN_POINT('',(1.,-0.125,0.));
#7047 = VECTOR('',#7048,1.);
#7048 = DIRECTION('',(0.,0.,1.));
#7049 = ORIENTED_EDGE('',*,*,#7050,.T.);
#7050 = EDGE_CURVE('',#7043,#6556,#7051,.T.);
#7051 = LINE('',#7052,#7053);
#7052 = CARTESIAN_POINT('',(1.,-0.125,0.2));
#7053 = VECTOR('',#7054,1.);
#7054 = DIRECTION('',(-1.,3.445092848398E-16,0.));
#7055 = ORIENTED_EDGE('',*,*,#6563,.T.);
#7056 = ORIENTED_EDGE('',*,*,#6257,.F.);
#7057 = ORIENTED_EDGE('',*,*,#7058,.F.);
#7058 = EDGE_CURVE('',#7035,#6249,#7059,.T.);
#7059 = LINE('',#7060,#7061);
#7060 = CARTESIAN_POINT('',(0.725,-0.125,0.));
#7061 = VECTOR('',#7062,1.);
#7062 = DIRECTION('',(0.,0.,1.));
#7063 = PLANE('',#7064);
#7064 = AXIS2_PLACEMENT_3D('',#7065,#7066,#7067);
#7065 = CARTESIAN_POINT('',(1.,-0.125,0.));
#7066 = DIRECTION('',(-3.445092848398E-16,-1.,0.));
#7067 = DIRECTION('',(-1.,3.445092848398E-16,0.));
#7068 = ADVANCED_FACE('',(#7069),#7088,.T.);
#7069 = FACE_BOUND('',#7070,.T.);
#7070 = EDGE_LOOP('',(#7071,#7079,#7080,#7081));
#7071 = ORIENTED_EDGE('',*,*,#7072,.T.);
#7072 = EDGE_CURVE('',#7073,#6241,#7075,.T.);
#7073 = VERTEX_POINT('',#7074);
#7074 = CARTESIAN_POINT('',(0.725,-0.375,0.));
#7075 = LINE('',#7076,#7077);
#7076 = CARTESIAN_POINT('',(0.725,-0.375,0.));
#7077 = VECTOR('',#7078,1.);
#7078 = DIRECTION('',(0.,0.,1.));
#7079 = ORIENTED_EDGE('',*,*,#6248,.T.);
#7080 = ORIENTED_EDGE('',*,*,#7058,.F.);
#7081 = ORIENTED_EDGE('',*,*,#7082,.T.);
#7082 = EDGE_CURVE('',#7035,#7073,#7083,.T.);
#7083 = CIRCLE('',#7084,0.125);
#7084 = AXIS2_PLACEMENT_3D('',#7085,#7086,#7087);
#7085 = CARTESIAN_POINT('',(0.725,-0.25,0.));
#7086 = DIRECTION('',(0.,-0.,1.));
#7087 = DIRECTION('',(3.445092848398E-16,1.,0.));
#7088 = CYLINDRICAL_SURFACE('',#7089,0.125);
#7089 = AXIS2_PLACEMENT_3D('',#7090,#7091,#7092);
#7090 = CARTESIAN_POINT('',(0.725,-0.25,0.));
#7091 = DIRECTION('',(0.,-0.,-1.));
#7092 = DIRECTION('',(3.445092848398E-16,1.,0.));
#7093 = ADVANCED_FACE('',(#7094),#7121,.F.);
#7094 = FACE_BOUND('',#7095,.F.);
#7095 = EDGE_LOOP('',(#7096,#7104,#7105,#7106,#7107,#7115));
#7096 = ORIENTED_EDGE('',*,*,#7097,.F.);
#7097 = EDGE_CURVE('',#7073,#7098,#7100,.T.);
#7098 = VERTEX_POINT('',#7099);
#7099 = CARTESIAN_POINT('',(1.,-0.375,0.));
#7100 = LINE('',#7101,#7102);
#7101 = CARTESIAN_POINT('',(0.725,-0.375,0.));
#7102 = VECTOR('',#7103,1.);
#7103 = DIRECTION('',(1.,-3.445092848398E-16,0.));
#7104 = ORIENTED_EDGE('',*,*,#7072,.T.);
#7105 = ORIENTED_EDGE('',*,*,#6240,.F.);
#7106 = ORIENTED_EDGE('',*,*,#6547,.T.);
#7107 = ORIENTED_EDGE('',*,*,#7108,.T.);
#7108 = EDGE_CURVE('',#6548,#7109,#7111,.T.);
#7109 = VERTEX_POINT('',#7110);
#7110 = CARTESIAN_POINT('',(1.,-0.375,0.2));
#7111 = LINE('',#7112,#7113);
#7112 = CARTESIAN_POINT('',(0.725,-0.375,0.2));
#7113 = VECTOR('',#7114,1.);
#7114 = DIRECTION('',(1.,-3.445092848398E-16,0.));
#7115 = ORIENTED_EDGE('',*,*,#7116,.F.);
#7116 = EDGE_CURVE('',#7098,#7109,#7117,.T.);
#7117 = LINE('',#7118,#7119);
#7118 = CARTESIAN_POINT('',(1.,-0.375,0.));
#7119 = VECTOR('',#7120,1.);
#7120 = DIRECTION('',(0.,0.,1.));
#7121 = PLANE('',#7122);
#7122 = AXIS2_PLACEMENT_3D('',#7123,#7124,#7125);
#7123 = CARTESIAN_POINT('',(0.725,-0.375,0.));
#7124 = DIRECTION('',(3.445092848398E-16,1.,0.));
#7125 = DIRECTION('',(1.,-3.445092848398E-16,0.));
#7126 = ADVANCED_FACE('',(#7127),#7161,.F.);
#7127 = FACE_BOUND('',#7128,.F.);
#7128 = EDGE_LOOP('',(#7129,#7139,#7147,#7153,#7154,#7155));
#7129 = ORIENTED_EDGE('',*,*,#7130,.F.);
#7130 = EDGE_CURVE('',#7131,#7133,#7135,.T.);
#7131 = VERTEX_POINT('',#7132);
#7132 = CARTESIAN_POINT('',(1.,-0.625,0.));
#7133 = VERTEX_POINT('',#7134);
#7134 = CARTESIAN_POINT('',(0.725,-0.625,0.));
#7135 = LINE('',#7136,#7137);
#7136 = CARTESIAN_POINT('',(1.,-0.625,0.));
#7137 = VECTOR('',#7138,1.);
#7138 = DIRECTION('',(-1.,3.445092848398E-16,0.));
#7139 = ORIENTED_EDGE('',*,*,#7140,.T.);
#7140 = EDGE_CURVE('',#7131,#7141,#7143,.T.);
#7141 = VERTEX_POINT('',#7142);
#7142 = CARTESIAN_POINT('',(1.,-0.625,0.2));
#7143 = LINE('',#7144,#7145);
#7144 = CARTESIAN_POINT('',(1.,-0.625,0.));
#7145 = VECTOR('',#7146,1.);
#7146 = DIRECTION('',(0.,0.,1.));
#7147 = ORIENTED_EDGE('',*,*,#7148,.T.);
#7148 = EDGE_CURVE('',#7141,#6533,#7149,.T.);
#7149 = LINE('',#7150,#7151);
#7150 = CARTESIAN_POINT('',(1.,-0.625,0.2));
#7151 = VECTOR('',#7152,1.);
#7152 = DIRECTION('',(-1.,3.445092848398E-16,0.));
#7153 = ORIENTED_EDGE('',*,*,#6540,.T.);
#7154 = ORIENTED_EDGE('',*,*,#6224,.F.);
#7155 = ORIENTED_EDGE('',*,*,#7156,.F.);
#7156 = EDGE_CURVE('',#7133,#6216,#7157,.T.);
#7157 = LINE('',#7158,#7159);
#7158 = CARTESIAN_POINT('',(0.725,-0.625,0.));
#7159 = VECTOR('',#7160,1.);
#7160 = DIRECTION('',(0.,0.,1.));
#7161 = PLANE('',#7162);
#7162 = AXIS2_PLACEMENT_3D('',#7163,#7164,#7165);
#7163 = CARTESIAN_POINT('',(1.,-0.625,0.));
#7164 = DIRECTION('',(-3.445092848398E-16,-1.,0.));
#7165 = DIRECTION('',(-1.,3.445092848398E-16,0.));
#7166 = ADVANCED_FACE('',(#7167),#7186,.T.);
#7167 = FACE_BOUND('',#7168,.T.);
#7168 = EDGE_LOOP('',(#7169,#7177,#7178,#7179));
#7169 = ORIENTED_EDGE('',*,*,#7170,.T.);
#7170 = EDGE_CURVE('',#7171,#6208,#7173,.T.);
#7171 = VERTEX_POINT('',#7172);
#7172 = CARTESIAN_POINT('',(0.725,-0.875,0.));
#7173 = LINE('',#7174,#7175);
#7174 = CARTESIAN_POINT('',(0.725,-0.875,0.));
#7175 = VECTOR('',#7176,1.);
#7176 = DIRECTION('',(0.,0.,1.));
#7177 = ORIENTED_EDGE('',*,*,#6215,.T.);
#7178 = ORIENTED_EDGE('',*,*,#7156,.F.);
#7179 = ORIENTED_EDGE('',*,*,#7180,.T.);
#7180 = EDGE_CURVE('',#7133,#7171,#7181,.T.);
#7181 = CIRCLE('',#7182,0.125);
#7182 = AXIS2_PLACEMENT_3D('',#7183,#7184,#7185);
#7183 = CARTESIAN_POINT('',(0.725,-0.75,0.));
#7184 = DIRECTION('',(0.,-0.,1.));
#7185 = DIRECTION('',(3.445092848398E-16,1.,0.));
#7186 = CYLINDRICAL_SURFACE('',#7187,0.125);
#7187 = AXIS2_PLACEMENT_3D('',#7188,#7189,#7190);
#7188 = CARTESIAN_POINT('',(0.725,-0.75,0.));
#7189 = DIRECTION('',(0.,-0.,-1.));
#7190 = DIRECTION('',(3.445092848398E-16,1.,0.));
#7191 = ADVANCED_FACE('',(#7192),#7226,.F.);
#7192 = FACE_BOUND('',#7193,.F.);
#7193 = EDGE_LOOP('',(#7194,#7204,#7210,#7211,#7212,#7220));
#7194 = ORIENTED_EDGE('',*,*,#7195,.F.);
#7195 = EDGE_CURVE('',#7196,#7198,#7200,.T.);
#7196 = VERTEX_POINT('',#7197);
#7197 = CARTESIAN_POINT('',(-0.725,-0.625,0.));
#7198 = VERTEX_POINT('',#7199);
#7199 = CARTESIAN_POINT('',(-1.,-0.625,0.));
#7200 = LINE('',#7201,#7202);
#7201 = CARTESIAN_POINT('',(-0.725,-0.625,0.));
#7202 = VECTOR('',#7203,1.);
#7203 = DIRECTION('',(-1.,4.669739647545E-16,0.));
#7204 = ORIENTED_EDGE('',*,*,#7205,.T.);
#7205 = EDGE_CURVE('',#7196,#6159,#7206,.T.);
#7206 = LINE('',#7207,#7208);
#7207 = CARTESIAN_POINT('',(-0.725,-0.625,0.));
#7208 = VECTOR('',#7209,1.);
#7209 = DIRECTION('',(0.,0.,1.));
#7210 = ORIENTED_EDGE('',*,*,#6158,.F.);
#7211 = ORIENTED_EDGE('',*,*,#6419,.F.);
#7212 = ORIENTED_EDGE('',*,*,#7213,.T.);
#7213 = EDGE_CURVE('',#6412,#7214,#7216,.T.);
#7214 = VERTEX_POINT('',#7215);
#7215 = CARTESIAN_POINT('',(-1.,-0.625,0.2));
#7216 = LINE('',#7217,#7218);
#7217 = CARTESIAN_POINT('',(-0.725,-0.625,0.2));
#7218 = VECTOR('',#7219,1.);
#7219 = DIRECTION('',(-1.,4.669739647545E-16,0.));
#7220 = ORIENTED_EDGE('',*,*,#7221,.F.);
#7221 = EDGE_CURVE('',#7198,#7214,#7222,.T.);
#7222 = LINE('',#7223,#7224);
#7223 = CARTESIAN_POINT('',(-1.,-0.625,0.));
#7224 = VECTOR('',#7225,1.);
#7225 = DIRECTION('',(0.,0.,1.));
#7226 = PLANE('',#7227);
#7227 = AXIS2_PLACEMENT_3D('',#7228,#7229,#7230);
#7228 = CARTESIAN_POINT('',(-0.725,-0.625,0.));
#7229 = DIRECTION('',(-4.669739647545E-16,-1.,0.));
#7230 = DIRECTION('',(-1.,4.669739647545E-16,0.));
#7231 = ADVANCED_FACE('',(#7232),#7259,.F.);
#7232 = FACE_BOUND('',#7233,.F.);
#7233 = EDGE_LOOP('',(#7234,#7242,#7243,#7244,#7245,#7253));
#7234 = ORIENTED_EDGE('',*,*,#7235,.F.);
#7235 = EDGE_CURVE('',#7171,#7236,#7238,.T.);
#7236 = VERTEX_POINT('',#7237);
#7237 = CARTESIAN_POINT('',(1.,-0.875,0.));
#7238 = LINE('',#7239,#7240);
#7239 = CARTESIAN_POINT('',(0.725,-0.875,0.));
#7240 = VECTOR('',#7241,1.);
#7241 = DIRECTION('',(1.,-3.445092848398E-16,0.));
#7242 = ORIENTED_EDGE('',*,*,#7170,.T.);
#7243 = ORIENTED_EDGE('',*,*,#6207,.F.);
#7244 = ORIENTED_EDGE('',*,*,#6524,.T.);
#7245 = ORIENTED_EDGE('',*,*,#7246,.T.);
#7246 = EDGE_CURVE('',#6525,#7247,#7249,.T.);
#7247 = VERTEX_POINT('',#7248);
#7248 = CARTESIAN_POINT('',(1.,-0.875,0.2));
#7249 = LINE('',#7250,#7251);
#7250 = CARTESIAN_POINT('',(0.725,-0.875,0.2));
#7251 = VECTOR('',#7252,1.);
#7252 = DIRECTION('',(1.,-3.445092848398E-16,0.));
#7253 = ORIENTED_EDGE('',*,*,#7254,.F.);
#7254 = EDGE_CURVE('',#7236,#7247,#7255,.T.);
#7255 = LINE('',#7256,#7257);
#7256 = CARTESIAN_POINT('',(1.,-0.875,0.));
#7257 = VECTOR('',#7258,1.);
#7258 = DIRECTION('',(0.,0.,1.));
#7259 = PLANE('',#7260);
#7260 = AXIS2_PLACEMENT_3D('',#7261,#7262,#7263);
#7261 = CARTESIAN_POINT('',(0.725,-0.875,0.));
#7262 = DIRECTION('',(3.445092848398E-16,1.,0.));
#7263 = DIRECTION('',(1.,-3.445092848398E-16,0.));
#7264 = ADVANCED_FACE('',(#7265),#7284,.T.);
#7265 = FACE_BOUND('',#7266,.T.);
#7266 = EDGE_LOOP('',(#7267,#7268,#7269,#7277));
#7267 = ORIENTED_EDGE('',*,*,#7205,.T.);
#7268 = ORIENTED_EDGE('',*,*,#6166,.T.);
#7269 = ORIENTED_EDGE('',*,*,#7270,.F.);
#7270 = EDGE_CURVE('',#7271,#6167,#7273,.T.);
#7271 = VERTEX_POINT('',#7272);
#7272 = CARTESIAN_POINT('',(-0.725,-0.875,0.));
#7273 = LINE('',#7274,#7275);
#7274 = CARTESIAN_POINT('',(-0.725,-0.875,0.));
#7275 = VECTOR('',#7276,1.);
#7276 = DIRECTION('',(0.,0.,1.));
#7277 = ORIENTED_EDGE('',*,*,#7278,.T.);
#7278 = EDGE_CURVE('',#7271,#7196,#7279,.T.);
#7279 = CIRCLE('',#7280,0.125);
#7280 = AXIS2_PLACEMENT_3D('',#7281,#7282,#7283);
#7281 = CARTESIAN_POINT('',(-0.725,-0.75,0.));
#7282 = DIRECTION('',(0.,0.,1.));
#7283 = DIRECTION('',(-4.669739647545E-16,-1.,0.));
#7284 = CYLINDRICAL_SURFACE('',#7285,0.125);
#7285 = AXIS2_PLACEMENT_3D('',#7286,#7287,#7288);
#7286 = CARTESIAN_POINT('',(-0.725,-0.75,0.));
#7287 = DIRECTION('',(0.,0.,-1.));
#7288 = DIRECTION('',(-4.669739647545E-16,-1.,-0.));
#7289 = ADVANCED_FACE('',(#7290),#7317,.F.);
#7290 = FACE_BOUND('',#7291,.F.);
#7291 = EDGE_LOOP('',(#7292,#7300,#7308,#7314,#7315,#7316));
#7292 = ORIENTED_EDGE('',*,*,#7293,.F.);
#7293 = EDGE_CURVE('',#7294,#7271,#7296,.T.);
#7294 = VERTEX_POINT('',#7295);
#7295 = CARTESIAN_POINT('',(-1.,-0.875,0.));
#7296 = LINE('',#7297,#7298);
#7297 = CARTESIAN_POINT('',(-1.,-0.875,0.));
#7298 = VECTOR('',#7299,1.);
#7299 = DIRECTION('',(1.,-4.669739647545E-16,0.));
#7300 = ORIENTED_EDGE('',*,*,#7301,.T.);
#7301 = EDGE_CURVE('',#7294,#7302,#7304,.T.);
#7302 = VERTEX_POINT('',#7303);
#7303 = CARTESIAN_POINT('',(-1.,-0.875,0.2));
#7304 = LINE('',#7305,#7306);
#7305 = CARTESIAN_POINT('',(-1.,-0.875,0.));
#7306 = VECTOR('',#7307,1.);
#7307 = DIRECTION('',(0.,0.,1.));
#7308 = ORIENTED_EDGE('',*,*,#7309,.T.);
#7309 = EDGE_CURVE('',#7302,#6404,#7310,.T.);
#7310 = LINE('',#7311,#7312);
#7311 = CARTESIAN_POINT('',(-1.,-0.875,0.2));
#7312 = VECTOR('',#7313,1.);
#7313 = DIRECTION('',(1.,-4.669739647545E-16,0.));
#7314 = ORIENTED_EDGE('',*,*,#6403,.F.);
#7315 = ORIENTED_EDGE('',*,*,#6175,.F.);
#7316 = ORIENTED_EDGE('',*,*,#7270,.F.);
#7317 = PLANE('',#7318);
#7318 = AXIS2_PLACEMENT_3D('',#7319,#7320,#7321);
#7319 = CARTESIAN_POINT('',(-1.,-0.875,0.));
#7320 = DIRECTION('',(4.669739647545E-16,1.,0.));
#7321 = DIRECTION('',(1.,-4.669739647545E-16,0.));
#7322 = ADVANCED_FACE('',(#7323),#7334,.T.);
#7323 = FACE_BOUND('',#7324,.T.);
#7324 = EDGE_LOOP('',(#7325,#7326,#7327,#7328));
#7325 = ORIENTED_EDGE('',*,*,#6396,.F.);
#7326 = ORIENTED_EDGE('',*,*,#6191,.T.);
#7327 = ORIENTED_EDGE('',*,*,#6517,.T.);
#7328 = ORIENTED_EDGE('',*,*,#7329,.F.);
#7329 = EDGE_CURVE('',#6389,#6510,#7330,.T.);
#7330 = LINE('',#7331,#7332);
#7331 = CARTESIAN_POINT('',(-0.99,-1.49,0.77));
#7332 = VECTOR('',#7333,1.);
#7333 = DIRECTION('',(1.,-2.22044604925E-16,0.));
#7334 = PLANE('',#7335);
#7335 = AXIS2_PLACEMENT_3D('',#7336,#7337,#7338);
#7336 = CARTESIAN_POINT('',(-0.99,-1.49,2.E-02));
#7337 = DIRECTION('',(-2.22044604925E-16,-1.,0.));
#7338 = DIRECTION('',(0.,0.,1.));
#7339 = ADVANCED_FACE('',(#7340),#7365,.F.);
#7340 = FACE_BOUND('',#7341,.F.);
#7341 = EDGE_LOOP('',(#7342,#7350,#7351,#7359));
#7342 = ORIENTED_EDGE('',*,*,#7343,.T.);
#7343 = EDGE_CURVE('',#7344,#6332,#7346,.T.);
#7344 = VERTEX_POINT('',#7345);
#7345 = CARTESIAN_POINT('',(-0.28,0.875,0.));
#7346 = LINE('',#7347,#7348);
#7347 = CARTESIAN_POINT('',(-0.28,0.875,0.));
#7348 = VECTOR('',#7349,1.);
#7349 = DIRECTION('',(0.,0.,1.));
#7350 = ORIENTED_EDGE('',*,*,#6331,.T.);
#7351 = ORIENTED_EDGE('',*,*,#7352,.F.);
#7352 = EDGE_CURVE('',#7353,#6334,#7355,.T.);
#7353 = VERTEX_POINT('',#7354);
#7354 = CARTESIAN_POINT('',(-0.28,-1.075,0.));
#7355 = LINE('',#7356,#7357);
#7356 = CARTESIAN_POINT('',(-0.28,-1.075,0.));
#7357 = VECTOR('',#7358,1.);
#7358 = DIRECTION('',(0.,0.,1.));
#7359 = ORIENTED_EDGE('',*,*,#7360,.F.);
#7360 = EDGE_CURVE('',#7344,#7353,#7361,.T.);
#7361 = LINE('',#7362,#7363);
#7362 = CARTESIAN_POINT('',(-0.28,0.875,0.));
#7363 = VECTOR('',#7364,1.);
#7364 = DIRECTION('',(-2.22044604925E-16,-1.,0.));
#7365 = PLANE('',#7366);
#7366 = AXIS2_PLACEMENT_3D('',#7367,#7368,#7369);
#7367 = CARTESIAN_POINT('',(-0.28,0.875,0.));
#7368 = DIRECTION('',(1.,-2.22044604925E-16,0.));
#7369 = DIRECTION('',(-2.22044604925E-16,-1.,0.));
#7370 = ADVANCED_FACE('',(#7371),#7389,.F.);
#7371 = FACE_BOUND('',#7372,.F.);
#7372 = EDGE_LOOP('',(#7373,#7374,#7375,#7383));
#7373 = ORIENTED_EDGE('',*,*,#7352,.T.);
#7374 = ORIENTED_EDGE('',*,*,#6365,.T.);
#7375 = ORIENTED_EDGE('',*,*,#7376,.F.);
#7376 = EDGE_CURVE('',#7377,#6358,#7379,.T.);
#7377 = VERTEX_POINT('',#7378);
#7378 = CARTESIAN_POINT('',(0.28,-1.075,0.));
#7379 = LINE('',#7380,#7381);
#7380 = CARTESIAN_POINT('',(0.28,-1.075,0.));
#7381 = VECTOR('',#7382,1.);
#7382 = DIRECTION('',(0.,0.,1.));
#7383 = ORIENTED_EDGE('',*,*,#7384,.F.);
#7384 = EDGE_CURVE('',#7353,#7377,#7385,.T.);
#7385 = LINE('',#7386,#7387);
#7386 = CARTESIAN_POINT('',(-0.28,-1.075,0.));
#7387 = VECTOR('',#7388,1.);
#7388 = DIRECTION('',(1.,-2.22044604925E-16,0.));
#7389 = PLANE('',#7390);
#7390 = AXIS2_PLACEMENT_3D('',#7391,#7392,#7393);
#7391 = CARTESIAN_POINT('',(-0.28,-1.075,0.));
#7392 = DIRECTION('',(2.22044604925E-16,1.,0.));
#7393 = DIRECTION('',(1.,-2.22044604925E-16,0.));
#7394 = ADVANCED_FACE('',(#7395),#7413,.F.);
#7395 = FACE_BOUND('',#7396,.F.);
#7396 = EDGE_LOOP('',(#7397,#7398,#7399,#7407));
#7397 = ORIENTED_EDGE('',*,*,#7376,.T.);
#7398 = ORIENTED_EDGE('',*,*,#6357,.T.);
#7399 = ORIENTED_EDGE('',*,*,#7400,.F.);
#7400 = EDGE_CURVE('',#7401,#6350,#7403,.T.);
#7401 = VERTEX_POINT('',#7402);
#7402 = CARTESIAN_POINT('',(0.28,1.075,0.));
#7403 = LINE('',#7404,#7405);
#7404 = CARTESIAN_POINT('',(0.28,1.075,0.));
#7405 = VECTOR('',#7406,1.);
#7406 = DIRECTION('',(0.,0.,1.));
#7407 = ORIENTED_EDGE('',*,*,#7408,.F.);
#7408 = EDGE_CURVE('',#7377,#7401,#7409,.T.);
#7409 = LINE('',#7410,#7411);
#7410 = CARTESIAN_POINT('',(0.28,-1.075,0.));
#7411 = VECTOR('',#7412,1.);
#7412 = DIRECTION('',(2.22044604925E-16,1.,0.));
#7413 = PLANE('',#7414);
#7414 = AXIS2_PLACEMENT_3D('',#7415,#7416,#7417);
#7415 = CARTESIAN_POINT('',(0.28,-1.075,0.));
#7416 = DIRECTION('',(-1.,2.22044604925E-16,0.));
#7417 = DIRECTION('',(2.22044604925E-16,1.,0.));
#7418 = ADVANCED_FACE('',(#7419),#7437,.F.);
#7419 = FACE_BOUND('',#7420,.F.);
#7420 = EDGE_LOOP('',(#7421,#7422,#7423,#7431));
#7421 = ORIENTED_EDGE('',*,*,#7400,.T.);
#7422 = ORIENTED_EDGE('',*,*,#6349,.T.);
#7423 = ORIENTED_EDGE('',*,*,#7424,.F.);
#7424 = EDGE_CURVE('',#7425,#6342,#7427,.T.);
#7425 = VERTEX_POINT('',#7426);
#7426 = CARTESIAN_POINT('',(-8.E-02,1.075,0.));
#7427 = LINE('',#7428,#7429);
#7428 = CARTESIAN_POINT('',(-8.E-02,1.075,0.));
#7429 = VECTOR('',#7430,1.);
#7430 = DIRECTION('',(0.,0.,1.));
#7431 = ORIENTED_EDGE('',*,*,#7432,.F.);
#7432 = EDGE_CURVE('',#7401,#7425,#7433,.T.);
#7433 = LINE('',#7434,#7435);
#7434 = CARTESIAN_POINT('',(0.28,1.075,0.));
#7435 = VECTOR('',#7436,1.);
#7436 = DIRECTION('',(-1.,2.22044604925E-16,0.));
#7437 = PLANE('',#7438);
#7438 = AXIS2_PLACEMENT_3D('',#7439,#7440,#7441);
#7439 = CARTESIAN_POINT('',(0.28,1.075,0.));
#7440 = DIRECTION('',(-2.22044604925E-16,-1.,0.));
#7441 = DIRECTION('',(-1.,2.22044604925E-16,0.));
#7442 = ADVANCED_FACE('',(#7443),#7454,.F.);
#7443 = FACE_BOUND('',#7444,.F.);
#7444 = EDGE_LOOP('',(#7445,#7446,#7447,#7448));
#7445 = ORIENTED_EDGE('',*,*,#7424,.T.);
#7446 = ORIENTED_EDGE('',*,*,#6341,.T.);
#7447 = ORIENTED_EDGE('',*,*,#7343,.F.);
#7448 = ORIENTED_EDGE('',*,*,#7449,.F.);
#7449 = EDGE_CURVE('',#7425,#7344,#7450,.T.);
#7450 = LINE('',#7451,#7452);
#7451 = CARTESIAN_POINT('',(-8.E-02,1.075,0.));
#7452 = VECTOR('',#7453,1.);
#7453 = DIRECTION('',(-0.707106781187,-0.707106781187,0.));
#7454 = PLANE('',#7455);
#7455 = AXIS2_PLACEMENT_3D('',#7456,#7457,#7458);
#7456 = CARTESIAN_POINT('',(-8.E-02,1.075,0.));
#7457 = DIRECTION('',(0.707106781187,-0.707106781187,0.));
#7458 = DIRECTION('',(-0.707106781187,-0.707106781187,0.));
#7459 = ADVANCED_FACE('',(#7460,#7466),#7477,.T.);
#7460 = FACE_BOUND('',#7461,.T.);
#7461 = EDGE_LOOP('',(#7462,#7463,#7464,#7465));
#7462 = ORIENTED_EDGE('',*,*,#6626,.F.);
#7463 = ORIENTED_EDGE('',*,*,#6388,.T.);
#7464 = ORIENTED_EDGE('',*,*,#7329,.T.);
#7465 = ORIENTED_EDGE('',*,*,#6509,.F.);
#7466 = FACE_BOUND('',#7467,.T.);
#7467 = EDGE_LOOP('',(#7468));
#7468 = ORIENTED_EDGE('',*,*,#7469,.T.);
#7469 = EDGE_CURVE('',#7470,#7470,#7472,.T.);
#7470 = VERTEX_POINT('',#7471);
#7471 = CARTESIAN_POINT('',(-0.52,0.82,0.77));
#7472 = CIRCLE('',#7473,0.2);
#7473 = AXIS2_PLACEMENT_3D('',#7474,#7475,#7476);
#7474 = CARTESIAN_POINT('',(-0.52,1.02,0.77));
#7475 = DIRECTION('',(-0.,0.,-1.));
#7476 = DIRECTION('',(-2.22044604925E-16,-1.,0.));
#7477 = PLANE('',#7478);
#7478 = AXIS2_PLACEMENT_3D('',#7479,#7480,#7481);
#7479 = CARTESIAN_POINT('',(-0.99,1.49,0.77));
#7480 = DIRECTION('',(0.,0.,1.));
#7481 = DIRECTION('',(-2.22044604925E-16,-1.,0.));
#7482 = ADVANCED_FACE('',(#7483),#7494,.F.);
#7483 = FACE_BOUND('',#7484,.F.);
#7484 = EDGE_LOOP('',(#7485,#7486,#7492,#7493));
#7485 = ORIENTED_EDGE('',*,*,#6819,.F.);
#7486 = ORIENTED_EDGE('',*,*,#7487,.F.);
#7487 = EDGE_CURVE('',#6724,#6812,#7488,.T.);
#7488 = LINE('',#7489,#7490);
#7489 = CARTESIAN_POINT('',(-1.,0.875,0.2));
#7490 = VECTOR('',#7491,1.);
#7491 = DIRECTION('',(-4.669739647545E-16,-1.,0.));
#7492 = ORIENTED_EDGE('',*,*,#6723,.F.);
#7493 = ORIENTED_EDGE('',*,*,#6466,.F.);
#7494 = PLANE('',#7495);
#7495 = AXIS2_PLACEMENT_3D('',#7496,#7497,#7498);
#7496 = CARTESIAN_POINT('',(-1.,0.625,0.2));
#7497 = DIRECTION('',(0.,-0.,-1.));
#7498 = DIRECTION('',(4.669739647545E-16,1.,0.));
#7499 = ADVANCED_FACE('',(#7500),#7511,.F.);
#7500 = FACE_BOUND('',#7501,.F.);
#7501 = EDGE_LOOP('',(#7502,#7503,#7509,#7510));
#7502 = ORIENTED_EDGE('',*,*,#7309,.F.);
#7503 = ORIENTED_EDGE('',*,*,#7504,.F.);
#7504 = EDGE_CURVE('',#7214,#7302,#7505,.T.);
#7505 = LINE('',#7506,#7507);
#7506 = CARTESIAN_POINT('',(-1.,-0.625,0.2));
#7507 = VECTOR('',#7508,1.);
#7508 = DIRECTION('',(-4.669739647545E-16,-1.,0.));
#7509 = ORIENTED_EDGE('',*,*,#7213,.F.);
#7510 = ORIENTED_EDGE('',*,*,#6411,.F.);
#7511 = PLANE('',#7512);
#7512 = AXIS2_PLACEMENT_3D('',#7513,#7514,#7515);
#7513 = CARTESIAN_POINT('',(-1.,-0.875,0.2));
#7514 = DIRECTION('',(0.,-0.,-1.));
#7515 = DIRECTION('',(4.669739647545E-16,1.,0.));
#7516 = ADVANCED_FACE('',(#7517),#7528,.F.);
#7517 = FACE_BOUND('',#7518,.F.);
#7518 = EDGE_LOOP('',(#7519,#7520,#7526,#7527));
#7519 = ORIENTED_EDGE('',*,*,#7015,.F.);
#7520 = ORIENTED_EDGE('',*,*,#7521,.F.);
#7521 = EDGE_CURVE('',#6920,#7008,#7522,.T.);
#7522 = LINE('',#7523,#7524);
#7523 = CARTESIAN_POINT('',(-1.,0.375,0.2));
#7524 = VECTOR('',#7525,1.);
#7525 = DIRECTION('',(-4.669739647545E-16,-1.,0.));
#7526 = ORIENTED_EDGE('',*,*,#6919,.F.);
#7527 = ORIENTED_EDGE('',*,*,#6443,.F.);
#7528 = PLANE('',#7529);
#7529 = AXIS2_PLACEMENT_3D('',#7530,#7531,#7532);
#7530 = CARTESIAN_POINT('',(-1.,0.125,0.2));
#7531 = DIRECTION('',(0.,-0.,-1.));
#7532 = DIRECTION('',(4.669739647545E-16,1.,0.));
#7533 = ADVANCED_FACE('',(#7534),#7545,.F.);
#7534 = FACE_BOUND('',#7535,.F.);
#7535 = EDGE_LOOP('',(#7536,#7537,#7543,#7544));
#7536 = ORIENTED_EDGE('',*,*,#6658,.F.);
#7537 = ORIENTED_EDGE('',*,*,#7538,.F.);
#7538 = EDGE_CURVE('',#6757,#6651,#7539,.T.);
#7539 = LINE('',#7540,#7541);
#7540 = CARTESIAN_POINT('',(1.,0.625,0.2));
#7541 = VECTOR('',#7542,1.);
#7542 = DIRECTION('',(3.445092848398E-16,1.,0.));
#7543 = ORIENTED_EDGE('',*,*,#6756,.F.);
#7544 = ORIENTED_EDGE('',*,*,#6601,.T.);
#7545 = PLANE('',#7546);
#7546 = AXIS2_PLACEMENT_3D('',#7547,#7548,#7549);
#7547 = CARTESIAN_POINT('',(1.,0.875,0.2));
#7548 = DIRECTION('',(0.,0.,-1.));
#7549 = DIRECTION('',(-3.445092848398E-16,-1.,-0.));
#7550 = ADVANCED_FACE('',(#7551),#7562,.F.);
#7551 = FACE_BOUND('',#7552,.F.);
#7552 = EDGE_LOOP('',(#7553,#7554,#7560,#7561));
#7553 = ORIENTED_EDGE('',*,*,#7148,.F.);
#7554 = ORIENTED_EDGE('',*,*,#7555,.F.);
#7555 = EDGE_CURVE('',#7247,#7141,#7556,.T.);
#7556 = LINE('',#7557,#7558);
#7557 = CARTESIAN_POINT('',(1.,-0.875,0.2));
#7558 = VECTOR('',#7559,1.);
#7559 = DIRECTION('',(3.445092848398E-16,1.,0.));
#7560 = ORIENTED_EDGE('',*,*,#7246,.F.);
#7561 = ORIENTED_EDGE('',*,*,#6532,.T.);
#7562 = PLANE('',#7563);
#7563 = AXIS2_PLACEMENT_3D('',#7564,#7565,#7566);
#7564 = CARTESIAN_POINT('',(1.,-0.625,0.2));
#7565 = DIRECTION('',(0.,0.,-1.));
#7566 = DIRECTION('',(-3.445092848398E-16,-1.,-0.));
#7567 = ADVANCED_FACE('',(#7568),#7579,.F.);
#7568 = FACE_BOUND('',#7569,.F.);
#7569 = EDGE_LOOP('',(#7570,#7571,#7577,#7578));
#7570 = ORIENTED_EDGE('',*,*,#6854,.F.);
#7571 = ORIENTED_EDGE('',*,*,#7572,.F.);
#7572 = EDGE_CURVE('',#6953,#6847,#7573,.T.);
#7573 = LINE('',#7574,#7575);
#7574 = CARTESIAN_POINT('',(1.,0.125,0.2));
#7575 = VECTOR('',#7576,1.);
#7576 = DIRECTION('',(3.445092848398E-16,1.,0.));
#7577 = ORIENTED_EDGE('',*,*,#6952,.F.);
#7578 = ORIENTED_EDGE('',*,*,#6578,.T.);
#7579 = PLANE('',#7580);
#7580 = AXIS2_PLACEMENT_3D('',#7581,#7582,#7583);
#7581 = CARTESIAN_POINT('',(1.,0.375,0.2));
#7582 = DIRECTION('',(0.,0.,-1.));
#7583 = DIRECTION('',(-3.445092848398E-16,-1.,-0.));
#7584 = ADVANCED_FACE('',(#7585),#7596,.F.);
#7585 = FACE_BOUND('',#7586,.F.);
#7586 = EDGE_LOOP('',(#7587,#7588,#7594,#7595));
#7587 = ORIENTED_EDGE('',*,*,#7050,.F.);
#7588 = ORIENTED_EDGE('',*,*,#7589,.F.);
#7589 = EDGE_CURVE('',#7109,#7043,#7590,.T.);
#7590 = LINE('',#7591,#7592);
#7591 = CARTESIAN_POINT('',(1.,-0.375,0.2));
#7592 = VECTOR('',#7593,1.);
#7593 = DIRECTION('',(3.445092848398E-16,1.,0.));
#7594 = ORIENTED_EDGE('',*,*,#7108,.F.);
#7595 = ORIENTED_EDGE('',*,*,#6555,.T.);
#7596 = PLANE('',#7597);
#7597 = AXIS2_PLACEMENT_3D('',#7598,#7599,#7600);
#7598 = CARTESIAN_POINT('',(1.,-0.125,0.2));
#7599 = DIRECTION('',(0.,0.,-1.));
#7600 = DIRECTION('',(-3.445092848398E-16,-1.,-0.));
#7601 = ADVANCED_FACE('',(#7602),#7613,.T.);
#7602 = FACE_BOUND('',#7603,.F.);
#7603 = EDGE_LOOP('',(#7604,#7605,#7606,#7607));
#7604 = ORIENTED_EDGE('',*,*,#6640,.T.);
#7605 = ORIENTED_EDGE('',*,*,#6690,.T.);
#7606 = ORIENTED_EDGE('',*,*,#6745,.T.);
#7607 = ORIENTED_EDGE('',*,*,#7608,.T.);
#7608 = EDGE_CURVE('',#6746,#6641,#7609,.T.);
#7609 = LINE('',#7610,#7611);
#7610 = CARTESIAN_POINT('',(1.,0.625,0.));
#7611 = VECTOR('',#7612,1.);
#7612 = DIRECTION('',(3.445092848398E-16,1.,0.));
#7613 = PLANE('',#7614);
#7614 = AXIS2_PLACEMENT_3D('',#7615,#7616,#7617);
#7615 = CARTESIAN_POINT('',(1.,0.875,0.));
#7616 = DIRECTION('',(0.,0.,-1.));
#7617 = DIRECTION('',(-3.445092848398E-16,-1.,-0.));
#7618 = ADVANCED_FACE('',(#7619),#7625,.F.);
#7619 = FACE_BOUND('',#7620,.F.);
#7620 = EDGE_LOOP('',(#7621,#7622,#7623,#7624));
#7621 = ORIENTED_EDGE('',*,*,#6764,.T.);
#7622 = ORIENTED_EDGE('',*,*,#7538,.T.);
#7623 = ORIENTED_EDGE('',*,*,#6650,.F.);
#7624 = ORIENTED_EDGE('',*,*,#7608,.F.);
#7625 = PLANE('',#7626);
#7626 = AXIS2_PLACEMENT_3D('',#7627,#7628,#7629);
#7627 = CARTESIAN_POINT('',(1.,0.625,0.));
#7628 = DIRECTION('',(-1.,3.445092848398E-16,0.));
#7629 = DIRECTION('',(3.445092848398E-16,1.,0.));
#7630 = ADVANCED_FACE('',(#7631),#7642,.T.);
#7631 = FACE_BOUND('',#7632,.F.);
#7632 = EDGE_LOOP('',(#7633,#7634,#7635,#7636));
#7633 = ORIENTED_EDGE('',*,*,#6803,.T.);
#7634 = ORIENTED_EDGE('',*,*,#6788,.T.);
#7635 = ORIENTED_EDGE('',*,*,#6705,.T.);
#7636 = ORIENTED_EDGE('',*,*,#7637,.T.);
#7637 = EDGE_CURVE('',#6708,#6804,#7638,.T.);
#7638 = LINE('',#7639,#7640);
#7639 = CARTESIAN_POINT('',(-1.,0.875,0.));
#7640 = VECTOR('',#7641,1.);
#7641 = DIRECTION('',(-4.669739647545E-16,-1.,0.));
#7642 = PLANE('',#7643);
#7643 = AXIS2_PLACEMENT_3D('',#7644,#7645,#7646);
#7644 = CARTESIAN_POINT('',(-1.,0.625,0.));
#7645 = DIRECTION('',(0.,-0.,-1.));
#7646 = DIRECTION('',(4.669739647545E-16,1.,0.));
#7647 = ADVANCED_FACE('',(#7648),#7654,.F.);
#7648 = FACE_BOUND('',#7649,.F.);
#7649 = EDGE_LOOP('',(#7650,#7651,#7652,#7653));
#7650 = ORIENTED_EDGE('',*,*,#6731,.T.);
#7651 = ORIENTED_EDGE('',*,*,#7487,.T.);
#7652 = ORIENTED_EDGE('',*,*,#6811,.F.);
#7653 = ORIENTED_EDGE('',*,*,#7637,.F.);
#7654 = PLANE('',#7655);
#7655 = AXIS2_PLACEMENT_3D('',#7656,#7657,#7658);
#7656 = CARTESIAN_POINT('',(-1.,0.875,0.));
#7657 = DIRECTION('',(1.,-4.669739647545E-16,0.));
#7658 = DIRECTION('',(-4.669739647545E-16,-1.,0.));
#7659 = ADVANCED_FACE('',(#7660),#7671,.T.);
#7660 = FACE_BOUND('',#7661,.F.);
#7661 = EDGE_LOOP('',(#7662,#7663,#7664,#7665));
#7662 = ORIENTED_EDGE('',*,*,#6836,.T.);
#7663 = ORIENTED_EDGE('',*,*,#6886,.T.);
#7664 = ORIENTED_EDGE('',*,*,#6941,.T.);
#7665 = ORIENTED_EDGE('',*,*,#7666,.T.);
#7666 = EDGE_CURVE('',#6942,#6837,#7667,.T.);
#7667 = LINE('',#7668,#7669);
#7668 = CARTESIAN_POINT('',(1.,0.125,0.));
#7669 = VECTOR('',#7670,1.);
#7670 = DIRECTION('',(3.445092848398E-16,1.,0.));
#7671 = PLANE('',#7672);
#7672 = AXIS2_PLACEMENT_3D('',#7673,#7674,#7675);
#7673 = CARTESIAN_POINT('',(1.,0.375,0.));
#7674 = DIRECTION('',(0.,0.,-1.));
#7675 = DIRECTION('',(-3.445092848398E-16,-1.,-0.));
#7676 = ADVANCED_FACE('',(#7677),#7683,.F.);
#7677 = FACE_BOUND('',#7678,.F.);
#7678 = EDGE_LOOP('',(#7679,#7680,#7681,#7682));
#7679 = ORIENTED_EDGE('',*,*,#6960,.T.);
#7680 = ORIENTED_EDGE('',*,*,#7572,.T.);
#7681 = ORIENTED_EDGE('',*,*,#6846,.F.);
#7682 = ORIENTED_EDGE('',*,*,#7666,.F.);
#7683 = PLANE('',#7684);
#7684 = AXIS2_PLACEMENT_3D('',#7685,#7686,#7687);
#7685 = CARTESIAN_POINT('',(1.,0.125,0.));
#7686 = DIRECTION('',(-1.,3.445092848398E-16,0.));
#7687 = DIRECTION('',(3.445092848398E-16,1.,0.));
#7688 = ADVANCED_FACE('',(#7689),#7700,.T.);
#7689 = FACE_BOUND('',#7690,.F.);
#7690 = EDGE_LOOP('',(#7691,#7692,#7693,#7694));
#7691 = ORIENTED_EDGE('',*,*,#6999,.T.);
#7692 = ORIENTED_EDGE('',*,*,#6984,.T.);
#7693 = ORIENTED_EDGE('',*,*,#6901,.T.);
#7694 = ORIENTED_EDGE('',*,*,#7695,.T.);
#7695 = EDGE_CURVE('',#6904,#7000,#7696,.T.);
#7696 = LINE('',#7697,#7698);
#7697 = CARTESIAN_POINT('',(-1.,0.375,0.));
#7698 = VECTOR('',#7699,1.);
#7699 = DIRECTION('',(-4.669739647545E-16,-1.,0.));
#7700 = PLANE('',#7701);
#7701 = AXIS2_PLACEMENT_3D('',#7702,#7703,#7704);
#7702 = CARTESIAN_POINT('',(-1.,0.125,0.));
#7703 = DIRECTION('',(0.,-0.,-1.));
#7704 = DIRECTION('',(4.669739647545E-16,1.,0.));
#7705 = ADVANCED_FACE('',(#7706),#7712,.F.);
#7706 = FACE_BOUND('',#7707,.F.);
#7707 = EDGE_LOOP('',(#7708,#7709,#7710,#7711));
#7708 = ORIENTED_EDGE('',*,*,#6927,.T.);
#7709 = ORIENTED_EDGE('',*,*,#7521,.T.);
#7710 = ORIENTED_EDGE('',*,*,#7007,.F.);
#7711 = ORIENTED_EDGE('',*,*,#7695,.F.);
#7712 = PLANE('',#7713);
#7713 = AXIS2_PLACEMENT_3D('',#7714,#7715,#7716);
#7714 = CARTESIAN_POINT('',(-1.,0.375,0.));
#7715 = DIRECTION('',(1.,-4.669739647545E-16,0.));
#7716 = DIRECTION('',(-4.669739647545E-16,-1.,0.));
#7717 = ADVANCED_FACE('',(#7718),#7729,.T.);
#7718 = FACE_BOUND('',#7719,.F.);
#7719 = EDGE_LOOP('',(#7720,#7721,#7722,#7723));
#7720 = ORIENTED_EDGE('',*,*,#7032,.T.);
#7721 = ORIENTED_EDGE('',*,*,#7082,.T.);
#7722 = ORIENTED_EDGE('',*,*,#7097,.T.);
#7723 = ORIENTED_EDGE('',*,*,#7724,.T.);
#7724 = EDGE_CURVE('',#7098,#7033,#7725,.T.);
#7725 = LINE('',#7726,#7727);
#7726 = CARTESIAN_POINT('',(1.,-0.375,0.));
#7727 = VECTOR('',#7728,1.);
#7728 = DIRECTION('',(3.445092848398E-16,1.,0.));
#7729 = PLANE('',#7730);
#7730 = AXIS2_PLACEMENT_3D('',#7731,#7732,#7733);
#7731 = CARTESIAN_POINT('',(1.,-0.125,0.));
#7732 = DIRECTION('',(0.,0.,-1.));
#7733 = DIRECTION('',(-3.445092848398E-16,-1.,-0.));
#7734 = ADVANCED_FACE('',(#7735),#7741,.F.);
#7735 = FACE_BOUND('',#7736,.F.);
#7736 = EDGE_LOOP('',(#7737,#7738,#7739,#7740));
#7737 = ORIENTED_EDGE('',*,*,#7116,.T.);
#7738 = ORIENTED_EDGE('',*,*,#7589,.T.);
#7739 = ORIENTED_EDGE('',*,*,#7042,.F.);
#7740 = ORIENTED_EDGE('',*,*,#7724,.F.);
#7741 = PLANE('',#7742);
#7742 = AXIS2_PLACEMENT_3D('',#7743,#7744,#7745);
#7743 = CARTESIAN_POINT('',(1.,-0.375,0.));
#7744 = DIRECTION('',(-1.,3.445092848398E-16,0.));
#7745 = DIRECTION('',(3.445092848398E-16,1.,0.));
#7746 = ADVANCED_FACE('',(#7747),#7758,.T.);
#7747 = FACE_BOUND('',#7748,.F.);
#7748 = EDGE_LOOP('',(#7749,#7750,#7751,#7752));
#7749 = ORIENTED_EDGE('',*,*,#7130,.T.);
#7750 = ORIENTED_EDGE('',*,*,#7180,.T.);
#7751 = ORIENTED_EDGE('',*,*,#7235,.T.);
#7752 = ORIENTED_EDGE('',*,*,#7753,.T.);
#7753 = EDGE_CURVE('',#7236,#7131,#7754,.T.);
#7754 = LINE('',#7755,#7756);
#7755 = CARTESIAN_POINT('',(1.,-0.875,0.));
#7756 = VECTOR('',#7757,1.);
#7757 = DIRECTION('',(3.445092848398E-16,1.,0.));
#7758 = PLANE('',#7759);
#7759 = AXIS2_PLACEMENT_3D('',#7760,#7761,#7762);
#7760 = CARTESIAN_POINT('',(1.,-0.625,0.));
#7761 = DIRECTION('',(0.,0.,-1.));
#7762 = DIRECTION('',(-3.445092848398E-16,-1.,-0.));
#7763 = ADVANCED_FACE('',(#7764),#7770,.F.);
#7764 = FACE_BOUND('',#7765,.F.);
#7765 = EDGE_LOOP('',(#7766,#7767,#7768,#7769));
#7766 = ORIENTED_EDGE('',*,*,#7254,.T.);
#7767 = ORIENTED_EDGE('',*,*,#7555,.T.);
#7768 = ORIENTED_EDGE('',*,*,#7140,.F.);
#7769 = ORIENTED_EDGE('',*,*,#7753,.F.);
#7770 = PLANE('',#7771);
#7771 = AXIS2_PLACEMENT_3D('',#7772,#7773,#7774);
#7772 = CARTESIAN_POINT('',(1.,-0.875,0.));
#7773 = DIRECTION('',(-1.,3.445092848398E-16,0.));
#7774 = DIRECTION('',(3.445092848398E-16,1.,0.));
#7775 = ADVANCED_FACE('',(#7776),#7787,.T.);
#7776 = FACE_BOUND('',#7777,.F.);
#7777 = EDGE_LOOP('',(#7778,#7779,#7780,#7781));
#7778 = ORIENTED_EDGE('',*,*,#7293,.T.);
#7779 = ORIENTED_EDGE('',*,*,#7278,.T.);
#7780 = ORIENTED_EDGE('',*,*,#7195,.T.);
#7781 = ORIENTED_EDGE('',*,*,#7782,.T.);
#7782 = EDGE_CURVE('',#7198,#7294,#7783,.T.);
#7783 = LINE('',#7784,#7785);
#7784 = CARTESIAN_POINT('',(-1.,-0.625,0.));
#7785 = VECTOR('',#7786,1.);
#7786 = DIRECTION('',(-4.669739647545E-16,-1.,0.));
#7787 = PLANE('',#7788);
#7788 = AXIS2_PLACEMENT_3D('',#7789,#7790,#7791);
#7789 = CARTESIAN_POINT('',(-1.,-0.875,0.));
#7790 = DIRECTION('',(0.,-0.,-1.));
#7791 = DIRECTION('',(4.669739647545E-16,1.,0.));
#7792 = ADVANCED_FACE('',(#7793),#7799,.F.);
#7793 = FACE_BOUND('',#7794,.F.);
#7794 = EDGE_LOOP('',(#7795,#7796,#7797,#7798));
#7795 = ORIENTED_EDGE('',*,*,#7221,.T.);
#7796 = ORIENTED_EDGE('',*,*,#7504,.T.);
#7797 = ORIENTED_EDGE('',*,*,#7301,.F.);
#7798 = ORIENTED_EDGE('',*,*,#7782,.F.);
#7799 = PLANE('',#7800);
#7800 = AXIS2_PLACEMENT_3D('',#7801,#7802,#7803);
#7801 = CARTESIAN_POINT('',(-1.,-0.625,0.));
#7802 = DIRECTION('',(1.,-4.669739647545E-16,0.));
#7803 = DIRECTION('',(-4.669739647545E-16,-1.,0.));
#7804 = ADVANCED_FACE('',(#7805),#7812,.T.);
#7805 = FACE_BOUND('',#7806,.F.);
#7806 = EDGE_LOOP('',(#7807,#7808,#7809,#7810,#7811));
#7807 = ORIENTED_EDGE('',*,*,#7360,.T.);
#7808 = ORIENTED_EDGE('',*,*,#7384,.T.);
#7809 = ORIENTED_EDGE('',*,*,#7408,.T.);
#7810 = ORIENTED_EDGE('',*,*,#7432,.T.);
#7811 = ORIENTED_EDGE('',*,*,#7449,.T.);
#7812 = PLANE('',#7813);
#7813 = AXIS2_PLACEMENT_3D('',#7814,#7815,#7816);
#7814 = CARTESIAN_POINT('',(-0.28,0.875,0.));
#7815 = DIRECTION('',(0.,-0.,-1.));
#7816 = DIRECTION('',(2.22044604925E-16,1.,0.));
#7817 = ADVANCED_FACE('',(#7818),#7837,.F.);
#7818 = FACE_BOUND('',#7819,.F.);
#7819 = EDGE_LOOP('',(#7820,#7828,#7835,#7836));
#7820 = ORIENTED_EDGE('',*,*,#7821,.T.);
#7821 = EDGE_CURVE('',#7470,#7822,#7824,.T.);
#7822 = VERTEX_POINT('',#7823);
#7823 = CARTESIAN_POINT('',(-0.52,0.82,0.76));
#7824 = LINE('',#7825,#7826);
#7825 = CARTESIAN_POINT('',(-0.52,0.82,0.78));
#7826 = VECTOR('',#7827,1.);
#7827 = DIRECTION('',(-0.,0.,-1.));
#7828 = ORIENTED_EDGE('',*,*,#7829,.T.);
#7829 = EDGE_CURVE('',#7822,#7822,#7830,.T.);
#7830 = CIRCLE('',#7831,0.2);
#7831 = AXIS2_PLACEMENT_3D('',#7832,#7833,#7834);
#7832 = CARTESIAN_POINT('',(-0.52,1.02,0.76));
#7833 = DIRECTION('',(0.,0.,1.));
#7834 = DIRECTION('',(-2.22044604925E-16,-1.,0.));
#7835 = ORIENTED_EDGE('',*,*,#7821,.F.);
#7836 = ORIENTED_EDGE('',*,*,#7469,.T.);
#7837 = CYLINDRICAL_SURFACE('',#7838,0.2);
#7838 = AXIS2_PLACEMENT_3D('',#7839,#7840,#7841);
#7839 = CARTESIAN_POINT('',(-0.52,1.02,0.78));
#7840 = DIRECTION('',(0.,0.,-1.));
#7841 = DIRECTION('',(-2.22044604925E-16,-1.,-0.));
#7842 = ADVANCED_FACE('',(#7843),#7846,.T.);
#7843 = FACE_BOUND('',#7844,.T.);
#7844 = EDGE_LOOP('',(#7845));
#7845 = ORIENTED_EDGE('',*,*,#7829,.T.);
#7846 = PLANE('',#7847);
#7847 = AXIS2_PLACEMENT_3D('',#7848,#7849,#7850);
#7848 = CARTESIAN_POINT('',(-0.52,1.02,0.76));
#7849 = DIRECTION('',(0.,0.,1.));
#7850 = DIRECTION('',(-2.22044604925E-16,-1.,0.));
#7851 = ( GEOMETRIC_REPRESENTATION_CONTEXT(3) 
GLOBAL_UNCERTAINTY_ASSIGNED_CONTEXT((#7855)) 
GLOBAL_UNIT_ASSIGNED_CONTEXT((#7852,#7853,#7854)) REPRESENTATION_CONTEXT
('Context #1','3D Context with UNIT and UNCERTAINTY') );
#7852 = ( LENGTH_UNIT() NAMED_UNIT(*) SI_UNIT(.MILLI.,.METRE.) );
#7853 = ( NAMED_UNIT(*) PLANE_ANGLE_UNIT() SI_UNIT($,.RADIAN.) );
#7854 = ( NAMED_UNIT(*) SI_UNIT($,.STERADIAN.) SOLID_ANGLE_UNIT() );
#7855 = UNCERTAINTY_MEASURE_WITH_UNIT(LENGTH_MEASURE(1.E-07),#7852,
  'distance_accuracy_value','confusion accuracy');
#7856 = CONTEXT_DEPENDENT_SHAPE_REPRESENTATION(#7857,#7859);
#7857 = ( REPRESENTATION_RELATIONSHIP('','',#5880,#5857) 
REPRESENTATION_RELATIONSHIP_WITH_TRANSFORMATION(#7858) 
SHAPE_REPRESENTATION_RELATIONSHIP() );
#7858 = ITEM_DEFINED_TRANSFORMATION('','',#11,#5858);
#7859 = PRODUCT_DEFINITION_SHAPE('Placement','Placement of an item',
  #7860);
#7860 = NEXT_ASSEMBLY_USAGE_OCCURRENCE('15','=>[0:1:1:11]','',#5852,
  #5875,$);
#7861 = PRODUCT_RELATED_PRODUCT_CATEGORY('part',$,(#5877));
#7862 = CONTEXT_DEPENDENT_SHAPE_REPRESENTATION(#7863,#7865);
#7863 = ( REPRESENTATION_RELATIONSHIP('','',#3203,#10) 
REPRESENTATION_RELATIONSHIP_WITH_TRANSFORMATION(#7864) 
SHAPE_REPRESENTATION_RELATIONSHIP() );
#7864 = ITEM_DEFINED_TRANSFORMATION('','',#11,#59);
#7865 = PRODUCT_DEFINITION_SHAPE('Placement','Placement of an item',
  #7866);
#7866 = NEXT_ASSEMBLY_USAGE_OCCURRENCE('17','C11','',#5,#3198,$);
#7867 = CONTEXT_DEPENDENT_SHAPE_REPRESENTATION(#7868,#7870);
#7868 = ( REPRESENTATION_RELATIONSHIP('','',#3203,#10) 
REPRESENTATION_RELATIONSHIP_WITH_TRANSFORMATION(#7869) 
SHAPE_REPRESENTATION_RELATIONSHIP() );
#7869 = ITEM_DEFINED_TRANSFORMATION('','',#11,#63);
#7870 = PRODUCT_DEFINITION_SHAPE('Placement','Placement of an item',
  #7871);
#7871 = NEXT_ASSEMBLY_USAGE_OCCURRENCE('18','C4','',#5,#3198,$);
#7872 = CONTEXT_DEPENDENT_SHAPE_REPRESENTATION(#7873,#7875);
#7873 = ( REPRESENTATION_RELATIONSHIP('','',#5857,#10) 
REPRESENTATION_RELATIONSHIP_WITH_TRANSFORMATION(#7874) 
SHAPE_REPRESENTATION_RELATIONSHIP() );
#7874 = ITEM_DEFINED_TRANSFORMATION('','',#11,#67);
#7875 = PRODUCT_DEFINITION_SHAPE('Placement','Placement of an item',
  #7876);
#7876 = NEXT_ASSEMBLY_USAGE_OCCURRENCE('19','U5','',#5,#5852,$);
#7877 = CONTEXT_DEPENDENT_SHAPE_REPRESENTATION(#7878,#7880);
#7878 = ( REPRESENTATION_RELATIONSHIP('','',#3203,#10) 
REPRESENTATION_RELATIONSHIP_WITH_TRANSFORMATION(#7879) 
SHAPE_REPRESENTATION_RELATIONSHIP() );
#7879 = ITEM_DEFINED_TRANSFORMATION('','',#11,#71);
#7880 = PRODUCT_DEFINITION_SHAPE('Placement','Placement of an item',
  #7881);
#7881 = NEXT_ASSEMBLY_USAGE_OCCURRENCE('20','C5','',#5,#3198,$);
#7882 = SHAPE_DEFINITION_REPRESENTATION(#7883,#7889);
#7883 = PRODUCT_DEFINITION_SHAPE('','',#7884);
#7884 = PRODUCT_DEFINITION('design','',#7885,#7888);
#7885 = PRODUCT_DEFINITION_FORMATION('','',#7886);
#7886 = PRODUCT('ppg_pcb_v08_PCB','ppg_pcb_v08_PCB','',(#7887));
#7887 = PRODUCT_CONTEXT('',#2,'mechanical');
#7888 = PRODUCT_DEFINITION_CONTEXT('part definition',#2,'design');
#7889 = ADVANCED_BREP_SHAPE_REPRESENTATION('',(#11,#7890),#7943);
#7890 = MANIFOLD_SOLID_BREP('',#7891);
#7891 = CLOSED_SHELL('',(#7892,#7925,#7934));
#7892 = ADVANCED_FACE('',(#7893),#7920,.T.);
#7893 = FACE_BOUND('',#7894,.F.);
#7894 = EDGE_LOOP('',(#7895,#7905,#7912,#7913));
#7895 = ORIENTED_EDGE('',*,*,#7896,.T.);
#7896 = EDGE_CURVE('',#7897,#7899,#7901,.T.);
#7897 = VERTEX_POINT('',#7898);
#7898 = CARTESIAN_POINT('',(6.75,0.,0.));
#7899 = VERTEX_POINT('',#7900);
#7900 = CARTESIAN_POINT('',(6.75,0.,1.51));
#7901 = LINE('',#7902,#7903);
#7902 = CARTESIAN_POINT('',(6.75,0.,0.));
#7903 = VECTOR('',#7904,1.);
#7904 = DIRECTION('',(0.,0.,1.));
#7905 = ORIENTED_EDGE('',*,*,#7906,.T.);
#7906 = EDGE_CURVE('',#7899,#7899,#7907,.T.);
#7907 = CIRCLE('',#7908,6.75);
#7908 = AXIS2_PLACEMENT_3D('',#7909,#7910,#7911);
#7909 = CARTESIAN_POINT('',(0.,0.,1.51));
#7910 = DIRECTION('',(0.,0.,1.));
#7911 = DIRECTION('',(1.,0.,-0.));
#7912 = ORIENTED_EDGE('',*,*,#7896,.F.);
#7913 = ORIENTED_EDGE('',*,*,#7914,.F.);
#7914 = EDGE_CURVE('',#7897,#7897,#7915,.T.);
#7915 = CIRCLE('',#7916,6.75);
#7916 = AXIS2_PLACEMENT_3D('',#7917,#7918,#7919);
#7917 = CARTESIAN_POINT('',(0.,-0.,0.));
#7918 = DIRECTION('',(0.,0.,1.));
#7919 = DIRECTION('',(1.,0.,-0.));
#7920 = CYLINDRICAL_SURFACE('',#7921,6.75);
#7921 = AXIS2_PLACEMENT_3D('',#7922,#7923,#7924);
#7922 = CARTESIAN_POINT('',(0.,-0.,0.));
#7923 = DIRECTION('',(-0.,-0.,-1.));
#7924 = DIRECTION('',(1.,0.,-0.));
#7925 = ADVANCED_FACE('',(#7926),#7929,.F.);
#7926 = FACE_BOUND('',#7927,.F.);
#7927 = EDGE_LOOP('',(#7928));
#7928 = ORIENTED_EDGE('',*,*,#7914,.T.);
#7929 = PLANE('',#7930);
#7930 = AXIS2_PLACEMENT_3D('',#7931,#7932,#7933);
#7931 = CARTESIAN_POINT('',(0.,0.,0.));
#7932 = DIRECTION('',(0.,0.,1.));
#7933 = DIRECTION('',(1.,0.,-0.));
#7934 = ADVANCED_FACE('',(#7935),#7938,.T.);
#7935 = FACE_BOUND('',#7936,.T.);
#7936 = EDGE_LOOP('',(#7937));
#7937 = ORIENTED_EDGE('',*,*,#7906,.T.);
#7938 = PLANE('',#7939);
#7939 = AXIS2_PLACEMENT_3D('',#7940,#7941,#7942);
#7940 = CARTESIAN_POINT('',(0.,0.,1.51));
#7941 = DIRECTION('',(0.,0.,1.));
#7942 = DIRECTION('',(1.,0.,-0.));
#7943 = ( GEOMETRIC_REPRESENTATION_CONTEXT(3) 
GLOBAL_UNCERTAINTY_ASSIGNED_CONTEXT((#7947)) 
GLOBAL_UNIT_ASSIGNED_CONTEXT((#7944,#7945,#7946)) REPRESENTATION_CONTEXT
('Context #1','3D Context with UNIT and UNCERTAINTY') );
#7944 = ( LENGTH_UNIT() NAMED_UNIT(*) SI_UNIT(.MILLI.,.METRE.) );
#7945 = ( NAMED_UNIT(*) PLANE_ANGLE_UNIT() SI_UNIT($,.RADIAN.) );
#7946 = ( NAMED_UNIT(*) SI_UNIT($,.STERADIAN.) SOLID_ANGLE_UNIT() );
#7947 = UNCERTAINTY_MEASURE_WITH_UNIT(LENGTH_MEASURE(1.E-07),#7944,
  'distance_accuracy_value','confusion accuracy');
#7948 = CONTEXT_DEPENDENT_SHAPE_REPRESENTATION(#7949,#7951);
#7949 = ( REPRESENTATION_RELATIONSHIP('','',#7889,#10) 
REPRESENTATION_RELATIONSHIP_WITH_TRANSFORMATION(#7950) 
SHAPE_REPRESENTATION_RELATIONSHIP() );
#7950 = ITEM_DEFINED_TRANSFORMATION('','',#11,#75);
#7951 = PRODUCT_DEFINITION_SHAPE('Placement','Placement of an item',
  #7952);
#7952 = NEXT_ASSEMBLY_USAGE_OCCURRENCE('21','=>[0:1:1:12]','',#5,#7884,$
  );
#7953 = PRODUCT_RELATED_PRODUCT_CATEGORY('part',$,(#7886));
#7954 = MECHANICAL_DESIGN_GEOMETRIC_PRESENTATION_REPRESENTATION('',(
    #7955,#7965,#7974,#7983,#7992,#8001,#8010,#8019,#8028,#8037,#8046,
    #8055,#8064,#8073,#8082,#8092,#8101,#8110,#8119,#8128,#8137,#8146,
    #8155,#8164,#8173,#8182,#8191,#8200,#8209,#8218,#8227,#8236,#8245,
    #8254,#8263,#8272,#8281,#8290,#8299,#8308,#8317,#8326,#8335,#8344,
    #8353,#8362,#8371,#8380,#8389,#8398,#8407,#8416,#8425,#8434,#8443,
    #8452,#8461,#8470,#8479,#8488,#8497,#8506,#8515,#8524,#8533,#8542,
    #8551,#8560,#8569,#8578,#8587,#8596,#8605,#8614,#8623,#8632,#8641,
    #8650,#8659,#8668,#8677,#8686,#8695,#8704,#8713,#8722,#8731,#8740,
    #8749,#8758,#8767,#8776,#8785,#8794,#8803,#8812,#8821,#8830,#8839,
    #8848,#8857,#8866),#3185);
#7955 = STYLED_ITEM('color',(#7956),#118);
#7956 = PRESENTATION_STYLE_ASSIGNMENT((#7957,#7963));
#7957 = SURFACE_STYLE_USAGE(.BOTH.,#7958);
#7958 = SURFACE_SIDE_STYLE('',(#7959));
#7959 = SURFACE_STYLE_FILL_AREA(#7960);
#7960 = FILL_AREA_STYLE('',(#7961));
#7961 = FILL_AREA_STYLE_COLOUR('',#7962);
#7962 = COLOUR_RGB('',0.147999998088,0.145000001626,0.145000001626);
#7963 = CURVE_STYLE('',#7964,POSITIVE_LENGTH_MEASURE(0.1),#7962);
#7964 = DRAUGHTING_PRE_DEFINED_CURVE_FONT('continuous');
#7965 = STYLED_ITEM('color',(#7966),#156);
#7966 = PRESENTATION_STYLE_ASSIGNMENT((#7967,#7972));
#7967 = SURFACE_STYLE_USAGE(.BOTH.,#7968);
#7968 = SURFACE_SIDE_STYLE('',(#7969));
#7969 = SURFACE_STYLE_FILL_AREA(#7970);
#7970 = FILL_AREA_STYLE('',(#7971));
#7971 = FILL_AREA_STYLE_COLOUR('',#7962);
#7972 = CURVE_STYLE('',#7973,POSITIVE_LENGTH_MEASURE(0.1),#7962);
#7973 = DRAUGHTING_PRE_DEFINED_CURVE_FONT('continuous');
#7974 = STYLED_ITEM('color',(#7975),#219);
#7975 = PRESENTATION_STYLE_ASSIGNMENT((#7976,#7981));
#7976 = SURFACE_STYLE_USAGE(.BOTH.,#7977);
#7977 = SURFACE_SIDE_STYLE('',(#7978));
#7978 = SURFACE_STYLE_FILL_AREA(#7979);
#7979 = FILL_AREA_STYLE('',(#7980));
#7980 = FILL_AREA_STYLE_COLOUR('',#7962);
#7981 = CURVE_STYLE('',#7982,POSITIVE_LENGTH_MEASURE(0.1),#7962);
#7982 = DRAUGHTING_PRE_DEFINED_CURVE_FONT('continuous');
#7983 = STYLED_ITEM('color',(#7984),#242);
#7984 = PRESENTATION_STYLE_ASSIGNMENT((#7985,#7990));
#7985 = SURFACE_STYLE_USAGE(.BOTH.,#7986);
#7986 = SURFACE_SIDE_STYLE('',(#7987));
#7987 = SURFACE_STYLE_FILL_AREA(#7988);
#7988 = FILL_AREA_STYLE('',(#7989));
#7989 = FILL_AREA_STYLE_COLOUR('',#7962);
#7990 = CURVE_STYLE('',#7991,POSITIVE_LENGTH_MEASURE(0.1),#7962);
#7991 = DRAUGHTING_PRE_DEFINED_CURVE_FONT('continuous');
#7992 = STYLED_ITEM('color',(#7993),#271);
#7993 = PRESENTATION_STYLE_ASSIGNMENT((#7994,#7999));
#7994 = SURFACE_STYLE_USAGE(.BOTH.,#7995);
#7995 = SURFACE_SIDE_STYLE('',(#7996));
#7996 = SURFACE_STYLE_FILL_AREA(#7997);
#7997 = FILL_AREA_STYLE('',(#7998));
#7998 = FILL_AREA_STYLE_COLOUR('',#7962);
#7999 = CURVE_STYLE('',#8000,POSITIVE_LENGTH_MEASURE(0.1),#7962);
#8000 = DRAUGHTING_PRE_DEFINED_CURVE_FONT('continuous');
#8001 = STYLED_ITEM('color',(#8002),#294);
#8002 = PRESENTATION_STYLE_ASSIGNMENT((#8003,#8008));
#8003 = SURFACE_STYLE_USAGE(.BOTH.,#8004);
#8004 = SURFACE_SIDE_STYLE('',(#8005));
#8005 = SURFACE_STYLE_FILL_AREA(#8006);
#8006 = FILL_AREA_STYLE('',(#8007));
#8007 = FILL_AREA_STYLE_COLOUR('',#7962);
#8008 = CURVE_STYLE('',#8009,POSITIVE_LENGTH_MEASURE(0.1),#7962);
#8009 = DRAUGHTING_PRE_DEFINED_CURVE_FONT('continuous');
#8010 = STYLED_ITEM('color',(#8011),#365);
#8011 = PRESENTATION_STYLE_ASSIGNMENT((#8012,#8017));
#8012 = SURFACE_STYLE_USAGE(.BOTH.,#8013);
#8013 = SURFACE_SIDE_STYLE('',(#8014));
#8014 = SURFACE_STYLE_FILL_AREA(#8015);
#8015 = FILL_AREA_STYLE('',(#8016));
#8016 = FILL_AREA_STYLE_COLOUR('',#7962);
#8017 = CURVE_STYLE('',#8018,POSITIVE_LENGTH_MEASURE(0.1),#7962);
#8018 = DRAUGHTING_PRE_DEFINED_CURVE_FONT('continuous');
#8019 = STYLED_ITEM('color',(#8020),#420);
#8020 = PRESENTATION_STYLE_ASSIGNMENT((#8021,#8026));
#8021 = SURFACE_STYLE_USAGE(.BOTH.,#8022);
#8022 = SURFACE_SIDE_STYLE('',(#8023));
#8023 = SURFACE_STYLE_FILL_AREA(#8024);
#8024 = FILL_AREA_STYLE('',(#8025));
#8025 = FILL_AREA_STYLE_COLOUR('',#7962);
#8026 = CURVE_STYLE('',#8027,POSITIVE_LENGTH_MEASURE(0.1),#7962);
#8027 = DRAUGHTING_PRE_DEFINED_CURVE_FONT('continuous');
#8028 = STYLED_ITEM('color',(#8029),#443);
#8029 = PRESENTATION_STYLE_ASSIGNMENT((#8030,#8035));
#8030 = SURFACE_STYLE_USAGE(.BOTH.,#8031);
#8031 = SURFACE_SIDE_STYLE('',(#8032));
#8032 = SURFACE_STYLE_FILL_AREA(#8033);
#8033 = FILL_AREA_STYLE('',(#8034));
#8034 = FILL_AREA_STYLE_COLOUR('',#7962);
#8035 = CURVE_STYLE('',#8036,POSITIVE_LENGTH_MEASURE(0.1),#7962);
#8036 = DRAUGHTING_PRE_DEFINED_CURVE_FONT('continuous');
#8037 = STYLED_ITEM('color',(#8038),#466);
#8038 = PRESENTATION_STYLE_ASSIGNMENT((#8039,#8044));
#8039 = SURFACE_STYLE_USAGE(.BOTH.,#8040);
#8040 = SURFACE_SIDE_STYLE('',(#8041));
#8041 = SURFACE_STYLE_FILL_AREA(#8042);
#8042 = FILL_AREA_STYLE('',(#8043));
#8043 = FILL_AREA_STYLE_COLOUR('',#7962);
#8044 = CURVE_STYLE('',#8045,POSITIVE_LENGTH_MEASURE(0.1),#7962);
#8045 = DRAUGHTING_PRE_DEFINED_CURVE_FONT('continuous');
#8046 = STYLED_ITEM('color',(#8047),#483);
#8047 = PRESENTATION_STYLE_ASSIGNMENT((#8048,#8053));
#8048 = SURFACE_STYLE_USAGE(.BOTH.,#8049);
#8049 = SURFACE_SIDE_STYLE('',(#8050));
#8050 = SURFACE_STYLE_FILL_AREA(#8051);
#8051 = FILL_AREA_STYLE('',(#8052));
#8052 = FILL_AREA_STYLE_COLOUR('',#7962);
#8053 = CURVE_STYLE('',#8054,POSITIVE_LENGTH_MEASURE(0.1),#7962);
#8054 = DRAUGHTING_PRE_DEFINED_CURVE_FONT('continuous');
#8055 = STYLED_ITEM('color',(#8056),#506);
#8056 = PRESENTATION_STYLE_ASSIGNMENT((#8057,#8062));
#8057 = SURFACE_STYLE_USAGE(.BOTH.,#8058);
#8058 = SURFACE_SIDE_STYLE('',(#8059));
#8059 = SURFACE_STYLE_FILL_AREA(#8060);
#8060 = FILL_AREA_STYLE('',(#8061));
#8061 = FILL_AREA_STYLE_COLOUR('',#7962);
#8062 = CURVE_STYLE('',#8063,POSITIVE_LENGTH_MEASURE(0.1),#7962);
#8063 = DRAUGHTING_PRE_DEFINED_CURVE_FONT('continuous');
#8064 = STYLED_ITEM('color',(#8065),#594);
#8065 = PRESENTATION_STYLE_ASSIGNMENT((#8066,#8071));
#8066 = SURFACE_STYLE_USAGE(.BOTH.,#8067);
#8067 = SURFACE_SIDE_STYLE('',(#8068));
#8068 = SURFACE_STYLE_FILL_AREA(#8069);
#8069 = FILL_AREA_STYLE('',(#8070));
#8070 = FILL_AREA_STYLE_COLOUR('',#7962);
#8071 = CURVE_STYLE('',#8072,POSITIVE_LENGTH_MEASURE(0.1),#7962);
#8072 = DRAUGHTING_PRE_DEFINED_CURVE_FONT('continuous');
#8073 = STYLED_ITEM('color',(#8074),#610);
#8074 = PRESENTATION_STYLE_ASSIGNMENT((#8075,#8080));
#8075 = SURFACE_STYLE_USAGE(.BOTH.,#8076);
#8076 = SURFACE_SIDE_STYLE('',(#8077));
#8077 = SURFACE_STYLE_FILL_AREA(#8078);
#8078 = FILL_AREA_STYLE('',(#8079));
#8079 = FILL_AREA_STYLE_COLOUR('',#7962);
#8080 = CURVE_STYLE('',#8081,POSITIVE_LENGTH_MEASURE(0.1),#7962);
#8081 = DRAUGHTING_PRE_DEFINED_CURVE_FONT('continuous');
#8082 = STYLED_ITEM('color',(#8083),#640);
#8083 = PRESENTATION_STYLE_ASSIGNMENT((#8084,#8090));
#8084 = SURFACE_STYLE_USAGE(.BOTH.,#8085);
#8085 = SURFACE_SIDE_STYLE('',(#8086));
#8086 = SURFACE_STYLE_FILL_AREA(#8087);
#8087 = FILL_AREA_STYLE('',(#8088));
#8088 = FILL_AREA_STYLE_COLOUR('',#8089);
#8089 = COLOUR_RGB('',0.823999987314,0.819999987296,0.781000009244);
#8090 = CURVE_STYLE('',#8091,POSITIVE_LENGTH_MEASURE(0.1),#8089);
#8091 = DRAUGHTING_PRE_DEFINED_CURVE_FONT('continuous');
#8092 = STYLED_ITEM('color',(#8093),#671);
#8093 = PRESENTATION_STYLE_ASSIGNMENT((#8094,#8099));
#8094 = SURFACE_STYLE_USAGE(.BOTH.,#8095);
#8095 = SURFACE_SIDE_STYLE('',(#8096));
#8096 = SURFACE_STYLE_FILL_AREA(#8097);
#8097 = FILL_AREA_STYLE('',(#8098));
#8098 = FILL_AREA_STYLE_COLOUR('',#7962);
#8099 = CURVE_STYLE('',#8100,POSITIVE_LENGTH_MEASURE(0.1),#7962);
#8100 = DRAUGHTING_PRE_DEFINED_CURVE_FONT('continuous');
#8101 = STYLED_ITEM('color',(#8102),#702);
#8102 = PRESENTATION_STYLE_ASSIGNMENT((#8103,#8108));
#8103 = SURFACE_STYLE_USAGE(.BOTH.,#8104);
#8104 = SURFACE_SIDE_STYLE('',(#8105));
#8105 = SURFACE_STYLE_FILL_AREA(#8106);
#8106 = FILL_AREA_STYLE('',(#8107));
#8107 = FILL_AREA_STYLE_COLOUR('',#8089);
#8108 = CURVE_STYLE('',#8109,POSITIVE_LENGTH_MEASURE(0.1),#8089);
#8109 = DRAUGHTING_PRE_DEFINED_CURVE_FONT('continuous');
#8110 = STYLED_ITEM('color',(#8111),#733);
#8111 = PRESENTATION_STYLE_ASSIGNMENT((#8112,#8117));
#8112 = SURFACE_STYLE_USAGE(.BOTH.,#8113);
#8113 = SURFACE_SIDE_STYLE('',(#8114));
#8114 = SURFACE_STYLE_FILL_AREA(#8115);
#8115 = FILL_AREA_STYLE('',(#8116));
#8116 = FILL_AREA_STYLE_COLOUR('',#7962);
#8117 = CURVE_STYLE('',#8118,POSITIVE_LENGTH_MEASURE(0.1),#7962);
#8118 = DRAUGHTING_PRE_DEFINED_CURVE_FONT('continuous');
#8119 = STYLED_ITEM('color',(#8120),#764);
#8120 = PRESENTATION_STYLE_ASSIGNMENT((#8121,#8126));
#8121 = SURFACE_STYLE_USAGE(.BOTH.,#8122);
#8122 = SURFACE_SIDE_STYLE('',(#8123));
#8123 = SURFACE_STYLE_FILL_AREA(#8124);
#8124 = FILL_AREA_STYLE('',(#8125));
#8125 = FILL_AREA_STYLE_COLOUR('',#8089);
#8126 = CURVE_STYLE('',#8127,POSITIVE_LENGTH_MEASURE(0.1),#8089);
#8127 = DRAUGHTING_PRE_DEFINED_CURVE_FONT('continuous');
#8128 = STYLED_ITEM('color',(#8129),#795);
#8129 = PRESENTATION_STYLE_ASSIGNMENT((#8130,#8135));
#8130 = SURFACE_STYLE_USAGE(.BOTH.,#8131);
#8131 = SURFACE_SIDE_STYLE('',(#8132));
#8132 = SURFACE_STYLE_FILL_AREA(#8133);
#8133 = FILL_AREA_STYLE('',(#8134));
#8134 = FILL_AREA_STYLE_COLOUR('',#7962);
#8135 = CURVE_STYLE('',#8136,POSITIVE_LENGTH_MEASURE(0.1),#7962);
#8136 = DRAUGHTING_PRE_DEFINED_CURVE_FONT('continuous');
#8137 = STYLED_ITEM('color',(#8138),#812);
#8138 = PRESENTATION_STYLE_ASSIGNMENT((#8139,#8144));
#8139 = SURFACE_STYLE_USAGE(.BOTH.,#8140);
#8140 = SURFACE_SIDE_STYLE('',(#8141));
#8141 = SURFACE_STYLE_FILL_AREA(#8142);
#8142 = FILL_AREA_STYLE('',(#8143));
#8143 = FILL_AREA_STYLE_COLOUR('',#7962);
#8144 = CURVE_STYLE('',#8145,POSITIVE_LENGTH_MEASURE(0.1),#7962);
#8145 = DRAUGHTING_PRE_DEFINED_CURVE_FONT('continuous');
#8146 = STYLED_ITEM('color',(#8147),#829);
#8147 = PRESENTATION_STYLE_ASSIGNMENT((#8148,#8153));
#8148 = SURFACE_STYLE_USAGE(.BOTH.,#8149);
#8149 = SURFACE_SIDE_STYLE('',(#8150));
#8150 = SURFACE_STYLE_FILL_AREA(#8151);
#8151 = FILL_AREA_STYLE('',(#8152));
#8152 = FILL_AREA_STYLE_COLOUR('',#8089);
#8153 = CURVE_STYLE('',#8154,POSITIVE_LENGTH_MEASURE(0.1),#8089);
#8154 = DRAUGHTING_PRE_DEFINED_CURVE_FONT('continuous');
#8155 = STYLED_ITEM('color',(#8156),#860);
#8156 = PRESENTATION_STYLE_ASSIGNMENT((#8157,#8162));
#8157 = SURFACE_STYLE_USAGE(.BOTH.,#8158);
#8158 = SURFACE_SIDE_STYLE('',(#8159));
#8159 = SURFACE_STYLE_FILL_AREA(#8160);
#8160 = FILL_AREA_STYLE('',(#8161));
#8161 = FILL_AREA_STYLE_COLOUR('',#7962);
#8162 = CURVE_STYLE('',#8163,POSITIVE_LENGTH_MEASURE(0.1),#7962);
#8163 = DRAUGHTING_PRE_DEFINED_CURVE_FONT('continuous');
#8164 = STYLED_ITEM('color',(#8165),#891);
#8165 = PRESENTATION_STYLE_ASSIGNMENT((#8166,#8171));
#8166 = SURFACE_STYLE_USAGE(.BOTH.,#8167);
#8167 = SURFACE_SIDE_STYLE('',(#8168));
#8168 = SURFACE_STYLE_FILL_AREA(#8169);
#8169 = FILL_AREA_STYLE('',(#8170));
#8170 = FILL_AREA_STYLE_COLOUR('',#8089);
#8171 = CURVE_STYLE('',#8172,POSITIVE_LENGTH_MEASURE(0.1),#8089);
#8172 = DRAUGHTING_PRE_DEFINED_CURVE_FONT('continuous');
#8173 = STYLED_ITEM('color',(#8174),#922);
#8174 = PRESENTATION_STYLE_ASSIGNMENT((#8175,#8180));
#8175 = SURFACE_STYLE_USAGE(.BOTH.,#8176);
#8176 = SURFACE_SIDE_STYLE('',(#8177));
#8177 = SURFACE_STYLE_FILL_AREA(#8178);
#8178 = FILL_AREA_STYLE('',(#8179));
#8179 = FILL_AREA_STYLE_COLOUR('',#7962);
#8180 = CURVE_STYLE('',#8181,POSITIVE_LENGTH_MEASURE(0.1),#7962);
#8181 = DRAUGHTING_PRE_DEFINED_CURVE_FONT('continuous');
#8182 = STYLED_ITEM('color',(#8183),#952);
#8183 = PRESENTATION_STYLE_ASSIGNMENT((#8184,#8189));
#8184 = SURFACE_STYLE_USAGE(.BOTH.,#8185);
#8185 = SURFACE_SIDE_STYLE('',(#8186));
#8186 = SURFACE_STYLE_FILL_AREA(#8187);
#8187 = FILL_AREA_STYLE('',(#8188));
#8188 = FILL_AREA_STYLE_COLOUR('',#7962);
#8189 = CURVE_STYLE('',#8190,POSITIVE_LENGTH_MEASURE(0.1),#7962);
#8190 = DRAUGHTING_PRE_DEFINED_CURVE_FONT('continuous');
#8191 = STYLED_ITEM('color',(#8192),#975);
#8192 = PRESENTATION_STYLE_ASSIGNMENT((#8193,#8198));
#8193 = SURFACE_STYLE_USAGE(.BOTH.,#8194);
#8194 = SURFACE_SIDE_STYLE('',(#8195));
#8195 = SURFACE_STYLE_FILL_AREA(#8196);
#8196 = FILL_AREA_STYLE('',(#8197));
#8197 = FILL_AREA_STYLE_COLOUR('',#7962);
#8198 = CURVE_STYLE('',#8199,POSITIVE_LENGTH_MEASURE(0.1),#7962);
#8199 = DRAUGHTING_PRE_DEFINED_CURVE_FONT('continuous');
#8200 = STYLED_ITEM('color',(#8201),#998);
#8201 = PRESENTATION_STYLE_ASSIGNMENT((#8202,#8207));
#8202 = SURFACE_STYLE_USAGE(.BOTH.,#8203);
#8203 = SURFACE_SIDE_STYLE('',(#8204));
#8204 = SURFACE_STYLE_FILL_AREA(#8205);
#8205 = FILL_AREA_STYLE('',(#8206));
#8206 = FILL_AREA_STYLE_COLOUR('',#7962);
#8207 = CURVE_STYLE('',#8208,POSITIVE_LENGTH_MEASURE(0.1),#7962);
#8208 = DRAUGHTING_PRE_DEFINED_CURVE_FONT('continuous');
#8209 = STYLED_ITEM('color',(#8210),#1015);
#8210 = PRESENTATION_STYLE_ASSIGNMENT((#8211,#8216));
#8211 = SURFACE_STYLE_USAGE(.BOTH.,#8212);
#8212 = SURFACE_SIDE_STYLE('',(#8213));
#8213 = SURFACE_STYLE_FILL_AREA(#8214);
#8214 = FILL_AREA_STYLE('',(#8215));
#8215 = FILL_AREA_STYLE_COLOUR('',#8089);
#8216 = CURVE_STYLE('',#8217,POSITIVE_LENGTH_MEASURE(0.1),#8089);
#8217 = DRAUGHTING_PRE_DEFINED_CURVE_FONT('continuous');
#8218 = STYLED_ITEM('color',(#8219),#1060);
#8219 = PRESENTATION_STYLE_ASSIGNMENT((#8220,#8225));
#8220 = SURFACE_STYLE_USAGE(.BOTH.,#8221);
#8221 = SURFACE_SIDE_STYLE('',(#8222));
#8222 = SURFACE_STYLE_FILL_AREA(#8223);
#8223 = FILL_AREA_STYLE('',(#8224));
#8224 = FILL_AREA_STYLE_COLOUR('',#7962);
#8225 = CURVE_STYLE('',#8226,POSITIVE_LENGTH_MEASURE(0.1),#7962);
#8226 = DRAUGHTING_PRE_DEFINED_CURVE_FONT('continuous');
#8227 = STYLED_ITEM('color',(#8228),#1130);
#8228 = PRESENTATION_STYLE_ASSIGNMENT((#8229,#8234));
#8229 = SURFACE_STYLE_USAGE(.BOTH.,#8230);
#8230 = SURFACE_SIDE_STYLE('',(#8231));
#8231 = SURFACE_STYLE_FILL_AREA(#8232);
#8232 = FILL_AREA_STYLE('',(#8233));
#8233 = FILL_AREA_STYLE_COLOUR('',#7962);
#8234 = CURVE_STYLE('',#8235,POSITIVE_LENGTH_MEASURE(0.1),#7962);
#8235 = DRAUGHTING_PRE_DEFINED_CURVE_FONT('continuous');
#8236 = STYLED_ITEM('color',(#8237),#1153);
#8237 = PRESENTATION_STYLE_ASSIGNMENT((#8238,#8243));
#8238 = SURFACE_STYLE_USAGE(.BOTH.,#8239);
#8239 = SURFACE_SIDE_STYLE('',(#8240));
#8240 = SURFACE_STYLE_FILL_AREA(#8241);
#8241 = FILL_AREA_STYLE('',(#8242));
#8242 = FILL_AREA_STYLE_COLOUR('',#7962);
#8243 = CURVE_STYLE('',#8244,POSITIVE_LENGTH_MEASURE(0.1),#7962);
#8244 = DRAUGHTING_PRE_DEFINED_CURVE_FONT('continuous');
#8245 = STYLED_ITEM('color',(#8246),#1176);
#8246 = PRESENTATION_STYLE_ASSIGNMENT((#8247,#8252));
#8247 = SURFACE_STYLE_USAGE(.BOTH.,#8248);
#8248 = SURFACE_SIDE_STYLE('',(#8249));
#8249 = SURFACE_STYLE_FILL_AREA(#8250);
#8250 = FILL_AREA_STYLE('',(#8251));
#8251 = FILL_AREA_STYLE_COLOUR('',#7962);
#8252 = CURVE_STYLE('',#8253,POSITIVE_LENGTH_MEASURE(0.1),#7962);
#8253 = DRAUGHTING_PRE_DEFINED_CURVE_FONT('continuous');
#8254 = STYLED_ITEM('color',(#8255),#1199);
#8255 = PRESENTATION_STYLE_ASSIGNMENT((#8256,#8261));
#8256 = SURFACE_STYLE_USAGE(.BOTH.,#8257);
#8257 = SURFACE_SIDE_STYLE('',(#8258));
#8258 = SURFACE_STYLE_FILL_AREA(#8259);
#8259 = FILL_AREA_STYLE('',(#8260));
#8260 = FILL_AREA_STYLE_COLOUR('',#7962);
#8261 = CURVE_STYLE('',#8262,POSITIVE_LENGTH_MEASURE(0.1),#7962);
#8262 = DRAUGHTING_PRE_DEFINED_CURVE_FONT('continuous');
#8263 = STYLED_ITEM('color',(#8264),#1254);
#8264 = PRESENTATION_STYLE_ASSIGNMENT((#8265,#8270));
#8265 = SURFACE_STYLE_USAGE(.BOTH.,#8266);
#8266 = SURFACE_SIDE_STYLE('',(#8267));
#8267 = SURFACE_STYLE_FILL_AREA(#8268);
#8268 = FILL_AREA_STYLE('',(#8269));
#8269 = FILL_AREA_STYLE_COLOUR('',#8089);
#8270 = CURVE_STYLE('',#8271,POSITIVE_LENGTH_MEASURE(0.1),#8089);
#8271 = DRAUGHTING_PRE_DEFINED_CURVE_FONT('continuous');
#8272 = STYLED_ITEM('color',(#8273),#1292);
#8273 = PRESENTATION_STYLE_ASSIGNMENT((#8274,#8279));
#8274 = SURFACE_STYLE_USAGE(.BOTH.,#8275);
#8275 = SURFACE_SIDE_STYLE('',(#8276));
#8276 = SURFACE_STYLE_FILL_AREA(#8277);
#8277 = FILL_AREA_STYLE('',(#8278));
#8278 = FILL_AREA_STYLE_COLOUR('',#7962);
#8279 = CURVE_STYLE('',#8280,POSITIVE_LENGTH_MEASURE(0.1),#7962);
#8280 = DRAUGHTING_PRE_DEFINED_CURVE_FONT('continuous');
#8281 = STYLED_ITEM('color',(#8282),#1341);
#8282 = PRESENTATION_STYLE_ASSIGNMENT((#8283,#8288));
#8283 = SURFACE_STYLE_USAGE(.BOTH.,#8284);
#8284 = SURFACE_SIDE_STYLE('',(#8285));
#8285 = SURFACE_STYLE_FILL_AREA(#8286);
#8286 = FILL_AREA_STYLE('',(#8287));
#8287 = FILL_AREA_STYLE_COLOUR('',#8089);
#8288 = CURVE_STYLE('',#8289,POSITIVE_LENGTH_MEASURE(0.1),#8089);
#8289 = DRAUGHTING_PRE_DEFINED_CURVE_FONT('continuous');
#8290 = STYLED_ITEM('color',(#8291),#1433);
#8291 = PRESENTATION_STYLE_ASSIGNMENT((#8292,#8297));
#8292 = SURFACE_STYLE_USAGE(.BOTH.,#8293);
#8293 = SURFACE_SIDE_STYLE('',(#8294));
#8294 = SURFACE_STYLE_FILL_AREA(#8295);
#8295 = FILL_AREA_STYLE('',(#8296));
#8296 = FILL_AREA_STYLE_COLOUR('',#8089);
#8297 = CURVE_STYLE('',#8298,POSITIVE_LENGTH_MEASURE(0.1),#8089);
#8298 = DRAUGHTING_PRE_DEFINED_CURVE_FONT('continuous');
#8299 = STYLED_ITEM('color',(#8300),#1458);
#8300 = PRESENTATION_STYLE_ASSIGNMENT((#8301,#8306));
#8301 = SURFACE_STYLE_USAGE(.BOTH.,#8302);
#8302 = SURFACE_SIDE_STYLE('',(#8303));
#8303 = SURFACE_STYLE_FILL_AREA(#8304);
#8304 = FILL_AREA_STYLE('',(#8305));
#8305 = FILL_AREA_STYLE_COLOUR('',#8089);
#8306 = CURVE_STYLE('',#8307,POSITIVE_LENGTH_MEASURE(0.1),#8089);
#8307 = DRAUGHTING_PRE_DEFINED_CURVE_FONT('continuous');
#8308 = STYLED_ITEM('color',(#8309),#1542);
#8309 = PRESENTATION_STYLE_ASSIGNMENT((#8310,#8315));
#8310 = SURFACE_STYLE_USAGE(.BOTH.,#8311);
#8311 = SURFACE_SIDE_STYLE('',(#8312));
#8312 = SURFACE_STYLE_FILL_AREA(#8313);
#8313 = FILL_AREA_STYLE('',(#8314));
#8314 = FILL_AREA_STYLE_COLOUR('',#7962);
#8315 = CURVE_STYLE('',#8316,POSITIVE_LENGTH_MEASURE(0.1),#7962);
#8316 = DRAUGHTING_PRE_DEFINED_CURVE_FONT('continuous');
#8317 = STYLED_ITEM('color',(#8318),#1564);
#8318 = PRESENTATION_STYLE_ASSIGNMENT((#8319,#8324));
#8319 = SURFACE_STYLE_USAGE(.BOTH.,#8320);
#8320 = SURFACE_SIDE_STYLE('',(#8321));
#8321 = SURFACE_STYLE_FILL_AREA(#8322);
#8322 = FILL_AREA_STYLE('',(#8323));
#8323 = FILL_AREA_STYLE_COLOUR('',#8089);
#8324 = CURVE_STYLE('',#8325,POSITIVE_LENGTH_MEASURE(0.1),#8089);
#8325 = DRAUGHTING_PRE_DEFINED_CURVE_FONT('continuous');
#8326 = STYLED_ITEM('color',(#8327),#1656);
#8327 = PRESENTATION_STYLE_ASSIGNMENT((#8328,#8333));
#8328 = SURFACE_STYLE_USAGE(.BOTH.,#8329);
#8329 = SURFACE_SIDE_STYLE('',(#8330));
#8330 = SURFACE_STYLE_FILL_AREA(#8331);
#8331 = FILL_AREA_STYLE('',(#8332));
#8332 = FILL_AREA_STYLE_COLOUR('',#8089);
#8333 = CURVE_STYLE('',#8334,POSITIVE_LENGTH_MEASURE(0.1),#8089);
#8334 = DRAUGHTING_PRE_DEFINED_CURVE_FONT('continuous');
#8335 = STYLED_ITEM('color',(#8336),#1681);
#8336 = PRESENTATION_STYLE_ASSIGNMENT((#8337,#8342));
#8337 = SURFACE_STYLE_USAGE(.BOTH.,#8338);
#8338 = SURFACE_SIDE_STYLE('',(#8339));
#8339 = SURFACE_STYLE_FILL_AREA(#8340);
#8340 = FILL_AREA_STYLE('',(#8341));
#8341 = FILL_AREA_STYLE_COLOUR('',#8089);
#8342 = CURVE_STYLE('',#8343,POSITIVE_LENGTH_MEASURE(0.1),#8089);
#8343 = DRAUGHTING_PRE_DEFINED_CURVE_FONT('continuous');
#8344 = STYLED_ITEM('color',(#8345),#1765);
#8345 = PRESENTATION_STYLE_ASSIGNMENT((#8346,#8351));
#8346 = SURFACE_STYLE_USAGE(.BOTH.,#8347);
#8347 = SURFACE_SIDE_STYLE('',(#8348));
#8348 = SURFACE_STYLE_FILL_AREA(#8349);
#8349 = FILL_AREA_STYLE('',(#8350));
#8350 = FILL_AREA_STYLE_COLOUR('',#7962);
#8351 = CURVE_STYLE('',#8352,POSITIVE_LENGTH_MEASURE(0.1),#7962);
#8352 = DRAUGHTING_PRE_DEFINED_CURVE_FONT('continuous');
#8353 = STYLED_ITEM('color',(#8354),#1782);
#8354 = PRESENTATION_STYLE_ASSIGNMENT((#8355,#8360));
#8355 = SURFACE_STYLE_USAGE(.BOTH.,#8356);
#8356 = SURFACE_SIDE_STYLE('',(#8357));
#8357 = SURFACE_STYLE_FILL_AREA(#8358);
#8358 = FILL_AREA_STYLE('',(#8359));
#8359 = FILL_AREA_STYLE_COLOUR('',#8089);
#8360 = CURVE_STYLE('',#8361,POSITIVE_LENGTH_MEASURE(0.1),#8089);
#8361 = DRAUGHTING_PRE_DEFINED_CURVE_FONT('continuous');
#8362 = STYLED_ITEM('color',(#8363),#1867);
#8363 = PRESENTATION_STYLE_ASSIGNMENT((#8364,#8369));
#8364 = SURFACE_STYLE_USAGE(.BOTH.,#8365);
#8365 = SURFACE_SIDE_STYLE('',(#8366));
#8366 = SURFACE_STYLE_FILL_AREA(#8367);
#8367 = FILL_AREA_STYLE('',(#8368));
#8368 = FILL_AREA_STYLE_COLOUR('',#8089);
#8369 = CURVE_STYLE('',#8370,POSITIVE_LENGTH_MEASURE(0.1),#8089);
#8370 = DRAUGHTING_PRE_DEFINED_CURVE_FONT('continuous');
#8371 = STYLED_ITEM('color',(#8372),#1892);
#8372 = PRESENTATION_STYLE_ASSIGNMENT((#8373,#8378));
#8373 = SURFACE_STYLE_USAGE(.BOTH.,#8374);
#8374 = SURFACE_SIDE_STYLE('',(#8375));
#8375 = SURFACE_STYLE_FILL_AREA(#8376);
#8376 = FILL_AREA_STYLE('',(#8377));
#8377 = FILL_AREA_STYLE_COLOUR('',#8089);
#8378 = CURVE_STYLE('',#8379,POSITIVE_LENGTH_MEASURE(0.1),#8089);
#8379 = DRAUGHTING_PRE_DEFINED_CURVE_FONT('continuous');
#8380 = STYLED_ITEM('color',(#8381),#1969);
#8381 = PRESENTATION_STYLE_ASSIGNMENT((#8382,#8387));
#8382 = SURFACE_STYLE_USAGE(.BOTH.,#8383);
#8383 = SURFACE_SIDE_STYLE('',(#8384));
#8384 = SURFACE_STYLE_FILL_AREA(#8385);
#8385 = FILL_AREA_STYLE('',(#8386));
#8386 = FILL_AREA_STYLE_COLOUR('',#8089);
#8387 = CURVE_STYLE('',#8388,POSITIVE_LENGTH_MEASURE(0.1),#8089);
#8388 = DRAUGHTING_PRE_DEFINED_CURVE_FONT('continuous');
#8389 = STYLED_ITEM('color',(#8390),#2054);
#8390 = PRESENTATION_STYLE_ASSIGNMENT((#8391,#8396));
#8391 = SURFACE_STYLE_USAGE(.BOTH.,#8392);
#8392 = SURFACE_SIDE_STYLE('',(#8393));
#8393 = SURFACE_STYLE_FILL_AREA(#8394);
#8394 = FILL_AREA_STYLE('',(#8395));
#8395 = FILL_AREA_STYLE_COLOUR('',#8089);
#8396 = CURVE_STYLE('',#8397,POSITIVE_LENGTH_MEASURE(0.1),#8089);
#8397 = DRAUGHTING_PRE_DEFINED_CURVE_FONT('continuous');
#8398 = STYLED_ITEM('color',(#8399),#2079);
#8399 = PRESENTATION_STYLE_ASSIGNMENT((#8400,#8405));
#8400 = SURFACE_STYLE_USAGE(.BOTH.,#8401);
#8401 = SURFACE_SIDE_STYLE('',(#8402));
#8402 = SURFACE_STYLE_FILL_AREA(#8403);
#8403 = FILL_AREA_STYLE('',(#8404));
#8404 = FILL_AREA_STYLE_COLOUR('',#8089);
#8405 = CURVE_STYLE('',#8406,POSITIVE_LENGTH_MEASURE(0.1),#8089);
#8406 = DRAUGHTING_PRE_DEFINED_CURVE_FONT('continuous');
#8407 = STYLED_ITEM('color',(#8408),#2156);
#8408 = PRESENTATION_STYLE_ASSIGNMENT((#8409,#8414));
#8409 = SURFACE_STYLE_USAGE(.BOTH.,#8410);
#8410 = SURFACE_SIDE_STYLE('',(#8411));
#8411 = SURFACE_STYLE_FILL_AREA(#8412);
#8412 = FILL_AREA_STYLE('',(#8413));
#8413 = FILL_AREA_STYLE_COLOUR('',#7962);
#8414 = CURVE_STYLE('',#8415,POSITIVE_LENGTH_MEASURE(0.1),#7962);
#8415 = DRAUGHTING_PRE_DEFINED_CURVE_FONT('continuous');
#8416 = STYLED_ITEM('color',(#8417),#2173);
#8417 = PRESENTATION_STYLE_ASSIGNMENT((#8418,#8423));
#8418 = SURFACE_STYLE_USAGE(.BOTH.,#8419);
#8419 = SURFACE_SIDE_STYLE('',(#8420));
#8420 = SURFACE_STYLE_FILL_AREA(#8421);
#8421 = FILL_AREA_STYLE('',(#8422));
#8422 = FILL_AREA_STYLE_COLOUR('',#8089);
#8423 = CURVE_STYLE('',#8424,POSITIVE_LENGTH_MEASURE(0.1),#8089);
#8424 = DRAUGHTING_PRE_DEFINED_CURVE_FONT('continuous');
#8425 = STYLED_ITEM('color',(#8426),#2265);
#8426 = PRESENTATION_STYLE_ASSIGNMENT((#8427,#8432));
#8427 = SURFACE_STYLE_USAGE(.BOTH.,#8428);
#8428 = SURFACE_SIDE_STYLE('',(#8429));
#8429 = SURFACE_STYLE_FILL_AREA(#8430);
#8430 = FILL_AREA_STYLE('',(#8431));
#8431 = FILL_AREA_STYLE_COLOUR('',#8089);
#8432 = CURVE_STYLE('',#8433,POSITIVE_LENGTH_MEASURE(0.1),#8089);
#8433 = DRAUGHTING_PRE_DEFINED_CURVE_FONT('continuous');
#8434 = STYLED_ITEM('color',(#8435),#2290);
#8435 = PRESENTATION_STYLE_ASSIGNMENT((#8436,#8441));
#8436 = SURFACE_STYLE_USAGE(.BOTH.,#8437);
#8437 = SURFACE_SIDE_STYLE('',(#8438));
#8438 = SURFACE_STYLE_FILL_AREA(#8439);
#8439 = FILL_AREA_STYLE('',(#8440));
#8440 = FILL_AREA_STYLE_COLOUR('',#8089);
#8441 = CURVE_STYLE('',#8442,POSITIVE_LENGTH_MEASURE(0.1),#8089);
#8442 = DRAUGHTING_PRE_DEFINED_CURVE_FONT('continuous');
#8443 = STYLED_ITEM('color',(#8444),#2374);
#8444 = PRESENTATION_STYLE_ASSIGNMENT((#8445,#8450));
#8445 = SURFACE_STYLE_USAGE(.BOTH.,#8446);
#8446 = SURFACE_SIDE_STYLE('',(#8447));
#8447 = SURFACE_STYLE_FILL_AREA(#8448);
#8448 = FILL_AREA_STYLE('',(#8449));
#8449 = FILL_AREA_STYLE_COLOUR('',#8089);
#8450 = CURVE_STYLE('',#8451,POSITIVE_LENGTH_MEASURE(0.1),#8089);
#8451 = DRAUGHTING_PRE_DEFINED_CURVE_FONT('continuous');
#8452 = STYLED_ITEM('color',(#8453),#2391);
#8453 = PRESENTATION_STYLE_ASSIGNMENT((#8454,#8459));
#8454 = SURFACE_STYLE_USAGE(.BOTH.,#8455);
#8455 = SURFACE_SIDE_STYLE('',(#8456));
#8456 = SURFACE_STYLE_FILL_AREA(#8457);
#8457 = FILL_AREA_STYLE('',(#8458));
#8458 = FILL_AREA_STYLE_COLOUR('',#8089);
#8459 = CURVE_STYLE('',#8460,POSITIVE_LENGTH_MEASURE(0.1),#8089);
#8460 = DRAUGHTING_PRE_DEFINED_CURVE_FONT('continuous');
#8461 = STYLED_ITEM('color',(#8462),#2410);
#8462 = PRESENTATION_STYLE_ASSIGNMENT((#8463,#8468));
#8463 = SURFACE_STYLE_USAGE(.BOTH.,#8464);
#8464 = SURFACE_SIDE_STYLE('',(#8465));
#8465 = SURFACE_STYLE_FILL_AREA(#8466);
#8466 = FILL_AREA_STYLE('',(#8467));
#8467 = FILL_AREA_STYLE_COLOUR('',#8089);
#8468 = CURVE_STYLE('',#8469,POSITIVE_LENGTH_MEASURE(0.1),#8089);
#8469 = DRAUGHTING_PRE_DEFINED_CURVE_FONT('continuous');
#8470 = STYLED_ITEM('color',(#8471),#2429);
#8471 = PRESENTATION_STYLE_ASSIGNMENT((#8472,#8477));
#8472 = SURFACE_STYLE_USAGE(.BOTH.,#8473);
#8473 = SURFACE_SIDE_STYLE('',(#8474));
#8474 = SURFACE_STYLE_FILL_AREA(#8475);
#8475 = FILL_AREA_STYLE('',(#8476));
#8476 = FILL_AREA_STYLE_COLOUR('',#7962);
#8477 = CURVE_STYLE('',#8478,POSITIVE_LENGTH_MEASURE(0.1),#7962);
#8478 = DRAUGHTING_PRE_DEFINED_CURVE_FONT('continuous');
#8479 = STYLED_ITEM('color',(#8480),#2475);
#8480 = PRESENTATION_STYLE_ASSIGNMENT((#8481,#8486));
#8481 = SURFACE_STYLE_USAGE(.BOTH.,#8482);
#8482 = SURFACE_SIDE_STYLE('',(#8483));
#8483 = SURFACE_STYLE_FILL_AREA(#8484);
#8484 = FILL_AREA_STYLE('',(#8485));
#8485 = FILL_AREA_STYLE_COLOUR('',#7962);
#8486 = CURVE_STYLE('',#8487,POSITIVE_LENGTH_MEASURE(0.1),#7962);
#8487 = DRAUGHTING_PRE_DEFINED_CURVE_FONT('continuous');
#8488 = STYLED_ITEM('color',(#8489),#2491);
#8489 = PRESENTATION_STYLE_ASSIGNMENT((#8490,#8495));
#8490 = SURFACE_STYLE_USAGE(.BOTH.,#8491);
#8491 = SURFACE_SIDE_STYLE('',(#8492));
#8492 = SURFACE_STYLE_FILL_AREA(#8493);
#8493 = FILL_AREA_STYLE('',(#8494));
#8494 = FILL_AREA_STYLE_COLOUR('',#8089);
#8495 = CURVE_STYLE('',#8496,POSITIVE_LENGTH_MEASURE(0.1),#8089);
#8496 = DRAUGHTING_PRE_DEFINED_CURVE_FONT('continuous');
#8497 = STYLED_ITEM('color',(#8498),#2510);
#8498 = PRESENTATION_STYLE_ASSIGNMENT((#8499,#8504));
#8499 = SURFACE_STYLE_USAGE(.BOTH.,#8500);
#8500 = SURFACE_SIDE_STYLE('',(#8501));
#8501 = SURFACE_STYLE_FILL_AREA(#8502);
#8502 = FILL_AREA_STYLE('',(#8503));
#8503 = FILL_AREA_STYLE_COLOUR('',#7962);
#8504 = CURVE_STYLE('',#8505,POSITIVE_LENGTH_MEASURE(0.1),#7962);
#8505 = DRAUGHTING_PRE_DEFINED_CURVE_FONT('continuous');
#8506 = STYLED_ITEM('color',(#8507),#2526);
#8507 = PRESENTATION_STYLE_ASSIGNMENT((#8508,#8513));
#8508 = SURFACE_STYLE_USAGE(.BOTH.,#8509);
#8509 = SURFACE_SIDE_STYLE('',(#8510));
#8510 = SURFACE_STYLE_FILL_AREA(#8511);
#8511 = FILL_AREA_STYLE('',(#8512));
#8512 = FILL_AREA_STYLE_COLOUR('',#8089);
#8513 = CURVE_STYLE('',#8514,POSITIVE_LENGTH_MEASURE(0.1),#8089);
#8514 = DRAUGHTING_PRE_DEFINED_CURVE_FONT('continuous');
#8515 = STYLED_ITEM('color',(#8516),#2543);
#8516 = PRESENTATION_STYLE_ASSIGNMENT((#8517,#8522));
#8517 = SURFACE_STYLE_USAGE(.BOTH.,#8518);
#8518 = SURFACE_SIDE_STYLE('',(#8519));
#8519 = SURFACE_STYLE_FILL_AREA(#8520);
#8520 = FILL_AREA_STYLE('',(#8521));
#8521 = FILL_AREA_STYLE_COLOUR('',#7962);
#8522 = CURVE_STYLE('',#8523,POSITIVE_LENGTH_MEASURE(0.1),#7962);
#8523 = DRAUGHTING_PRE_DEFINED_CURVE_FONT('continuous');
#8524 = STYLED_ITEM('color',(#8525),#2555);
#8525 = PRESENTATION_STYLE_ASSIGNMENT((#8526,#8531));
#8526 = SURFACE_STYLE_USAGE(.BOTH.,#8527);
#8527 = SURFACE_SIDE_STYLE('',(#8528));
#8528 = SURFACE_STYLE_FILL_AREA(#8529);
#8529 = FILL_AREA_STYLE('',(#8530));
#8530 = FILL_AREA_STYLE_COLOUR('',#8089);
#8531 = CURVE_STYLE('',#8532,POSITIVE_LENGTH_MEASURE(0.1),#8089);
#8532 = DRAUGHTING_PRE_DEFINED_CURVE_FONT('continuous');
#8533 = STYLED_ITEM('color',(#8534),#2572);
#8534 = PRESENTATION_STYLE_ASSIGNMENT((#8535,#8540));
#8535 = SURFACE_STYLE_USAGE(.BOTH.,#8536);
#8536 = SURFACE_SIDE_STYLE('',(#8537));
#8537 = SURFACE_STYLE_FILL_AREA(#8538);
#8538 = FILL_AREA_STYLE('',(#8539));
#8539 = FILL_AREA_STYLE_COLOUR('',#8089);
#8540 = CURVE_STYLE('',#8541,POSITIVE_LENGTH_MEASURE(0.1),#8089);
#8541 = DRAUGHTING_PRE_DEFINED_CURVE_FONT('continuous');
#8542 = STYLED_ITEM('color',(#8543),#2589);
#8543 = PRESENTATION_STYLE_ASSIGNMENT((#8544,#8549));
#8544 = SURFACE_STYLE_USAGE(.BOTH.,#8545);
#8545 = SURFACE_SIDE_STYLE('',(#8546));
#8546 = SURFACE_STYLE_FILL_AREA(#8547);
#8547 = FILL_AREA_STYLE('',(#8548));
#8548 = FILL_AREA_STYLE_COLOUR('',#8089);
#8549 = CURVE_STYLE('',#8550,POSITIVE_LENGTH_MEASURE(0.1),#8089);
#8550 = DRAUGHTING_PRE_DEFINED_CURVE_FONT('continuous');
#8551 = STYLED_ITEM('color',(#8552),#2606);
#8552 = PRESENTATION_STYLE_ASSIGNMENT((#8553,#8558));
#8553 = SURFACE_STYLE_USAGE(.BOTH.,#8554);
#8554 = SURFACE_SIDE_STYLE('',(#8555));
#8555 = SURFACE_STYLE_FILL_AREA(#8556);
#8556 = FILL_AREA_STYLE('',(#8557));
#8557 = FILL_AREA_STYLE_COLOUR('',#8089);
#8558 = CURVE_STYLE('',#8559,POSITIVE_LENGTH_MEASURE(0.1),#8089);
#8559 = DRAUGHTING_PRE_DEFINED_CURVE_FONT('continuous');
#8560 = STYLED_ITEM('color',(#8561),#2623);
#8561 = PRESENTATION_STYLE_ASSIGNMENT((#8562,#8567));
#8562 = SURFACE_STYLE_USAGE(.BOTH.,#8563);
#8563 = SURFACE_SIDE_STYLE('',(#8564));
#8564 = SURFACE_STYLE_FILL_AREA(#8565);
#8565 = FILL_AREA_STYLE('',(#8566));
#8566 = FILL_AREA_STYLE_COLOUR('',#8089);
#8567 = CURVE_STYLE('',#8568,POSITIVE_LENGTH_MEASURE(0.1),#8089);
#8568 = DRAUGHTING_PRE_DEFINED_CURVE_FONT('continuous');
#8569 = STYLED_ITEM('color',(#8570),#2640);
#8570 = PRESENTATION_STYLE_ASSIGNMENT((#8571,#8576));
#8571 = SURFACE_STYLE_USAGE(.BOTH.,#8572);
#8572 = SURFACE_SIDE_STYLE('',(#8573));
#8573 = SURFACE_STYLE_FILL_AREA(#8574);
#8574 = FILL_AREA_STYLE('',(#8575));
#8575 = FILL_AREA_STYLE_COLOUR('',#8089);
#8576 = CURVE_STYLE('',#8577,POSITIVE_LENGTH_MEASURE(0.1),#8089);
#8577 = DRAUGHTING_PRE_DEFINED_CURVE_FONT('continuous');
#8578 = STYLED_ITEM('color',(#8579),#2657);
#8579 = PRESENTATION_STYLE_ASSIGNMENT((#8580,#8585));
#8580 = SURFACE_STYLE_USAGE(.BOTH.,#8581);
#8581 = SURFACE_SIDE_STYLE('',(#8582));
#8582 = SURFACE_STYLE_FILL_AREA(#8583);
#8583 = FILL_AREA_STYLE('',(#8584));
#8584 = FILL_AREA_STYLE_COLOUR('',#8089);
#8585 = CURVE_STYLE('',#8586,POSITIVE_LENGTH_MEASURE(0.1),#8089);
#8586 = DRAUGHTING_PRE_DEFINED_CURVE_FONT('continuous');
#8587 = STYLED_ITEM('color',(#8588),#2674);
#8588 = PRESENTATION_STYLE_ASSIGNMENT((#8589,#8594));
#8589 = SURFACE_STYLE_USAGE(.BOTH.,#8590);
#8590 = SURFACE_SIDE_STYLE('',(#8591));
#8591 = SURFACE_STYLE_FILL_AREA(#8592);
#8592 = FILL_AREA_STYLE('',(#8593));
#8593 = FILL_AREA_STYLE_COLOUR('',#8089);
#8594 = CURVE_STYLE('',#8595,POSITIVE_LENGTH_MEASURE(0.1),#8089);
#8595 = DRAUGHTING_PRE_DEFINED_CURVE_FONT('continuous');
#8596 = STYLED_ITEM('color',(#8597),#2686);
#8597 = PRESENTATION_STYLE_ASSIGNMENT((#8598,#8603));
#8598 = SURFACE_STYLE_USAGE(.BOTH.,#8599);
#8599 = SURFACE_SIDE_STYLE('',(#8600));
#8600 = SURFACE_STYLE_FILL_AREA(#8601);
#8601 = FILL_AREA_STYLE('',(#8602));
#8602 = FILL_AREA_STYLE_COLOUR('',#8089);
#8603 = CURVE_STYLE('',#8604,POSITIVE_LENGTH_MEASURE(0.1),#8089);
#8604 = DRAUGHTING_PRE_DEFINED_CURVE_FONT('continuous');
#8605 = STYLED_ITEM('color',(#8606),#2703);
#8606 = PRESENTATION_STYLE_ASSIGNMENT((#8607,#8612));
#8607 = SURFACE_STYLE_USAGE(.BOTH.,#8608);
#8608 = SURFACE_SIDE_STYLE('',(#8609));
#8609 = SURFACE_STYLE_FILL_AREA(#8610);
#8610 = FILL_AREA_STYLE('',(#8611));
#8611 = FILL_AREA_STYLE_COLOUR('',#8089);
#8612 = CURVE_STYLE('',#8613,POSITIVE_LENGTH_MEASURE(0.1),#8089);
#8613 = DRAUGHTING_PRE_DEFINED_CURVE_FONT('continuous');
#8614 = STYLED_ITEM('color',(#8615),#2720);
#8615 = PRESENTATION_STYLE_ASSIGNMENT((#8616,#8621));
#8616 = SURFACE_STYLE_USAGE(.BOTH.,#8617);
#8617 = SURFACE_SIDE_STYLE('',(#8618));
#8618 = SURFACE_STYLE_FILL_AREA(#8619);
#8619 = FILL_AREA_STYLE('',(#8620));
#8620 = FILL_AREA_STYLE_COLOUR('',#8089);
#8621 = CURVE_STYLE('',#8622,POSITIVE_LENGTH_MEASURE(0.1),#8089);
#8622 = DRAUGHTING_PRE_DEFINED_CURVE_FONT('continuous');
#8623 = STYLED_ITEM('color',(#8624),#2737);
#8624 = PRESENTATION_STYLE_ASSIGNMENT((#8625,#8630));
#8625 = SURFACE_STYLE_USAGE(.BOTH.,#8626);
#8626 = SURFACE_SIDE_STYLE('',(#8627));
#8627 = SURFACE_STYLE_FILL_AREA(#8628);
#8628 = FILL_AREA_STYLE('',(#8629));
#8629 = FILL_AREA_STYLE_COLOUR('',#8089);
#8630 = CURVE_STYLE('',#8631,POSITIVE_LENGTH_MEASURE(0.1),#8089);
#8631 = DRAUGHTING_PRE_DEFINED_CURVE_FONT('continuous');
#8632 = STYLED_ITEM('color',(#8633),#2754);
#8633 = PRESENTATION_STYLE_ASSIGNMENT((#8634,#8639));
#8634 = SURFACE_STYLE_USAGE(.BOTH.,#8635);
#8635 = SURFACE_SIDE_STYLE('',(#8636));
#8636 = SURFACE_STYLE_FILL_AREA(#8637);
#8637 = FILL_AREA_STYLE('',(#8638));
#8638 = FILL_AREA_STYLE_COLOUR('',#8089);
#8639 = CURVE_STYLE('',#8640,POSITIVE_LENGTH_MEASURE(0.1),#8089);
#8640 = DRAUGHTING_PRE_DEFINED_CURVE_FONT('continuous');
#8641 = STYLED_ITEM('color',(#8642),#2771);
#8642 = PRESENTATION_STYLE_ASSIGNMENT((#8643,#8648));
#8643 = SURFACE_STYLE_USAGE(.BOTH.,#8644);
#8644 = SURFACE_SIDE_STYLE('',(#8645));
#8645 = SURFACE_STYLE_FILL_AREA(#8646);
#8646 = FILL_AREA_STYLE('',(#8647));
#8647 = FILL_AREA_STYLE_COLOUR('',#8089);
#8648 = CURVE_STYLE('',#8649,POSITIVE_LENGTH_MEASURE(0.1),#8089);
#8649 = DRAUGHTING_PRE_DEFINED_CURVE_FONT('continuous');
#8650 = STYLED_ITEM('color',(#8651),#2788);
#8651 = PRESENTATION_STYLE_ASSIGNMENT((#8652,#8657));
#8652 = SURFACE_STYLE_USAGE(.BOTH.,#8653);
#8653 = SURFACE_SIDE_STYLE('',(#8654));
#8654 = SURFACE_STYLE_FILL_AREA(#8655);
#8655 = FILL_AREA_STYLE('',(#8656));
#8656 = FILL_AREA_STYLE_COLOUR('',#8089);
#8657 = CURVE_STYLE('',#8658,POSITIVE_LENGTH_MEASURE(0.1),#8089);
#8658 = DRAUGHTING_PRE_DEFINED_CURVE_FONT('continuous');
#8659 = STYLED_ITEM('color',(#8660),#2805);
#8660 = PRESENTATION_STYLE_ASSIGNMENT((#8661,#8666));
#8661 = SURFACE_STYLE_USAGE(.BOTH.,#8662);
#8662 = SURFACE_SIDE_STYLE('',(#8663));
#8663 = SURFACE_STYLE_FILL_AREA(#8664);
#8664 = FILL_AREA_STYLE('',(#8665));
#8665 = FILL_AREA_STYLE_COLOUR('',#8089);
#8666 = CURVE_STYLE('',#8667,POSITIVE_LENGTH_MEASURE(0.1),#8089);
#8667 = DRAUGHTING_PRE_DEFINED_CURVE_FONT('continuous');
#8668 = STYLED_ITEM('color',(#8669),#2817);
#8669 = PRESENTATION_STYLE_ASSIGNMENT((#8670,#8675));
#8670 = SURFACE_STYLE_USAGE(.BOTH.,#8671);
#8671 = SURFACE_SIDE_STYLE('',(#8672));
#8672 = SURFACE_STYLE_FILL_AREA(#8673);
#8673 = FILL_AREA_STYLE('',(#8674));
#8674 = FILL_AREA_STYLE_COLOUR('',#8089);
#8675 = CURVE_STYLE('',#8676,POSITIVE_LENGTH_MEASURE(0.1),#8089);
#8676 = DRAUGHTING_PRE_DEFINED_CURVE_FONT('continuous');
#8677 = STYLED_ITEM('color',(#8678),#2834);
#8678 = PRESENTATION_STYLE_ASSIGNMENT((#8679,#8684));
#8679 = SURFACE_STYLE_USAGE(.BOTH.,#8680);
#8680 = SURFACE_SIDE_STYLE('',(#8681));
#8681 = SURFACE_STYLE_FILL_AREA(#8682);
#8682 = FILL_AREA_STYLE('',(#8683));
#8683 = FILL_AREA_STYLE_COLOUR('',#8089);
#8684 = CURVE_STYLE('',#8685,POSITIVE_LENGTH_MEASURE(0.1),#8089);
#8685 = DRAUGHTING_PRE_DEFINED_CURVE_FONT('continuous');
#8686 = STYLED_ITEM('color',(#8687),#2851);
#8687 = PRESENTATION_STYLE_ASSIGNMENT((#8688,#8693));
#8688 = SURFACE_STYLE_USAGE(.BOTH.,#8689);
#8689 = SURFACE_SIDE_STYLE('',(#8690));
#8690 = SURFACE_STYLE_FILL_AREA(#8691);
#8691 = FILL_AREA_STYLE('',(#8692));
#8692 = FILL_AREA_STYLE_COLOUR('',#8089);
#8693 = CURVE_STYLE('',#8694,POSITIVE_LENGTH_MEASURE(0.1),#8089);
#8694 = DRAUGHTING_PRE_DEFINED_CURVE_FONT('continuous');
#8695 = STYLED_ITEM('color',(#8696),#2868);
#8696 = PRESENTATION_STYLE_ASSIGNMENT((#8697,#8702));
#8697 = SURFACE_STYLE_USAGE(.BOTH.,#8698);
#8698 = SURFACE_SIDE_STYLE('',(#8699));
#8699 = SURFACE_STYLE_FILL_AREA(#8700);
#8700 = FILL_AREA_STYLE('',(#8701));
#8701 = FILL_AREA_STYLE_COLOUR('',#8089);
#8702 = CURVE_STYLE('',#8703,POSITIVE_LENGTH_MEASURE(0.1),#8089);
#8703 = DRAUGHTING_PRE_DEFINED_CURVE_FONT('continuous');
#8704 = STYLED_ITEM('color',(#8705),#2885);
#8705 = PRESENTATION_STYLE_ASSIGNMENT((#8706,#8711));
#8706 = SURFACE_STYLE_USAGE(.BOTH.,#8707);
#8707 = SURFACE_SIDE_STYLE('',(#8708));
#8708 = SURFACE_STYLE_FILL_AREA(#8709);
#8709 = FILL_AREA_STYLE('',(#8710));
#8710 = FILL_AREA_STYLE_COLOUR('',#8089);
#8711 = CURVE_STYLE('',#8712,POSITIVE_LENGTH_MEASURE(0.1),#8089);
#8712 = DRAUGHTING_PRE_DEFINED_CURVE_FONT('continuous');
#8713 = STYLED_ITEM('color',(#8714),#2902);
#8714 = PRESENTATION_STYLE_ASSIGNMENT((#8715,#8720));
#8715 = SURFACE_STYLE_USAGE(.BOTH.,#8716);
#8716 = SURFACE_SIDE_STYLE('',(#8717));
#8717 = SURFACE_STYLE_FILL_AREA(#8718);
#8718 = FILL_AREA_STYLE('',(#8719));
#8719 = FILL_AREA_STYLE_COLOUR('',#8089);
#8720 = CURVE_STYLE('',#8721,POSITIVE_LENGTH_MEASURE(0.1),#8089);
#8721 = DRAUGHTING_PRE_DEFINED_CURVE_FONT('continuous');
#8722 = STYLED_ITEM('color',(#8723),#2919);
#8723 = PRESENTATION_STYLE_ASSIGNMENT((#8724,#8729));
#8724 = SURFACE_STYLE_USAGE(.BOTH.,#8725);
#8725 = SURFACE_SIDE_STYLE('',(#8726));
#8726 = SURFACE_STYLE_FILL_AREA(#8727);
#8727 = FILL_AREA_STYLE('',(#8728));
#8728 = FILL_AREA_STYLE_COLOUR('',#8089);
#8729 = CURVE_STYLE('',#8730,POSITIVE_LENGTH_MEASURE(0.1),#8089);
#8730 = DRAUGHTING_PRE_DEFINED_CURVE_FONT('continuous');
#8731 = STYLED_ITEM('color',(#8732),#2931);
#8732 = PRESENTATION_STYLE_ASSIGNMENT((#8733,#8738));
#8733 = SURFACE_STYLE_USAGE(.BOTH.,#8734);
#8734 = SURFACE_SIDE_STYLE('',(#8735));
#8735 = SURFACE_STYLE_FILL_AREA(#8736);
#8736 = FILL_AREA_STYLE('',(#8737));
#8737 = FILL_AREA_STYLE_COLOUR('',#8089);
#8738 = CURVE_STYLE('',#8739,POSITIVE_LENGTH_MEASURE(0.1),#8089);
#8739 = DRAUGHTING_PRE_DEFINED_CURVE_FONT('continuous');
#8740 = STYLED_ITEM('color',(#8741),#2948);
#8741 = PRESENTATION_STYLE_ASSIGNMENT((#8742,#8747));
#8742 = SURFACE_STYLE_USAGE(.BOTH.,#8743);
#8743 = SURFACE_SIDE_STYLE('',(#8744));
#8744 = SURFACE_STYLE_FILL_AREA(#8745);
#8745 = FILL_AREA_STYLE('',(#8746));
#8746 = FILL_AREA_STYLE_COLOUR('',#8089);
#8747 = CURVE_STYLE('',#8748,POSITIVE_LENGTH_MEASURE(0.1),#8089);
#8748 = DRAUGHTING_PRE_DEFINED_CURVE_FONT('continuous');
#8749 = STYLED_ITEM('color',(#8750),#2965);
#8750 = PRESENTATION_STYLE_ASSIGNMENT((#8751,#8756));
#8751 = SURFACE_STYLE_USAGE(.BOTH.,#8752);
#8752 = SURFACE_SIDE_STYLE('',(#8753));
#8753 = SURFACE_STYLE_FILL_AREA(#8754);
#8754 = FILL_AREA_STYLE('',(#8755));
#8755 = FILL_AREA_STYLE_COLOUR('',#8089);
#8756 = CURVE_STYLE('',#8757,POSITIVE_LENGTH_MEASURE(0.1),#8089);
#8757 = DRAUGHTING_PRE_DEFINED_CURVE_FONT('continuous');
#8758 = STYLED_ITEM('color',(#8759),#2982);
#8759 = PRESENTATION_STYLE_ASSIGNMENT((#8760,#8765));
#8760 = SURFACE_STYLE_USAGE(.BOTH.,#8761);
#8761 = SURFACE_SIDE_STYLE('',(#8762));
#8762 = SURFACE_STYLE_FILL_AREA(#8763);
#8763 = FILL_AREA_STYLE('',(#8764));
#8764 = FILL_AREA_STYLE_COLOUR('',#8089);
#8765 = CURVE_STYLE('',#8766,POSITIVE_LENGTH_MEASURE(0.1),#8089);
#8766 = DRAUGHTING_PRE_DEFINED_CURVE_FONT('continuous');
#8767 = STYLED_ITEM('color',(#8768),#2999);
#8768 = PRESENTATION_STYLE_ASSIGNMENT((#8769,#8774));
#8769 = SURFACE_STYLE_USAGE(.BOTH.,#8770);
#8770 = SURFACE_SIDE_STYLE('',(#8771));
#8771 = SURFACE_STYLE_FILL_AREA(#8772);
#8772 = FILL_AREA_STYLE('',(#8773));
#8773 = FILL_AREA_STYLE_COLOUR('',#8089);
#8774 = CURVE_STYLE('',#8775,POSITIVE_LENGTH_MEASURE(0.1),#8089);
#8775 = DRAUGHTING_PRE_DEFINED_CURVE_FONT('continuous');
#8776 = STYLED_ITEM('color',(#8777),#3016);
#8777 = PRESENTATION_STYLE_ASSIGNMENT((#8778,#8783));
#8778 = SURFACE_STYLE_USAGE(.BOTH.,#8779);
#8779 = SURFACE_SIDE_STYLE('',(#8780));
#8780 = SURFACE_STYLE_FILL_AREA(#8781);
#8781 = FILL_AREA_STYLE('',(#8782));
#8782 = FILL_AREA_STYLE_COLOUR('',#8089);
#8783 = CURVE_STYLE('',#8784,POSITIVE_LENGTH_MEASURE(0.1),#8089);
#8784 = DRAUGHTING_PRE_DEFINED_CURVE_FONT('continuous');
#8785 = STYLED_ITEM('color',(#8786),#3033);
#8786 = PRESENTATION_STYLE_ASSIGNMENT((#8787,#8792));
#8787 = SURFACE_STYLE_USAGE(.BOTH.,#8788);
#8788 = SURFACE_SIDE_STYLE('',(#8789));
#8789 = SURFACE_STYLE_FILL_AREA(#8790);
#8790 = FILL_AREA_STYLE('',(#8791));
#8791 = FILL_AREA_STYLE_COLOUR('',#8089);
#8792 = CURVE_STYLE('',#8793,POSITIVE_LENGTH_MEASURE(0.1),#8089);
#8793 = DRAUGHTING_PRE_DEFINED_CURVE_FONT('continuous');
#8794 = STYLED_ITEM('color',(#8795),#3045);
#8795 = PRESENTATION_STYLE_ASSIGNMENT((#8796,#8801));
#8796 = SURFACE_STYLE_USAGE(.BOTH.,#8797);
#8797 = SURFACE_SIDE_STYLE('',(#8798));
#8798 = SURFACE_STYLE_FILL_AREA(#8799);
#8799 = FILL_AREA_STYLE('',(#8800));
#8800 = FILL_AREA_STYLE_COLOUR('',#8089);
#8801 = CURVE_STYLE('',#8802,POSITIVE_LENGTH_MEASURE(0.1),#8089);
#8802 = DRAUGHTING_PRE_DEFINED_CURVE_FONT('continuous');
#8803 = STYLED_ITEM('color',(#8804),#3062);
#8804 = PRESENTATION_STYLE_ASSIGNMENT((#8805,#8810));
#8805 = SURFACE_STYLE_USAGE(.BOTH.,#8806);
#8806 = SURFACE_SIDE_STYLE('',(#8807));
#8807 = SURFACE_STYLE_FILL_AREA(#8808);
#8808 = FILL_AREA_STYLE('',(#8809));
#8809 = FILL_AREA_STYLE_COLOUR('',#8089);
#8810 = CURVE_STYLE('',#8811,POSITIVE_LENGTH_MEASURE(0.1),#8089);
#8811 = DRAUGHTING_PRE_DEFINED_CURVE_FONT('continuous');
#8812 = STYLED_ITEM('color',(#8813),#3079);
#8813 = PRESENTATION_STYLE_ASSIGNMENT((#8814,#8819));
#8814 = SURFACE_STYLE_USAGE(.BOTH.,#8815);
#8815 = SURFACE_SIDE_STYLE('',(#8816));
#8816 = SURFACE_STYLE_FILL_AREA(#8817);
#8817 = FILL_AREA_STYLE('',(#8818));
#8818 = FILL_AREA_STYLE_COLOUR('',#8089);
#8819 = CURVE_STYLE('',#8820,POSITIVE_LENGTH_MEASURE(0.1),#8089);
#8820 = DRAUGHTING_PRE_DEFINED_CURVE_FONT('continuous');
#8821 = STYLED_ITEM('color',(#8822),#3096);
#8822 = PRESENTATION_STYLE_ASSIGNMENT((#8823,#8828));
#8823 = SURFACE_STYLE_USAGE(.BOTH.,#8824);
#8824 = SURFACE_SIDE_STYLE('',(#8825));
#8825 = SURFACE_STYLE_FILL_AREA(#8826);
#8826 = FILL_AREA_STYLE('',(#8827));
#8827 = FILL_AREA_STYLE_COLOUR('',#8089);
#8828 = CURVE_STYLE('',#8829,POSITIVE_LENGTH_MEASURE(0.1),#8089);
#8829 = DRAUGHTING_PRE_DEFINED_CURVE_FONT('continuous');
#8830 = STYLED_ITEM('color',(#8831),#3113);
#8831 = PRESENTATION_STYLE_ASSIGNMENT((#8832,#8837));
#8832 = SURFACE_STYLE_USAGE(.BOTH.,#8833);
#8833 = SURFACE_SIDE_STYLE('',(#8834));
#8834 = SURFACE_STYLE_FILL_AREA(#8835);
#8835 = FILL_AREA_STYLE('',(#8836));
#8836 = FILL_AREA_STYLE_COLOUR('',#8089);
#8837 = CURVE_STYLE('',#8838,POSITIVE_LENGTH_MEASURE(0.1),#8089);
#8838 = DRAUGHTING_PRE_DEFINED_CURVE_FONT('continuous');
#8839 = STYLED_ITEM('color',(#8840),#3130);
#8840 = PRESENTATION_STYLE_ASSIGNMENT((#8841,#8846));
#8841 = SURFACE_STYLE_USAGE(.BOTH.,#8842);
#8842 = SURFACE_SIDE_STYLE('',(#8843));
#8843 = SURFACE_STYLE_FILL_AREA(#8844);
#8844 = FILL_AREA_STYLE('',(#8845));
#8845 = FILL_AREA_STYLE_COLOUR('',#8089);
#8846 = CURVE_STYLE('',#8847,POSITIVE_LENGTH_MEASURE(0.1),#8089);
#8847 = DRAUGHTING_PRE_DEFINED_CURVE_FONT('continuous');
#8848 = STYLED_ITEM('color',(#8849),#3147);
#8849 = PRESENTATION_STYLE_ASSIGNMENT((#8850,#8855));
#8850 = SURFACE_STYLE_USAGE(.BOTH.,#8851);
#8851 = SURFACE_SIDE_STYLE('',(#8852));
#8852 = SURFACE_STYLE_FILL_AREA(#8853);
#8853 = FILL_AREA_STYLE('',(#8854));
#8854 = FILL_AREA_STYLE_COLOUR('',#8089);
#8855 = CURVE_STYLE('',#8856,POSITIVE_LENGTH_MEASURE(0.1),#8089);
#8856 = DRAUGHTING_PRE_DEFINED_CURVE_FONT('continuous');
#8857 = STYLED_ITEM('color',(#8858),#3164);
#8858 = PRESENTATION_STYLE_ASSIGNMENT((#8859,#8864));
#8859 = SURFACE_STYLE_USAGE(.BOTH.,#8860);
#8860 = SURFACE_SIDE_STYLE('',(#8861));
#8861 = SURFACE_STYLE_FILL_AREA(#8862);
#8862 = FILL_AREA_STYLE('',(#8863));
#8863 = FILL_AREA_STYLE_COLOUR('',#8089);
#8864 = CURVE_STYLE('',#8865,POSITIVE_LENGTH_MEASURE(0.1),#8089);
#8865 = DRAUGHTING_PRE_DEFINED_CURVE_FONT('continuous');
#8866 = STYLED_ITEM('color',(#8867),#3176);
#8867 = PRESENTATION_STYLE_ASSIGNMENT((#8868,#8874));
#8868 = SURFACE_STYLE_USAGE(.BOTH.,#8869);
#8869 = SURFACE_SIDE_STYLE('',(#8870));
#8870 = SURFACE_STYLE_FILL_AREA(#8871);
#8871 = FILL_AREA_STYLE('',(#8872));
#8872 = FILL_AREA_STYLE_COLOUR('',#8873);
#8873 = COLOUR_RGB('',0.690999998585,0.664000007176,0.597999987832);
#8874 = CURVE_STYLE('',#8875,POSITIVE_LENGTH_MEASURE(0.1),#8873);
#8875 = DRAUGHTING_PRE_DEFINED_CURVE_FONT('continuous');
#8876 = MECHANICAL_DESIGN_GEOMETRIC_PRESENTATION_REPRESENTATION('',(
    #8877,#8884,#8891,#8898,#8905,#8912,#8919,#8926,#8933,#8940,#8947,
    #8954,#8961,#8968,#8975,#8982,#8989,#8996,#9003,#9010,#9017,#9024,
    #9031,#9038,#9045,#9052,#9059,#9066,#9073,#9080,#9087,#9094,#9101,
    #9108,#9115,#9122,#9129,#9136,#9143,#9150,#9157,#9164,#9171,#9178,
    #9185,#9192,#9199,#9206,#9213,#9220,#9227,#9234,#9241,#9248,#9255,
    #9262,#9269,#9276,#9283,#9290,#9297,#9304),#7851);
#8877 = STYLED_ITEM('color',(#8878),#5883);
#8878 = PRESENTATION_STYLE_ASSIGNMENT((#8879));
#8879 = SURFACE_STYLE_USAGE(.BOTH.,#8880);
#8880 = SURFACE_SIDE_STYLE('',(#8881));
#8881 = SURFACE_STYLE_FILL_AREA(#8882);
#8882 = FILL_AREA_STYLE('',(#8883));
#8883 = FILL_AREA_STYLE_COLOUR('',#8089);
#8884 = STYLED_ITEM('color',(#8885),#5924);
#8885 = PRESENTATION_STYLE_ASSIGNMENT((#8886));
#8886 = SURFACE_STYLE_USAGE(.BOTH.,#8887);
#8887 = SURFACE_SIDE_STYLE('',(#8888));
#8888 = SURFACE_STYLE_FILL_AREA(#8889);
#8889 = FILL_AREA_STYLE('',(#8890));
#8890 = FILL_AREA_STYLE_COLOUR('',#8089);
#8891 = STYLED_ITEM('color',(#8892),#5971);
#8892 = PRESENTATION_STYLE_ASSIGNMENT((#8893));
#8893 = SURFACE_STYLE_USAGE(.BOTH.,#8894);
#8894 = SURFACE_SIDE_STYLE('',(#8895));
#8895 = SURFACE_STYLE_FILL_AREA(#8896);
#8896 = FILL_AREA_STYLE('',(#8897));
#8897 = FILL_AREA_STYLE_COLOUR('',#8089);
#8898 = STYLED_ITEM('color',(#8899),#5996);
#8899 = PRESENTATION_STYLE_ASSIGNMENT((#8900));
#8900 = SURFACE_STYLE_USAGE(.BOTH.,#8901);
#8901 = SURFACE_SIDE_STYLE('',(#8902));
#8902 = SURFACE_STYLE_FILL_AREA(#8903);
#8903 = FILL_AREA_STYLE('',(#8904));
#8904 = FILL_AREA_STYLE_COLOUR('',#8089);
#8905 = STYLED_ITEM('color',(#8906),#6036);
#8906 = PRESENTATION_STYLE_ASSIGNMENT((#8907));
#8907 = SURFACE_STYLE_USAGE(.BOTH.,#8908);
#8908 = SURFACE_SIDE_STYLE('',(#8909));
#8909 = SURFACE_STYLE_FILL_AREA(#8910);
#8910 = FILL_AREA_STYLE('',(#8911));
#8911 = FILL_AREA_STYLE_COLOUR('',#8089);
#8912 = STYLED_ITEM('color',(#8913),#6053);
#8913 = PRESENTATION_STYLE_ASSIGNMENT((#8914));
#8914 = SURFACE_STYLE_USAGE(.BOTH.,#8915);
#8915 = SURFACE_SIDE_STYLE('',(#8916));
#8916 = SURFACE_STYLE_FILL_AREA(#8917);
#8917 = FILL_AREA_STYLE('',(#8918));
#8918 = FILL_AREA_STYLE_COLOUR('',#7962);
#8919 = STYLED_ITEM('color',(#8920),#6375);
#8920 = PRESENTATION_STYLE_ASSIGNMENT((#8921));
#8921 = SURFACE_STYLE_USAGE(.BOTH.,#8922);
#8922 = SURFACE_SIDE_STYLE('',(#8923));
#8923 = SURFACE_STYLE_FILL_AREA(#8924);
#8924 = FILL_AREA_STYLE('',(#8925));
#8925 = FILL_AREA_STYLE_COLOUR('',#7962);
#8926 = STYLED_ITEM('color',(#8927),#6484);
#8927 = PRESENTATION_STYLE_ASSIGNMENT((#8928));
#8928 = SURFACE_STYLE_USAGE(.BOTH.,#8929);
#8929 = SURFACE_SIDE_STYLE('',(#8930));
#8930 = SURFACE_STYLE_FILL_AREA(#8931);
#8931 = FILL_AREA_STYLE('',(#8932));
#8932 = FILL_AREA_STYLE_COLOUR('',#8089);
#8933 = STYLED_ITEM('color',(#8934),#6496);
#8934 = PRESENTATION_STYLE_ASSIGNMENT((#8935));
#8935 = SURFACE_STYLE_USAGE(.BOTH.,#8936);
#8936 = SURFACE_SIDE_STYLE('',(#8937));
#8937 = SURFACE_STYLE_FILL_AREA(#8938);
#8938 = FILL_AREA_STYLE('',(#8939));
#8939 = FILL_AREA_STYLE_COLOUR('',#7962);
#8940 = STYLED_ITEM('color',(#8941),#6619);
#8941 = PRESENTATION_STYLE_ASSIGNMENT((#8942));
#8942 = SURFACE_STYLE_USAGE(.BOTH.,#8943);
#8943 = SURFACE_SIDE_STYLE('',(#8944));
#8944 = SURFACE_STYLE_FILL_AREA(#8945);
#8945 = FILL_AREA_STYLE('',(#8946));
#8946 = FILL_AREA_STYLE_COLOUR('',#7962);
#8947 = STYLED_ITEM('color',(#8948),#6636);
#8948 = PRESENTATION_STYLE_ASSIGNMENT((#8949));
#8949 = SURFACE_STYLE_USAGE(.BOTH.,#8950);
#8950 = SURFACE_SIDE_STYLE('',(#8951));
#8951 = SURFACE_STYLE_FILL_AREA(#8952);
#8952 = FILL_AREA_STYLE('',(#8953));
#8953 = FILL_AREA_STYLE_COLOUR('',#8089);
#8954 = STYLED_ITEM('color',(#8955),#6676);
#8955 = PRESENTATION_STYLE_ASSIGNMENT((#8956));
#8956 = SURFACE_STYLE_USAGE(.BOTH.,#8957);
#8957 = SURFACE_SIDE_STYLE('',(#8958));
#8958 = SURFACE_STYLE_FILL_AREA(#8959);
#8959 = FILL_AREA_STYLE('',(#8960));
#8960 = FILL_AREA_STYLE_COLOUR('',#8089);
#8961 = STYLED_ITEM('color',(#8962),#6701);
#8962 = PRESENTATION_STYLE_ASSIGNMENT((#8963));
#8963 = SURFACE_STYLE_USAGE(.BOTH.,#8964);
#8964 = SURFACE_SIDE_STYLE('',(#8965));
#8965 = SURFACE_STYLE_FILL_AREA(#8966);
#8966 = FILL_AREA_STYLE('',(#8967));
#8967 = FILL_AREA_STYLE_COLOUR('',#8089);
#8968 = STYLED_ITEM('color',(#8969),#6741);
#8969 = PRESENTATION_STYLE_ASSIGNMENT((#8970));
#8970 = SURFACE_STYLE_USAGE(.BOTH.,#8971);
#8971 = SURFACE_SIDE_STYLE('',(#8972));
#8972 = SURFACE_STYLE_FILL_AREA(#8973);
#8973 = FILL_AREA_STYLE('',(#8974));
#8974 = FILL_AREA_STYLE_COLOUR('',#8089);
#8975 = STYLED_ITEM('color',(#8976),#6774);
#8976 = PRESENTATION_STYLE_ASSIGNMENT((#8977));
#8977 = SURFACE_STYLE_USAGE(.BOTH.,#8978);
#8978 = SURFACE_SIDE_STYLE('',(#8979));
#8979 = SURFACE_STYLE_FILL_AREA(#8980);
#8980 = FILL_AREA_STYLE('',(#8981));
#8981 = FILL_AREA_STYLE_COLOUR('',#8089);
#8982 = STYLED_ITEM('color',(#8983),#6799);
#8983 = PRESENTATION_STYLE_ASSIGNMENT((#8984));
#8984 = SURFACE_STYLE_USAGE(.BOTH.,#8985);
#8985 = SURFACE_SIDE_STYLE('',(#8986));
#8986 = SURFACE_STYLE_FILL_AREA(#8987);
#8987 = FILL_AREA_STYLE('',(#8988));
#8988 = FILL_AREA_STYLE_COLOUR('',#8089);
#8989 = STYLED_ITEM('color',(#8990),#6832);
#8990 = PRESENTATION_STYLE_ASSIGNMENT((#8991));
#8991 = SURFACE_STYLE_USAGE(.BOTH.,#8992);
#8992 = SURFACE_SIDE_STYLE('',(#8993));
#8993 = SURFACE_STYLE_FILL_AREA(#8994);
#8994 = FILL_AREA_STYLE('',(#8995));
#8995 = FILL_AREA_STYLE_COLOUR('',#8089);
#8996 = STYLED_ITEM('color',(#8997),#6872);
#8997 = PRESENTATION_STYLE_ASSIGNMENT((#8998));
#8998 = SURFACE_STYLE_USAGE(.BOTH.,#8999);
#8999 = SURFACE_SIDE_STYLE('',(#9000));
#9000 = SURFACE_STYLE_FILL_AREA(#9001);
#9001 = FILL_AREA_STYLE('',(#9002));
#9002 = FILL_AREA_STYLE_COLOUR('',#8089);
#9003 = STYLED_ITEM('color',(#9004),#6897);
#9004 = PRESENTATION_STYLE_ASSIGNMENT((#9005));
#9005 = SURFACE_STYLE_USAGE(.BOTH.,#9006);
#9006 = SURFACE_SIDE_STYLE('',(#9007));
#9007 = SURFACE_STYLE_FILL_AREA(#9008);
#9008 = FILL_AREA_STYLE('',(#9009));
#9009 = FILL_AREA_STYLE_COLOUR('',#8089);
#9010 = STYLED_ITEM('color',(#9011),#6937);
#9011 = PRESENTATION_STYLE_ASSIGNMENT((#9012));
#9012 = SURFACE_STYLE_USAGE(.BOTH.,#9013);
#9013 = SURFACE_SIDE_STYLE('',(#9014));
#9014 = SURFACE_STYLE_FILL_AREA(#9015);
#9015 = FILL_AREA_STYLE('',(#9016));
#9016 = FILL_AREA_STYLE_COLOUR('',#8089);
#9017 = STYLED_ITEM('color',(#9018),#6970);
#9018 = PRESENTATION_STYLE_ASSIGNMENT((#9019));
#9019 = SURFACE_STYLE_USAGE(.BOTH.,#9020);
#9020 = SURFACE_SIDE_STYLE('',(#9021));
#9021 = SURFACE_STYLE_FILL_AREA(#9022);
#9022 = FILL_AREA_STYLE('',(#9023));
#9023 = FILL_AREA_STYLE_COLOUR('',#8089);
#9024 = STYLED_ITEM('color',(#9025),#6995);
#9025 = PRESENTATION_STYLE_ASSIGNMENT((#9026));
#9026 = SURFACE_STYLE_USAGE(.BOTH.,#9027);
#9027 = SURFACE_SIDE_STYLE('',(#9028));
#9028 = SURFACE_STYLE_FILL_AREA(#9029);
#9029 = FILL_AREA_STYLE('',(#9030));
#9030 = FILL_AREA_STYLE_COLOUR('',#8089);
#9031 = STYLED_ITEM('color',(#9032),#7028);
#9032 = PRESENTATION_STYLE_ASSIGNMENT((#9033));
#9033 = SURFACE_STYLE_USAGE(.BOTH.,#9034);
#9034 = SURFACE_SIDE_STYLE('',(#9035));
#9035 = SURFACE_STYLE_FILL_AREA(#9036);
#9036 = FILL_AREA_STYLE('',(#9037));
#9037 = FILL_AREA_STYLE_COLOUR('',#8089);
#9038 = STYLED_ITEM('color',(#9039),#7068);
#9039 = PRESENTATION_STYLE_ASSIGNMENT((#9040));
#9040 = SURFACE_STYLE_USAGE(.BOTH.,#9041);
#9041 = SURFACE_SIDE_STYLE('',(#9042));
#9042 = SURFACE_STYLE_FILL_AREA(#9043);
#9043 = FILL_AREA_STYLE('',(#9044));
#9044 = FILL_AREA_STYLE_COLOUR('',#8089);
#9045 = STYLED_ITEM('color',(#9046),#7093);
#9046 = PRESENTATION_STYLE_ASSIGNMENT((#9047));
#9047 = SURFACE_STYLE_USAGE(.BOTH.,#9048);
#9048 = SURFACE_SIDE_STYLE('',(#9049));
#9049 = SURFACE_STYLE_FILL_AREA(#9050);
#9050 = FILL_AREA_STYLE('',(#9051));
#9051 = FILL_AREA_STYLE_COLOUR('',#8089);
#9052 = STYLED_ITEM('color',(#9053),#7126);
#9053 = PRESENTATION_STYLE_ASSIGNMENT((#9054));
#9054 = SURFACE_STYLE_USAGE(.BOTH.,#9055);
#9055 = SURFACE_SIDE_STYLE('',(#9056));
#9056 = SURFACE_STYLE_FILL_AREA(#9057);
#9057 = FILL_AREA_STYLE('',(#9058));
#9058 = FILL_AREA_STYLE_COLOUR('',#8089);
#9059 = STYLED_ITEM('color',(#9060),#7166);
#9060 = PRESENTATION_STYLE_ASSIGNMENT((#9061));
#9061 = SURFACE_STYLE_USAGE(.BOTH.,#9062);
#9062 = SURFACE_SIDE_STYLE('',(#9063));
#9063 = SURFACE_STYLE_FILL_AREA(#9064);
#9064 = FILL_AREA_STYLE('',(#9065));
#9065 = FILL_AREA_STYLE_COLOUR('',#8089);
#9066 = STYLED_ITEM('color',(#9067),#7191);
#9067 = PRESENTATION_STYLE_ASSIGNMENT((#9068));
#9068 = SURFACE_STYLE_USAGE(.BOTH.,#9069);
#9069 = SURFACE_SIDE_STYLE('',(#9070));
#9070 = SURFACE_STYLE_FILL_AREA(#9071);
#9071 = FILL_AREA_STYLE('',(#9072));
#9072 = FILL_AREA_STYLE_COLOUR('',#8089);
#9073 = STYLED_ITEM('color',(#9074),#7231);
#9074 = PRESENTATION_STYLE_ASSIGNMENT((#9075));
#9075 = SURFACE_STYLE_USAGE(.BOTH.,#9076);
#9076 = SURFACE_SIDE_STYLE('',(#9077));
#9077 = SURFACE_STYLE_FILL_AREA(#9078);
#9078 = FILL_AREA_STYLE('',(#9079));
#9079 = FILL_AREA_STYLE_COLOUR('',#8089);
#9080 = STYLED_ITEM('color',(#9081),#7264);
#9081 = PRESENTATION_STYLE_ASSIGNMENT((#9082));
#9082 = SURFACE_STYLE_USAGE(.BOTH.,#9083);
#9083 = SURFACE_SIDE_STYLE('',(#9084));
#9084 = SURFACE_STYLE_FILL_AREA(#9085);
#9085 = FILL_AREA_STYLE('',(#9086));
#9086 = FILL_AREA_STYLE_COLOUR('',#8089);
#9087 = STYLED_ITEM('color',(#9088),#7289);
#9088 = PRESENTATION_STYLE_ASSIGNMENT((#9089));
#9089 = SURFACE_STYLE_USAGE(.BOTH.,#9090);
#9090 = SURFACE_SIDE_STYLE('',(#9091));
#9091 = SURFACE_STYLE_FILL_AREA(#9092);
#9092 = FILL_AREA_STYLE('',(#9093));
#9093 = FILL_AREA_STYLE_COLOUR('',#8089);
#9094 = STYLED_ITEM('color',(#9095),#7322);
#9095 = PRESENTATION_STYLE_ASSIGNMENT((#9096));
#9096 = SURFACE_STYLE_USAGE(.BOTH.,#9097);
#9097 = SURFACE_SIDE_STYLE('',(#9098));
#9098 = SURFACE_STYLE_FILL_AREA(#9099);
#9099 = FILL_AREA_STYLE('',(#9100));
#9100 = FILL_AREA_STYLE_COLOUR('',#7962);
#9101 = STYLED_ITEM('color',(#9102),#7339);
#9102 = PRESENTATION_STYLE_ASSIGNMENT((#9103));
#9103 = SURFACE_STYLE_USAGE(.BOTH.,#9104);
#9104 = SURFACE_SIDE_STYLE('',(#9105));
#9105 = SURFACE_STYLE_FILL_AREA(#9106);
#9106 = FILL_AREA_STYLE('',(#9107));
#9107 = FILL_AREA_STYLE_COLOUR('',#8089);
#9108 = STYLED_ITEM('color',(#9109),#7370);
#9109 = PRESENTATION_STYLE_ASSIGNMENT((#9110));
#9110 = SURFACE_STYLE_USAGE(.BOTH.,#9111);
#9111 = SURFACE_SIDE_STYLE('',(#9112));
#9112 = SURFACE_STYLE_FILL_AREA(#9113);
#9113 = FILL_AREA_STYLE('',(#9114));
#9114 = FILL_AREA_STYLE_COLOUR('',#8089);
#9115 = STYLED_ITEM('color',(#9116),#7394);
#9116 = PRESENTATION_STYLE_ASSIGNMENT((#9117));
#9117 = SURFACE_STYLE_USAGE(.BOTH.,#9118);
#9118 = SURFACE_SIDE_STYLE('',(#9119));
#9119 = SURFACE_STYLE_FILL_AREA(#9120);
#9120 = FILL_AREA_STYLE('',(#9121));
#9121 = FILL_AREA_STYLE_COLOUR('',#8089);
#9122 = STYLED_ITEM('color',(#9123),#7418);
#9123 = PRESENTATION_STYLE_ASSIGNMENT((#9124));
#9124 = SURFACE_STYLE_USAGE(.BOTH.,#9125);
#9125 = SURFACE_SIDE_STYLE('',(#9126));
#9126 = SURFACE_STYLE_FILL_AREA(#9127);
#9127 = FILL_AREA_STYLE('',(#9128));
#9128 = FILL_AREA_STYLE_COLOUR('',#8089);
#9129 = STYLED_ITEM('color',(#9130),#7442);
#9130 = PRESENTATION_STYLE_ASSIGNMENT((#9131));
#9131 = SURFACE_STYLE_USAGE(.BOTH.,#9132);
#9132 = SURFACE_SIDE_STYLE('',(#9133));
#9133 = SURFACE_STYLE_FILL_AREA(#9134);
#9134 = FILL_AREA_STYLE('',(#9135));
#9135 = FILL_AREA_STYLE_COLOUR('',#8089);
#9136 = STYLED_ITEM('color',(#9137),#7459);
#9137 = PRESENTATION_STYLE_ASSIGNMENT((#9138));
#9138 = SURFACE_STYLE_USAGE(.BOTH.,#9139);
#9139 = SURFACE_SIDE_STYLE('',(#9140));
#9140 = SURFACE_STYLE_FILL_AREA(#9141);
#9141 = FILL_AREA_STYLE('',(#9142));
#9142 = FILL_AREA_STYLE_COLOUR('',#7962);
#9143 = STYLED_ITEM('color',(#9144),#7482);
#9144 = PRESENTATION_STYLE_ASSIGNMENT((#9145));
#9145 = SURFACE_STYLE_USAGE(.BOTH.,#9146);
#9146 = SURFACE_SIDE_STYLE('',(#9147));
#9147 = SURFACE_STYLE_FILL_AREA(#9148);
#9148 = FILL_AREA_STYLE('',(#9149));
#9149 = FILL_AREA_STYLE_COLOUR('',#8089);
#9150 = STYLED_ITEM('color',(#9151),#7499);
#9151 = PRESENTATION_STYLE_ASSIGNMENT((#9152));
#9152 = SURFACE_STYLE_USAGE(.BOTH.,#9153);
#9153 = SURFACE_SIDE_STYLE('',(#9154));
#9154 = SURFACE_STYLE_FILL_AREA(#9155);
#9155 = FILL_AREA_STYLE('',(#9156));
#9156 = FILL_AREA_STYLE_COLOUR('',#8089);
#9157 = STYLED_ITEM('color',(#9158),#7516);
#9158 = PRESENTATION_STYLE_ASSIGNMENT((#9159));
#9159 = SURFACE_STYLE_USAGE(.BOTH.,#9160);
#9160 = SURFACE_SIDE_STYLE('',(#9161));
#9161 = SURFACE_STYLE_FILL_AREA(#9162);
#9162 = FILL_AREA_STYLE('',(#9163));
#9163 = FILL_AREA_STYLE_COLOUR('',#8089);
#9164 = STYLED_ITEM('color',(#9165),#7533);
#9165 = PRESENTATION_STYLE_ASSIGNMENT((#9166));
#9166 = SURFACE_STYLE_USAGE(.BOTH.,#9167);
#9167 = SURFACE_SIDE_STYLE('',(#9168));
#9168 = SURFACE_STYLE_FILL_AREA(#9169);
#9169 = FILL_AREA_STYLE('',(#9170));
#9170 = FILL_AREA_STYLE_COLOUR('',#8089);
#9171 = STYLED_ITEM('color',(#9172),#7550);
#9172 = PRESENTATION_STYLE_ASSIGNMENT((#9173));
#9173 = SURFACE_STYLE_USAGE(.BOTH.,#9174);
#9174 = SURFACE_SIDE_STYLE('',(#9175));
#9175 = SURFACE_STYLE_FILL_AREA(#9176);
#9176 = FILL_AREA_STYLE('',(#9177));
#9177 = FILL_AREA_STYLE_COLOUR('',#8089);
#9178 = STYLED_ITEM('color',(#9179),#7567);
#9179 = PRESENTATION_STYLE_ASSIGNMENT((#9180));
#9180 = SURFACE_STYLE_USAGE(.BOTH.,#9181);
#9181 = SURFACE_SIDE_STYLE('',(#9182));
#9182 = SURFACE_STYLE_FILL_AREA(#9183);
#9183 = FILL_AREA_STYLE('',(#9184));
#9184 = FILL_AREA_STYLE_COLOUR('',#8089);
#9185 = STYLED_ITEM('color',(#9186),#7584);
#9186 = PRESENTATION_STYLE_ASSIGNMENT((#9187));
#9187 = SURFACE_STYLE_USAGE(.BOTH.,#9188);
#9188 = SURFACE_SIDE_STYLE('',(#9189));
#9189 = SURFACE_STYLE_FILL_AREA(#9190);
#9190 = FILL_AREA_STYLE('',(#9191));
#9191 = FILL_AREA_STYLE_COLOUR('',#8089);
#9192 = STYLED_ITEM('color',(#9193),#7601);
#9193 = PRESENTATION_STYLE_ASSIGNMENT((#9194));
#9194 = SURFACE_STYLE_USAGE(.BOTH.,#9195);
#9195 = SURFACE_SIDE_STYLE('',(#9196));
#9196 = SURFACE_STYLE_FILL_AREA(#9197);
#9197 = FILL_AREA_STYLE('',(#9198));
#9198 = FILL_AREA_STYLE_COLOUR('',#8089);
#9199 = STYLED_ITEM('color',(#9200),#7618);
#9200 = PRESENTATION_STYLE_ASSIGNMENT((#9201));
#9201 = SURFACE_STYLE_USAGE(.BOTH.,#9202);
#9202 = SURFACE_SIDE_STYLE('',(#9203));
#9203 = SURFACE_STYLE_FILL_AREA(#9204);
#9204 = FILL_AREA_STYLE('',(#9205));
#9205 = FILL_AREA_STYLE_COLOUR('',#8089);
#9206 = STYLED_ITEM('color',(#9207),#7630);
#9207 = PRESENTATION_STYLE_ASSIGNMENT((#9208));
#9208 = SURFACE_STYLE_USAGE(.BOTH.,#9209);
#9209 = SURFACE_SIDE_STYLE('',(#9210));
#9210 = SURFACE_STYLE_FILL_AREA(#9211);
#9211 = FILL_AREA_STYLE('',(#9212));
#9212 = FILL_AREA_STYLE_COLOUR('',#8089);
#9213 = STYLED_ITEM('color',(#9214),#7647);
#9214 = PRESENTATION_STYLE_ASSIGNMENT((#9215));
#9215 = SURFACE_STYLE_USAGE(.BOTH.,#9216);
#9216 = SURFACE_SIDE_STYLE('',(#9217));
#9217 = SURFACE_STYLE_FILL_AREA(#9218);
#9218 = FILL_AREA_STYLE('',(#9219));
#9219 = FILL_AREA_STYLE_COLOUR('',#8089);
#9220 = STYLED_ITEM('color',(#9221),#7659);
#9221 = PRESENTATION_STYLE_ASSIGNMENT((#9222));
#9222 = SURFACE_STYLE_USAGE(.BOTH.,#9223);
#9223 = SURFACE_SIDE_STYLE('',(#9224));
#9224 = SURFACE_STYLE_FILL_AREA(#9225);
#9225 = FILL_AREA_STYLE('',(#9226));
#9226 = FILL_AREA_STYLE_COLOUR('',#8089);
#9227 = STYLED_ITEM('color',(#9228),#7676);
#9228 = PRESENTATION_STYLE_ASSIGNMENT((#9229));
#9229 = SURFACE_STYLE_USAGE(.BOTH.,#9230);
#9230 = SURFACE_SIDE_STYLE('',(#9231));
#9231 = SURFACE_STYLE_FILL_AREA(#9232);
#9232 = FILL_AREA_STYLE('',(#9233));
#9233 = FILL_AREA_STYLE_COLOUR('',#8089);
#9234 = STYLED_ITEM('color',(#9235),#7688);
#9235 = PRESENTATION_STYLE_ASSIGNMENT((#9236));
#9236 = SURFACE_STYLE_USAGE(.BOTH.,#9237);
#9237 = SURFACE_SIDE_STYLE('',(#9238));
#9238 = SURFACE_STYLE_FILL_AREA(#9239);
#9239 = FILL_AREA_STYLE('',(#9240));
#9240 = FILL_AREA_STYLE_COLOUR('',#8089);
#9241 = STYLED_ITEM('color',(#9242),#7705);
#9242 = PRESENTATION_STYLE_ASSIGNMENT((#9243));
#9243 = SURFACE_STYLE_USAGE(.BOTH.,#9244);
#9244 = SURFACE_SIDE_STYLE('',(#9245));
#9245 = SURFACE_STYLE_FILL_AREA(#9246);
#9246 = FILL_AREA_STYLE('',(#9247));
#9247 = FILL_AREA_STYLE_COLOUR('',#8089);
#9248 = STYLED_ITEM('color',(#9249),#7717);
#9249 = PRESENTATION_STYLE_ASSIGNMENT((#9250));
#9250 = SURFACE_STYLE_USAGE(.BOTH.,#9251);
#9251 = SURFACE_SIDE_STYLE('',(#9252));
#9252 = SURFACE_STYLE_FILL_AREA(#9253);
#9253 = FILL_AREA_STYLE('',(#9254));
#9254 = FILL_AREA_STYLE_COLOUR('',#8089);
#9255 = STYLED_ITEM('color',(#9256),#7734);
#9256 = PRESENTATION_STYLE_ASSIGNMENT((#9257));
#9257 = SURFACE_STYLE_USAGE(.BOTH.,#9258);
#9258 = SURFACE_SIDE_STYLE('',(#9259));
#9259 = SURFACE_STYLE_FILL_AREA(#9260);
#9260 = FILL_AREA_STYLE('',(#9261));
#9261 = FILL_AREA_STYLE_COLOUR('',#8089);
#9262 = STYLED_ITEM('color',(#9263),#7746);
#9263 = PRESENTATION_STYLE_ASSIGNMENT((#9264));
#9264 = SURFACE_STYLE_USAGE(.BOTH.,#9265);
#9265 = SURFACE_SIDE_STYLE('',(#9266));
#9266 = SURFACE_STYLE_FILL_AREA(#9267);
#9267 = FILL_AREA_STYLE('',(#9268));
#9268 = FILL_AREA_STYLE_COLOUR('',#8089);
#9269 = STYLED_ITEM('color',(#9270),#7763);
#9270 = PRESENTATION_STYLE_ASSIGNMENT((#9271));
#9271 = SURFACE_STYLE_USAGE(.BOTH.,#9272);
#9272 = SURFACE_SIDE_STYLE('',(#9273));
#9273 = SURFACE_STYLE_FILL_AREA(#9274);
#9274 = FILL_AREA_STYLE('',(#9275));
#9275 = FILL_AREA_STYLE_COLOUR('',#8089);
#9276 = STYLED_ITEM('color',(#9277),#7775);
#9277 = PRESENTATION_STYLE_ASSIGNMENT((#9278));
#9278 = SURFACE_STYLE_USAGE(.BOTH.,#9279);
#9279 = SURFACE_SIDE_STYLE('',(#9280));
#9280 = SURFACE_STYLE_FILL_AREA(#9281);
#9281 = FILL_AREA_STYLE('',(#9282));
#9282 = FILL_AREA_STYLE_COLOUR('',#8089);
#9283 = STYLED_ITEM('color',(#9284),#7792);
#9284 = PRESENTATION_STYLE_ASSIGNMENT((#9285));
#9285 = SURFACE_STYLE_USAGE(.BOTH.,#9286);
#9286 = SURFACE_SIDE_STYLE('',(#9287));
#9287 = SURFACE_STYLE_FILL_AREA(#9288);
#9288 = FILL_AREA_STYLE('',(#9289));
#9289 = FILL_AREA_STYLE_COLOUR('',#8089);
#9290 = STYLED_ITEM('color',(#9291),#7804);
#9291 = PRESENTATION_STYLE_ASSIGNMENT((#9292));
#9292 = SURFACE_STYLE_USAGE(.BOTH.,#9293);
#9293 = SURFACE_SIDE_STYLE('',(#9294));
#9294 = SURFACE_STYLE_FILL_AREA(#9295);
#9295 = FILL_AREA_STYLE('',(#9296));
#9296 = FILL_AREA_STYLE_COLOUR('',#8089);
#9297 = STYLED_ITEM('color',(#9298),#7817);
#9298 = PRESENTATION_STYLE_ASSIGNMENT((#9299));
#9299 = SURFACE_STYLE_USAGE(.BOTH.,#9300);
#9300 = SURFACE_SIDE_STYLE('',(#9301));
#9301 = SURFACE_STYLE_FILL_AREA(#9302);
#9302 = FILL_AREA_STYLE('',(#9303));
#9303 = FILL_AREA_STYLE_COLOUR('',#8873);
#9304 = STYLED_ITEM('color',(#9305),#7842);
#9305 = PRESENTATION_STYLE_ASSIGNMENT((#9306));
#9306 = SURFACE_STYLE_USAGE(.BOTH.,#9307);
#9307 = SURFACE_SIDE_STYLE('',(#9308));
#9308 = SURFACE_STYLE_FILL_AREA(#9309);
#9309 = FILL_AREA_STYLE('',(#9310));
#9310 = FILL_AREA_STYLE_COLOUR('',#8873);
#9311 = MECHANICAL_DESIGN_GEOMETRIC_PRESENTATION_REPRESENTATION('',(
    #9312,#9319,#9326,#9333,#9340,#9347,#9354,#9361,#9369,#9376,#9383,
    #9390,#9397,#9404,#9412,#9419,#9426,#9433,#9440,#9447,#9454,#9461,
    #9468,#9475,#9482,#9489),#4913);
#9312 = STYLED_ITEM('color',(#9313),#4125);
#9313 = PRESENTATION_STYLE_ASSIGNMENT((#9314));
#9314 = SURFACE_STYLE_USAGE(.BOTH.,#9315);
#9315 = SURFACE_SIDE_STYLE('',(#9316));
#9316 = SURFACE_STYLE_FILL_AREA(#9317);
#9317 = FILL_AREA_STYLE('',(#9318));
#9318 = FILL_AREA_STYLE_COLOUR('',#8089);
#9319 = STYLED_ITEM('color',(#9320),#4165);
#9320 = PRESENTATION_STYLE_ASSIGNMENT((#9321));
#9321 = SURFACE_STYLE_USAGE(.BOTH.,#9322);
#9322 = SURFACE_SIDE_STYLE('',(#9323));
#9323 = SURFACE_STYLE_FILL_AREA(#9324);
#9324 = FILL_AREA_STYLE('',(#9325));
#9325 = FILL_AREA_STYLE_COLOUR('',#8089);
#9326 = STYLED_ITEM('color',(#9327),#4248);
#9327 = PRESENTATION_STYLE_ASSIGNMENT((#9328));
#9328 = SURFACE_STYLE_USAGE(.BOTH.,#9329);
#9329 = SURFACE_SIDE_STYLE('',(#9330));
#9330 = SURFACE_STYLE_FILL_AREA(#9331);
#9331 = FILL_AREA_STYLE('',(#9332));
#9332 = FILL_AREA_STYLE_COLOUR('',#8089);
#9333 = STYLED_ITEM('color',(#9334),#4273);
#9334 = PRESENTATION_STYLE_ASSIGNMENT((#9335));
#9335 = SURFACE_STYLE_USAGE(.BOTH.,#9336);
#9336 = SURFACE_SIDE_STYLE('',(#9337));
#9337 = SURFACE_STYLE_FILL_AREA(#9338);
#9338 = FILL_AREA_STYLE('',(#9339));
#9339 = FILL_AREA_STYLE_COLOUR('',#8089);
#9340 = STYLED_ITEM('color',(#9341),#4298);
#9341 = PRESENTATION_STYLE_ASSIGNMENT((#9342));
#9342 = SURFACE_STYLE_USAGE(.BOTH.,#9343);
#9343 = SURFACE_SIDE_STYLE('',(#9344));
#9344 = SURFACE_STYLE_FILL_AREA(#9345);
#9345 = FILL_AREA_STYLE('',(#9346));
#9346 = FILL_AREA_STYLE_COLOUR('',#8089);
#9347 = STYLED_ITEM('color',(#9348),#4365);
#9348 = PRESENTATION_STYLE_ASSIGNMENT((#9349));
#9349 = SURFACE_STYLE_USAGE(.BOTH.,#9350);
#9350 = SURFACE_SIDE_STYLE('',(#9351));
#9351 = SURFACE_STYLE_FILL_AREA(#9352);
#9352 = FILL_AREA_STYLE('',(#9353));
#9353 = FILL_AREA_STYLE_COLOUR('',#8089);
#9354 = STYLED_ITEM('color',(#9355),#4382);
#9355 = PRESENTATION_STYLE_ASSIGNMENT((#9356));
#9356 = SURFACE_STYLE_USAGE(.BOTH.,#9357);
#9357 = SURFACE_SIDE_STYLE('',(#9358));
#9358 = SURFACE_STYLE_FILL_AREA(#9359);
#9359 = FILL_AREA_STYLE('',(#9360));
#9360 = FILL_AREA_STYLE_COLOUR('',#8089);
#9361 = STYLED_ITEM('color',(#9362),#4399);
#9362 = PRESENTATION_STYLE_ASSIGNMENT((#9363));
#9363 = SURFACE_STYLE_USAGE(.BOTH.,#9364);
#9364 = SURFACE_SIDE_STYLE('',(#9365));
#9365 = SURFACE_STYLE_FILL_AREA(#9366);
#9366 = FILL_AREA_STYLE('',(#9367));
#9367 = FILL_AREA_STYLE_COLOUR('',#9368);
#9368 = COLOUR_RGB('',0.894999966383,0.890999961016,0.813000030345);
#9369 = STYLED_ITEM('color',(#9370),#4448);
#9370 = PRESENTATION_STYLE_ASSIGNMENT((#9371));
#9371 = SURFACE_STYLE_USAGE(.BOTH.,#9372);
#9372 = SURFACE_SIDE_STYLE('',(#9373));
#9373 = SURFACE_STYLE_FILL_AREA(#9374);
#9374 = FILL_AREA_STYLE('',(#9375));
#9375 = FILL_AREA_STYLE_COLOUR('',#8089);
#9376 = STYLED_ITEM('color',(#9377),#4465);
#9377 = PRESENTATION_STYLE_ASSIGNMENT((#9378));
#9378 = SURFACE_STYLE_USAGE(.BOTH.,#9379);
#9379 = SURFACE_SIDE_STYLE('',(#9380));
#9380 = SURFACE_STYLE_FILL_AREA(#9381);
#9381 = FILL_AREA_STYLE('',(#9382));
#9382 = FILL_AREA_STYLE_COLOUR('',#8089);
#9383 = STYLED_ITEM('color',(#9384),#4482);
#9384 = PRESENTATION_STYLE_ASSIGNMENT((#9385));
#9385 = SURFACE_STYLE_USAGE(.BOTH.,#9386);
#9386 = SURFACE_SIDE_STYLE('',(#9387));
#9387 = SURFACE_STYLE_FILL_AREA(#9388);
#9388 = FILL_AREA_STYLE('',(#9389));
#9389 = FILL_AREA_STYLE_COLOUR('',#9368);
#9390 = STYLED_ITEM('color',(#9391),#4531);
#9391 = PRESENTATION_STYLE_ASSIGNMENT((#9392));
#9392 = SURFACE_STYLE_USAGE(.BOTH.,#9393);
#9393 = SURFACE_SIDE_STYLE('',(#9394));
#9394 = SURFACE_STYLE_FILL_AREA(#9395);
#9395 = FILL_AREA_STYLE('',(#9396));
#9396 = FILL_AREA_STYLE_COLOUR('',#9368);
#9397 = STYLED_ITEM('color',(#9398),#4548);
#9398 = PRESENTATION_STYLE_ASSIGNMENT((#9399));
#9399 = SURFACE_STYLE_USAGE(.BOTH.,#9400);
#9400 = SURFACE_SIDE_STYLE('',(#9401));
#9401 = SURFACE_STYLE_FILL_AREA(#9402);
#9402 = FILL_AREA_STYLE('',(#9403));
#9403 = FILL_AREA_STYLE_COLOUR('',#8089);
#9404 = STYLED_ITEM('color',(#9405),#4617);
#9405 = PRESENTATION_STYLE_ASSIGNMENT((#9406));
#9406 = SURFACE_STYLE_USAGE(.BOTH.,#9407);
#9407 = SURFACE_SIDE_STYLE('',(#9408));
#9408 = SURFACE_STYLE_FILL_AREA(#9409);
#9409 = FILL_AREA_STYLE('',(#9410));
#9410 = FILL_AREA_STYLE_COLOUR('',#9411);
#9411 = COLOUR_RGB('',8.200000279077E-02,8.600000121357E-02,
  9.399999706163E-02);
#9412 = STYLED_ITEM('color',(#9413),#4648);
#9413 = PRESENTATION_STYLE_ASSIGNMENT((#9414));
#9414 = SURFACE_STYLE_USAGE(.BOTH.,#9415);
#9415 = SURFACE_SIDE_STYLE('',(#9416));
#9416 = SURFACE_STYLE_FILL_AREA(#9417);
#9417 = FILL_AREA_STYLE('',(#9418));
#9418 = FILL_AREA_STYLE_COLOUR('',#9411);
#9419 = STYLED_ITEM('color',(#9420),#4672);
#9420 = PRESENTATION_STYLE_ASSIGNMENT((#9421));
#9421 = SURFACE_STYLE_USAGE(.BOTH.,#9422);
#9422 = SURFACE_SIDE_STYLE('',(#9423));
#9423 = SURFACE_STYLE_FILL_AREA(#9424);
#9424 = FILL_AREA_STYLE('',(#9425));
#9425 = FILL_AREA_STYLE_COLOUR('',#8089);
#9426 = STYLED_ITEM('color',(#9427),#4741);
#9427 = PRESENTATION_STYLE_ASSIGNMENT((#9428));
#9428 = SURFACE_STYLE_USAGE(.BOTH.,#9429);
#9429 = SURFACE_SIDE_STYLE('',(#9430));
#9430 = SURFACE_STYLE_FILL_AREA(#9431);
#9431 = FILL_AREA_STYLE('',(#9432));
#9432 = FILL_AREA_STYLE_COLOUR('',#9411);
#9433 = STYLED_ITEM('color',(#9434),#4765);
#9434 = PRESENTATION_STYLE_ASSIGNMENT((#9435));
#9435 = SURFACE_STYLE_USAGE(.BOTH.,#9436);
#9436 = SURFACE_SIDE_STYLE('',(#9437));
#9437 = SURFACE_STYLE_FILL_AREA(#9438);
#9438 = FILL_AREA_STYLE('',(#9439));
#9439 = FILL_AREA_STYLE_COLOUR('',#8089);
#9440 = STYLED_ITEM('color',(#9441),#4782);
#9441 = PRESENTATION_STYLE_ASSIGNMENT((#9442));
#9442 = SURFACE_STYLE_USAGE(.BOTH.,#9443);
#9443 = SURFACE_SIDE_STYLE('',(#9444));
#9444 = SURFACE_STYLE_FILL_AREA(#9445);
#9445 = FILL_AREA_STYLE('',(#9446));
#9446 = FILL_AREA_STYLE_COLOUR('',#8089);
#9447 = STYLED_ITEM('color',(#9448),#4799);
#9448 = PRESENTATION_STYLE_ASSIGNMENT((#9449));
#9449 = SURFACE_STYLE_USAGE(.BOTH.,#9450);
#9450 = SURFACE_SIDE_STYLE('',(#9451));
#9451 = SURFACE_STYLE_FILL_AREA(#9452);
#9452 = FILL_AREA_STYLE('',(#9453));
#9453 = FILL_AREA_STYLE_COLOUR('',#8089);
#9454 = STYLED_ITEM('color',(#9455),#4816);
#9455 = PRESENTATION_STYLE_ASSIGNMENT((#9456));
#9456 = SURFACE_STYLE_USAGE(.BOTH.,#9457);
#9457 = SURFACE_SIDE_STYLE('',(#9458));
#9458 = SURFACE_STYLE_FILL_AREA(#9459);
#9459 = FILL_AREA_STYLE('',(#9460));
#9460 = FILL_AREA_STYLE_COLOUR('',#8089);
#9461 = STYLED_ITEM('color',(#9462),#4833);
#9462 = PRESENTATION_STYLE_ASSIGNMENT((#9463));
#9463 = SURFACE_STYLE_USAGE(.BOTH.,#9464);
#9464 = SURFACE_SIDE_STYLE('',(#9465));
#9465 = SURFACE_STYLE_FILL_AREA(#9466);
#9466 = FILL_AREA_STYLE('',(#9467));
#9467 = FILL_AREA_STYLE_COLOUR('',#8089);
#9468 = STYLED_ITEM('color',(#9469),#4850);
#9469 = PRESENTATION_STYLE_ASSIGNMENT((#9470));
#9470 = SURFACE_STYLE_USAGE(.BOTH.,#9471);
#9471 = SURFACE_SIDE_STYLE('',(#9472));
#9472 = SURFACE_STYLE_FILL_AREA(#9473);
#9473 = FILL_AREA_STYLE('',(#9474));
#9474 = FILL_AREA_STYLE_COLOUR('',#8089);
#9475 = STYLED_ITEM('color',(#9476),#4867);
#9476 = PRESENTATION_STYLE_ASSIGNMENT((#9477));
#9477 = SURFACE_STYLE_USAGE(.BOTH.,#9478);
#9478 = SURFACE_SIDE_STYLE('',(#9479));
#9479 = SURFACE_STYLE_FILL_AREA(#9480);
#9480 = FILL_AREA_STYLE('',(#9481));
#9481 = FILL_AREA_STYLE_COLOUR('',#8089);
#9482 = STYLED_ITEM('color',(#9483),#4884);
#9483 = PRESENTATION_STYLE_ASSIGNMENT((#9484));
#9484 = SURFACE_STYLE_USAGE(.BOTH.,#9485);
#9485 = SURFACE_SIDE_STYLE('',(#9486));
#9486 = SURFACE_STYLE_FILL_AREA(#9487);
#9487 = FILL_AREA_STYLE('',(#9488));
#9488 = FILL_AREA_STYLE_COLOUR('',#9411);
#9489 = STYLED_ITEM('color',(#9490),#4901);
#9490 = PRESENTATION_STYLE_ASSIGNMENT((#9491));
#9491 = SURFACE_STYLE_USAGE(.BOTH.,#9492);
#9492 = SURFACE_SIDE_STYLE('',(#9493));
#9493 = SURFACE_STYLE_FILL_AREA(#9494);
#9494 = FILL_AREA_STYLE('',(#9495));
#9495 = FILL_AREA_STYLE_COLOUR('',#9411);
#9496 = MECHANICAL_DESIGN_GEOMETRIC_PRESENTATION_REPRESENTATION('',(
    #9497,#9504,#9511,#9518,#9525,#9532,#9539,#9546,#9553,#9560,#9567,
    #9575,#9582,#9589,#9596,#9603,#9610,#9617,#9624,#9631,#9638,#9645,
    #9652,#9659,#9666,#9673,#9680,#9687),#5824);
#9497 = STYLED_ITEM('color',(#9498),#4972);
#9498 = PRESENTATION_STYLE_ASSIGNMENT((#9499));
#9499 = SURFACE_STYLE_USAGE(.BOTH.,#9500);
#9500 = SURFACE_SIDE_STYLE('',(#9501));
#9501 = SURFACE_STYLE_FILL_AREA(#9502);
#9502 = FILL_AREA_STYLE('',(#9503));
#9503 = FILL_AREA_STYLE_COLOUR('',#8089);
#9504 = STYLED_ITEM('color',(#9505),#5048);
#9505 = PRESENTATION_STYLE_ASSIGNMENT((#9506));
#9506 = SURFACE_STYLE_USAGE(.BOTH.,#9507);
#9507 = SURFACE_SIDE_STYLE('',(#9508));
#9508 = SURFACE_STYLE_FILL_AREA(#9509);
#9509 = FILL_AREA_STYLE('',(#9510));
#9510 = FILL_AREA_STYLE_COLOUR('',#8089);
#9511 = STYLED_ITEM('color',(#9512),#5079);
#9512 = PRESENTATION_STYLE_ASSIGNMENT((#9513));
#9513 = SURFACE_STYLE_USAGE(.BOTH.,#9514);
#9514 = SURFACE_SIDE_STYLE('',(#9515));
#9515 = SURFACE_STYLE_FILL_AREA(#9516);
#9516 = FILL_AREA_STYLE('',(#9517));
#9517 = FILL_AREA_STYLE_COLOUR('',#8089);
#9518 = STYLED_ITEM('color',(#9519),#5104);
#9519 = PRESENTATION_STYLE_ASSIGNMENT((#9520));
#9520 = SURFACE_STYLE_USAGE(.BOTH.,#9521);
#9521 = SURFACE_SIDE_STYLE('',(#9522));
#9522 = SURFACE_STYLE_FILL_AREA(#9523);
#9523 = FILL_AREA_STYLE('',(#9524));
#9524 = FILL_AREA_STYLE_COLOUR('',#8089);
#9525 = STYLED_ITEM('color',(#9526),#5129);
#9526 = PRESENTATION_STYLE_ASSIGNMENT((#9527));
#9527 = SURFACE_STYLE_USAGE(.BOTH.,#9528);
#9528 = SURFACE_SIDE_STYLE('',(#9529));
#9529 = SURFACE_STYLE_FILL_AREA(#9530);
#9530 = FILL_AREA_STYLE('',(#9531));
#9531 = FILL_AREA_STYLE_COLOUR('',#8089);
#9532 = STYLED_ITEM('color',(#9533),#5153);
#9533 = PRESENTATION_STYLE_ASSIGNMENT((#9534));
#9534 = SURFACE_STYLE_USAGE(.BOTH.,#9535);
#9535 = SURFACE_SIDE_STYLE('',(#9536));
#9536 = SURFACE_STYLE_FILL_AREA(#9537);
#9537 = FILL_AREA_STYLE('',(#9538));
#9538 = FILL_AREA_STYLE_COLOUR('',#8089);
#9539 = STYLED_ITEM('color',(#9540),#5177);
#9540 = PRESENTATION_STYLE_ASSIGNMENT((#9541));
#9541 = SURFACE_STYLE_USAGE(.BOTH.,#9542);
#9542 = SURFACE_SIDE_STYLE('',(#9543));
#9543 = SURFACE_STYLE_FILL_AREA(#9544);
#9544 = FILL_AREA_STYLE('',(#9545));
#9545 = FILL_AREA_STYLE_COLOUR('',#8089);
#9546 = STYLED_ITEM('color',(#9547),#5202);
#9547 = PRESENTATION_STYLE_ASSIGNMENT((#9548));
#9548 = SURFACE_STYLE_USAGE(.BOTH.,#9549);
#9549 = SURFACE_SIDE_STYLE('',(#9550));
#9550 = SURFACE_STYLE_FILL_AREA(#9551);
#9551 = FILL_AREA_STYLE('',(#9552));
#9552 = FILL_AREA_STYLE_COLOUR('',#8089);
#9553 = STYLED_ITEM('color',(#9554),#5227);
#9554 = PRESENTATION_STYLE_ASSIGNMENT((#9555));
#9555 = SURFACE_STYLE_USAGE(.BOTH.,#9556);
#9556 = SURFACE_SIDE_STYLE('',(#9557));
#9557 = SURFACE_STYLE_FILL_AREA(#9558);
#9558 = FILL_AREA_STYLE('',(#9559));
#9559 = FILL_AREA_STYLE_COLOUR('',#8089);
#9560 = STYLED_ITEM('color',(#9561),#5244);
#9561 = PRESENTATION_STYLE_ASSIGNMENT((#9562));
#9562 = SURFACE_STYLE_USAGE(.BOTH.,#9563);
#9563 = SURFACE_SIDE_STYLE('',(#9564));
#9564 = SURFACE_STYLE_FILL_AREA(#9565);
#9565 = FILL_AREA_STYLE('',(#9566));
#9566 = FILL_AREA_STYLE_COLOUR('',#8089);
#9567 = STYLED_ITEM('color',(#9568),#5330);
#9568 = PRESENTATION_STYLE_ASSIGNMENT((#9569));
#9569 = SURFACE_STYLE_USAGE(.BOTH.,#9570);
#9570 = SURFACE_SIDE_STYLE('',(#9571));
#9571 = SURFACE_STYLE_FILL_AREA(#9572);
#9572 = FILL_AREA_STYLE('',(#9573));
#9573 = FILL_AREA_STYLE_COLOUR('',#9574);
#9574 = COLOUR_RGB('',0.379000005575,0.270000008848,0.214999999939);
#9575 = STYLED_ITEM('color',(#9576),#5362);
#9576 = PRESENTATION_STYLE_ASSIGNMENT((#9577));
#9577 = SURFACE_STYLE_USAGE(.BOTH.,#9578);
#9578 = SURFACE_SIDE_STYLE('',(#9579));
#9579 = SURFACE_STYLE_FILL_AREA(#9580);
#9580 = FILL_AREA_STYLE('',(#9581));
#9581 = FILL_AREA_STYLE_COLOUR('',#9574);
#9582 = STYLED_ITEM('color',(#9583),#5386);
#9583 = PRESENTATION_STYLE_ASSIGNMENT((#9584));
#9584 = SURFACE_STYLE_USAGE(.BOTH.,#9585);
#9585 = SURFACE_SIDE_STYLE('',(#9586));
#9586 = SURFACE_STYLE_FILL_AREA(#9587);
#9587 = FILL_AREA_STYLE('',(#9588));
#9588 = FILL_AREA_STYLE_COLOUR('',#9574);
#9589 = STYLED_ITEM('color',(#9590),#5411);
#9590 = PRESENTATION_STYLE_ASSIGNMENT((#9591));
#9591 = SURFACE_STYLE_USAGE(.BOTH.,#9592);
#9592 = SURFACE_SIDE_STYLE('',(#9593));
#9593 = SURFACE_STYLE_FILL_AREA(#9594);
#9594 = FILL_AREA_STYLE('',(#9595));
#9595 = FILL_AREA_STYLE_COLOUR('',#9574);
#9596 = STYLED_ITEM('color',(#9597),#5435);
#9597 = PRESENTATION_STYLE_ASSIGNMENT((#9598));
#9598 = SURFACE_STYLE_USAGE(.BOTH.,#9599);
#9599 = SURFACE_SIDE_STYLE('',(#9600));
#9600 = SURFACE_STYLE_FILL_AREA(#9601);
#9601 = FILL_AREA_STYLE('',(#9602));
#9602 = FILL_AREA_STYLE_COLOUR('',#9574);
#9603 = STYLED_ITEM('color',(#9604),#5460);
#9604 = PRESENTATION_STYLE_ASSIGNMENT((#9605));
#9605 = SURFACE_STYLE_USAGE(.BOTH.,#9606);
#9606 = SURFACE_SIDE_STYLE('',(#9607));
#9607 = SURFACE_STYLE_FILL_AREA(#9608);
#9608 = FILL_AREA_STYLE('',(#9609));
#9609 = FILL_AREA_STYLE_COLOUR('',#9574);
#9610 = STYLED_ITEM('color',(#9611),#5484);
#9611 = PRESENTATION_STYLE_ASSIGNMENT((#9612));
#9612 = SURFACE_STYLE_USAGE(.BOTH.,#9613);
#9613 = SURFACE_SIDE_STYLE('',(#9614));
#9614 = SURFACE_STYLE_FILL_AREA(#9615);
#9615 = FILL_AREA_STYLE('',(#9616));
#9616 = FILL_AREA_STYLE_COLOUR('',#9574);
#9617 = STYLED_ITEM('color',(#9618),#5509);
#9618 = PRESENTATION_STYLE_ASSIGNMENT((#9619));
#9619 = SURFACE_STYLE_USAGE(.BOTH.,#9620);
#9620 = SURFACE_SIDE_STYLE('',(#9621));
#9621 = SURFACE_STYLE_FILL_AREA(#9622);
#9622 = FILL_AREA_STYLE('',(#9623));
#9623 = FILL_AREA_STYLE_COLOUR('',#9574);
#9624 = STYLED_ITEM('color',(#9625),#5526);
#9625 = PRESENTATION_STYLE_ASSIGNMENT((#9626));
#9626 = SURFACE_STYLE_USAGE(.BOTH.,#9627);
#9627 = SURFACE_SIDE_STYLE('',(#9628));
#9628 = SURFACE_STYLE_FILL_AREA(#9629);
#9629 = FILL_AREA_STYLE('',(#9630));
#9630 = FILL_AREA_STYLE_COLOUR('',#8089);
#9631 = STYLED_ITEM('color',(#9632),#5612);
#9632 = PRESENTATION_STYLE_ASSIGNMENT((#9633));
#9633 = SURFACE_STYLE_USAGE(.BOTH.,#9634);
#9634 = SURFACE_SIDE_STYLE('',(#9635));
#9635 = SURFACE_STYLE_FILL_AREA(#9636);
#9636 = FILL_AREA_STYLE('',(#9637));
#9637 = FILL_AREA_STYLE_COLOUR('',#8089);
#9638 = STYLED_ITEM('color',(#9639),#5643);
#9639 = PRESENTATION_STYLE_ASSIGNMENT((#9640));
#9640 = SURFACE_STYLE_USAGE(.BOTH.,#9641);
#9641 = SURFACE_SIDE_STYLE('',(#9642));
#9642 = SURFACE_STYLE_FILL_AREA(#9643);
#9643 = FILL_AREA_STYLE('',(#9644));
#9644 = FILL_AREA_STYLE_COLOUR('',#8089);
#9645 = STYLED_ITEM('color',(#9646),#5668);
#9646 = PRESENTATION_STYLE_ASSIGNMENT((#9647));
#9647 = SURFACE_STYLE_USAGE(.BOTH.,#9648);
#9648 = SURFACE_SIDE_STYLE('',(#9649));
#9649 = SURFACE_STYLE_FILL_AREA(#9650);
#9650 = FILL_AREA_STYLE('',(#9651));
#9651 = FILL_AREA_STYLE_COLOUR('',#8089);
#9652 = STYLED_ITEM('color',(#9653),#5693);
#9653 = PRESENTATION_STYLE_ASSIGNMENT((#9654));
#9654 = SURFACE_STYLE_USAGE(.BOTH.,#9655);
#9655 = SURFACE_SIDE_STYLE('',(#9656));
#9656 = SURFACE_STYLE_FILL_AREA(#9657);
#9657 = FILL_AREA_STYLE('',(#9658));
#9658 = FILL_AREA_STYLE_COLOUR('',#8089);
#9659 = STYLED_ITEM('color',(#9660),#5717);
#9660 = PRESENTATION_STYLE_ASSIGNMENT((#9661));
#9661 = SURFACE_STYLE_USAGE(.BOTH.,#9662);
#9662 = SURFACE_SIDE_STYLE('',(#9663));
#9663 = SURFACE_STYLE_FILL_AREA(#9664);
#9664 = FILL_AREA_STYLE('',(#9665));
#9665 = FILL_AREA_STYLE_COLOUR('',#8089);
#9666 = STYLED_ITEM('color',(#9667),#5741);
#9667 = PRESENTATION_STYLE_ASSIGNMENT((#9668));
#9668 = SURFACE_STYLE_USAGE(.BOTH.,#9669);
#9669 = SURFACE_SIDE_STYLE('',(#9670));
#9670 = SURFACE_STYLE_FILL_AREA(#9671);
#9671 = FILL_AREA_STYLE('',(#9672));
#9672 = FILL_AREA_STYLE_COLOUR('',#8089);
#9673 = STYLED_ITEM('color',(#9674),#5766);
#9674 = PRESENTATION_STYLE_ASSIGNMENT((#9675));
#9675 = SURFACE_STYLE_USAGE(.BOTH.,#9676);
#9676 = SURFACE_SIDE_STYLE('',(#9677));
#9677 = SURFACE_STYLE_FILL_AREA(#9678);
#9678 = FILL_AREA_STYLE('',(#9679));
#9679 = FILL_AREA_STYLE_COLOUR('',#8089);
#9680 = STYLED_ITEM('color',(#9681),#5791);
#9681 = PRESENTATION_STYLE_ASSIGNMENT((#9682));
#9682 = SURFACE_STYLE_USAGE(.BOTH.,#9683);
#9683 = SURFACE_SIDE_STYLE('',(#9684));
#9684 = SURFACE_STYLE_FILL_AREA(#9685);
#9685 = FILL_AREA_STYLE('',(#9686));
#9686 = FILL_AREA_STYLE_COLOUR('',#8089);
#9687 = STYLED_ITEM('color',(#9688),#5808);
#9688 = PRESENTATION_STYLE_ASSIGNMENT((#9689));
#9689 = SURFACE_STYLE_USAGE(.BOTH.,#9690);
#9690 = SURFACE_SIDE_STYLE('',(#9691));
#9691 = SURFACE_STYLE_FILL_AREA(#9692);
#9692 = FILL_AREA_STYLE('',(#9693));
#9693 = FILL_AREA_STYLE_COLOUR('',#8089);
#9694 = MECHANICAL_DESIGN_GEOMETRIC_PRESENTATION_REPRESENTATION('',(
    #9695),#7943);
#9695 = STYLED_ITEM('color',(#9696),#7890);
#9696 = PRESENTATION_STYLE_ASSIGNMENT((#9697));
#9697 = SURFACE_STYLE_USAGE(.BOTH.,#9698);
#9698 = SURFACE_SIDE_STYLE('',(#9699));
#9699 = SURFACE_STYLE_FILL_AREA(#9700);
#9700 = FILL_AREA_STYLE('',(#9701));
#9701 = FILL_AREA_STYLE_COLOUR('',#9702);
#9702 = COLOUR_RGB('',0.313304153717,0.484529207832,0.410020903123);
#9703 = MECHANICAL_DESIGN_GEOMETRIC_PRESENTATION_REPRESENTATION('',(
    #9704,#9711,#9718,#9725,#9732,#9739,#9746,#9753,#9760,#9767,#9774,
    #9781,#9788,#9795,#9802,#9809,#9816,#9823,#9830,#9837,#9844,#9851,
    #9858,#9865,#9872,#9879,#9886,#9893),#4081);
#9704 = STYLED_ITEM('color',(#9705),#3229);
#9705 = PRESENTATION_STYLE_ASSIGNMENT((#9706));
#9706 = SURFACE_STYLE_USAGE(.BOTH.,#9707);
#9707 = SURFACE_SIDE_STYLE('',(#9708));
#9708 = SURFACE_STYLE_FILL_AREA(#9709);
#9709 = FILL_AREA_STYLE('',(#9710));
#9710 = FILL_AREA_STYLE_COLOUR('',#8089);
#9711 = STYLED_ITEM('color',(#9712),#3305);
#9712 = PRESENTATION_STYLE_ASSIGNMENT((#9713));
#9713 = SURFACE_STYLE_USAGE(.BOTH.,#9714);
#9714 = SURFACE_SIDE_STYLE('',(#9715));
#9715 = SURFACE_STYLE_FILL_AREA(#9716);
#9716 = FILL_AREA_STYLE('',(#9717));
#9717 = FILL_AREA_STYLE_COLOUR('',#8089);
#9718 = STYLED_ITEM('color',(#9719),#3336);
#9719 = PRESENTATION_STYLE_ASSIGNMENT((#9720));
#9720 = SURFACE_STYLE_USAGE(.BOTH.,#9721);
#9721 = SURFACE_SIDE_STYLE('',(#9722));
#9722 = SURFACE_STYLE_FILL_AREA(#9723);
#9723 = FILL_AREA_STYLE('',(#9724));
#9724 = FILL_AREA_STYLE_COLOUR('',#8089);
#9725 = STYLED_ITEM('color',(#9726),#3361);
#9726 = PRESENTATION_STYLE_ASSIGNMENT((#9727));
#9727 = SURFACE_STYLE_USAGE(.BOTH.,#9728);
#9728 = SURFACE_SIDE_STYLE('',(#9729));
#9729 = SURFACE_STYLE_FILL_AREA(#9730);
#9730 = FILL_AREA_STYLE('',(#9731));
#9731 = FILL_AREA_STYLE_COLOUR('',#8089);
#9732 = STYLED_ITEM('color',(#9733),#3386);
#9733 = PRESENTATION_STYLE_ASSIGNMENT((#9734));
#9734 = SURFACE_STYLE_USAGE(.BOTH.,#9735);
#9735 = SURFACE_SIDE_STYLE('',(#9736));
#9736 = SURFACE_STYLE_FILL_AREA(#9737);
#9737 = FILL_AREA_STYLE('',(#9738));
#9738 = FILL_AREA_STYLE_COLOUR('',#8089);
#9739 = STYLED_ITEM('color',(#9740),#3410);
#9740 = PRESENTATION_STYLE_ASSIGNMENT((#9741));
#9741 = SURFACE_STYLE_USAGE(.BOTH.,#9742);
#9742 = SURFACE_SIDE_STYLE('',(#9743));
#9743 = SURFACE_STYLE_FILL_AREA(#9744);
#9744 = FILL_AREA_STYLE('',(#9745));
#9745 = FILL_AREA_STYLE_COLOUR('',#8089);
#9746 = STYLED_ITEM('color',(#9747),#3434);
#9747 = PRESENTATION_STYLE_ASSIGNMENT((#9748));
#9748 = SURFACE_STYLE_USAGE(.BOTH.,#9749);
#9749 = SURFACE_SIDE_STYLE('',(#9750));
#9750 = SURFACE_STYLE_FILL_AREA(#9751);
#9751 = FILL_AREA_STYLE('',(#9752));
#9752 = FILL_AREA_STYLE_COLOUR('',#8089);
#9753 = STYLED_ITEM('color',(#9754),#3459);
#9754 = PRESENTATION_STYLE_ASSIGNMENT((#9755));
#9755 = SURFACE_STYLE_USAGE(.BOTH.,#9756);
#9756 = SURFACE_SIDE_STYLE('',(#9757));
#9757 = SURFACE_STYLE_FILL_AREA(#9758);
#9758 = FILL_AREA_STYLE('',(#9759));
#9759 = FILL_AREA_STYLE_COLOUR('',#8089);
#9760 = STYLED_ITEM('color',(#9761),#3484);
#9761 = PRESENTATION_STYLE_ASSIGNMENT((#9762));
#9762 = SURFACE_STYLE_USAGE(.BOTH.,#9763);
#9763 = SURFACE_SIDE_STYLE('',(#9764));
#9764 = SURFACE_STYLE_FILL_AREA(#9765);
#9765 = FILL_AREA_STYLE('',(#9766));
#9766 = FILL_AREA_STYLE_COLOUR('',#8089);
#9767 = STYLED_ITEM('color',(#9768),#3501);
#9768 = PRESENTATION_STYLE_ASSIGNMENT((#9769));
#9769 = SURFACE_STYLE_USAGE(.BOTH.,#9770);
#9770 = SURFACE_SIDE_STYLE('',(#9771));
#9771 = SURFACE_STYLE_FILL_AREA(#9772);
#9772 = FILL_AREA_STYLE('',(#9773));
#9773 = FILL_AREA_STYLE_COLOUR('',#8089);
#9774 = STYLED_ITEM('color',(#9775),#3587);
#9775 = PRESENTATION_STYLE_ASSIGNMENT((#9776));
#9776 = SURFACE_STYLE_USAGE(.BOTH.,#9777);
#9777 = SURFACE_SIDE_STYLE('',(#9778));
#9778 = SURFACE_STYLE_FILL_AREA(#9779);
#9779 = FILL_AREA_STYLE('',(#9780));
#9780 = FILL_AREA_STYLE_COLOUR('',#9574);
#9781 = STYLED_ITEM('color',(#9782),#3619);
#9782 = PRESENTATION_STYLE_ASSIGNMENT((#9783));
#9783 = SURFACE_STYLE_USAGE(.BOTH.,#9784);
#9784 = SURFACE_SIDE_STYLE('',(#9785));
#9785 = SURFACE_STYLE_FILL_AREA(#9786);
#9786 = FILL_AREA_STYLE('',(#9787));
#9787 = FILL_AREA_STYLE_COLOUR('',#9574);
#9788 = STYLED_ITEM('color',(#9789),#3643);
#9789 = PRESENTATION_STYLE_ASSIGNMENT((#9790));
#9790 = SURFACE_STYLE_USAGE(.BOTH.,#9791);
#9791 = SURFACE_SIDE_STYLE('',(#9792));
#9792 = SURFACE_STYLE_FILL_AREA(#9793);
#9793 = FILL_AREA_STYLE('',(#9794));
#9794 = FILL_AREA_STYLE_COLOUR('',#9574);
#9795 = STYLED_ITEM('color',(#9796),#3668);
#9796 = PRESENTATION_STYLE_ASSIGNMENT((#9797));
#9797 = SURFACE_STYLE_USAGE(.BOTH.,#9798);
#9798 = SURFACE_SIDE_STYLE('',(#9799));
#9799 = SURFACE_STYLE_FILL_AREA(#9800);
#9800 = FILL_AREA_STYLE('',(#9801));
#9801 = FILL_AREA_STYLE_COLOUR('',#9574);
#9802 = STYLED_ITEM('color',(#9803),#3692);
#9803 = PRESENTATION_STYLE_ASSIGNMENT((#9804));
#9804 = SURFACE_STYLE_USAGE(.BOTH.,#9805);
#9805 = SURFACE_SIDE_STYLE('',(#9806));
#9806 = SURFACE_STYLE_FILL_AREA(#9807);
#9807 = FILL_AREA_STYLE('',(#9808));
#9808 = FILL_AREA_STYLE_COLOUR('',#9574);
#9809 = STYLED_ITEM('color',(#9810),#3717);
#9810 = PRESENTATION_STYLE_ASSIGNMENT((#9811));
#9811 = SURFACE_STYLE_USAGE(.BOTH.,#9812);
#9812 = SURFACE_SIDE_STYLE('',(#9813));
#9813 = SURFACE_STYLE_FILL_AREA(#9814);
#9814 = FILL_AREA_STYLE('',(#9815));
#9815 = FILL_AREA_STYLE_COLOUR('',#9574);
#9816 = STYLED_ITEM('color',(#9817),#3741);
#9817 = PRESENTATION_STYLE_ASSIGNMENT((#9818));
#9818 = SURFACE_STYLE_USAGE(.BOTH.,#9819);
#9819 = SURFACE_SIDE_STYLE('',(#9820));
#9820 = SURFACE_STYLE_FILL_AREA(#9821);
#9821 = FILL_AREA_STYLE('',(#9822));
#9822 = FILL_AREA_STYLE_COLOUR('',#9574);
#9823 = STYLED_ITEM('color',(#9824),#3766);
#9824 = PRESENTATION_STYLE_ASSIGNMENT((#9825));
#9825 = SURFACE_STYLE_USAGE(.BOTH.,#9826);
#9826 = SURFACE_SIDE_STYLE('',(#9827));
#9827 = SURFACE_STYLE_FILL_AREA(#9828);
#9828 = FILL_AREA_STYLE('',(#9829));
#9829 = FILL_AREA_STYLE_COLOUR('',#9574);
#9830 = STYLED_ITEM('color',(#9831),#3783);
#9831 = PRESENTATION_STYLE_ASSIGNMENT((#9832));
#9832 = SURFACE_STYLE_USAGE(.BOTH.,#9833);
#9833 = SURFACE_SIDE_STYLE('',(#9834));
#9834 = SURFACE_STYLE_FILL_AREA(#9835);
#9835 = FILL_AREA_STYLE('',(#9836));
#9836 = FILL_AREA_STYLE_COLOUR('',#8089);
#9837 = STYLED_ITEM('color',(#9838),#3869);
#9838 = PRESENTATION_STYLE_ASSIGNMENT((#9839));
#9839 = SURFACE_STYLE_USAGE(.BOTH.,#9840);
#9840 = SURFACE_SIDE_STYLE('',(#9841));
#9841 = SURFACE_STYLE_FILL_AREA(#9842);
#9842 = FILL_AREA_STYLE('',(#9843));
#9843 = FILL_AREA_STYLE_COLOUR('',#8089);
#9844 = STYLED_ITEM('color',(#9845),#3900);
#9845 = PRESENTATION_STYLE_ASSIGNMENT((#9846));
#9846 = SURFACE_STYLE_USAGE(.BOTH.,#9847);
#9847 = SURFACE_SIDE_STYLE('',(#9848));
#9848 = SURFACE_STYLE_FILL_AREA(#9849);
#9849 = FILL_AREA_STYLE('',(#9850));
#9850 = FILL_AREA_STYLE_COLOUR('',#8089);
#9851 = STYLED_ITEM('color',(#9852),#3925);
#9852 = PRESENTATION_STYLE_ASSIGNMENT((#9853));
#9853 = SURFACE_STYLE_USAGE(.BOTH.,#9854);
#9854 = SURFACE_SIDE_STYLE('',(#9855));
#9855 = SURFACE_STYLE_FILL_AREA(#9856);
#9856 = FILL_AREA_STYLE('',(#9857));
#9857 = FILL_AREA_STYLE_COLOUR('',#8089);
#9858 = STYLED_ITEM('color',(#9859),#3950);
#9859 = PRESENTATION_STYLE_ASSIGNMENT((#9860));
#9860 = SURFACE_STYLE_USAGE(.BOTH.,#9861);
#9861 = SURFACE_SIDE_STYLE('',(#9862));
#9862 = SURFACE_STYLE_FILL_AREA(#9863);
#9863 = FILL_AREA_STYLE('',(#9864));
#9864 = FILL_AREA_STYLE_COLOUR('',#8089);
#9865 = STYLED_ITEM('color',(#9866),#3974);
#9866 = PRESENTATION_STYLE_ASSIGNMENT((#9867));
#9867 = SURFACE_STYLE_USAGE(.BOTH.,#9868);
#9868 = SURFACE_SIDE_STYLE('',(#9869));
#9869 = SURFACE_STYLE_FILL_AREA(#9870);
#9870 = FILL_AREA_STYLE('',(#9871));
#9871 = FILL_AREA_STYLE_COLOUR('',#8089);
#9872 = STYLED_ITEM('color',(#9873),#3998);
#9873 = PRESENTATION_STYLE_ASSIGNMENT((#9874));
#9874 = SURFACE_STYLE_USAGE(.BOTH.,#9875);
#9875 = SURFACE_SIDE_STYLE('',(#9876));
#9876 = SURFACE_STYLE_FILL_AREA(#9877);
#9877 = FILL_AREA_STYLE('',(#9878));
#9878 = FILL_AREA_STYLE_COLOUR('',#8089);
#9879 = STYLED_ITEM('color',(#9880),#4023);
#9880 = PRESENTATION_STYLE_ASSIGNMENT((#9881));
#9881 = SURFACE_STYLE_USAGE(.BOTH.,#9882);
#9882 = SURFACE_SIDE_STYLE('',(#9883));
#9883 = SURFACE_STYLE_FILL_AREA(#9884);
#9884 = FILL_AREA_STYLE('',(#9885));
#9885 = FILL_AREA_STYLE_COLOUR('',#8089);
#9886 = STYLED_ITEM('color',(#9887),#4048);
#9887 = PRESENTATION_STYLE_ASSIGNMENT((#9888));
#9888 = SURFACE_STYLE_USAGE(.BOTH.,#9889);
#9889 = SURFACE_SIDE_STYLE('',(#9890));
#9890 = SURFACE_STYLE_FILL_AREA(#9891);
#9891 = FILL_AREA_STYLE('',(#9892));
#9892 = FILL_AREA_STYLE_COLOUR('',#8089);
#9893 = STYLED_ITEM('color',(#9894),#4065);
#9894 = PRESENTATION_STYLE_ASSIGNMENT((#9895));
#9895 = SURFACE_STYLE_USAGE(.BOTH.,#9896);
#9896 = SURFACE_SIDE_STYLE('',(#9897));
#9897 = SURFACE_STYLE_FILL_AREA(#9898);
#9898 = FILL_AREA_STYLE('',(#9899));
#9899 = FILL_AREA_STYLE_COLOUR('',#8089);
ENDSEC;
END-ISO-10303-21;
