ISO-10303-21;
HEADER;
FILE_DESCRIPTION(('KiCad electronic assembly'),'2;1');
FILE_NAME('ppg_pcb_v08.step','2026-09-30T23:40:48',('Pcbnew'),('Kicad'),
  'Open CASCADE STEP processor 7.9','KiCad to STEP converter','Unknown'
  );
FILE_SCHEMA(('AUTOMOTIVE_DESIGN { 1 0 10303 214 1 1 1 1 }'));
ENDSEC;
DATA;
#1 = APPLICATION_PROTOCOL_DEFINITION('international standard',
  'automotive_design',2000,#2);
#2 = APPLICATION_CONTEXT(
  'core data for automotive mechanical design processes');
#3 = SHAPE_DEFINITION_REPRESENTATION(#4,#10);
#4 = PRODUCT_DEFINITION_SHAPE('','',#5);
#5 = PRODUCT_DEFINITION('design','',#6,#9);
#6 = PRODUCT_DEFINITION_FORMATION('','',#7);
#7 = PRODUCT('ppg_pcb_v08 1','ppg_pcb_v08 1','',(#8));
#8 = PRODUCT_CONTEXT('',#2,'mechanical');
#9 = PRODUCT_DEFINITION_CONTEXT('part definition',#2,'design');
#10 = SHAPE_REPRESENTATION('',(#11,#15,#19,#23,#27,#31,#35,#39,#43,#47,
    #51,#55,#59,#63,#67,#71,#75,#79,#83,#87,#91,#95,#99,#103,#107,#111,
    #115,#119),#123);
#11 = AXIS2_PLACEMENT_3D('',#12,#13,#14);
#12 = CARTESIAN_POINT('',(0.,0.,0.));
#13 = DIRECTION('',(0.,0.,1.));
#14 = DIRECTION('',(1.,0.,-0.));
#15 = AXIS2_PLACEMENT_3D('',#16,#17,#18);
#16 = CARTESIAN_POINT('',(5.15,1.65,0.794999));
#17 = DIRECTION('',(0.,0.,1.));
#18 = DIRECTION('',(1.,0.,0.));
#19 = AXIS2_PLACEMENT_3D('',#20,#21,#22);
#20 = CARTESIAN_POINT('',(2.6,2.05,0.794999));
#21 = DIRECTION('',(-0.,0.,1.));
#22 = DIRECTION('',(1.110223024625E-16,-1.,0.));
#23 = AXIS2_PLACEMENT_3D('',#24,#25,#26);
#24 = CARTESIAN_POINT('',(-1.3,-3.9,0.794999));
#25 = DIRECTION('',(0.,0.,1.));
#26 = DIRECTION('',(1.,0.,0.));
#27 = AXIS2_PLACEMENT_3D('',#28,#29,#30);
#28 = CARTESIAN_POINT('',(-3.95,-4.15,0.794999));
#29 = DIRECTION('',(0.,0.,1.));
#30 = DIRECTION('',(1.,0.,0.));
#31 = AXIS2_PLACEMENT_3D('',#32,#33,#34);
#32 = CARTESIAN_POINT('',(-4.85,-0.45,0.794999));
#33 = DIRECTION('',(0.,-0.,1.));
#34 = DIRECTION('',(1.110223024625E-16,1.,0.));
#35 = AXIS2_PLACEMENT_3D('',#36,#37,#38);
#36 = CARTESIAN_POINT('',(0.,0.,0.794999));
#37 = DIRECTION('',(0.,0.,1.));
#38 = DIRECTION('',(1.,0.,0.));
#39 = AXIS2_PLACEMENT_3D('',#40,#41,#42);
#40 = CARTESIAN_POINT('',(4.85,-0.45,0.794999));
#41 = DIRECTION('',(0.,-0.,1.));
#42 = DIRECTION('',(1.110223024625E-16,1.,0.));
#43 = AXIS2_PLACEMENT_3D('',#44,#45,#46);
#44 = CARTESIAN_POINT('',(-5.15,1.65,0.794999));
#45 = DIRECTION('',(0.,0.,1.));
#46 = DIRECTION('',(-1.,1.224646799147E-16,0.));
#47 = AXIS2_PLACEMENT_3D('',#48,#49,#50);
#48 = CARTESIAN_POINT('',(-4.4,3.1,0.794999));
#49 = DIRECTION('',(0.,-0.,1.));
#50 = DIRECTION('',(1.110223024625E-16,1.,0.));
#51 = AXIS2_PLACEMENT_3D('',#52,#53,#54);
#52 = CARTESIAN_POINT('',(4.35,3.1,0.794999));
#53 = DIRECTION('',(0.,-0.,1.));
#54 = DIRECTION('',(1.110223024625E-16,1.,0.));
#55 = AXIS2_PLACEMENT_3D('',#56,#57,#58);
#56 = CARTESIAN_POINT('',(-3.3,-0.1,-8.5E-02));
#57 = DIRECTION('',(1.224646799147E-16,-1.359631073447E-32,-1.));
#58 = DIRECTION('',(1.110223024625E-16,1.,0.));
#59 = AXIS2_PLACEMENT_3D('',#60,#61,#62);
#60 = CARTESIAN_POINT('',(4.6,-3.5,-8.5E-02));
#61 = DIRECTION('',(1.224646799147E-16,-1.359631073447E-32,-1.));
#62 = DIRECTION('',(1.110223024625E-16,1.,0.));
#63 = AXIS2_PLACEMENT_3D('',#64,#65,#66);
#64 = CARTESIAN_POINT('',(-1.,0.65,-8.5E-02));
#65 = DIRECTION('',(1.224646799147E-16,-1.359631073447E-32,-1.));
#66 = DIRECTION('',(1.110223024625E-16,1.,0.));
#67 = AXIS2_PLACEMENT_3D('',#68,#69,#70);
#68 = CARTESIAN_POINT('',(-3.,2.5,-8.5E-02));
#69 = DIRECTION('',(1.499759782662E-32,1.224646799147E-16,-1.));
#70 = DIRECTION('',(-1.,1.224646799147E-16,0.));
#71 = AXIS2_PLACEMENT_3D('',#72,#73,#74);
#72 = CARTESIAN_POINT('',(2.7,4.9,-8.5E-02));
#73 = DIRECTION('',(1.499759782662E-32,1.224646799147E-16,-1.));
#74 = DIRECTION('',(-1.,1.224646799147E-16,0.));
#75 = AXIS2_PLACEMENT_3D('',#76,#77,#78);
#76 = CARTESIAN_POINT('',(1.,0.65,-8.5E-02));
#77 = DIRECTION('',(1.224646799147E-16,-1.359631073447E-32,-1.));
#78 = DIRECTION('',(1.110223024625E-16,1.,0.));
#79 = AXIS2_PLACEMENT_3D('',#80,#81,#82);
#80 = CARTESIAN_POINT('',(-4.7,-2.75,-8.5E-02));
#81 = DIRECTION('',(1.499759782662E-32,1.224646799147E-16,-1.));
#82 = DIRECTION('',(-1.,1.224646799147E-16,0.));
#83 = AXIS2_PLACEMENT_3D('',#84,#85,#86);
#84 = CARTESIAN_POINT('',(4.5,3.3,-8.5E-02));
#85 = DIRECTION('',(1.224646799147E-16,-1.359631073447E-32,-1.));
#86 = DIRECTION('',(1.110223024625E-16,1.,0.));
#87 = AXIS2_PLACEMENT_3D('',#88,#89,#90);
#88 = CARTESIAN_POINT('',(1.274795815263E-33,-2.17,-8.5E-02));
#89 = DIRECTION('',(1.499759782662E-32,1.224646799147E-16,-1.));
#90 = DIRECTION('',(-1.,1.224646799147E-16,0.));
#91 = AXIS2_PLACEMENT_3D('',#92,#93,#94);
#92 = CARTESIAN_POINT('',(3.3,-0.1,-8.5E-02));
#93 = DIRECTION('',(-1.224646799147E-16,-1.359631073447E-32,-1.));
#94 = DIRECTION('',(1.110223024625E-16,-1.,0.));
#95 = AXIS2_PLACEMENT_3D('',#96,#97,#98);
#96 = CARTESIAN_POINT('',(-1.85,-4.37,-8.5E-02));
#97 = DIRECTION('',(1.224646799147E-16,-1.359631073447E-32,-1.));
#98 = DIRECTION('',(1.110223024625E-16,1.,0.));
#99 = AXIS2_PLACEMENT_3D('',#100,#101,#102);
#100 = CARTESIAN_POINT('',(-2.7,3.8,-8.5E-02));
#101 = DIRECTION('',(1.499759782662E-32,1.224646799147E-16,-1.));
#102 = DIRECTION('',(-1.,1.224646799147E-16,0.));
#103 = AXIS2_PLACEMENT_3D('',#104,#105,#106);
#104 = CARTESIAN_POINT('',(-1.,-0.85,-8.5E-02));
#105 = DIRECTION('',(1.224646799147E-16,-1.359631073447E-32,-1.));
#106 = DIRECTION('',(1.110223024625E-16,1.,0.));
#107 = AXIS2_PLACEMENT_3D('',#108,#109,#110);
#108 = CARTESIAN_POINT('',(0.,4.,-8.5E-02));
#109 = DIRECTION('',(0.,-1.224646799147E-16,-1.));
#110 = DIRECTION('',(1.,0.,0.));
#111 = AXIS2_PLACEMENT_3D('',#112,#113,#114);
#112 = CARTESIAN_POINT('',(1.85,-4.37,-8.5E-02));
#113 = DIRECTION('',(1.224646799147E-16,-1.359631073447E-32,-1.));
#114 = DIRECTION('',(1.110223024625E-16,1.,0.));
#115 = AXIS2_PLACEMENT_3D('',#116,#117,#118);
#116 = CARTESIAN_POINT('',(1.,-0.85,-8.5E-02));
#117 = DIRECTION('',(1.224646799147E-16,-1.359631073447E-32,-1.));
#118 = DIRECTION('',(1.110223024625E-16,1.,0.));
#119 = AXIS2_PLACEMENT_3D('',#120,#121,#122);
#120 = CARTESIAN_POINT('',(0.,0.,0.));
#121 = DIRECTION('',(0.,0.,1.));
#122 = DIRECTION('',(1.,0.,-0.));
#123 = ( GEOMETRIC_REPRESENTATION_CONTEXT(3) 
GLOBAL_UNCERTAINTY_ASSIGNED_CONTEXT((#127)) GLOBAL_UNIT_ASSIGNED_CONTEXT
((#124,#125,#126)) REPRESENTATION_CONTEXT('Context #1',
  '3D Context with UNIT and UNCERTAINTY') );
#124 = ( LENGTH_UNIT() NAMED_UNIT(*) SI_UNIT(.MILLI.,.METRE.) );
#125 = ( NAMED_UNIT(*) PLANE_ANGLE_UNIT() SI_UNIT($,.RADIAN.) );
#126 = ( NAMED_UNIT(*) SI_UNIT($,.STERADIAN.) SOLID_ANGLE_UNIT() );
#127 = UNCERTAINTY_MEASURE_WITH_UNIT(LENGTH_MEASURE(1.E-07),#124,
  'distance_accuracy_value','confusion accuracy');
#128 = PRODUCT_RELATED_PRODUCT_CATEGORY('part',$,(#7));
#129 = SHAPE_DEFINITION_REPRESENTATION(#130,#136);
#130 = PRODUCT_DEFINITION_SHAPE('','',#131);
#131 = PRODUCT_DEFINITION('design','',#132,#135);
#132 = PRODUCT_DEFINITION_FORMATION('','',#133);
#133 = PRODUCT('D_SOD-882','D_SOD-882','',(#134));
#134 = PRODUCT_CONTEXT('',#2,'mechanical');
#135 = PRODUCT_DEFINITION_CONTEXT('part definition',#2,'design');
#136 = SHAPE_REPRESENTATION('',(#11,#137),#141);
#137 = AXIS2_PLACEMENT_3D('',#138,#139,#140);
#138 = CARTESIAN_POINT('',(0.,0.,0.));
#139 = DIRECTION('',(0.,0.,1.));
#140 = DIRECTION('',(1.,0.,-0.));
#141 = ( GEOMETRIC_REPRESENTATION_CONTEXT(3) 
GLOBAL_UNCERTAINTY_ASSIGNED_CONTEXT((#145)) GLOBAL_UNIT_ASSIGNED_CONTEXT
((#142,#143,#144)) REPRESENTATION_CONTEXT('Context #1',
  '3D Context with UNIT and UNCERTAINTY') );
#142 = ( LENGTH_UNIT() NAMED_UNIT(*) SI_UNIT(.MILLI.,.METRE.) );
#143 = ( NAMED_UNIT(*) PLANE_ANGLE_UNIT() SI_UNIT($,.RADIAN.) );
#144 = ( NAMED_UNIT(*) SI_UNIT($,.STERADIAN.) SOLID_ANGLE_UNIT() );
#145 = UNCERTAINTY_MEASURE_WITH_UNIT(LENGTH_MEASURE(1.E-07),#142,
  'distance_accuracy_value','confusion accuracy');
#146 = CONTEXT_DEPENDENT_SHAPE_REPRESENTATION(#147,#149);
#147 = ( REPRESENTATION_RELATIONSHIP('','',#136,#10) 
REPRESENTATION_RELATIONSHIP_WITH_TRANSFORMATION(#148) 
SHAPE_REPRESENTATION_RELATIONSHIP() );
#148 = ITEM_DEFINED_TRANSFORMATION('','',#11,#15);
#149 = PRODUCT_DEFINITION_SHAPE('Placement','Placement of an item',#150
  );
#150 = NEXT_ASSEMBLY_USAGE_OCCURRENCE('2','D3','',#5,#131,$);
#151 = PRODUCT_RELATED_PRODUCT_CATEGORY('part',$,(#133));
#152 = SHAPE_DEFINITION_REPRESENTATION(#153,#159);
#153 = PRODUCT_DEFINITION_SHAPE('','',#154);
#154 = PRODUCT_DEFINITION('design','',#155,#158);
#155 = PRODUCT_DEFINITION_FORMATION('','',#156);
#156 = PRODUCT('D_SOD-882','D_SOD-882','',(#157));
#157 = PRODUCT_CONTEXT('',#2,'mechanical');
#158 = PRODUCT_DEFINITION_CONTEXT('part definition',#2,'design');
#159 = ADVANCED_BREP_SHAPE_REPRESENTATION('',(#11,#160),#688);
#160 = MANIFOLD_SOLID_BREP('',#161);
#161 = CLOSED_SHELL('',(#162,#198,#226,#248,#270,#316,#328,#356,#378,
    #400,#416,#488,#516,#538,#560,#576,#604,#626,#648,#664,#676));
#162 = ADVANCED_FACE('',(#163),#193,.F.);
#163 = FACE_BOUND('',#164,.F.);
#164 = EDGE_LOOP('',(#165,#174,#181,#188));
#165 = ORIENTED_EDGE('',*,*,#166,.F.);
#166 = EDGE_CURVE('',#167,#169,#171,.T.);
#167 = VERTEX_POINT('',#168);
#168 = CARTESIAN_POINT('',(-0.44,-0.2333333334,0.440816326512));
#169 = VERTEX_POINT('',#170);
#170 = CARTESIAN_POINT('',(-0.44,-0.2333333334,0.449999999981));
#171 = B_SPLINE_CURVE_WITH_KNOTS('',1,(#172,#173),.UNSPECIFIED.,.F.,.F.,
  (2,2),(1.E-02,2.E-02),.PIECEWISE_BEZIER_KNOTS.);
#172 = CARTESIAN_POINT('',(-0.44,-0.2333333334,0.440816326512));
#173 = CARTESIAN_POINT('',(-0.44,-0.2333333334,0.449999999981));
#174 = ORIENTED_EDGE('',*,*,#175,.T.);
#175 = EDGE_CURVE('',#167,#176,#178,.T.);
#176 = VERTEX_POINT('',#177);
#177 = CARTESIAN_POINT('',(-0.44,0.2333333334,0.440816326512));
#178 = B_SPLINE_CURVE_WITH_KNOTS('',1,(#179,#180),.UNSPECIFIED.,.F.,.F.,
  (2,2),(5.E-02,0.45),.PIECEWISE_BEZIER_KNOTS.);
#179 = CARTESIAN_POINT('',(-0.44,-0.2333333334,0.440816326512));
#180 = CARTESIAN_POINT('',(-0.44,0.2333333334,0.440816326512));
#181 = ORIENTED_EDGE('',*,*,#182,.T.);
#182 = EDGE_CURVE('',#176,#183,#185,.T.);
#183 = VERTEX_POINT('',#184);
#184 = CARTESIAN_POINT('',(-0.44,0.2333333334,0.449999999981));
#185 = B_SPLINE_CURVE_WITH_KNOTS('',1,(#186,#187),.UNSPECIFIED.,.F.,.F.,
  (2,2),(1.E-02,2.E-02),.PIECEWISE_BEZIER_KNOTS.);
#186 = CARTESIAN_POINT('',(-0.44,0.2333333334,0.440816326512));
#187 = CARTESIAN_POINT('',(-0.44,0.2333333334,0.449999999981));
#188 = ORIENTED_EDGE('',*,*,#189,.F.);
#189 = EDGE_CURVE('',#169,#183,#190,.T.);
#190 = B_SPLINE_CURVE_WITH_KNOTS('',1,(#191,#192),.UNSPECIFIED.,.F.,.F.,
  (2,2),(0.,0.4),.PIECEWISE_BEZIER_KNOTS.);
#191 = CARTESIAN_POINT('',(-0.44,-0.2333333334,0.449999999981));
#192 = CARTESIAN_POINT('',(-0.44,0.2333333334,0.449999999981));
#193 = B_SPLINE_SURFACE_WITH_KNOTS('',1,1,(
    (#194,#195)
    ,(#196,#197
  )),.UNSPECIFIED.,.F.,.F.,.F.,(2,2),(2,2),(1.E-02,2.E-02),(-0.4,0.),
  .PIECEWISE_BEZIER_KNOTS.);
#194 = CARTESIAN_POINT('',(-0.44,0.2333333334,0.440816326512));
#195 = CARTESIAN_POINT('',(-0.44,-0.2333333334,0.440816326512));
#196 = CARTESIAN_POINT('',(-0.44,0.2333333334,0.449999999981));
#197 = CARTESIAN_POINT('',(-0.44,-0.2333333334,0.449999999981));
#198 = ADVANCED_FACE('',(#199),#221,.F.);
#199 = FACE_BOUND('',#200,.F.);
#200 = EDGE_LOOP('',(#201,#210,#215,#216));
#201 = ORIENTED_EDGE('',*,*,#202,.F.);
#202 = EDGE_CURVE('',#203,#205,#207,.T.);
#203 = VERTEX_POINT('',#204);
#204 = CARTESIAN_POINT('',(-0.11,-0.2333333334,0.440816326512));
#205 = VERTEX_POINT('',#206);
#206 = CARTESIAN_POINT('',(-0.11,-0.2333333334,0.449999999981));
#207 = B_SPLINE_CURVE_WITH_KNOTS('',1,(#208,#209),.UNSPECIFIED.,.F.,.F.,
  (2,2),(1.E-02,2.E-02),.PIECEWISE_BEZIER_KNOTS.);
#208 = CARTESIAN_POINT('',(-0.11,-0.2333333334,0.440816326512));
#209 = CARTESIAN_POINT('',(-0.11,-0.2333333334,0.449999999981));
#210 = ORIENTED_EDGE('',*,*,#211,.T.);
#211 = EDGE_CURVE('',#203,#167,#212,.T.);
#212 = B_SPLINE_CURVE_WITH_KNOTS('',1,(#213,#214),.UNSPECIFIED.,.F.,.F.,
  (2,2),(-0.35,-5.E-02),.PIECEWISE_BEZIER_KNOTS.);
#213 = CARTESIAN_POINT('',(-0.11,-0.2333333334,0.440816326512));
#214 = CARTESIAN_POINT('',(-0.44,-0.2333333334,0.440816326512));
#215 = ORIENTED_EDGE('',*,*,#166,.T.);
#216 = ORIENTED_EDGE('',*,*,#217,.T.);
#217 = EDGE_CURVE('',#169,#205,#218,.T.);
#218 = B_SPLINE_CURVE_WITH_KNOTS('',1,(#219,#220),.UNSPECIFIED.,.F.,.F.,
  (2,2),(0.,0.3),.PIECEWISE_BEZIER_KNOTS.);
#219 = CARTESIAN_POINT('',(-0.44,-0.2333333334,0.449999999981));
#220 = CARTESIAN_POINT('',(-0.11,-0.2333333334,0.449999999981));
#221 = B_SPLINE_SURFACE_WITH_KNOTS('',1,1,(
    (#222,#223)
    ,(#224,#225
  )),.UNSPECIFIED.,.F.,.F.,.F.,(2,2),(2,2),(1.E-02,2.E-02),(0.,0.3),
  .PIECEWISE_BEZIER_KNOTS.);
#222 = CARTESIAN_POINT('',(-0.44,-0.2333333334,0.440816326512));
#223 = CARTESIAN_POINT('',(-0.11,-0.2333333334,0.440816326512));
#224 = CARTESIAN_POINT('',(-0.44,-0.2333333334,0.449999999981));
#225 = CARTESIAN_POINT('',(-0.11,-0.2333333334,0.449999999981));
#226 = ADVANCED_FACE('',(#227),#243,.T.);
#227 = FACE_BOUND('',#228,.T.);
#228 = EDGE_LOOP('',(#229,#230,#231,#238));
#229 = ORIENTED_EDGE('',*,*,#189,.F.);
#230 = ORIENTED_EDGE('',*,*,#217,.T.);
#231 = ORIENTED_EDGE('',*,*,#232,.T.);
#232 = EDGE_CURVE('',#205,#233,#235,.T.);
#233 = VERTEX_POINT('',#234);
#234 = CARTESIAN_POINT('',(-0.11,0.2333333334,0.449999999981));
#235 = B_SPLINE_CURVE_WITH_KNOTS('',1,(#236,#237),.UNSPECIFIED.,.F.,.F.,
  (2,2),(0.,0.4),.PIECEWISE_BEZIER_KNOTS.);
#236 = CARTESIAN_POINT('',(-0.11,-0.2333333334,0.449999999981));
#237 = CARTESIAN_POINT('',(-0.11,0.2333333334,0.449999999981));
#238 = ORIENTED_EDGE('',*,*,#239,.F.);
#239 = EDGE_CURVE('',#183,#233,#240,.T.);
#240 = B_SPLINE_CURVE_WITH_KNOTS('',1,(#241,#242),.UNSPECIFIED.,.F.,.F.,
  (2,2),(0.,0.3),.PIECEWISE_BEZIER_KNOTS.);
#241 = CARTESIAN_POINT('',(-0.44,0.2333333334,0.449999999981));
#242 = CARTESIAN_POINT('',(-0.11,0.2333333334,0.449999999981));
#243 = B_SPLINE_SURFACE_WITH_KNOTS('',1,1,(
    (#244,#245)
    ,(#246,#247
    )),.UNSPECIFIED.,.F.,.F.,.F.,(2,2),(2,2),(0.,0.3),(0.,0.4),
  .PIECEWISE_BEZIER_KNOTS.);
#244 = CARTESIAN_POINT('',(-0.44,-0.2333333334,0.449999999981));
#245 = CARTESIAN_POINT('',(-0.44,0.2333333334,0.449999999981));
#246 = CARTESIAN_POINT('',(-0.11,-0.2333333334,0.449999999981));
#247 = CARTESIAN_POINT('',(-0.11,0.2333333334,0.449999999981));
#248 = ADVANCED_FACE('',(#249),#265,.T.);
#249 = FACE_BOUND('',#250,.T.);
#250 = EDGE_LOOP('',(#251,#258,#263,#264));
#251 = ORIENTED_EDGE('',*,*,#252,.F.);
#252 = EDGE_CURVE('',#253,#233,#255,.T.);
#253 = VERTEX_POINT('',#254);
#254 = CARTESIAN_POINT('',(-0.11,0.2333333334,0.440816326512));
#255 = B_SPLINE_CURVE_WITH_KNOTS('',1,(#256,#257),.UNSPECIFIED.,.F.,.F.,
  (2,2),(1.E-02,2.E-02),.PIECEWISE_BEZIER_KNOTS.);
#256 = CARTESIAN_POINT('',(-0.11,0.2333333334,0.440816326512));
#257 = CARTESIAN_POINT('',(-0.11,0.2333333334,0.449999999981));
#258 = ORIENTED_EDGE('',*,*,#259,.T.);
#259 = EDGE_CURVE('',#253,#176,#260,.T.);
#260 = B_SPLINE_CURVE_WITH_KNOTS('',1,(#261,#262),.UNSPECIFIED.,.F.,.F.,
  (2,2),(-0.35,-5.E-02),.PIECEWISE_BEZIER_KNOTS.);
#261 = CARTESIAN_POINT('',(-0.11,0.2333333334,0.440816326512));
#262 = CARTESIAN_POINT('',(-0.44,0.2333333334,0.440816326512));
#263 = ORIENTED_EDGE('',*,*,#182,.T.);
#264 = ORIENTED_EDGE('',*,*,#239,.T.);
#265 = B_SPLINE_SURFACE_WITH_KNOTS('',1,1,(
    (#266,#267)
    ,(#268,#269
  )),.UNSPECIFIED.,.F.,.F.,.F.,(2,2),(2,2),(1.E-02,2.E-02),(0.,0.3),
  .PIECEWISE_BEZIER_KNOTS.);
#266 = CARTESIAN_POINT('',(-0.44,0.2333333334,0.440816326512));
#267 = CARTESIAN_POINT('',(-0.11,0.2333333334,0.440816326512));
#268 = CARTESIAN_POINT('',(-0.44,0.2333333334,0.449999999981));
#269 = CARTESIAN_POINT('',(-0.11,0.2333333334,0.449999999981));
#270 = ADVANCED_FACE('',(#271,#301),#311,.T.);
#271 = FACE_BOUND('',#272,.T.);
#272 = EDGE_LOOP('',(#273,#282,#289,#296));
#273 = ORIENTED_EDGE('',*,*,#274,.F.);
#274 = EDGE_CURVE('',#275,#277,#279,.T.);
#275 = VERTEX_POINT('',#276);
#276 = CARTESIAN_POINT('',(-0.55,-0.3500000001,0.440816326512));
#277 = VERTEX_POINT('',#278);
#278 = CARTESIAN_POINT('',(-0.55,0.3500000001,0.440816326512));
#279 = B_SPLINE_CURVE_WITH_KNOTS('',1,(#280,#281),.UNSPECIFIED.,.F.,.F.,
  (2,2),(0.,0.6),.PIECEWISE_BEZIER_KNOTS.);
#280 = CARTESIAN_POINT('',(-0.55,-0.3500000001,0.440816326512));
#281 = CARTESIAN_POINT('',(-0.55,0.3500000001,0.440816326512));
#282 = ORIENTED_EDGE('',*,*,#283,.T.);
#283 = EDGE_CURVE('',#275,#284,#286,.T.);
#284 = VERTEX_POINT('',#285);
#285 = CARTESIAN_POINT('',(0.55,-0.3500000001,0.440816326512));
#286 = B_SPLINE_CURVE_WITH_KNOTS('',1,(#287,#288),.UNSPECIFIED.,.F.,.F.,
  (2,2),(0.,1.),.PIECEWISE_BEZIER_KNOTS.);
#287 = CARTESIAN_POINT('',(-0.55,-0.3500000001,0.440816326512));
#288 = CARTESIAN_POINT('',(0.55,-0.3500000001,0.440816326512));
#289 = ORIENTED_EDGE('',*,*,#290,.T.);
#290 = EDGE_CURVE('',#284,#291,#293,.T.);
#291 = VERTEX_POINT('',#292);
#292 = CARTESIAN_POINT('',(0.55,0.3500000001,0.440816326512));
#293 = B_SPLINE_CURVE_WITH_KNOTS('',1,(#294,#295),.UNSPECIFIED.,.F.,.F.,
  (2,2),(0.,0.6),.PIECEWISE_BEZIER_KNOTS.);
#294 = CARTESIAN_POINT('',(0.55,-0.3500000001,0.440816326512));
#295 = CARTESIAN_POINT('',(0.55,0.3500000001,0.440816326512));
#296 = ORIENTED_EDGE('',*,*,#297,.F.);
#297 = EDGE_CURVE('',#277,#291,#298,.T.);
#298 = B_SPLINE_CURVE_WITH_KNOTS('',1,(#299,#300),.UNSPECIFIED.,.F.,.F.,
  (2,2),(0.,1.),.PIECEWISE_BEZIER_KNOTS.);
#299 = CARTESIAN_POINT('',(-0.55,0.3500000001,0.440816326512));
#300 = CARTESIAN_POINT('',(0.55,0.3500000001,0.440816326512));
#301 = FACE_BOUND('',#302,.T.);
#302 = EDGE_LOOP('',(#303,#304,#305,#306));
#303 = ORIENTED_EDGE('',*,*,#211,.T.);
#304 = ORIENTED_EDGE('',*,*,#175,.T.);
#305 = ORIENTED_EDGE('',*,*,#259,.F.);
#306 = ORIENTED_EDGE('',*,*,#307,.F.);
#307 = EDGE_CURVE('',#203,#253,#308,.T.);
#308 = B_SPLINE_CURVE_WITH_KNOTS('',1,(#309,#310),.UNSPECIFIED.,.F.,.F.,
  (2,2),(5.E-02,0.45),.PIECEWISE_BEZIER_KNOTS.);
#309 = CARTESIAN_POINT('',(-0.11,-0.2333333334,0.440816326512));
#310 = CARTESIAN_POINT('',(-0.11,0.2333333334,0.440816326512));
#311 = B_SPLINE_SURFACE_WITH_KNOTS('',1,1,(
    (#312,#313)
    ,(#314,#315
  )),.UNSPECIFIED.,.F.,.F.,.F.,(2,2),(2,2),(0.,1.),(0.,0.6),
  .PIECEWISE_BEZIER_KNOTS.);
#312 = CARTESIAN_POINT('',(-0.55,-0.3500000001,0.440816326512));
#313 = CARTESIAN_POINT('',(-0.55,0.3500000001,0.440816326512));
#314 = CARTESIAN_POINT('',(0.55,-0.3500000001,0.440816326512));
#315 = CARTESIAN_POINT('',(0.55,0.3500000001,0.440816326512));
#316 = ADVANCED_FACE('',(#317),#323,.T.);
#317 = FACE_BOUND('',#318,.T.);
#318 = EDGE_LOOP('',(#319,#320,#321,#322));
#319 = ORIENTED_EDGE('',*,*,#202,.F.);
#320 = ORIENTED_EDGE('',*,*,#307,.T.);
#321 = ORIENTED_EDGE('',*,*,#252,.T.);
#322 = ORIENTED_EDGE('',*,*,#232,.F.);
#323 = B_SPLINE_SURFACE_WITH_KNOTS('',1,1,(
    (#324,#325)
    ,(#326,#327
  )),.UNSPECIFIED.,.F.,.F.,.F.,(2,2),(2,2),(1.E-02,2.E-02),(-0.4,0.),
  .PIECEWISE_BEZIER_KNOTS.);
#324 = CARTESIAN_POINT('',(-0.11,0.2333333334,0.440816326512));
#325 = CARTESIAN_POINT('',(-0.11,-0.2333333334,0.440816326512));
#326 = CARTESIAN_POINT('',(-0.11,0.2333333334,0.449999999981));
#327 = CARTESIAN_POINT('',(-0.11,-0.2333333334,0.449999999981));
#328 = ADVANCED_FACE('',(#329),#351,.F.);
#329 = FACE_BOUND('',#330,.F.);
#330 = EDGE_LOOP('',(#331,#338,#345,#350));
#331 = ORIENTED_EDGE('',*,*,#332,.F.);
#332 = EDGE_CURVE('',#333,#275,#335,.T.);
#333 = VERTEX_POINT('',#334);
#334 = CARTESIAN_POINT('',(-0.55,-0.3500000001,2.7551020407E-02));
#335 = B_SPLINE_CURVE_WITH_KNOTS('',1,(#336,#337),.UNSPECIFIED.,.F.,.F.,
  (2,2),(0.,0.45),.PIECEWISE_BEZIER_KNOTS.);
#336 = CARTESIAN_POINT('',(-0.55,-0.3500000001,2.7551020407E-02));
#337 = CARTESIAN_POINT('',(-0.55,-0.3500000001,0.440816326512));
#338 = ORIENTED_EDGE('',*,*,#339,.T.);
#339 = EDGE_CURVE('',#333,#340,#342,.T.);
#340 = VERTEX_POINT('',#341);
#341 = CARTESIAN_POINT('',(-0.55,0.3500000001,2.7551020407E-02));
#342 = B_SPLINE_CURVE_WITH_KNOTS('',1,(#343,#344),.UNSPECIFIED.,.F.,.F.,
  (2,2),(0.,0.6),.PIECEWISE_BEZIER_KNOTS.);
#343 = CARTESIAN_POINT('',(-0.55,-0.3500000001,2.7551020407E-02));
#344 = CARTESIAN_POINT('',(-0.55,0.3500000001,2.7551020407E-02));
#345 = ORIENTED_EDGE('',*,*,#346,.T.);
#346 = EDGE_CURVE('',#340,#277,#347,.T.);
#347 = B_SPLINE_CURVE_WITH_KNOTS('',1,(#348,#349),.UNSPECIFIED.,.F.,.F.,
  (2,2),(0.,0.45),.PIECEWISE_BEZIER_KNOTS.);
#348 = CARTESIAN_POINT('',(-0.55,0.3500000001,2.7551020407E-02));
#349 = CARTESIAN_POINT('',(-0.55,0.3500000001,0.440816326512));
#350 = ORIENTED_EDGE('',*,*,#274,.F.);
#351 = B_SPLINE_SURFACE_WITH_KNOTS('',1,1,(
    (#352,#353)
    ,(#354,#355
    )),.UNSPECIFIED.,.F.,.F.,.F.,(2,2),(2,2),(0.,0.45),(-0.6,0.),
  .PIECEWISE_BEZIER_KNOTS.);
#352 = CARTESIAN_POINT('',(-0.55,0.3500000001,2.7551020407E-02));
#353 = CARTESIAN_POINT('',(-0.55,-0.3500000001,2.7551020407E-02));
#354 = CARTESIAN_POINT('',(-0.55,0.3500000001,0.440816326512));
#355 = CARTESIAN_POINT('',(-0.55,-0.3500000001,0.440816326512));
#356 = ADVANCED_FACE('',(#357),#373,.T.);
#357 = FACE_BOUND('',#358,.T.);
#358 = EDGE_LOOP('',(#359,#366,#367,#368));
#359 = ORIENTED_EDGE('',*,*,#360,.F.);
#360 = EDGE_CURVE('',#340,#361,#363,.T.);
#361 = VERTEX_POINT('',#362);
#362 = CARTESIAN_POINT('',(0.55,0.3500000001,2.7551020407E-02));
#363 = B_SPLINE_CURVE_WITH_KNOTS('',1,(#364,#365),.UNSPECIFIED.,.F.,.F.,
  (2,2),(0.,1.),.PIECEWISE_BEZIER_KNOTS.);
#364 = CARTESIAN_POINT('',(-0.55,0.3500000001,2.7551020407E-02));
#365 = CARTESIAN_POINT('',(0.55,0.3500000001,2.7551020407E-02));
#366 = ORIENTED_EDGE('',*,*,#346,.T.);
#367 = ORIENTED_EDGE('',*,*,#297,.T.);
#368 = ORIENTED_EDGE('',*,*,#369,.F.);
#369 = EDGE_CURVE('',#361,#291,#370,.T.);
#370 = B_SPLINE_CURVE_WITH_KNOTS('',1,(#371,#372),.UNSPECIFIED.,.F.,.F.,
  (2,2),(0.,0.45),.PIECEWISE_BEZIER_KNOTS.);
#371 = CARTESIAN_POINT('',(0.55,0.3500000001,2.7551020407E-02));
#372 = CARTESIAN_POINT('',(0.55,0.3500000001,0.440816326512));
#373 = B_SPLINE_SURFACE_WITH_KNOTS('',1,1,(
    (#374,#375)
    ,(#376,#377
    )),.UNSPECIFIED.,.F.,.F.,.F.,(2,2),(2,2),(0.,0.45),(0.,1.),
  .PIECEWISE_BEZIER_KNOTS.);
#374 = CARTESIAN_POINT('',(-0.55,0.3500000001,2.7551020407E-02));
#375 = CARTESIAN_POINT('',(0.55,0.3500000001,2.7551020407E-02));
#376 = CARTESIAN_POINT('',(-0.55,0.3500000001,0.440816326512));
#377 = CARTESIAN_POINT('',(0.55,0.3500000001,0.440816326512));
#378 = ADVANCED_FACE('',(#379),#395,.F.);
#379 = FACE_BOUND('',#380,.F.);
#380 = EDGE_LOOP('',(#381,#388,#389,#390));
#381 = ORIENTED_EDGE('',*,*,#382,.F.);
#382 = EDGE_CURVE('',#333,#383,#385,.T.);
#383 = VERTEX_POINT('',#384);
#384 = CARTESIAN_POINT('',(0.55,-0.3500000001,2.7551020407E-02));
#385 = B_SPLINE_CURVE_WITH_KNOTS('',1,(#386,#387),.UNSPECIFIED.,.F.,.F.,
  (2,2),(0.,1.),.PIECEWISE_BEZIER_KNOTS.);
#386 = CARTESIAN_POINT('',(-0.55,-0.3500000001,2.7551020407E-02));
#387 = CARTESIAN_POINT('',(0.55,-0.3500000001,2.7551020407E-02));
#388 = ORIENTED_EDGE('',*,*,#332,.T.);
#389 = ORIENTED_EDGE('',*,*,#283,.T.);
#390 = ORIENTED_EDGE('',*,*,#391,.F.);
#391 = EDGE_CURVE('',#383,#284,#392,.T.);
#392 = B_SPLINE_CURVE_WITH_KNOTS('',1,(#393,#394),.UNSPECIFIED.,.F.,.F.,
  (2,2),(0.,0.45),.PIECEWISE_BEZIER_KNOTS.);
#393 = CARTESIAN_POINT('',(0.55,-0.3500000001,2.7551020407E-02));
#394 = CARTESIAN_POINT('',(0.55,-0.3500000001,0.440816326512));
#395 = B_SPLINE_SURFACE_WITH_KNOTS('',1,1,(
    (#396,#397)
    ,(#398,#399
    )),.UNSPECIFIED.,.F.,.F.,.F.,(2,2),(2,2),(0.,0.45),(0.,1.),
  .PIECEWISE_BEZIER_KNOTS.);
#396 = CARTESIAN_POINT('',(-0.55,-0.3500000001,2.7551020407E-02));
#397 = CARTESIAN_POINT('',(0.55,-0.3500000001,2.7551020407E-02));
#398 = CARTESIAN_POINT('',(-0.55,-0.3500000001,0.440816326512));
#399 = CARTESIAN_POINT('',(0.55,-0.3500000001,0.440816326512));
#400 = ADVANCED_FACE('',(#401),#411,.T.);
#401 = FACE_BOUND('',#402,.T.);
#402 = EDGE_LOOP('',(#403,#404,#409,#410));
#403 = ORIENTED_EDGE('',*,*,#391,.F.);
#404 = ORIENTED_EDGE('',*,*,#405,.T.);
#405 = EDGE_CURVE('',#383,#361,#406,.T.);
#406 = B_SPLINE_CURVE_WITH_KNOTS('',1,(#407,#408),.UNSPECIFIED.,.F.,.F.,
  (2,2),(0.,0.6),.PIECEWISE_BEZIER_KNOTS.);
#407 = CARTESIAN_POINT('',(0.55,-0.3500000001,2.7551020407E-02));
#408 = CARTESIAN_POINT('',(0.55,0.3500000001,2.7551020407E-02));
#409 = ORIENTED_EDGE('',*,*,#369,.T.);
#410 = ORIENTED_EDGE('',*,*,#290,.F.);
#411 = B_SPLINE_SURFACE_WITH_KNOTS('',1,1,(
    (#412,#413)
    ,(#414,#415
    )),.UNSPECIFIED.,.F.,.F.,.F.,(2,2),(2,2),(0.,0.45),(-0.6,0.),
  .PIECEWISE_BEZIER_KNOTS.);
#412 = CARTESIAN_POINT('',(0.55,0.3500000001,2.7551020407E-02));
#413 = CARTESIAN_POINT('',(0.55,-0.3500000001,2.7551020407E-02));
#414 = CARTESIAN_POINT('',(0.55,0.3500000001,0.440816326512));
#415 = CARTESIAN_POINT('',(0.55,-0.3500000001,0.440816326512));
#416 = ADVANCED_FACE('',(#417,#423,#453),#483,.F.);
#417 = FACE_BOUND('',#418,.F.);
#418 = EDGE_LOOP('',(#419,#420,#421,#422));
#419 = ORIENTED_EDGE('',*,*,#339,.F.);
#420 = ORIENTED_EDGE('',*,*,#382,.T.);
#421 = ORIENTED_EDGE('',*,*,#405,.T.);
#422 = ORIENTED_EDGE('',*,*,#360,.F.);
#423 = FACE_BOUND('',#424,.F.);
#424 = EDGE_LOOP('',(#425,#434,#441,#448));
#425 = ORIENTED_EDGE('',*,*,#426,.F.);
#426 = EDGE_CURVE('',#427,#429,#431,.T.);
#427 = VERTEX_POINT('',#428);
#428 = CARTESIAN_POINT('',(0.495,0.29166666675,2.7551020407E-02));
#429 = VERTEX_POINT('',#430);
#430 = CARTESIAN_POINT('',(0.22,0.29166666675,2.7551020407E-02));
#431 = B_SPLINE_CURVE_WITH_KNOTS('',1,(#432,#433),.UNSPECIFIED.,.F.,.F.,
  (2,2),(0.,0.25),.PIECEWISE_BEZIER_KNOTS.);
#432 = CARTESIAN_POINT('',(0.495,0.29166666675,2.7551020407E-02));
#433 = CARTESIAN_POINT('',(0.22,0.29166666675,2.7551020407E-02));
#434 = ORIENTED_EDGE('',*,*,#435,.F.);
#435 = EDGE_CURVE('',#436,#427,#438,.T.);
#436 = VERTEX_POINT('',#437);
#437 = CARTESIAN_POINT('',(0.495,-0.29166666675,2.7551020407E-02));
#438 = B_SPLINE_CURVE_WITH_KNOTS('',1,(#439,#440),.UNSPECIFIED.,.F.,.F.,
  (2,2),(0.,0.5),.PIECEWISE_BEZIER_KNOTS.);
#439 = CARTESIAN_POINT('',(0.495,-0.29166666675,2.7551020407E-02));
#440 = CARTESIAN_POINT('',(0.495,0.29166666675,2.7551020407E-02));
#441 = ORIENTED_EDGE('',*,*,#442,.F.);
#442 = EDGE_CURVE('',#443,#436,#445,.T.);
#443 = VERTEX_POINT('',#444);
#444 = CARTESIAN_POINT('',(0.22,-0.29166666675,2.7551020407E-02));
#445 = B_SPLINE_CURVE_WITH_KNOTS('',1,(#446,#447),.UNSPECIFIED.,.F.,.F.,
  (2,2),(0.,0.25),.PIECEWISE_BEZIER_KNOTS.);
#446 = CARTESIAN_POINT('',(0.22,-0.29166666675,2.7551020407E-02));
#447 = CARTESIAN_POINT('',(0.495,-0.29166666675,2.7551020407E-02));
#448 = ORIENTED_EDGE('',*,*,#449,.F.);
#449 = EDGE_CURVE('',#429,#443,#450,.T.);
#450 = B_SPLINE_CURVE_WITH_KNOTS('',1,(#451,#452),.UNSPECIFIED.,.F.,.F.,
  (2,2),(0.,0.5),.PIECEWISE_BEZIER_KNOTS.);
#451 = CARTESIAN_POINT('',(0.22,0.29166666675,2.7551020407E-02));
#452 = CARTESIAN_POINT('',(0.22,-0.29166666675,2.7551020407E-02));
#453 = FACE_BOUND('',#454,.F.);
#454 = EDGE_LOOP('',(#455,#464,#471,#478));
#455 = ORIENTED_EDGE('',*,*,#456,.F.);
#456 = EDGE_CURVE('',#457,#459,#461,.T.);
#457 = VERTEX_POINT('',#458);
#458 = CARTESIAN_POINT('',(-0.495,-0.29166666675,2.7551020407E-02));
#459 = VERTEX_POINT('',#460);
#460 = CARTESIAN_POINT('',(-0.22,-0.29166666675,2.7551020407E-02));
#461 = B_SPLINE_CURVE_WITH_KNOTS('',1,(#462,#463),.UNSPECIFIED.,.F.,.F.,
  (2,2),(0.,0.25),.PIECEWISE_BEZIER_KNOTS.);
#462 = CARTESIAN_POINT('',(-0.495,-0.29166666675,2.7551020407E-02));
#463 = CARTESIAN_POINT('',(-0.22,-0.29166666675,2.7551020407E-02));
#464 = ORIENTED_EDGE('',*,*,#465,.F.);
#465 = EDGE_CURVE('',#466,#457,#468,.T.);
#466 = VERTEX_POINT('',#467);
#467 = CARTESIAN_POINT('',(-0.495,0.29166666675,2.7551020407E-02));
#468 = B_SPLINE_CURVE_WITH_KNOTS('',1,(#469,#470),.UNSPECIFIED.,.F.,.F.,
  (2,2),(0.,0.5),.PIECEWISE_BEZIER_KNOTS.);
#469 = CARTESIAN_POINT('',(-0.495,0.29166666675,2.7551020407E-02));
#470 = CARTESIAN_POINT('',(-0.495,-0.29166666675,2.7551020407E-02));
#471 = ORIENTED_EDGE('',*,*,#472,.F.);
#472 = EDGE_CURVE('',#473,#466,#475,.T.);
#473 = VERTEX_POINT('',#474);
#474 = CARTESIAN_POINT('',(-0.22,0.29166666675,2.7551020407E-02));
#475 = B_SPLINE_CURVE_WITH_KNOTS('',1,(#476,#477),.UNSPECIFIED.,.F.,.F.,
  (2,2),(0.,0.25),.PIECEWISE_BEZIER_KNOTS.);
#476 = CARTESIAN_POINT('',(-0.22,0.29166666675,2.7551020407E-02));
#477 = CARTESIAN_POINT('',(-0.495,0.29166666675,2.7551020407E-02));
#478 = ORIENTED_EDGE('',*,*,#479,.F.);
#479 = EDGE_CURVE('',#459,#473,#480,.T.);
#480 = B_SPLINE_CURVE_WITH_KNOTS('',1,(#481,#482),.UNSPECIFIED.,.F.,.F.,
  (2,2),(0.,0.5),.PIECEWISE_BEZIER_KNOTS.);
#481 = CARTESIAN_POINT('',(-0.22,-0.29166666675,2.7551020407E-02));
#482 = CARTESIAN_POINT('',(-0.22,0.29166666675,2.7551020407E-02));
#483 = B_SPLINE_SURFACE_WITH_KNOTS('',1,1,(
    (#484,#485)
    ,(#486,#487
  )),.UNSPECIFIED.,.F.,.F.,.F.,(2,2),(2,2),(0.,1.),(0.,0.6),
  .PIECEWISE_BEZIER_KNOTS.);
#484 = CARTESIAN_POINT('',(-0.55,-0.3500000001,2.7551020407E-02));
#485 = CARTESIAN_POINT('',(-0.55,0.3500000001,2.7551020407E-02));
#486 = CARTESIAN_POINT('',(0.55,-0.3500000001,2.7551020407E-02));
#487 = CARTESIAN_POINT('',(0.55,0.3500000001,2.7551020407E-02));
#488 = ADVANCED_FACE('',(#489),#511,.F.);
#489 = FACE_BOUND('',#490,.F.);
#490 = EDGE_LOOP('',(#491,#498,#499,#506));
#491 = ORIENTED_EDGE('',*,*,#492,.T.);
#492 = EDGE_CURVE('',#493,#427,#495,.T.);
#493 = VERTEX_POINT('',#494);
#494 = CARTESIAN_POINT('',(0.495,0.29166666675,0.));
#495 = B_SPLINE_CURVE_WITH_KNOTS('',1,(#496,#497),.UNSPECIFIED.,.F.,.F.,
  (2,2),(0.,3.E-02),.PIECEWISE_BEZIER_KNOTS.);
#496 = CARTESIAN_POINT('',(0.495,0.29166666675,0.));
#497 = CARTESIAN_POINT('',(0.495,0.29166666675,2.7551020407E-02));
#498 = ORIENTED_EDGE('',*,*,#426,.T.);
#499 = ORIENTED_EDGE('',*,*,#500,.F.);
#500 = EDGE_CURVE('',#501,#429,#503,.T.);
#501 = VERTEX_POINT('',#502);
#502 = CARTESIAN_POINT('',(0.22,0.29166666675,0.));
#503 = B_SPLINE_CURVE_WITH_KNOTS('',1,(#504,#505),.UNSPECIFIED.,.F.,.F.,
  (2,2),(0.,3.E-02),.PIECEWISE_BEZIER_KNOTS.);
#504 = CARTESIAN_POINT('',(0.22,0.29166666675,0.));
#505 = CARTESIAN_POINT('',(0.22,0.29166666675,2.7551020407E-02));
#506 = ORIENTED_EDGE('',*,*,#507,.F.);
#507 = EDGE_CURVE('',#493,#501,#508,.T.);
#508 = B_SPLINE_CURVE_WITH_KNOTS('',1,(#509,#510),.UNSPECIFIED.,.F.,.F.,
  (2,2),(0.,0.25),.PIECEWISE_BEZIER_KNOTS.);
#509 = CARTESIAN_POINT('',(0.495,0.29166666675,0.));
#510 = CARTESIAN_POINT('',(0.22,0.29166666675,0.));
#511 = B_SPLINE_SURFACE_WITH_KNOTS('',1,1,(
    (#512,#513)
    ,(#514,#515
    )),.UNSPECIFIED.,.F.,.F.,.F.,(2,2),(2,2),(0.,0.25),(-3.E-02,0.),
  .PIECEWISE_BEZIER_KNOTS.);
#512 = CARTESIAN_POINT('',(0.495,0.29166666675,2.7551020407E-02));
#513 = CARTESIAN_POINT('',(0.495,0.29166666675,0.));
#514 = CARTESIAN_POINT('',(0.22,0.29166666675,2.7551020407E-02));
#515 = CARTESIAN_POINT('',(0.22,0.29166666675,0.));
#516 = ADVANCED_FACE('',(#517),#533,.F.);
#517 = FACE_BOUND('',#518,.F.);
#518 = EDGE_LOOP('',(#519,#520,#521,#528));
#519 = ORIENTED_EDGE('',*,*,#500,.T.);
#520 = ORIENTED_EDGE('',*,*,#449,.T.);
#521 = ORIENTED_EDGE('',*,*,#522,.F.);
#522 = EDGE_CURVE('',#523,#443,#525,.T.);
#523 = VERTEX_POINT('',#524);
#524 = CARTESIAN_POINT('',(0.22,-0.29166666675,0.));
#525 = B_SPLINE_CURVE_WITH_KNOTS('',1,(#526,#527),.UNSPECIFIED.,.F.,.F.,
  (2,2),(0.,3.E-02),.PIECEWISE_BEZIER_KNOTS.);
#526 = CARTESIAN_POINT('',(0.22,-0.29166666675,0.));
#527 = CARTESIAN_POINT('',(0.22,-0.29166666675,2.7551020407E-02));
#528 = ORIENTED_EDGE('',*,*,#529,.F.);
#529 = EDGE_CURVE('',#501,#523,#530,.T.);
#530 = B_SPLINE_CURVE_WITH_KNOTS('',1,(#531,#532),.UNSPECIFIED.,.F.,.F.,
  (2,2),(0.,0.5),.PIECEWISE_BEZIER_KNOTS.);
#531 = CARTESIAN_POINT('',(0.22,0.29166666675,0.));
#532 = CARTESIAN_POINT('',(0.22,-0.29166666675,0.));
#533 = B_SPLINE_SURFACE_WITH_KNOTS('',1,1,(
    (#534,#535)
    ,(#536,#537
    )),.UNSPECIFIED.,.F.,.F.,.F.,(2,2),(2,2),(0.,0.5),(-3.E-02,0.),
  .PIECEWISE_BEZIER_KNOTS.);
#534 = CARTESIAN_POINT('',(0.22,0.29166666675,2.7551020407E-02));
#535 = CARTESIAN_POINT('',(0.22,0.29166666675,0.));
#536 = CARTESIAN_POINT('',(0.22,-0.29166666675,2.7551020407E-02));
#537 = CARTESIAN_POINT('',(0.22,-0.29166666675,0.));
#538 = ADVANCED_FACE('',(#539),#555,.F.);
#539 = FACE_BOUND('',#540,.F.);
#540 = EDGE_LOOP('',(#541,#542,#543,#550));
#541 = ORIENTED_EDGE('',*,*,#522,.T.);
#542 = ORIENTED_EDGE('',*,*,#442,.T.);
#543 = ORIENTED_EDGE('',*,*,#544,.F.);
#544 = EDGE_CURVE('',#545,#436,#547,.T.);
#545 = VERTEX_POINT('',#546);
#546 = CARTESIAN_POINT('',(0.495,-0.29166666675,0.));
#547 = B_SPLINE_CURVE_WITH_KNOTS('',1,(#548,#549),.UNSPECIFIED.,.F.,.F.,
  (2,2),(0.,3.E-02),.PIECEWISE_BEZIER_KNOTS.);
#548 = CARTESIAN_POINT('',(0.495,-0.29166666675,0.));
#549 = CARTESIAN_POINT('',(0.495,-0.29166666675,2.7551020407E-02));
#550 = ORIENTED_EDGE('',*,*,#551,.F.);
#551 = EDGE_CURVE('',#523,#545,#552,.T.);
#552 = B_SPLINE_CURVE_WITH_KNOTS('',1,(#553,#554),.UNSPECIFIED.,.F.,.F.,
  (2,2),(0.,0.25),.PIECEWISE_BEZIER_KNOTS.);
#553 = CARTESIAN_POINT('',(0.22,-0.29166666675,0.));
#554 = CARTESIAN_POINT('',(0.495,-0.29166666675,0.));
#555 = B_SPLINE_SURFACE_WITH_KNOTS('',1,1,(
    (#556,#557)
    ,(#558,#559
    )),.UNSPECIFIED.,.F.,.F.,.F.,(2,2),(2,2),(0.,0.25),(-3.E-02,0.),
  .PIECEWISE_BEZIER_KNOTS.);
#556 = CARTESIAN_POINT('',(0.22,-0.29166666675,2.7551020407E-02));
#557 = CARTESIAN_POINT('',(0.22,-0.29166666675,0.));
#558 = CARTESIAN_POINT('',(0.495,-0.29166666675,2.7551020407E-02));
#559 = CARTESIAN_POINT('',(0.495,-0.29166666675,0.));
#560 = ADVANCED_FACE('',(#561),#571,.F.);
#561 = FACE_BOUND('',#562,.F.);
#562 = EDGE_LOOP('',(#563,#564,#565,#566));
#563 = ORIENTED_EDGE('',*,*,#544,.T.);
#564 = ORIENTED_EDGE('',*,*,#435,.T.);
#565 = ORIENTED_EDGE('',*,*,#492,.F.);
#566 = ORIENTED_EDGE('',*,*,#567,.F.);
#567 = EDGE_CURVE('',#545,#493,#568,.T.);
#568 = B_SPLINE_CURVE_WITH_KNOTS('',1,(#569,#570),.UNSPECIFIED.,.F.,.F.,
  (2,2),(0.,0.5),.PIECEWISE_BEZIER_KNOTS.);
#569 = CARTESIAN_POINT('',(0.495,-0.29166666675,0.));
#570 = CARTESIAN_POINT('',(0.495,0.29166666675,0.));
#571 = B_SPLINE_SURFACE_WITH_KNOTS('',1,1,(
    (#572,#573)
    ,(#574,#575
    )),.UNSPECIFIED.,.F.,.F.,.F.,(2,2),(2,2),(0.,0.5),(-3.E-02,0.),
  .PIECEWISE_BEZIER_KNOTS.);
#572 = CARTESIAN_POINT('',(0.495,-0.29166666675,2.7551020407E-02));
#573 = CARTESIAN_POINT('',(0.495,-0.29166666675,0.));
#574 = CARTESIAN_POINT('',(0.495,0.29166666675,2.7551020407E-02));
#575 = CARTESIAN_POINT('',(0.495,0.29166666675,0.));
#576 = ADVANCED_FACE('',(#577),#599,.F.);
#577 = FACE_BOUND('',#578,.F.);
#578 = EDGE_LOOP('',(#579,#586,#587,#594));
#579 = ORIENTED_EDGE('',*,*,#580,.T.);
#580 = EDGE_CURVE('',#581,#457,#583,.T.);
#581 = VERTEX_POINT('',#582);
#582 = CARTESIAN_POINT('',(-0.495,-0.29166666675,0.));
#583 = B_SPLINE_CURVE_WITH_KNOTS('',1,(#584,#585),.UNSPECIFIED.,.F.,.F.,
  (2,2),(0.,3.E-02),.PIECEWISE_BEZIER_KNOTS.);
#584 = CARTESIAN_POINT('',(-0.495,-0.29166666675,0.));
#585 = CARTESIAN_POINT('',(-0.495,-0.29166666675,2.7551020407E-02));
#586 = ORIENTED_EDGE('',*,*,#456,.T.);
#587 = ORIENTED_EDGE('',*,*,#588,.F.);
#588 = EDGE_CURVE('',#589,#459,#591,.T.);
#589 = VERTEX_POINT('',#590);
#590 = CARTESIAN_POINT('',(-0.22,-0.29166666675,0.));
#591 = B_SPLINE_CURVE_WITH_KNOTS('',1,(#592,#593),.UNSPECIFIED.,.F.,.F.,
  (2,2),(0.,3.E-02),.PIECEWISE_BEZIER_KNOTS.);
#592 = CARTESIAN_POINT('',(-0.22,-0.29166666675,0.));
#593 = CARTESIAN_POINT('',(-0.22,-0.29166666675,2.7551020407E-02));
#594 = ORIENTED_EDGE('',*,*,#595,.F.);
#595 = EDGE_CURVE('',#581,#589,#596,.T.);
#596 = B_SPLINE_CURVE_WITH_KNOTS('',1,(#597,#598),.UNSPECIFIED.,.F.,.F.,
  (2,2),(0.,0.25),.PIECEWISE_BEZIER_KNOTS.);
#597 = CARTESIAN_POINT('',(-0.495,-0.29166666675,0.));
#598 = CARTESIAN_POINT('',(-0.22,-0.29166666675,0.));
#599 = B_SPLINE_SURFACE_WITH_KNOTS('',1,1,(
    (#600,#601)
    ,(#602,#603
    )),.UNSPECIFIED.,.F.,.F.,.F.,(2,2),(2,2),(0.,0.25),(-3.E-02,0.),
  .PIECEWISE_BEZIER_KNOTS.);
#600 = CARTESIAN_POINT('',(-0.495,-0.29166666675,2.7551020407E-02));
#601 = CARTESIAN_POINT('',(-0.495,-0.29166666675,0.));
#602 = CARTESIAN_POINT('',(-0.22,-0.29166666675,2.7551020407E-02));
#603 = CARTESIAN_POINT('',(-0.22,-0.29166666675,0.));
#604 = ADVANCED_FACE('',(#605),#621,.F.);
#605 = FACE_BOUND('',#606,.F.);
#606 = EDGE_LOOP('',(#607,#608,#609,#616));
#607 = ORIENTED_EDGE('',*,*,#588,.T.);
#608 = ORIENTED_EDGE('',*,*,#479,.T.);
#609 = ORIENTED_EDGE('',*,*,#610,.F.);
#610 = EDGE_CURVE('',#611,#473,#613,.T.);
#611 = VERTEX_POINT('',#612);
#612 = CARTESIAN_POINT('',(-0.22,0.29166666675,0.));
#613 = B_SPLINE_CURVE_WITH_KNOTS('',1,(#614,#615),.UNSPECIFIED.,.F.,.F.,
  (2,2),(0.,3.E-02),.PIECEWISE_BEZIER_KNOTS.);
#614 = CARTESIAN_POINT('',(-0.22,0.29166666675,0.));
#615 = CARTESIAN_POINT('',(-0.22,0.29166666675,2.7551020407E-02));
#616 = ORIENTED_EDGE('',*,*,#617,.F.);
#617 = EDGE_CURVE('',#589,#611,#618,.T.);
#618 = B_SPLINE_CURVE_WITH_KNOTS('',1,(#619,#620),.UNSPECIFIED.,.F.,.F.,
  (2,2),(0.,0.5),.PIECEWISE_BEZIER_KNOTS.);
#619 = CARTESIAN_POINT('',(-0.22,-0.29166666675,0.));
#620 = CARTESIAN_POINT('',(-0.22,0.29166666675,0.));
#621 = B_SPLINE_SURFACE_WITH_KNOTS('',1,1,(
    (#622,#623)
    ,(#624,#625
    )),.UNSPECIFIED.,.F.,.F.,.F.,(2,2),(2,2),(0.,0.5),(-3.E-02,0.),
  .PIECEWISE_BEZIER_KNOTS.);
#622 = CARTESIAN_POINT('',(-0.22,-0.29166666675,2.7551020407E-02));
#623 = CARTESIAN_POINT('',(-0.22,-0.29166666675,0.));
#624 = CARTESIAN_POINT('',(-0.22,0.29166666675,2.7551020407E-02));
#625 = CARTESIAN_POINT('',(-0.22,0.29166666675,0.));
#626 = ADVANCED_FACE('',(#627),#643,.F.);
#627 = FACE_BOUND('',#628,.F.);
#628 = EDGE_LOOP('',(#629,#630,#631,#638));
#629 = ORIENTED_EDGE('',*,*,#610,.T.);
#630 = ORIENTED_EDGE('',*,*,#472,.T.);
#631 = ORIENTED_EDGE('',*,*,#632,.F.);
#632 = EDGE_CURVE('',#633,#466,#635,.T.);
#633 = VERTEX_POINT('',#634);
#634 = CARTESIAN_POINT('',(-0.495,0.29166666675,0.));
#635 = B_SPLINE_CURVE_WITH_KNOTS('',1,(#636,#637),.UNSPECIFIED.,.F.,.F.,
  (2,2),(0.,3.E-02),.PIECEWISE_BEZIER_KNOTS.);
#636 = CARTESIAN_POINT('',(-0.495,0.29166666675,0.));
#637 = CARTESIAN_POINT('',(-0.495,0.29166666675,2.7551020407E-02));
#638 = ORIENTED_EDGE('',*,*,#639,.F.);
#639 = EDGE_CURVE('',#611,#633,#640,.T.);
#640 = B_SPLINE_CURVE_WITH_KNOTS('',1,(#641,#642),.UNSPECIFIED.,.F.,.F.,
  (2,2),(0.,0.25),.PIECEWISE_BEZIER_KNOTS.);
#641 = CARTESIAN_POINT('',(-0.22,0.29166666675,0.));
#642 = CARTESIAN_POINT('',(-0.495,0.29166666675,0.));
#643 = B_SPLINE_SURFACE_WITH_KNOTS('',1,1,(
    (#644,#645)
    ,(#646,#647
    )),.UNSPECIFIED.,.F.,.F.,.F.,(2,2),(2,2),(0.,0.25),(-3.E-02,0.),
  .PIECEWISE_BEZIER_KNOTS.);
#644 = CARTESIAN_POINT('',(-0.22,0.29166666675,2.7551020407E-02));
#645 = CARTESIAN_POINT('',(-0.22,0.29166666675,0.));
#646 = CARTESIAN_POINT('',(-0.495,0.29166666675,2.7551020407E-02));
#647 = CARTESIAN_POINT('',(-0.495,0.29166666675,0.));
#648 = ADVANCED_FACE('',(#649),#659,.F.);
#649 = FACE_BOUND('',#650,.F.);
#650 = EDGE_LOOP('',(#651,#652,#653,#654));
#651 = ORIENTED_EDGE('',*,*,#632,.T.);
#652 = ORIENTED_EDGE('',*,*,#465,.T.);
#653 = ORIENTED_EDGE('',*,*,#580,.F.);
#654 = ORIENTED_EDGE('',*,*,#655,.F.);
#655 = EDGE_CURVE('',#633,#581,#656,.T.);
#656 = B_SPLINE_CURVE_WITH_KNOTS('',1,(#657,#658),.UNSPECIFIED.,.F.,.F.,
  (2,2),(0.,0.5),.PIECEWISE_BEZIER_KNOTS.);
#657 = CARTESIAN_POINT('',(-0.495,0.29166666675,0.));
#658 = CARTESIAN_POINT('',(-0.495,-0.29166666675,0.));
#659 = B_SPLINE_SURFACE_WITH_KNOTS('',1,1,(
    (#660,#661)
    ,(#662,#663
    )),.UNSPECIFIED.,.F.,.F.,.F.,(2,2),(2,2),(0.,0.5),(-3.E-02,0.),
  .PIECEWISE_BEZIER_KNOTS.);
#660 = CARTESIAN_POINT('',(-0.495,0.29166666675,2.7551020407E-02));
#661 = CARTESIAN_POINT('',(-0.495,0.29166666675,0.));
#662 = CARTESIAN_POINT('',(-0.495,-0.29166666675,2.7551020407E-02));
#663 = CARTESIAN_POINT('',(-0.495,-0.29166666675,0.));
#664 = ADVANCED_FACE('',(#665),#671,.F.);
#665 = FACE_BOUND('',#666,.F.);
#666 = EDGE_LOOP('',(#667,#668,#669,#670));
#667 = ORIENTED_EDGE('',*,*,#507,.T.);
#668 = ORIENTED_EDGE('',*,*,#529,.T.);
#669 = ORIENTED_EDGE('',*,*,#551,.T.);
#670 = ORIENTED_EDGE('',*,*,#567,.T.);
#671 = B_SPLINE_SURFACE_WITH_KNOTS('',1,1,(
    (#672,#673)
    ,(#674,#675
    )),.UNSPECIFIED.,.F.,.F.,.F.,(2,2),(2,2),(-0.25,0.25),(-0.125,0.125)
  ,.PIECEWISE_BEZIER_KNOTS.);
#672 = CARTESIAN_POINT('',(0.495,-0.29166666675,0.));
#673 = CARTESIAN_POINT('',(0.22,-0.29166666675,0.));
#674 = CARTESIAN_POINT('',(0.495,0.29166666675,0.));
#675 = CARTESIAN_POINT('',(0.22,0.29166666675,0.));
#676 = ADVANCED_FACE('',(#677),#683,.F.);
#677 = FACE_BOUND('',#678,.F.);
#678 = EDGE_LOOP('',(#679,#680,#681,#682));
#679 = ORIENTED_EDGE('',*,*,#595,.T.);
#680 = ORIENTED_EDGE('',*,*,#617,.T.);
#681 = ORIENTED_EDGE('',*,*,#639,.T.);
#682 = ORIENTED_EDGE('',*,*,#655,.T.);
#683 = B_SPLINE_SURFACE_WITH_KNOTS('',1,1,(
    (#684,#685)
    ,(#686,#687
    )),.UNSPECIFIED.,.F.,.F.,.F.,(2,2),(2,2),(-0.25,0.25),(-0.125,0.125)
  ,.PIECEWISE_BEZIER_KNOTS.);
#684 = CARTESIAN_POINT('',(-0.495,0.29166666675,0.));
#685 = CARTESIAN_POINT('',(-0.22,0.29166666675,0.));
#686 = CARTESIAN_POINT('',(-0.495,-0.29166666675,0.));
#687 = CARTESIAN_POINT('',(-0.22,-0.29166666675,0.));
#688 = ( GEOMETRIC_REPRESENTATION_CONTEXT(3) 
GLOBAL_UNCERTAINTY_ASSIGNED_CONTEXT((#692)) GLOBAL_UNIT_ASSIGNED_CONTEXT
((#689,#690,#691)) REPRESENTATION_CONTEXT('Context #1',
  '3D Context with UNIT and UNCERTAINTY') );
#689 = ( LENGTH_UNIT() NAMED_UNIT(*) SI_UNIT(.MILLI.,.METRE.) );
#690 = ( NAMED_UNIT(*) PLANE_ANGLE_UNIT() SI_UNIT($,.RADIAN.) );
#691 = ( NAMED_UNIT(*) SI_UNIT($,.STERADIAN.) SOLID_ANGLE_UNIT() );
#692 = UNCERTAINTY_MEASURE_WITH_UNIT(LENGTH_MEASURE(1.E-07),#689,
  'distance_accuracy_value','confusion accuracy');
#693 = CONTEXT_DEPENDENT_SHAPE_REPRESENTATION(#694,#696);
#694 = ( REPRESENTATION_RELATIONSHIP('','',#159,#136) 
REPRESENTATION_RELATIONSHIP_WITH_TRANSFORMATION(#695) 
SHAPE_REPRESENTATION_RELATIONSHIP() );
#695 = ITEM_DEFINED_TRANSFORMATION('','',#11,#137);
#696 = PRODUCT_DEFINITION_SHAPE('Placement','Placement of an item',#697
  );
#697 = NEXT_ASSEMBLY_USAGE_OCCURRENCE('1','=>[0:1:1:3]','',#131,#154,$);
#698 = PRODUCT_RELATED_PRODUCT_CATEGORY('part',$,(#156));
#699 = CONTEXT_DEPENDENT_SHAPE_REPRESENTATION(#700,#702);
#700 = ( REPRESENTATION_RELATIONSHIP('','',#136,#10) 
REPRESENTATION_RELATIONSHIP_WITH_TRANSFORMATION(#701) 
SHAPE_REPRESENTATION_RELATIONSHIP() );
#701 = ITEM_DEFINED_TRANSFORMATION('','',#11,#19);
#702 = PRODUCT_DEFINITION_SHAPE('Placement','Placement of an item',#703
  );
#703 = NEXT_ASSEMBLY_USAGE_OCCURRENCE('3','D6','',#5,#131,$);
#704 = SHAPE_DEFINITION_REPRESENTATION(#705,#711);
#705 = PRODUCT_DEFINITION_SHAPE('','',#706);
#706 = PRODUCT_DEFINITION('design','',#707,#710);
#707 = PRODUCT_DEFINITION_FORMATION('','',#708);
#708 = PRODUCT('L_0402_1005Metric','L_0402_1005Metric','',(#709));
#709 = PRODUCT_CONTEXT('',#2,'mechanical');
#710 = PRODUCT_DEFINITION_CONTEXT('part definition',#2,'design');
#711 = SHAPE_REPRESENTATION('',(#11,#712),#716);
#712 = AXIS2_PLACEMENT_3D('',#713,#714,#715);
#713 = CARTESIAN_POINT('',(0.,0.,0.));
#714 = DIRECTION('',(0.,0.,1.));
#715 = DIRECTION('',(1.,0.,-0.));
#716 = ( GEOMETRIC_REPRESENTATION_CONTEXT(3) 
GLOBAL_UNCERTAINTY_ASSIGNED_CONTEXT((#720)) GLOBAL_UNIT_ASSIGNED_CONTEXT
((#717,#718,#719)) REPRESENTATION_CONTEXT('Context #1',
  '3D Context with UNIT and UNCERTAINTY') );
#717 = ( LENGTH_UNIT() NAMED_UNIT(*) SI_UNIT(.MILLI.,.METRE.) );
#718 = ( NAMED_UNIT(*) PLANE_ANGLE_UNIT() SI_UNIT($,.RADIAN.) );
#719 = ( NAMED_UNIT(*) SI_UNIT($,.STERADIAN.) SOLID_ANGLE_UNIT() );
#720 = UNCERTAINTY_MEASURE_WITH_UNIT(LENGTH_MEASURE(1.E-07),#717,
  'distance_accuracy_value','confusion accuracy');
#721 = CONTEXT_DEPENDENT_SHAPE_REPRESENTATION(#722,#724);
#722 = ( REPRESENTATION_RELATIONSHIP('','',#711,#10) 
REPRESENTATION_RELATIONSHIP_WITH_TRANSFORMATION(#723) 
SHAPE_REPRESENTATION_RELATIONSHIP() );
#723 = ITEM_DEFINED_TRANSFORMATION('','',#11,#23);
#724 = PRODUCT_DEFINITION_SHAPE('Placement','Placement of an item',#725
  );
#725 = NEXT_ASSEMBLY_USAGE_OCCURRENCE('5','FB1','',#5,#706,$);
#726 = PRODUCT_RELATED_PRODUCT_CATEGORY('part',$,(#708));
#727 = SHAPE_DEFINITION_REPRESENTATION(#728,#734);
#728 = PRODUCT_DEFINITION_SHAPE('','',#729);
#729 = PRODUCT_DEFINITION('design','',#730,#733);
#730 = PRODUCT_DEFINITION_FORMATION('','',#731);
#731 = PRODUCT('L_0402_1005Metric','L_0402_1005Metric','',(#732));
#732 = PRODUCT_CONTEXT('',#2,'mechanical');
#733 = PRODUCT_DEFINITION_CONTEXT('part definition',#2,'design');
#734 = ADVANCED_BREP_SHAPE_REPRESENTATION('',(#11,#735),#1589);
#735 = MANIFOLD_SOLID_BREP('',#736);
#736 = CLOSED_SHELL('',(#737,#813,#844,#869,#894,#918,#942,#967,#992,
    #1009,#1095,#1127,#1151,#1176,#1200,#1225,#1249,#1274,#1291,#1377,
    #1408,#1433,#1458,#1482,#1506,#1531,#1556,#1573));
#737 = ADVANCED_FACE('',(#738),#808,.F.);
#738 = FACE_BOUND('',#739,.F.);
#739 = EDGE_LOOP('',(#740,#750,#759,#767,#776,#784,#793,#801));
#740 = ORIENTED_EDGE('',*,*,#741,.F.);
#741 = EDGE_CURVE('',#742,#744,#746,.T.);
#742 = VERTEX_POINT('',#743);
#743 = CARTESIAN_POINT('',(-0.5,-0.25,2.E-02));
#744 = VERTEX_POINT('',#745);
#745 = CARTESIAN_POINT('',(-0.5,-0.25,0.48));
#746 = LINE('',#747,#748);
#747 = CARTESIAN_POINT('',(-0.5,-0.25,0.));
#748 = VECTOR('',#749,1.);
#749 = DIRECTION('',(0.,0.,1.));
#750 = ORIENTED_EDGE('',*,*,#751,.T.);
#751 = EDGE_CURVE('',#742,#752,#754,.T.);
#752 = VERTEX_POINT('',#753);
#753 = CARTESIAN_POINT('',(-0.5,-0.23,0.));
#754 = CIRCLE('',#755,2.E-02);
#755 = AXIS2_PLACEMENT_3D('',#756,#757,#758);
#756 = CARTESIAN_POINT('',(-0.5,-0.23,2.E-02));
#757 = DIRECTION('',(1.,0.,-0.));
#758 = DIRECTION('',(0.,0.,1.));
#759 = ORIENTED_EDGE('',*,*,#760,.T.);
#760 = EDGE_CURVE('',#752,#761,#763,.T.);
#761 = VERTEX_POINT('',#762);
#762 = CARTESIAN_POINT('',(-0.5,0.23,0.));
#763 = LINE('',#764,#765);
#764 = CARTESIAN_POINT('',(-0.5,-0.25,0.));
#765 = VECTOR('',#766,1.);
#766 = DIRECTION('',(0.,1.,0.));
#767 = ORIENTED_EDGE('',*,*,#768,.F.);
#768 = EDGE_CURVE('',#769,#761,#771,.T.);
#769 = VERTEX_POINT('',#770);
#770 = CARTESIAN_POINT('',(-0.5,0.25,2.E-02));
#771 = CIRCLE('',#772,2.E-02);
#772 = AXIS2_PLACEMENT_3D('',#773,#774,#775);
#773 = CARTESIAN_POINT('',(-0.5,0.23,2.E-02));
#774 = DIRECTION('',(-1.,0.,0.));
#775 = DIRECTION('',(0.,0.,1.));
#776 = ORIENTED_EDGE('',*,*,#777,.T.);
#777 = EDGE_CURVE('',#769,#778,#780,.T.);
#778 = VERTEX_POINT('',#779);
#779 = CARTESIAN_POINT('',(-0.5,0.25,0.48));
#780 = LINE('',#781,#782);
#781 = CARTESIAN_POINT('',(-0.5,0.25,0.));
#782 = VECTOR('',#783,1.);
#783 = DIRECTION('',(0.,0.,1.));
#784 = ORIENTED_EDGE('',*,*,#785,.T.);
#785 = EDGE_CURVE('',#778,#786,#788,.T.);
#786 = VERTEX_POINT('',#787);
#787 = CARTESIAN_POINT('',(-0.5,0.23,0.5));
#788 = CIRCLE('',#789,2.E-02);
#789 = AXIS2_PLACEMENT_3D('',#790,#791,#792);
#790 = CARTESIAN_POINT('',(-0.5,0.23,0.48));
#791 = DIRECTION('',(1.,0.,-0.));
#792 = DIRECTION('',(0.,0.,1.));
#793 = ORIENTED_EDGE('',*,*,#794,.F.);
#794 = EDGE_CURVE('',#795,#786,#797,.T.);
#795 = VERTEX_POINT('',#796);
#796 = CARTESIAN_POINT('',(-0.5,-0.23,0.5));
#797 = LINE('',#798,#799);
#798 = CARTESIAN_POINT('',(-0.5,-0.25,0.5));
#799 = VECTOR('',#800,1.);
#800 = DIRECTION('',(0.,1.,0.));
#801 = ORIENTED_EDGE('',*,*,#802,.F.);
#802 = EDGE_CURVE('',#744,#795,#803,.T.);
#803 = CIRCLE('',#804,2.E-02);
#804 = AXIS2_PLACEMENT_3D('',#805,#806,#807);
#805 = CARTESIAN_POINT('',(-0.5,-0.23,0.48));
#806 = DIRECTION('',(-1.,0.,0.));
#807 = DIRECTION('',(0.,0.,1.));
#808 = PLANE('',#809);
#809 = AXIS2_PLACEMENT_3D('',#810,#811,#812);
#810 = CARTESIAN_POINT('',(-0.5,-0.25,0.));
#811 = DIRECTION('',(1.,0.,0.));
#812 = DIRECTION('',(0.,0.,1.));
#813 = ADVANCED_FACE('',(#814),#839,.F.);
#814 = FACE_BOUND('',#815,.F.);
#815 = EDGE_LOOP('',(#816,#826,#832,#833));
#816 = ORIENTED_EDGE('',*,*,#817,.F.);
#817 = EDGE_CURVE('',#818,#820,#822,.T.);
#818 = VERTEX_POINT('',#819);
#819 = CARTESIAN_POINT('',(-0.3,-0.25,2.E-02));
#820 = VERTEX_POINT('',#821);
#821 = CARTESIAN_POINT('',(-0.3,-0.25,0.48));
#822 = LINE('',#823,#824);
#823 = CARTESIAN_POINT('',(-0.3,-0.25,0.));
#824 = VECTOR('',#825,1.);
#825 = DIRECTION('',(0.,0.,1.));
#826 = ORIENTED_EDGE('',*,*,#827,.F.);
#827 = EDGE_CURVE('',#742,#818,#828,.T.);
#828 = LINE('',#829,#830);
#829 = CARTESIAN_POINT('',(-0.5,-0.25,2.E-02));
#830 = VECTOR('',#831,1.);
#831 = DIRECTION('',(1.,0.,0.));
#832 = ORIENTED_EDGE('',*,*,#741,.T.);
#833 = ORIENTED_EDGE('',*,*,#834,.T.);
#834 = EDGE_CURVE('',#744,#820,#835,.T.);
#835 = LINE('',#836,#837);
#836 = CARTESIAN_POINT('',(-0.5,-0.25,0.48));
#837 = VECTOR('',#838,1.);
#838 = DIRECTION('',(1.,0.,0.));
#839 = PLANE('',#840);
#840 = AXIS2_PLACEMENT_3D('',#841,#842,#843);
#841 = CARTESIAN_POINT('',(-0.5,-0.25,0.));
#842 = DIRECTION('',(0.,1.,0.));
#843 = DIRECTION('',(0.,-0.,1.));
#844 = ADVANCED_FACE('',(#845),#864,.T.);
#845 = FACE_BOUND('',#846,.T.);
#846 = EDGE_LOOP('',(#847,#848,#856,#863));
#847 = ORIENTED_EDGE('',*,*,#751,.T.);
#848 = ORIENTED_EDGE('',*,*,#849,.T.);
#849 = EDGE_CURVE('',#752,#850,#852,.T.);
#850 = VERTEX_POINT('',#851);
#851 = CARTESIAN_POINT('',(-0.3,-0.23,0.));
#852 = LINE('',#853,#854);
#853 = CARTESIAN_POINT('',(-0.5,-0.23,0.));
#854 = VECTOR('',#855,1.);
#855 = DIRECTION('',(1.,0.,0.));
#856 = ORIENTED_EDGE('',*,*,#857,.F.);
#857 = EDGE_CURVE('',#818,#850,#858,.T.);
#858 = CIRCLE('',#859,2.E-02);
#859 = AXIS2_PLACEMENT_3D('',#860,#861,#862);
#860 = CARTESIAN_POINT('',(-0.3,-0.23,2.E-02));
#861 = DIRECTION('',(1.,0.,-0.));
#862 = DIRECTION('',(0.,0.,1.));
#863 = ORIENTED_EDGE('',*,*,#827,.F.);
#864 = CYLINDRICAL_SURFACE('',#865,2.E-02);
#865 = AXIS2_PLACEMENT_3D('',#866,#867,#868);
#866 = CARTESIAN_POINT('',(-0.5,-0.23,2.E-02));
#867 = DIRECTION('',(1.,0.,0.));
#868 = DIRECTION('',(0.,-1.,0.));
#869 = ADVANCED_FACE('',(#870),#889,.T.);
#870 = FACE_BOUND('',#871,.T.);
#871 = EDGE_LOOP('',(#872,#873,#882,#888));
#872 = ORIENTED_EDGE('',*,*,#834,.T.);
#873 = ORIENTED_EDGE('',*,*,#874,.T.);
#874 = EDGE_CURVE('',#820,#875,#877,.T.);
#875 = VERTEX_POINT('',#876);
#876 = CARTESIAN_POINT('',(-0.3,-0.23,0.5));
#877 = CIRCLE('',#878,2.E-02);
#878 = AXIS2_PLACEMENT_3D('',#879,#880,#881);
#879 = CARTESIAN_POINT('',(-0.3,-0.23,0.48));
#880 = DIRECTION('',(-1.,0.,0.));
#881 = DIRECTION('',(0.,0.,1.));
#882 = ORIENTED_EDGE('',*,*,#883,.F.);
#883 = EDGE_CURVE('',#795,#875,#884,.T.);
#884 = LINE('',#885,#886);
#885 = CARTESIAN_POINT('',(-0.5,-0.23,0.5));
#886 = VECTOR('',#887,1.);
#887 = DIRECTION('',(1.,0.,0.));
#888 = ORIENTED_EDGE('',*,*,#802,.F.);
#889 = CYLINDRICAL_SURFACE('',#890,2.E-02);
#890 = AXIS2_PLACEMENT_3D('',#891,#892,#893);
#891 = CARTESIAN_POINT('',(-0.5,-0.23,0.48));
#892 = DIRECTION('',(1.,0.,0.));
#893 = DIRECTION('',(0.,-1.,0.));
#894 = ADVANCED_FACE('',(#895),#913,.F.);
#895 = FACE_BOUND('',#896,.F.);
#896 = EDGE_LOOP('',(#897,#898,#899,#907));
#897 = ORIENTED_EDGE('',*,*,#760,.F.);
#898 = ORIENTED_EDGE('',*,*,#849,.T.);
#899 = ORIENTED_EDGE('',*,*,#900,.T.);
#900 = EDGE_CURVE('',#850,#901,#903,.T.);
#901 = VERTEX_POINT('',#902);
#902 = CARTESIAN_POINT('',(-0.3,0.23,0.));
#903 = LINE('',#904,#905);
#904 = CARTESIAN_POINT('',(-0.3,-0.25,0.));
#905 = VECTOR('',#906,1.);
#906 = DIRECTION('',(0.,1.,0.));
#907 = ORIENTED_EDGE('',*,*,#908,.F.);
#908 = EDGE_CURVE('',#761,#901,#909,.T.);
#909 = LINE('',#910,#911);
#910 = CARTESIAN_POINT('',(-0.5,0.23,0.));
#911 = VECTOR('',#912,1.);
#912 = DIRECTION('',(1.,0.,0.));
#913 = PLANE('',#914);
#914 = AXIS2_PLACEMENT_3D('',#915,#916,#917);
#915 = CARTESIAN_POINT('',(-0.5,-0.25,0.));
#916 = DIRECTION('',(0.,0.,1.));
#917 = DIRECTION('',(1.,0.,-0.));
#918 = ADVANCED_FACE('',(#919),#937,.T.);
#919 = FACE_BOUND('',#920,.T.);
#920 = EDGE_LOOP('',(#921,#922,#923,#931));
#921 = ORIENTED_EDGE('',*,*,#794,.F.);
#922 = ORIENTED_EDGE('',*,*,#883,.T.);
#923 = ORIENTED_EDGE('',*,*,#924,.T.);
#924 = EDGE_CURVE('',#875,#925,#927,.T.);
#925 = VERTEX_POINT('',#926);
#926 = CARTESIAN_POINT('',(-0.3,0.23,0.5));
#927 = LINE('',#928,#929);
#928 = CARTESIAN_POINT('',(-0.3,-0.25,0.5));
#929 = VECTOR('',#930,1.);
#930 = DIRECTION('',(0.,1.,0.));
#931 = ORIENTED_EDGE('',*,*,#932,.F.);
#932 = EDGE_CURVE('',#786,#925,#933,.T.);
#933 = LINE('',#934,#935);
#934 = CARTESIAN_POINT('',(-0.5,0.23,0.5));
#935 = VECTOR('',#936,1.);
#936 = DIRECTION('',(1.,0.,0.));
#937 = PLANE('',#938);
#938 = AXIS2_PLACEMENT_3D('',#939,#940,#941);
#939 = CARTESIAN_POINT('',(-0.5,-0.25,0.5));
#940 = DIRECTION('',(0.,0.,1.));
#941 = DIRECTION('',(1.,0.,-0.));
#942 = ADVANCED_FACE('',(#943),#962,.T.);
#943 = FACE_BOUND('',#944,.T.);
#944 = EDGE_LOOP('',(#945,#953,#960,#961));
#945 = ORIENTED_EDGE('',*,*,#946,.T.);
#946 = EDGE_CURVE('',#769,#947,#949,.T.);
#947 = VERTEX_POINT('',#948);
#948 = CARTESIAN_POINT('',(-0.3,0.25,2.E-02));
#949 = LINE('',#950,#951);
#950 = CARTESIAN_POINT('',(-0.5,0.25,2.E-02));
#951 = VECTOR('',#952,1.);
#952 = DIRECTION('',(1.,0.,0.));
#953 = ORIENTED_EDGE('',*,*,#954,.T.);
#954 = EDGE_CURVE('',#947,#901,#955,.T.);
#955 = CIRCLE('',#956,2.E-02);
#956 = AXIS2_PLACEMENT_3D('',#957,#958,#959);
#957 = CARTESIAN_POINT('',(-0.3,0.23,2.E-02));
#958 = DIRECTION('',(-1.,0.,0.));
#959 = DIRECTION('',(0.,0.,1.));
#960 = ORIENTED_EDGE('',*,*,#908,.F.);
#961 = ORIENTED_EDGE('',*,*,#768,.F.);
#962 = CYLINDRICAL_SURFACE('',#963,2.E-02);
#963 = AXIS2_PLACEMENT_3D('',#964,#965,#966);
#964 = CARTESIAN_POINT('',(-0.5,0.23,2.E-02));
#965 = DIRECTION('',(1.,0.,0.));
#966 = DIRECTION('',(-0.,1.,0.));
#967 = ADVANCED_FACE('',(#968),#987,.T.);
#968 = FACE_BOUND('',#969,.T.);
#969 = EDGE_LOOP('',(#970,#971,#972,#981));
#970 = ORIENTED_EDGE('',*,*,#785,.T.);
#971 = ORIENTED_EDGE('',*,*,#932,.T.);
#972 = ORIENTED_EDGE('',*,*,#973,.F.);
#973 = EDGE_CURVE('',#974,#925,#976,.T.);
#974 = VERTEX_POINT('',#975);
#975 = CARTESIAN_POINT('',(-0.3,0.25,0.48));
#976 = CIRCLE('',#977,2.E-02);
#977 = AXIS2_PLACEMENT_3D('',#978,#979,#980);
#978 = CARTESIAN_POINT('',(-0.3,0.23,0.48));
#979 = DIRECTION('',(1.,0.,-0.));
#980 = DIRECTION('',(0.,0.,1.));
#981 = ORIENTED_EDGE('',*,*,#982,.F.);
#982 = EDGE_CURVE('',#778,#974,#983,.T.);
#983 = LINE('',#984,#985);
#984 = CARTESIAN_POINT('',(-0.5,0.25,0.48));
#985 = VECTOR('',#986,1.);
#986 = DIRECTION('',(1.,0.,0.));
#987 = CYLINDRICAL_SURFACE('',#988,2.E-02);
#988 = AXIS2_PLACEMENT_3D('',#989,#990,#991);
#989 = CARTESIAN_POINT('',(-0.5,0.23,0.48));
#990 = DIRECTION('',(1.,0.,0.));
#991 = DIRECTION('',(-0.,1.,0.));
#992 = ADVANCED_FACE('',(#993),#1004,.T.);
#993 = FACE_BOUND('',#994,.T.);
#994 = EDGE_LOOP('',(#995,#1001,#1002,#1003));
#995 = ORIENTED_EDGE('',*,*,#996,.F.);
#996 = EDGE_CURVE('',#947,#974,#997,.T.);
#997 = LINE('',#998,#999);
#998 = CARTESIAN_POINT('',(-0.3,0.25,0.));
#999 = VECTOR('',#1000,1.);
#1000 = DIRECTION('',(0.,0.,1.));
#1001 = ORIENTED_EDGE('',*,*,#946,.F.);
#1002 = ORIENTED_EDGE('',*,*,#777,.T.);
#1003 = ORIENTED_EDGE('',*,*,#982,.T.);
#1004 = PLANE('',#1005);
#1005 = AXIS2_PLACEMENT_3D('',#1006,#1007,#1008);
#1006 = CARTESIAN_POINT('',(-0.5,0.25,0.));
#1007 = DIRECTION('',(0.,1.,0.));
#1008 = DIRECTION('',(0.,-0.,1.));
#1009 = ADVANCED_FACE('',(#1010,#1020),#1090,.T.);
#1010 = FACE_BOUND('',#1011,.T.);
#1011 = EDGE_LOOP('',(#1012,#1013,#1014,#1015,#1016,#1017,#1018,#1019));
#1012 = ORIENTED_EDGE('',*,*,#817,.F.);
#1013 = ORIENTED_EDGE('',*,*,#857,.T.);
#1014 = ORIENTED_EDGE('',*,*,#900,.T.);
#1015 = ORIENTED_EDGE('',*,*,#954,.F.);
#1016 = ORIENTED_EDGE('',*,*,#996,.T.);
#1017 = ORIENTED_EDGE('',*,*,#973,.T.);
#1018 = ORIENTED_EDGE('',*,*,#924,.F.);
#1019 = ORIENTED_EDGE('',*,*,#874,.F.);
#1020 = FACE_BOUND('',#1021,.T.);
#1021 = EDGE_LOOP('',(#1022,#1033,#1041,#1050,#1058,#1067,#1075,#1084));
#1022 = ORIENTED_EDGE('',*,*,#1023,.F.);
#1023 = EDGE_CURVE('',#1024,#1026,#1028,.T.);
#1024 = VERTEX_POINT('',#1025);
#1025 = CARTESIAN_POINT('',(-0.3,-0.23,4.E-02));
#1026 = VERTEX_POINT('',#1027);
#1027 = CARTESIAN_POINT('',(-0.3,-0.21,2.E-02));
#1028 = CIRCLE('',#1029,2.E-02);
#1029 = AXIS2_PLACEMENT_3D('',#1030,#1031,#1032);
#1030 = CARTESIAN_POINT('',(-0.3,-0.21,4.E-02));
#1031 = DIRECTION('',(1.,0.,-0.));
#1032 = DIRECTION('',(0.,0.,1.));
#1033 = ORIENTED_EDGE('',*,*,#1034,.T.);
#1034 = EDGE_CURVE('',#1024,#1035,#1037,.T.);
#1035 = VERTEX_POINT('',#1036);
#1036 = CARTESIAN_POINT('',(-0.3,-0.23,0.46));
#1037 = LINE('',#1038,#1039);
#1038 = CARTESIAN_POINT('',(-0.3,-0.23,2.E-02));
#1039 = VECTOR('',#1040,1.);
#1040 = DIRECTION('',(0.,0.,1.));
#1041 = ORIENTED_EDGE('',*,*,#1042,.T.);
#1042 = EDGE_CURVE('',#1035,#1043,#1045,.T.);
#1043 = VERTEX_POINT('',#1044);
#1044 = CARTESIAN_POINT('',(-0.3,-0.21,0.48));
#1045 = CIRCLE('',#1046,2.E-02);
#1046 = AXIS2_PLACEMENT_3D('',#1047,#1048,#1049);
#1047 = CARTESIAN_POINT('',(-0.3,-0.21,0.46));
#1048 = DIRECTION('',(-1.,0.,0.));
#1049 = DIRECTION('',(0.,0.,1.));
#1050 = ORIENTED_EDGE('',*,*,#1051,.T.);
#1051 = EDGE_CURVE('',#1043,#1052,#1054,.T.);
#1052 = VERTEX_POINT('',#1053);
#1053 = CARTESIAN_POINT('',(-0.3,0.21,0.48));
#1054 = LINE('',#1055,#1056);
#1055 = CARTESIAN_POINT('',(-0.3,-0.23,0.48));
#1056 = VECTOR('',#1057,1.);
#1057 = DIRECTION('',(0.,1.,0.));
#1058 = ORIENTED_EDGE('',*,*,#1059,.F.);
#1059 = EDGE_CURVE('',#1060,#1052,#1062,.T.);
#1060 = VERTEX_POINT('',#1061);
#1061 = CARTESIAN_POINT('',(-0.3,0.23,0.46));
#1062 = CIRCLE('',#1063,2.E-02);
#1063 = AXIS2_PLACEMENT_3D('',#1064,#1065,#1066);
#1064 = CARTESIAN_POINT('',(-0.3,0.21,0.46));
#1065 = DIRECTION('',(1.,0.,-0.));
#1066 = DIRECTION('',(0.,0.,1.));
#1067 = ORIENTED_EDGE('',*,*,#1068,.F.);
#1068 = EDGE_CURVE('',#1069,#1060,#1071,.T.);
#1069 = VERTEX_POINT('',#1070);
#1070 = CARTESIAN_POINT('',(-0.3,0.23,4.E-02));
#1071 = LINE('',#1072,#1073);
#1072 = CARTESIAN_POINT('',(-0.3,0.23,2.E-02));
#1073 = VECTOR('',#1074,1.);
#1074 = DIRECTION('',(0.,0.,1.));
#1075 = ORIENTED_EDGE('',*,*,#1076,.T.);
#1076 = EDGE_CURVE('',#1069,#1077,#1079,.T.);
#1077 = VERTEX_POINT('',#1078);
#1078 = CARTESIAN_POINT('',(-0.3,0.21,2.E-02));
#1079 = CIRCLE('',#1080,2.E-02);
#1080 = AXIS2_PLACEMENT_3D('',#1081,#1082,#1083);
#1081 = CARTESIAN_POINT('',(-0.3,0.21,4.E-02));
#1082 = DIRECTION('',(-1.,0.,0.));
#1083 = DIRECTION('',(0.,0.,1.));
#1084 = ORIENTED_EDGE('',*,*,#1085,.F.);
#1085 = EDGE_CURVE('',#1026,#1077,#1086,.T.);
#1086 = LINE('',#1087,#1088);
#1087 = CARTESIAN_POINT('',(-0.3,-0.23,2.E-02));
#1088 = VECTOR('',#1089,1.);
#1089 = DIRECTION('',(0.,1.,0.));
#1090 = PLANE('',#1091);
#1091 = AXIS2_PLACEMENT_3D('',#1092,#1093,#1094);
#1092 = CARTESIAN_POINT('',(-0.3,-0.25,0.));
#1093 = DIRECTION('',(1.,0.,0.));
#1094 = DIRECTION('',(0.,0.,1.));
#1095 = ADVANCED_FACE('',(#1096),#1122,.T.);
#1096 = FACE_BOUND('',#1097,.T.);
#1097 = EDGE_LOOP('',(#1098,#1099,#1107,#1116));
#1098 = ORIENTED_EDGE('',*,*,#1023,.T.);
#1099 = ORIENTED_EDGE('',*,*,#1100,.T.);
#1100 = EDGE_CURVE('',#1026,#1101,#1103,.T.);
#1101 = VERTEX_POINT('',#1102);
#1102 = CARTESIAN_POINT('',(0.3,-0.21,2.E-02));
#1103 = LINE('',#1104,#1105);
#1104 = CARTESIAN_POINT('',(-0.3,-0.21,2.E-02));
#1105 = VECTOR('',#1106,1.);
#1106 = DIRECTION('',(1.,0.,0.));
#1107 = ORIENTED_EDGE('',*,*,#1108,.F.);
#1108 = EDGE_CURVE('',#1109,#1101,#1111,.T.);
#1109 = VERTEX_POINT('',#1110);
#1110 = CARTESIAN_POINT('',(0.3,-0.23,4.E-02));
#1111 = CIRCLE('',#1112,2.E-02);
#1112 = AXIS2_PLACEMENT_3D('',#1113,#1114,#1115);
#1113 = CARTESIAN_POINT('',(0.3,-0.21,4.E-02));
#1114 = DIRECTION('',(1.,0.,-0.));
#1115 = DIRECTION('',(0.,0.,1.));
#1116 = ORIENTED_EDGE('',*,*,#1117,.F.);
#1117 = EDGE_CURVE('',#1024,#1109,#1118,.T.);
#1118 = LINE('',#1119,#1120);
#1119 = CARTESIAN_POINT('',(-0.3,-0.23,4.E-02));
#1120 = VECTOR('',#1121,1.);
#1121 = DIRECTION('',(1.,0.,0.));
#1122 = CYLINDRICAL_SURFACE('',#1123,2.E-02);
#1123 = AXIS2_PLACEMENT_3D('',#1124,#1125,#1126);
#1124 = CARTESIAN_POINT('',(-0.3,-0.21,4.E-02));
#1125 = DIRECTION('',(1.,0.,0.));
#1126 = DIRECTION('',(0.,-1.,0.));
#1127 = ADVANCED_FACE('',(#1128),#1146,.F.);
#1128 = FACE_BOUND('',#1129,.F.);
#1129 = EDGE_LOOP('',(#1130,#1131,#1132,#1140));
#1130 = ORIENTED_EDGE('',*,*,#1085,.F.);
#1131 = ORIENTED_EDGE('',*,*,#1100,.T.);
#1132 = ORIENTED_EDGE('',*,*,#1133,.T.);
#1133 = EDGE_CURVE('',#1101,#1134,#1136,.T.);
#1134 = VERTEX_POINT('',#1135);
#1135 = CARTESIAN_POINT('',(0.3,0.21,2.E-02));
#1136 = LINE('',#1137,#1138);
#1137 = CARTESIAN_POINT('',(0.3,-0.23,2.E-02));
#1138 = VECTOR('',#1139,1.);
#1139 = DIRECTION('',(0.,1.,0.));
#1140 = ORIENTED_EDGE('',*,*,#1141,.F.);
#1141 = EDGE_CURVE('',#1077,#1134,#1142,.T.);
#1142 = LINE('',#1143,#1144);
#1143 = CARTESIAN_POINT('',(-0.3,0.21,2.E-02));
#1144 = VECTOR('',#1145,1.);
#1145 = DIRECTION('',(1.,0.,0.));
#1146 = PLANE('',#1147);
#1147 = AXIS2_PLACEMENT_3D('',#1148,#1149,#1150);
#1148 = CARTESIAN_POINT('',(-0.3,-0.23,2.E-02));
#1149 = DIRECTION('',(0.,0.,1.));
#1150 = DIRECTION('',(1.,0.,-0.));
#1151 = ADVANCED_FACE('',(#1152),#1171,.T.);
#1152 = FACE_BOUND('',#1153,.T.);
#1153 = EDGE_LOOP('',(#1154,#1162,#1169,#1170));
#1154 = ORIENTED_EDGE('',*,*,#1155,.T.);
#1155 = EDGE_CURVE('',#1069,#1156,#1158,.T.);
#1156 = VERTEX_POINT('',#1157);
#1157 = CARTESIAN_POINT('',(0.3,0.23,4.E-02));
#1158 = LINE('',#1159,#1160);
#1159 = CARTESIAN_POINT('',(-0.3,0.23,4.E-02));
#1160 = VECTOR('',#1161,1.);
#1161 = DIRECTION('',(1.,0.,0.));
#1162 = ORIENTED_EDGE('',*,*,#1163,.T.);
#1163 = EDGE_CURVE('',#1156,#1134,#1164,.T.);
#1164 = CIRCLE('',#1165,2.E-02);
#1165 = AXIS2_PLACEMENT_3D('',#1166,#1167,#1168);
#1166 = CARTESIAN_POINT('',(0.3,0.21,4.E-02));
#1167 = DIRECTION('',(-1.,0.,0.));
#1168 = DIRECTION('',(0.,0.,1.));
#1169 = ORIENTED_EDGE('',*,*,#1141,.F.);
#1170 = ORIENTED_EDGE('',*,*,#1076,.F.);
#1171 = CYLINDRICAL_SURFACE('',#1172,2.E-02);
#1172 = AXIS2_PLACEMENT_3D('',#1173,#1174,#1175);
#1173 = CARTESIAN_POINT('',(-0.3,0.21,4.E-02));
#1174 = DIRECTION('',(1.,0.,0.));
#1175 = DIRECTION('',(-0.,1.,0.));
#1176 = ADVANCED_FACE('',(#1177),#1195,.T.);
#1177 = FACE_BOUND('',#1178,.T.);
#1178 = EDGE_LOOP('',(#1179,#1187,#1188,#1189));
#1179 = ORIENTED_EDGE('',*,*,#1180,.F.);
#1180 = EDGE_CURVE('',#1156,#1181,#1183,.T.);
#1181 = VERTEX_POINT('',#1182);
#1182 = CARTESIAN_POINT('',(0.3,0.23,0.46));
#1183 = LINE('',#1184,#1185);
#1184 = CARTESIAN_POINT('',(0.3,0.23,2.E-02));
#1185 = VECTOR('',#1186,1.);
#1186 = DIRECTION('',(0.,0.,1.));
#1187 = ORIENTED_EDGE('',*,*,#1155,.F.);
#1188 = ORIENTED_EDGE('',*,*,#1068,.T.);
#1189 = ORIENTED_EDGE('',*,*,#1190,.T.);
#1190 = EDGE_CURVE('',#1060,#1181,#1191,.T.);
#1191 = LINE('',#1192,#1193);
#1192 = CARTESIAN_POINT('',(-0.3,0.23,0.46));
#1193 = VECTOR('',#1194,1.);
#1194 = DIRECTION('',(1.,0.,0.));
#1195 = PLANE('',#1196);
#1196 = AXIS2_PLACEMENT_3D('',#1197,#1198,#1199);
#1197 = CARTESIAN_POINT('',(-0.3,0.23,2.E-02));
#1198 = DIRECTION('',(0.,1.,0.));
#1199 = DIRECTION('',(0.,-0.,1.));
#1200 = ADVANCED_FACE('',(#1201),#1220,.T.);
#1201 = FACE_BOUND('',#1202,.T.);
#1202 = EDGE_LOOP('',(#1203,#1204,#1212,#1219));
#1203 = ORIENTED_EDGE('',*,*,#1059,.T.);
#1204 = ORIENTED_EDGE('',*,*,#1205,.T.);
#1205 = EDGE_CURVE('',#1052,#1206,#1208,.T.);
#1206 = VERTEX_POINT('',#1207);
#1207 = CARTESIAN_POINT('',(0.3,0.21,0.48));
#1208 = LINE('',#1209,#1210);
#1209 = CARTESIAN_POINT('',(-0.3,0.21,0.48));
#1210 = VECTOR('',#1211,1.);
#1211 = DIRECTION('',(1.,0.,0.));
#1212 = ORIENTED_EDGE('',*,*,#1213,.F.);
#1213 = EDGE_CURVE('',#1181,#1206,#1214,.T.);
#1214 = CIRCLE('',#1215,2.E-02);
#1215 = AXIS2_PLACEMENT_3D('',#1216,#1217,#1218);
#1216 = CARTESIAN_POINT('',(0.3,0.21,0.46));
#1217 = DIRECTION('',(1.,0.,-0.));
#1218 = DIRECTION('',(0.,0.,1.));
#1219 = ORIENTED_EDGE('',*,*,#1190,.F.);
#1220 = CYLINDRICAL_SURFACE('',#1221,2.E-02);
#1221 = AXIS2_PLACEMENT_3D('',#1222,#1223,#1224);
#1222 = CARTESIAN_POINT('',(-0.3,0.21,0.46));
#1223 = DIRECTION('',(1.,0.,0.));
#1224 = DIRECTION('',(-0.,1.,0.));
#1225 = ADVANCED_FACE('',(#1226),#1244,.T.);
#1226 = FACE_BOUND('',#1227,.T.);
#1227 = EDGE_LOOP('',(#1228,#1229,#1237,#1243));
#1228 = ORIENTED_EDGE('',*,*,#1051,.F.);
#1229 = ORIENTED_EDGE('',*,*,#1230,.T.);
#1230 = EDGE_CURVE('',#1043,#1231,#1233,.T.);
#1231 = VERTEX_POINT('',#1232);
#1232 = CARTESIAN_POINT('',(0.3,-0.21,0.48));
#1233 = LINE('',#1234,#1235);
#1234 = CARTESIAN_POINT('',(-0.3,-0.21,0.48));
#1235 = VECTOR('',#1236,1.);
#1236 = DIRECTION('',(1.,0.,0.));
#1237 = ORIENTED_EDGE('',*,*,#1238,.T.);
#1238 = EDGE_CURVE('',#1231,#1206,#1239,.T.);
#1239 = LINE('',#1240,#1241);
#1240 = CARTESIAN_POINT('',(0.3,-0.23,0.48));
#1241 = VECTOR('',#1242,1.);
#1242 = DIRECTION('',(0.,1.,0.));
#1243 = ORIENTED_EDGE('',*,*,#1205,.F.);
#1244 = PLANE('',#1245);
#1245 = AXIS2_PLACEMENT_3D('',#1246,#1247,#1248);
#1246 = CARTESIAN_POINT('',(-0.3,-0.23,0.48));
#1247 = DIRECTION('',(0.,0.,1.));
#1248 = DIRECTION('',(1.,0.,-0.));
#1249 = ADVANCED_FACE('',(#1250),#1269,.T.);
#1250 = FACE_BOUND('',#1251,.T.);
#1251 = EDGE_LOOP('',(#1252,#1260,#1267,#1268));
#1252 = ORIENTED_EDGE('',*,*,#1253,.T.);
#1253 = EDGE_CURVE('',#1035,#1254,#1256,.T.);
#1254 = VERTEX_POINT('',#1255);
#1255 = CARTESIAN_POINT('',(0.3,-0.23,0.46));
#1256 = LINE('',#1257,#1258);
#1257 = CARTESIAN_POINT('',(-0.3,-0.23,0.46));
#1258 = VECTOR('',#1259,1.);
#1259 = DIRECTION('',(1.,0.,0.));
#1260 = ORIENTED_EDGE('',*,*,#1261,.T.);
#1261 = EDGE_CURVE('',#1254,#1231,#1262,.T.);
#1262 = CIRCLE('',#1263,2.E-02);
#1263 = AXIS2_PLACEMENT_3D('',#1264,#1265,#1266);
#1264 = CARTESIAN_POINT('',(0.3,-0.21,0.46));
#1265 = DIRECTION('',(-1.,0.,0.));
#1266 = DIRECTION('',(0.,0.,1.));
#1267 = ORIENTED_EDGE('',*,*,#1230,.F.);
#1268 = ORIENTED_EDGE('',*,*,#1042,.F.);
#1269 = CYLINDRICAL_SURFACE('',#1270,2.E-02);
#1270 = AXIS2_PLACEMENT_3D('',#1271,#1272,#1273);
#1271 = CARTESIAN_POINT('',(-0.3,-0.21,0.46));
#1272 = DIRECTION('',(1.,0.,0.));
#1273 = DIRECTION('',(0.,-1.,0.));
#1274 = ADVANCED_FACE('',(#1275),#1286,.F.);
#1275 = FACE_BOUND('',#1276,.F.);
#1276 = EDGE_LOOP('',(#1277,#1283,#1284,#1285));
#1277 = ORIENTED_EDGE('',*,*,#1278,.F.);
#1278 = EDGE_CURVE('',#1109,#1254,#1279,.T.);
#1279 = LINE('',#1280,#1281);
#1280 = CARTESIAN_POINT('',(0.3,-0.23,2.E-02));
#1281 = VECTOR('',#1282,1.);
#1282 = DIRECTION('',(0.,0.,1.));
#1283 = ORIENTED_EDGE('',*,*,#1117,.F.);
#1284 = ORIENTED_EDGE('',*,*,#1034,.T.);
#1285 = ORIENTED_EDGE('',*,*,#1253,.T.);
#1286 = PLANE('',#1287);
#1287 = AXIS2_PLACEMENT_3D('',#1288,#1289,#1290);
#1288 = CARTESIAN_POINT('',(-0.3,-0.23,2.E-02));
#1289 = DIRECTION('',(0.,1.,0.));
#1290 = DIRECTION('',(0.,-0.,1.));
#1291 = ADVANCED_FACE('',(#1292,#1362),#1372,.F.);
#1292 = FACE_BOUND('',#1293,.F.);
#1293 = EDGE_LOOP('',(#1294,#1304,#1313,#1321,#1330,#1338,#1347,#1355));
#1294 = ORIENTED_EDGE('',*,*,#1295,.F.);
#1295 = EDGE_CURVE('',#1296,#1298,#1300,.T.);
#1296 = VERTEX_POINT('',#1297);
#1297 = CARTESIAN_POINT('',(0.3,-0.25,2.E-02));
#1298 = VERTEX_POINT('',#1299);
#1299 = CARTESIAN_POINT('',(0.3,-0.25,0.48));
#1300 = LINE('',#1301,#1302);
#1301 = CARTESIAN_POINT('',(0.3,-0.25,0.));
#1302 = VECTOR('',#1303,1.);
#1303 = DIRECTION('',(0.,0.,1.));
#1304 = ORIENTED_EDGE('',*,*,#1305,.T.);
#1305 = EDGE_CURVE('',#1296,#1306,#1308,.T.);
#1306 = VERTEX_POINT('',#1307);
#1307 = CARTESIAN_POINT('',(0.3,-0.23,0.));
#1308 = CIRCLE('',#1309,2.E-02);
#1309 = AXIS2_PLACEMENT_3D('',#1310,#1311,#1312);
#1310 = CARTESIAN_POINT('',(0.3,-0.23,2.E-02));
#1311 = DIRECTION('',(1.,0.,-0.));
#1312 = DIRECTION('',(0.,0.,1.));
#1313 = ORIENTED_EDGE('',*,*,#1314,.T.);
#1314 = EDGE_CURVE('',#1306,#1315,#1317,.T.);
#1315 = VERTEX_POINT('',#1316);
#1316 = CARTESIAN_POINT('',(0.3,0.23,0.));
#1317 = LINE('',#1318,#1319);
#1318 = CARTESIAN_POINT('',(0.3,-0.25,0.));
#1319 = VECTOR('',#1320,1.);
#1320 = DIRECTION('',(0.,1.,0.));
#1321 = ORIENTED_EDGE('',*,*,#1322,.F.);
#1322 = EDGE_CURVE('',#1323,#1315,#1325,.T.);
#1323 = VERTEX_POINT('',#1324);
#1324 = CARTESIAN_POINT('',(0.3,0.25,2.E-02));
#1325 = CIRCLE('',#1326,2.E-02);
#1326 = AXIS2_PLACEMENT_3D('',#1327,#1328,#1329);
#1327 = CARTESIAN_POINT('',(0.3,0.23,2.E-02));
#1328 = DIRECTION('',(-1.,0.,0.));
#1329 = DIRECTION('',(0.,0.,1.));
#1330 = ORIENTED_EDGE('',*,*,#1331,.T.);
#1331 = EDGE_CURVE('',#1323,#1332,#1334,.T.);
#1332 = VERTEX_POINT('',#1333);
#1333 = CARTESIAN_POINT('',(0.3,0.25,0.48));
#1334 = LINE('',#1335,#1336);
#1335 = CARTESIAN_POINT('',(0.3,0.25,0.));
#1336 = VECTOR('',#1337,1.);
#1337 = DIRECTION('',(0.,0.,1.));
#1338 = ORIENTED_EDGE('',*,*,#1339,.T.);
#1339 = EDGE_CURVE('',#1332,#1340,#1342,.T.);
#1340 = VERTEX_POINT('',#1341);
#1341 = CARTESIAN_POINT('',(0.3,0.23,0.5));
#1342 = CIRCLE('',#1343,2.E-02);
#1343 = AXIS2_PLACEMENT_3D('',#1344,#1345,#1346);
#1344 = CARTESIAN_POINT('',(0.3,0.23,0.48));
#1345 = DIRECTION('',(1.,0.,-0.));
#1346 = DIRECTION('',(0.,0.,1.));
#1347 = ORIENTED_EDGE('',*,*,#1348,.F.);
#1348 = EDGE_CURVE('',#1349,#1340,#1351,.T.);
#1349 = VERTEX_POINT('',#1350);
#1350 = CARTESIAN_POINT('',(0.3,-0.23,0.5));
#1351 = LINE('',#1352,#1353);
#1352 = CARTESIAN_POINT('',(0.3,-0.25,0.5));
#1353 = VECTOR('',#1354,1.);
#1354 = DIRECTION('',(0.,1.,0.));
#1355 = ORIENTED_EDGE('',*,*,#1356,.F.);
#1356 = EDGE_CURVE('',#1298,#1349,#1357,.T.);
#1357 = CIRCLE('',#1358,2.E-02);
#1358 = AXIS2_PLACEMENT_3D('',#1359,#1360,#1361);
#1359 = CARTESIAN_POINT('',(0.3,-0.23,0.48));
#1360 = DIRECTION('',(-1.,0.,0.));
#1361 = DIRECTION('',(0.,0.,1.));
#1362 = FACE_BOUND('',#1363,.F.);
#1363 = EDGE_LOOP('',(#1364,#1365,#1366,#1367,#1368,#1369,#1370,#1371));
#1364 = ORIENTED_EDGE('',*,*,#1108,.F.);
#1365 = ORIENTED_EDGE('',*,*,#1278,.T.);
#1366 = ORIENTED_EDGE('',*,*,#1261,.T.);
#1367 = ORIENTED_EDGE('',*,*,#1238,.T.);
#1368 = ORIENTED_EDGE('',*,*,#1213,.F.);
#1369 = ORIENTED_EDGE('',*,*,#1180,.F.);
#1370 = ORIENTED_EDGE('',*,*,#1163,.T.);
#1371 = ORIENTED_EDGE('',*,*,#1133,.F.);
#1372 = PLANE('',#1373);
#1373 = AXIS2_PLACEMENT_3D('',#1374,#1375,#1376);
#1374 = CARTESIAN_POINT('',(0.3,-0.25,0.));
#1375 = DIRECTION('',(1.,0.,0.));
#1376 = DIRECTION('',(0.,0.,1.));
#1377 = ADVANCED_FACE('',(#1378),#1403,.F.);
#1378 = FACE_BOUND('',#1379,.F.);
#1379 = EDGE_LOOP('',(#1380,#1390,#1396,#1397));
#1380 = ORIENTED_EDGE('',*,*,#1381,.F.);
#1381 = EDGE_CURVE('',#1382,#1384,#1386,.T.);
#1382 = VERTEX_POINT('',#1383);
#1383 = CARTESIAN_POINT('',(0.5,-0.25,2.E-02));
#1384 = VERTEX_POINT('',#1385);
#1385 = CARTESIAN_POINT('',(0.5,-0.25,0.48));
#1386 = LINE('',#1387,#1388);
#1387 = CARTESIAN_POINT('',(0.5,-0.25,0.));
#1388 = VECTOR('',#1389,1.);
#1389 = DIRECTION('',(0.,0.,1.));
#1390 = ORIENTED_EDGE('',*,*,#1391,.F.);
#1391 = EDGE_CURVE('',#1296,#1382,#1392,.T.);
#1392 = LINE('',#1393,#1394);
#1393 = CARTESIAN_POINT('',(0.3,-0.25,2.E-02));
#1394 = VECTOR('',#1395,1.);
#1395 = DIRECTION('',(1.,0.,0.));
#1396 = ORIENTED_EDGE('',*,*,#1295,.T.);
#1397 = ORIENTED_EDGE('',*,*,#1398,.T.);
#1398 = EDGE_CURVE('',#1298,#1384,#1399,.T.);
#1399 = LINE('',#1400,#1401);
#1400 = CARTESIAN_POINT('',(0.3,-0.25,0.48));
#1401 = VECTOR('',#1402,1.);
#1402 = DIRECTION('',(1.,0.,0.));
#1403 = PLANE('',#1404);
#1404 = AXIS2_PLACEMENT_3D('',#1405,#1406,#1407);
#1405 = CARTESIAN_POINT('',(0.3,-0.25,0.));
#1406 = DIRECTION('',(0.,1.,0.));
#1407 = DIRECTION('',(0.,-0.,1.));
#1408 = ADVANCED_FACE('',(#1409),#1428,.T.);
#1409 = FACE_BOUND('',#1410,.T.);
#1410 = EDGE_LOOP('',(#1411,#1412,#1420,#1427));
#1411 = ORIENTED_EDGE('',*,*,#1305,.T.);
#1412 = ORIENTED_EDGE('',*,*,#1413,.T.);
#1413 = EDGE_CURVE('',#1306,#1414,#1416,.T.);
#1414 = VERTEX_POINT('',#1415);
#1415 = CARTESIAN_POINT('',(0.5,-0.23,0.));
#1416 = LINE('',#1417,#1418);
#1417 = CARTESIAN_POINT('',(0.3,-0.23,0.));
#1418 = VECTOR('',#1419,1.);
#1419 = DIRECTION('',(1.,0.,0.));
#1420 = ORIENTED_EDGE('',*,*,#1421,.F.);
#1421 = EDGE_CURVE('',#1382,#1414,#1422,.T.);
#1422 = CIRCLE('',#1423,2.E-02);
#1423 = AXIS2_PLACEMENT_3D('',#1424,#1425,#1426);
#1424 = CARTESIAN_POINT('',(0.5,-0.23,2.E-02));
#1425 = DIRECTION('',(1.,0.,-0.));
#1426 = DIRECTION('',(0.,0.,1.));
#1427 = ORIENTED_EDGE('',*,*,#1391,.F.);
#1428 = CYLINDRICAL_SURFACE('',#1429,2.E-02);
#1429 = AXIS2_PLACEMENT_3D('',#1430,#1431,#1432);
#1430 = CARTESIAN_POINT('',(0.3,-0.23,2.E-02));
#1431 = DIRECTION('',(1.,0.,0.));
#1432 = DIRECTION('',(0.,-1.,0.));
#1433 = ADVANCED_FACE('',(#1434),#1453,.T.);
#1434 = FACE_BOUND('',#1435,.T.);
#1435 = EDGE_LOOP('',(#1436,#1437,#1446,#1452));
#1436 = ORIENTED_EDGE('',*,*,#1398,.T.);
#1437 = ORIENTED_EDGE('',*,*,#1438,.T.);
#1438 = EDGE_CURVE('',#1384,#1439,#1441,.T.);
#1439 = VERTEX_POINT('',#1440);
#1440 = CARTESIAN_POINT('',(0.5,-0.23,0.5));
#1441 = CIRCLE('',#1442,2.E-02);
#1442 = AXIS2_PLACEMENT_3D('',#1443,#1444,#1445);
#1443 = CARTESIAN_POINT('',(0.5,-0.23,0.48));
#1444 = DIRECTION('',(-1.,0.,0.));
#1445 = DIRECTION('',(0.,0.,1.));
#1446 = ORIENTED_EDGE('',*,*,#1447,.F.);
#1447 = EDGE_CURVE('',#1349,#1439,#1448,.T.);
#1448 = LINE('',#1449,#1450);
#1449 = CARTESIAN_POINT('',(0.3,-0.23,0.5));
#1450 = VECTOR('',#1451,1.);
#1451 = DIRECTION('',(1.,0.,0.));
#1452 = ORIENTED_EDGE('',*,*,#1356,.F.);
#1453 = CYLINDRICAL_SURFACE('',#1454,2.E-02);
#1454 = AXIS2_PLACEMENT_3D('',#1455,#1456,#1457);
#1455 = CARTESIAN_POINT('',(0.3,-0.23,0.48));
#1456 = DIRECTION('',(1.,0.,0.));
#1457 = DIRECTION('',(0.,-1.,0.));
#1458 = ADVANCED_FACE('',(#1459),#1477,.F.);
#1459 = FACE_BOUND('',#1460,.F.);
#1460 = EDGE_LOOP('',(#1461,#1462,#1463,#1471));
#1461 = ORIENTED_EDGE('',*,*,#1314,.F.);
#1462 = ORIENTED_EDGE('',*,*,#1413,.T.);
#1463 = ORIENTED_EDGE('',*,*,#1464,.T.);
#1464 = EDGE_CURVE('',#1414,#1465,#1467,.T.);
#1465 = VERTEX_POINT('',#1466);
#1466 = CARTESIAN_POINT('',(0.5,0.23,0.));
#1467 = LINE('',#1468,#1469);
#1468 = CARTESIAN_POINT('',(0.5,-0.25,0.));
#1469 = VECTOR('',#1470,1.);
#1470 = DIRECTION('',(0.,1.,0.));
#1471 = ORIENTED_EDGE('',*,*,#1472,.F.);
#1472 = EDGE_CURVE('',#1315,#1465,#1473,.T.);
#1473 = LINE('',#1474,#1475);
#1474 = CARTESIAN_POINT('',(0.3,0.23,0.));
#1475 = VECTOR('',#1476,1.);
#1476 = DIRECTION('',(1.,0.,0.));
#1477 = PLANE('',#1478);
#1478 = AXIS2_PLACEMENT_3D('',#1479,#1480,#1481);
#1479 = CARTESIAN_POINT('',(0.3,-0.25,0.));
#1480 = DIRECTION('',(0.,0.,1.));
#1481 = DIRECTION('',(1.,0.,-0.));
#1482 = ADVANCED_FACE('',(#1483),#1501,.T.);
#1483 = FACE_BOUND('',#1484,.T.);
#1484 = EDGE_LOOP('',(#1485,#1486,#1487,#1495));
#1485 = ORIENTED_EDGE('',*,*,#1348,.F.);
#1486 = ORIENTED_EDGE('',*,*,#1447,.T.);
#1487 = ORIENTED_EDGE('',*,*,#1488,.T.);
#1488 = EDGE_CURVE('',#1439,#1489,#1491,.T.);
#1489 = VERTEX_POINT('',#1490);
#1490 = CARTESIAN_POINT('',(0.5,0.23,0.5));
#1491 = LINE('',#1492,#1493);
#1492 = CARTESIAN_POINT('',(0.5,-0.25,0.5));
#1493 = VECTOR('',#1494,1.);
#1494 = DIRECTION('',(0.,1.,0.));
#1495 = ORIENTED_EDGE('',*,*,#1496,.F.);
#1496 = EDGE_CURVE('',#1340,#1489,#1497,.T.);
#1497 = LINE('',#1498,#1499);
#1498 = CARTESIAN_POINT('',(0.3,0.23,0.5));
#1499 = VECTOR('',#1500,1.);
#1500 = DIRECTION('',(1.,0.,0.));
#1501 = PLANE('',#1502);
#1502 = AXIS2_PLACEMENT_3D('',#1503,#1504,#1505);
#1503 = CARTESIAN_POINT('',(0.3,-0.25,0.5));
#1504 = DIRECTION('',(0.,0.,1.));
#1505 = DIRECTION('',(1.,0.,-0.));
#1506 = ADVANCED_FACE('',(#1507),#1526,.T.);
#1507 = FACE_BOUND('',#1508,.T.);
#1508 = EDGE_LOOP('',(#1509,#1517,#1524,#1525));
#1509 = ORIENTED_EDGE('',*,*,#1510,.T.);
#1510 = EDGE_CURVE('',#1323,#1511,#1513,.T.);
#1511 = VERTEX_POINT('',#1512);
#1512 = CARTESIAN_POINT('',(0.5,0.25,2.E-02));
#1513 = LINE('',#1514,#1515);
#1514 = CARTESIAN_POINT('',(0.3,0.25,2.E-02));
#1515 = VECTOR('',#1516,1.);
#1516 = DIRECTION('',(1.,0.,0.));
#1517 = ORIENTED_EDGE('',*,*,#1518,.T.);
#1518 = EDGE_CURVE('',#1511,#1465,#1519,.T.);
#1519 = CIRCLE('',#1520,2.E-02);
#1520 = AXIS2_PLACEMENT_3D('',#1521,#1522,#1523);
#1521 = CARTESIAN_POINT('',(0.5,0.23,2.E-02));
#1522 = DIRECTION('',(-1.,0.,0.));
#1523 = DIRECTION('',(0.,0.,1.));
#1524 = ORIENTED_EDGE('',*,*,#1472,.F.);
#1525 = ORIENTED_EDGE('',*,*,#1322,.F.);
#1526 = CYLINDRICAL_SURFACE('',#1527,2.E-02);
#1527 = AXIS2_PLACEMENT_3D('',#1528,#1529,#1530);
#1528 = CARTESIAN_POINT('',(0.3,0.23,2.E-02));
#1529 = DIRECTION('',(1.,0.,0.));
#1530 = DIRECTION('',(-0.,1.,0.));
#1531 = ADVANCED_FACE('',(#1532),#1551,.T.);
#1532 = FACE_BOUND('',#1533,.T.);
#1533 = EDGE_LOOP('',(#1534,#1535,#1536,#1545));
#1534 = ORIENTED_EDGE('',*,*,#1339,.T.);
#1535 = ORIENTED_EDGE('',*,*,#1496,.T.);
#1536 = ORIENTED_EDGE('',*,*,#1537,.F.);
#1537 = EDGE_CURVE('',#1538,#1489,#1540,.T.);
#1538 = VERTEX_POINT('',#1539);
#1539 = CARTESIAN_POINT('',(0.5,0.25,0.48));
#1540 = CIRCLE('',#1541,2.E-02);
#1541 = AXIS2_PLACEMENT_3D('',#1542,#1543,#1544);
#1542 = CARTESIAN_POINT('',(0.5,0.23,0.48));
#1543 = DIRECTION('',(1.,0.,-0.));
#1544 = DIRECTION('',(0.,0.,1.));
#1545 = ORIENTED_EDGE('',*,*,#1546,.F.);
#1546 = EDGE_CURVE('',#1332,#1538,#1547,.T.);
#1547 = LINE('',#1548,#1549);
#1548 = CARTESIAN_POINT('',(0.3,0.25,0.48));
#1549 = VECTOR('',#1550,1.);
#1550 = DIRECTION('',(1.,0.,0.));
#1551 = CYLINDRICAL_SURFACE('',#1552,2.E-02);
#1552 = AXIS2_PLACEMENT_3D('',#1553,#1554,#1555);
#1553 = CARTESIAN_POINT('',(0.3,0.23,0.48));
#1554 = DIRECTION('',(1.,0.,0.));
#1555 = DIRECTION('',(-0.,1.,0.));
#1556 = ADVANCED_FACE('',(#1557),#1568,.T.);
#1557 = FACE_BOUND('',#1558,.T.);
#1558 = EDGE_LOOP('',(#1559,#1565,#1566,#1567));
#1559 = ORIENTED_EDGE('',*,*,#1560,.F.);
#1560 = EDGE_CURVE('',#1511,#1538,#1561,.T.);
#1561 = LINE('',#1562,#1563);
#1562 = CARTESIAN_POINT('',(0.5,0.25,0.));
#1563 = VECTOR('',#1564,1.);
#1564 = DIRECTION('',(0.,0.,1.));
#1565 = ORIENTED_EDGE('',*,*,#1510,.F.);
#1566 = ORIENTED_EDGE('',*,*,#1331,.T.);
#1567 = ORIENTED_EDGE('',*,*,#1546,.T.);
#1568 = PLANE('',#1569);
#1569 = AXIS2_PLACEMENT_3D('',#1570,#1571,#1572);
#1570 = CARTESIAN_POINT('',(0.3,0.25,0.));
#1571 = DIRECTION('',(0.,1.,0.));
#1572 = DIRECTION('',(0.,-0.,1.));
#1573 = ADVANCED_FACE('',(#1574),#1584,.T.);
#1574 = FACE_BOUND('',#1575,.T.);
#1575 = EDGE_LOOP('',(#1576,#1577,#1578,#1579,#1580,#1581,#1582,#1583));
#1576 = ORIENTED_EDGE('',*,*,#1381,.F.);
#1577 = ORIENTED_EDGE('',*,*,#1421,.T.);
#1578 = ORIENTED_EDGE('',*,*,#1464,.T.);
#1579 = ORIENTED_EDGE('',*,*,#1518,.F.);
#1580 = ORIENTED_EDGE('',*,*,#1560,.T.);
#1581 = ORIENTED_EDGE('',*,*,#1537,.T.);
#1582 = ORIENTED_EDGE('',*,*,#1488,.F.);
#1583 = ORIENTED_EDGE('',*,*,#1438,.F.);
#1584 = PLANE('',#1585);
#1585 = AXIS2_PLACEMENT_3D('',#1586,#1587,#1588);
#1586 = CARTESIAN_POINT('',(0.5,-0.25,0.));
#1587 = DIRECTION('',(1.,0.,0.));
#1588 = DIRECTION('',(0.,0.,1.));
#1589 = ( GEOMETRIC_REPRESENTATION_CONTEXT(3) 
GLOBAL_UNCERTAINTY_ASSIGNED_CONTEXT((#1593)) 
GLOBAL_UNIT_ASSIGNED_CONTEXT((#1590,#1591,#1592)) REPRESENTATION_CONTEXT
('Context #1','3D Context with UNIT and UNCERTAINTY') );
#1590 = ( LENGTH_UNIT() NAMED_UNIT(*) SI_UNIT(.MILLI.,.METRE.) );
#1591 = ( NAMED_UNIT(*) PLANE_ANGLE_UNIT() SI_UNIT($,.RADIAN.) );
#1592 = ( NAMED_UNIT(*) SI_UNIT($,.STERADIAN.) SOLID_ANGLE_UNIT() );
#1593 = UNCERTAINTY_MEASURE_WITH_UNIT(LENGTH_MEASURE(1.E-07),#1590,
  'distance_accuracy_value','confusion accuracy');
#1594 = CONTEXT_DEPENDENT_SHAPE_REPRESENTATION(#1595,#1597);
#1595 = ( REPRESENTATION_RELATIONSHIP('','',#734,#711) 
REPRESENTATION_RELATIONSHIP_WITH_TRANSFORMATION(#1596) 
SHAPE_REPRESENTATION_RELATIONSHIP() );
#1596 = ITEM_DEFINED_TRANSFORMATION('','',#11,#712);
#1597 = PRODUCT_DEFINITION_SHAPE('Placement','Placement of an item',
  #1598);
#1598 = NEXT_ASSEMBLY_USAGE_OCCURRENCE('4','=>[0:1:1:5]','',#706,#729,$
  );
#1599 = PRODUCT_RELATED_PRODUCT_CATEGORY('part',$,(#731));
#1600 = SHAPE_DEFINITION_REPRESENTATION(#1601,#1607);
#1601 = PRODUCT_DEFINITION_SHAPE('','',#1602);
#1602 = PRODUCT_DEFINITION('design','',#1603,#1606);
#1603 = PRODUCT_DEFINITION_FORMATION('','',#1604);
#1604 = PRODUCT('D_SOD-882','D_SOD-882','',(#1605));
#1605 = PRODUCT_CONTEXT('',#2,'mechanical');
#1606 = PRODUCT_DEFINITION_CONTEXT('part definition',#2,'design');
#1607 = SHAPE_REPRESENTATION('',(#11,#1608),#1612);
#1608 = AXIS2_PLACEMENT_3D('',#1609,#1610,#1611);
#1609 = CARTESIAN_POINT('',(0.,0.,0.));
#1610 = DIRECTION('',(0.,0.,1.));
#1611 = DIRECTION('',(1.,0.,-0.));
#1612 = ( GEOMETRIC_REPRESENTATION_CONTEXT(3) 
GLOBAL_UNCERTAINTY_ASSIGNED_CONTEXT((#1616)) 
GLOBAL_UNIT_ASSIGNED_CONTEXT((#1613,#1614,#1615)) REPRESENTATION_CONTEXT
('Context #1','3D Context with UNIT and UNCERTAINTY') );
#1613 = ( LENGTH_UNIT() NAMED_UNIT(*) SI_UNIT(.MILLI.,.METRE.) );
#1614 = ( NAMED_UNIT(*) PLANE_ANGLE_UNIT() SI_UNIT($,.RADIAN.) );
#1615 = ( NAMED_UNIT(*) SI_UNIT($,.STERADIAN.) SOLID_ANGLE_UNIT() );
#1616 = UNCERTAINTY_MEASURE_WITH_UNIT(LENGTH_MEASURE(1.E-07),#1613,
  'distance_accuracy_value','confusion accuracy');
#1617 = CONTEXT_DEPENDENT_SHAPE_REPRESENTATION(#1618,#1620);
#1618 = ( REPRESENTATION_RELATIONSHIP('','',#1607,#10) 
REPRESENTATION_RELATIONSHIP_WITH_TRANSFORMATION(#1619) 
SHAPE_REPRESENTATION_RELATIONSHIP() );
#1619 = ITEM_DEFINED_TRANSFORMATION('','',#11,#27);
#1620 = PRODUCT_DEFINITION_SHAPE('Placement','Placement of an item',
  #1621);
#1621 = NEXT_ASSEMBLY_USAGE_OCCURRENCE('7','D1','',#5,#1602,$);
#1622 = PRODUCT_RELATED_PRODUCT_CATEGORY('part',$,(#1604));
#1623 = SHAPE_DEFINITION_REPRESENTATION(#1624,#1630);
#1624 = PRODUCT_DEFINITION_SHAPE('','',#1625);
#1625 = PRODUCT_DEFINITION('design','',#1626,#1629);
#1626 = PRODUCT_DEFINITION_FORMATION('','',#1627);
#1627 = PRODUCT('D_SOD-882','D_SOD-882','',(#1628));
#1628 = PRODUCT_CONTEXT('',#2,'mechanical');
#1629 = PRODUCT_DEFINITION_CONTEXT('part definition',#2,'design');
#1630 = ADVANCED_BREP_SHAPE_REPRESENTATION('',(#11,#1631),#2159);
#1631 = MANIFOLD_SOLID_BREP('',#1632);
#1632 = CLOSED_SHELL('',(#1633,#1669,#1697,#1719,#1741,#1787,#1799,#1827
    ,#1849,#1871,#1887,#1959,#1987,#2009,#2031,#2047,#2075,#2097,#2119,
    #2135,#2147));
#1633 = ADVANCED_FACE('',(#1634),#1664,.F.);
#1634 = FACE_BOUND('',#1635,.F.);
#1635 = EDGE_LOOP('',(#1636,#1645,#1652,#1659));
#1636 = ORIENTED_EDGE('',*,*,#1637,.F.);
#1637 = EDGE_CURVE('',#1638,#1640,#1642,.T.);
#1638 = VERTEX_POINT('',#1639);
#1639 = CARTESIAN_POINT('',(-0.44,-0.2333333334,0.58775510208));
#1640 = VERTEX_POINT('',#1641);
#1641 = CARTESIAN_POINT('',(-0.44,-0.2333333334,0.60000000004));
#1642 = B_SPLINE_CURVE_WITH_KNOTS('',1,(#1643,#1644),.UNSPECIFIED.,.F.,
  .F.,(2,2),(1.E-02,2.E-02),.PIECEWISE_BEZIER_KNOTS.);
#1643 = CARTESIAN_POINT('',(-0.44,-0.2333333334,0.58775510208));
#1644 = CARTESIAN_POINT('',(-0.44,-0.2333333334,0.60000000004));
#1645 = ORIENTED_EDGE('',*,*,#1646,.T.);
#1646 = EDGE_CURVE('',#1638,#1647,#1649,.T.);
#1647 = VERTEX_POINT('',#1648);
#1648 = CARTESIAN_POINT('',(-0.44,0.2333333334,0.58775510208));
#1649 = B_SPLINE_CURVE_WITH_KNOTS('',1,(#1650,#1651),.UNSPECIFIED.,.F.,
  .F.,(2,2),(5.E-02,0.45),.PIECEWISE_BEZIER_KNOTS.);
#1650 = CARTESIAN_POINT('',(-0.44,-0.2333333334,0.58775510208));
#1651 = CARTESIAN_POINT('',(-0.44,0.2333333334,0.58775510208));
#1652 = ORIENTED_EDGE('',*,*,#1653,.T.);
#1653 = EDGE_CURVE('',#1647,#1654,#1656,.T.);
#1654 = VERTEX_POINT('',#1655);
#1655 = CARTESIAN_POINT('',(-0.44,0.2333333334,0.60000000004));
#1656 = B_SPLINE_CURVE_WITH_KNOTS('',1,(#1657,#1658),.UNSPECIFIED.,.F.,
  .F.,(2,2),(1.E-02,2.E-02),.PIECEWISE_BEZIER_KNOTS.);
#1657 = CARTESIAN_POINT('',(-0.44,0.2333333334,0.58775510208));
#1658 = CARTESIAN_POINT('',(-0.44,0.2333333334,0.60000000004));
#1659 = ORIENTED_EDGE('',*,*,#1660,.F.);
#1660 = EDGE_CURVE('',#1640,#1654,#1661,.T.);
#1661 = B_SPLINE_CURVE_WITH_KNOTS('',1,(#1662,#1663),.UNSPECIFIED.,.F.,
  .F.,(2,2),(0.,0.4),.PIECEWISE_BEZIER_KNOTS.);
#1662 = CARTESIAN_POINT('',(-0.44,-0.2333333334,0.60000000004));
#1663 = CARTESIAN_POINT('',(-0.44,0.2333333334,0.60000000004));
#1664 = B_SPLINE_SURFACE_WITH_KNOTS('',1,1,(
    (#1665,#1666)
    ,(#1667,#1668
    )),.UNSPECIFIED.,.F.,.F.,.F.,(2,2),(2,2),(1.E-02,2.E-02),(-0.4,0.),
  .PIECEWISE_BEZIER_KNOTS.);
#1665 = CARTESIAN_POINT('',(-0.44,0.2333333334,0.58775510208));
#1666 = CARTESIAN_POINT('',(-0.44,-0.2333333334,0.58775510208));
#1667 = CARTESIAN_POINT('',(-0.44,0.2333333334,0.60000000004));
#1668 = CARTESIAN_POINT('',(-0.44,-0.2333333334,0.60000000004));
#1669 = ADVANCED_FACE('',(#1670),#1692,.F.);
#1670 = FACE_BOUND('',#1671,.F.);
#1671 = EDGE_LOOP('',(#1672,#1681,#1686,#1687));
#1672 = ORIENTED_EDGE('',*,*,#1673,.F.);
#1673 = EDGE_CURVE('',#1674,#1676,#1678,.T.);
#1674 = VERTEX_POINT('',#1675);
#1675 = CARTESIAN_POINT('',(-0.11,-0.2333333334,0.58775510208));
#1676 = VERTEX_POINT('',#1677);
#1677 = CARTESIAN_POINT('',(-0.11,-0.2333333334,0.60000000004));
#1678 = B_SPLINE_CURVE_WITH_KNOTS('',1,(#1679,#1680),.UNSPECIFIED.,.F.,
  .F.,(2,2),(1.E-02,2.E-02),.PIECEWISE_BEZIER_KNOTS.);
#1679 = CARTESIAN_POINT('',(-0.11,-0.2333333334,0.58775510208));
#1680 = CARTESIAN_POINT('',(-0.11,-0.2333333334,0.60000000004));
#1681 = ORIENTED_EDGE('',*,*,#1682,.T.);
#1682 = EDGE_CURVE('',#1674,#1638,#1683,.T.);
#1683 = B_SPLINE_CURVE_WITH_KNOTS('',1,(#1684,#1685),.UNSPECIFIED.,.F.,
  .F.,(2,2),(-0.35,-5.E-02),.PIECEWISE_BEZIER_KNOTS.);
#1684 = CARTESIAN_POINT('',(-0.11,-0.2333333334,0.58775510208));
#1685 = CARTESIAN_POINT('',(-0.44,-0.2333333334,0.58775510208));
#1686 = ORIENTED_EDGE('',*,*,#1637,.T.);
#1687 = ORIENTED_EDGE('',*,*,#1688,.T.);
#1688 = EDGE_CURVE('',#1640,#1676,#1689,.T.);
#1689 = B_SPLINE_CURVE_WITH_KNOTS('',1,(#1690,#1691),.UNSPECIFIED.,.F.,
  .F.,(2,2),(0.,0.3),.PIECEWISE_BEZIER_KNOTS.);
#1690 = CARTESIAN_POINT('',(-0.44,-0.2333333334,0.60000000004));
#1691 = CARTESIAN_POINT('',(-0.11,-0.2333333334,0.60000000004));
#1692 = B_SPLINE_SURFACE_WITH_KNOTS('',1,1,(
    (#1693,#1694)
    ,(#1695,#1696
    )),.UNSPECIFIED.,.F.,.F.,.F.,(2,2),(2,2),(1.E-02,2.E-02),(0.,0.3),
  .PIECEWISE_BEZIER_KNOTS.);
#1693 = CARTESIAN_POINT('',(-0.44,-0.2333333334,0.58775510208));
#1694 = CARTESIAN_POINT('',(-0.11,-0.2333333334,0.58775510208));
#1695 = CARTESIAN_POINT('',(-0.44,-0.2333333334,0.60000000004));
#1696 = CARTESIAN_POINT('',(-0.11,-0.2333333334,0.60000000004));
#1697 = ADVANCED_FACE('',(#1698),#1714,.T.);
#1698 = FACE_BOUND('',#1699,.T.);
#1699 = EDGE_LOOP('',(#1700,#1701,#1702,#1709));
#1700 = ORIENTED_EDGE('',*,*,#1660,.F.);
#1701 = ORIENTED_EDGE('',*,*,#1688,.T.);
#1702 = ORIENTED_EDGE('',*,*,#1703,.T.);
#1703 = EDGE_CURVE('',#1676,#1704,#1706,.T.);
#1704 = VERTEX_POINT('',#1705);
#1705 = CARTESIAN_POINT('',(-0.11,0.2333333334,0.60000000004));
#1706 = B_SPLINE_CURVE_WITH_KNOTS('',1,(#1707,#1708),.UNSPECIFIED.,.F.,
  .F.,(2,2),(0.,0.4),.PIECEWISE_BEZIER_KNOTS.);
#1707 = CARTESIAN_POINT('',(-0.11,-0.2333333334,0.60000000004));
#1708 = CARTESIAN_POINT('',(-0.11,0.2333333334,0.60000000004));
#1709 = ORIENTED_EDGE('',*,*,#1710,.F.);
#1710 = EDGE_CURVE('',#1654,#1704,#1711,.T.);
#1711 = B_SPLINE_CURVE_WITH_KNOTS('',1,(#1712,#1713),.UNSPECIFIED.,.F.,
  .F.,(2,2),(0.,0.3),.PIECEWISE_BEZIER_KNOTS.);
#1712 = CARTESIAN_POINT('',(-0.44,0.2333333334,0.60000000004));
#1713 = CARTESIAN_POINT('',(-0.11,0.2333333334,0.60000000004));
#1714 = B_SPLINE_SURFACE_WITH_KNOTS('',1,1,(
    (#1715,#1716)
    ,(#1717,#1718
    )),.UNSPECIFIED.,.F.,.F.,.F.,(2,2),(2,2),(0.,0.3),(0.,0.4),
  .PIECEWISE_BEZIER_KNOTS.);
#1715 = CARTESIAN_POINT('',(-0.44,-0.2333333334,0.60000000004));
#1716 = CARTESIAN_POINT('',(-0.44,0.2333333334,0.60000000004));
#1717 = CARTESIAN_POINT('',(-0.11,-0.2333333334,0.60000000004));
#1718 = CARTESIAN_POINT('',(-0.11,0.2333333334,0.60000000004));
#1719 = ADVANCED_FACE('',(#1720),#1736,.T.);
#1720 = FACE_BOUND('',#1721,.T.);
#1721 = EDGE_LOOP('',(#1722,#1729,#1734,#1735));
#1722 = ORIENTED_EDGE('',*,*,#1723,.F.);
#1723 = EDGE_CURVE('',#1724,#1704,#1726,.T.);
#1724 = VERTEX_POINT('',#1725);
#1725 = CARTESIAN_POINT('',(-0.11,0.2333333334,0.58775510208));
#1726 = B_SPLINE_CURVE_WITH_KNOTS('',1,(#1727,#1728),.UNSPECIFIED.,.F.,
  .F.,(2,2),(1.E-02,2.E-02),.PIECEWISE_BEZIER_KNOTS.);
#1727 = CARTESIAN_POINT('',(-0.11,0.2333333334,0.58775510208));
#1728 = CARTESIAN_POINT('',(-0.11,0.2333333334,0.60000000004));
#1729 = ORIENTED_EDGE('',*,*,#1730,.T.);
#1730 = EDGE_CURVE('',#1724,#1647,#1731,.T.);
#1731 = B_SPLINE_CURVE_WITH_KNOTS('',1,(#1732,#1733),.UNSPECIFIED.,.F.,
  .F.,(2,2),(-0.35,-5.E-02),.PIECEWISE_BEZIER_KNOTS.);
#1732 = CARTESIAN_POINT('',(-0.11,0.2333333334,0.58775510208));
#1733 = CARTESIAN_POINT('',(-0.44,0.2333333334,0.58775510208));
#1734 = ORIENTED_EDGE('',*,*,#1653,.T.);
#1735 = ORIENTED_EDGE('',*,*,#1710,.T.);
#1736 = B_SPLINE_SURFACE_WITH_KNOTS('',1,1,(
    (#1737,#1738)
    ,(#1739,#1740
    )),.UNSPECIFIED.,.F.,.F.,.F.,(2,2),(2,2),(1.E-02,2.E-02),(0.,0.3),
  .PIECEWISE_BEZIER_KNOTS.);
#1737 = CARTESIAN_POINT('',(-0.44,0.2333333334,0.58775510208));
#1738 = CARTESIAN_POINT('',(-0.11,0.2333333334,0.58775510208));
#1739 = CARTESIAN_POINT('',(-0.44,0.2333333334,0.60000000004));
#1740 = CARTESIAN_POINT('',(-0.11,0.2333333334,0.60000000004));
#1741 = ADVANCED_FACE('',(#1742,#1772),#1782,.T.);
#1742 = FACE_BOUND('',#1743,.T.);
#1743 = EDGE_LOOP('',(#1744,#1753,#1760,#1767));
#1744 = ORIENTED_EDGE('',*,*,#1745,.F.);
#1745 = EDGE_CURVE('',#1746,#1748,#1750,.T.);
#1746 = VERTEX_POINT('',#1747);
#1747 = CARTESIAN_POINT('',(-0.55,-0.3500000001,0.58775510208));
#1748 = VERTEX_POINT('',#1749);
#1749 = CARTESIAN_POINT('',(-0.55,0.3500000001,0.58775510208));
#1750 = B_SPLINE_CURVE_WITH_KNOTS('',1,(#1751,#1752),.UNSPECIFIED.,.F.,
  .F.,(2,2),(0.,0.6),.PIECEWISE_BEZIER_KNOTS.);
#1751 = CARTESIAN_POINT('',(-0.55,-0.3500000001,0.58775510208));
#1752 = CARTESIAN_POINT('',(-0.55,0.3500000001,0.58775510208));
#1753 = ORIENTED_EDGE('',*,*,#1754,.T.);
#1754 = EDGE_CURVE('',#1746,#1755,#1757,.T.);
#1755 = VERTEX_POINT('',#1756);
#1756 = CARTESIAN_POINT('',(0.55,-0.3500000001,0.58775510208));
#1757 = B_SPLINE_CURVE_WITH_KNOTS('',1,(#1758,#1759),.UNSPECIFIED.,.F.,
  .F.,(2,2),(0.,1.),.PIECEWISE_BEZIER_KNOTS.);
#1758 = CARTESIAN_POINT('',(-0.55,-0.3500000001,0.58775510208));
#1759 = CARTESIAN_POINT('',(0.55,-0.3500000001,0.58775510208));
#1760 = ORIENTED_EDGE('',*,*,#1761,.T.);
#1761 = EDGE_CURVE('',#1755,#1762,#1764,.T.);
#1762 = VERTEX_POINT('',#1763);
#1763 = CARTESIAN_POINT('',(0.55,0.3500000001,0.58775510208));
#1764 = B_SPLINE_CURVE_WITH_KNOTS('',1,(#1765,#1766),.UNSPECIFIED.,.F.,
  .F.,(2,2),(0.,0.6),.PIECEWISE_BEZIER_KNOTS.);
#1765 = CARTESIAN_POINT('',(0.55,-0.3500000001,0.58775510208));
#1766 = CARTESIAN_POINT('',(0.55,0.3500000001,0.58775510208));
#1767 = ORIENTED_EDGE('',*,*,#1768,.F.);
#1768 = EDGE_CURVE('',#1748,#1762,#1769,.T.);
#1769 = B_SPLINE_CURVE_WITH_KNOTS('',1,(#1770,#1771),.UNSPECIFIED.,.F.,
  .F.,(2,2),(0.,1.),.PIECEWISE_BEZIER_KNOTS.);
#1770 = CARTESIAN_POINT('',(-0.55,0.3500000001,0.58775510208));
#1771 = CARTESIAN_POINT('',(0.55,0.3500000001,0.58775510208));
#1772 = FACE_BOUND('',#1773,.T.);
#1773 = EDGE_LOOP('',(#1774,#1775,#1776,#1777));
#1774 = ORIENTED_EDGE('',*,*,#1682,.T.);
#1775 = ORIENTED_EDGE('',*,*,#1646,.T.);
#1776 = ORIENTED_EDGE('',*,*,#1730,.F.);
#1777 = ORIENTED_EDGE('',*,*,#1778,.F.);
#1778 = EDGE_CURVE('',#1674,#1724,#1779,.T.);
#1779 = B_SPLINE_CURVE_WITH_KNOTS('',1,(#1780,#1781),.UNSPECIFIED.,.F.,
  .F.,(2,2),(5.E-02,0.45),.PIECEWISE_BEZIER_KNOTS.);
#1780 = CARTESIAN_POINT('',(-0.11,-0.2333333334,0.58775510208));
#1781 = CARTESIAN_POINT('',(-0.11,0.2333333334,0.58775510208));
#1782 = B_SPLINE_SURFACE_WITH_KNOTS('',1,1,(
    (#1783,#1784)
    ,(#1785,#1786
    )),.UNSPECIFIED.,.F.,.F.,.F.,(2,2),(2,2),(0.,1.),(0.,0.6),
  .PIECEWISE_BEZIER_KNOTS.);
#1783 = CARTESIAN_POINT('',(-0.55,-0.3500000001,0.58775510208));
#1784 = CARTESIAN_POINT('',(-0.55,0.3500000001,0.58775510208));
#1785 = CARTESIAN_POINT('',(0.55,-0.3500000001,0.58775510208));
#1786 = CARTESIAN_POINT('',(0.55,0.3500000001,0.58775510208));
#1787 = ADVANCED_FACE('',(#1788),#1794,.T.);
#1788 = FACE_BOUND('',#1789,.T.);
#1789 = EDGE_LOOP('',(#1790,#1791,#1792,#1793));
#1790 = ORIENTED_EDGE('',*,*,#1673,.F.);
#1791 = ORIENTED_EDGE('',*,*,#1778,.T.);
#1792 = ORIENTED_EDGE('',*,*,#1723,.T.);
#1793 = ORIENTED_EDGE('',*,*,#1703,.F.);
#1794 = B_SPLINE_SURFACE_WITH_KNOTS('',1,1,(
    (#1795,#1796)
    ,(#1797,#1798
    )),.UNSPECIFIED.,.F.,.F.,.F.,(2,2),(2,2),(1.E-02,2.E-02),(-0.4,0.),
  .PIECEWISE_BEZIER_KNOTS.);
#1795 = CARTESIAN_POINT('',(-0.11,0.2333333334,0.58775510208));
#1796 = CARTESIAN_POINT('',(-0.11,-0.2333333334,0.58775510208));
#1797 = CARTESIAN_POINT('',(-0.11,0.2333333334,0.60000000004));
#1798 = CARTESIAN_POINT('',(-0.11,-0.2333333334,0.60000000004));
#1799 = ADVANCED_FACE('',(#1800),#1822,.F.);
#1800 = FACE_BOUND('',#1801,.F.);
#1801 = EDGE_LOOP('',(#1802,#1809,#1816,#1821));
#1802 = ORIENTED_EDGE('',*,*,#1803,.F.);
#1803 = EDGE_CURVE('',#1804,#1746,#1806,.T.);
#1804 = VERTEX_POINT('',#1805);
#1805 = CARTESIAN_POINT('',(-0.55,-0.3500000001,3.673469388E-02));
#1806 = B_SPLINE_CURVE_WITH_KNOTS('',1,(#1807,#1808),.UNSPECIFIED.,.F.,
  .F.,(2,2),(0.,0.45),.PIECEWISE_BEZIER_KNOTS.);
#1807 = CARTESIAN_POINT('',(-0.55,-0.3500000001,3.673469388E-02));
#1808 = CARTESIAN_POINT('',(-0.55,-0.3500000001,0.58775510208));
#1809 = ORIENTED_EDGE('',*,*,#1810,.T.);
#1810 = EDGE_CURVE('',#1804,#1811,#1813,.T.);
#1811 = VERTEX_POINT('',#1812);
#1812 = CARTESIAN_POINT('',(-0.55,0.3500000001,3.673469388E-02));
#1813 = B_SPLINE_CURVE_WITH_KNOTS('',1,(#1814,#1815),.UNSPECIFIED.,.F.,
  .F.,(2,2),(0.,0.6),.PIECEWISE_BEZIER_KNOTS.);
#1814 = CARTESIAN_POINT('',(-0.55,-0.3500000001,3.673469388E-02));
#1815 = CARTESIAN_POINT('',(-0.55,0.3500000001,3.673469388E-02));
#1816 = ORIENTED_EDGE('',*,*,#1817,.T.);
#1817 = EDGE_CURVE('',#1811,#1748,#1818,.T.);
#1818 = B_SPLINE_CURVE_WITH_KNOTS('',1,(#1819,#1820),.UNSPECIFIED.,.F.,
  .F.,(2,2),(0.,0.45),.PIECEWISE_BEZIER_KNOTS.);
#1819 = CARTESIAN_POINT('',(-0.55,0.3500000001,3.673469388E-02));
#1820 = CARTESIAN_POINT('',(-0.55,0.3500000001,0.58775510208));
#1821 = ORIENTED_EDGE('',*,*,#1745,.F.);
#1822 = B_SPLINE_SURFACE_WITH_KNOTS('',1,1,(
    (#1823,#1824)
    ,(#1825,#1826
    )),.UNSPECIFIED.,.F.,.F.,.F.,(2,2),(2,2),(0.,0.45),(-0.6,0.),
  .PIECEWISE_BEZIER_KNOTS.);
#1823 = CARTESIAN_POINT('',(-0.55,0.3500000001,3.673469388E-02));
#1824 = CARTESIAN_POINT('',(-0.55,-0.3500000001,3.673469388E-02));
#1825 = CARTESIAN_POINT('',(-0.55,0.3500000001,0.58775510208));
#1826 = CARTESIAN_POINT('',(-0.55,-0.3500000001,0.58775510208));
#1827 = ADVANCED_FACE('',(#1828),#1844,.T.);
#1828 = FACE_BOUND('',#1829,.T.);
#1829 = EDGE_LOOP('',(#1830,#1837,#1838,#1839));
#1830 = ORIENTED_EDGE('',*,*,#1831,.F.);
#1831 = EDGE_CURVE('',#1811,#1832,#1834,.T.);
#1832 = VERTEX_POINT('',#1833);
#1833 = CARTESIAN_POINT('',(0.55,0.3500000001,3.673469388E-02));
#1834 = B_SPLINE_CURVE_WITH_KNOTS('',1,(#1835,#1836),.UNSPECIFIED.,.F.,
  .F.,(2,2),(0.,1.),.PIECEWISE_BEZIER_KNOTS.);
#1835 = CARTESIAN_POINT('',(-0.55,0.3500000001,3.673469388E-02));
#1836 = CARTESIAN_POINT('',(0.55,0.3500000001,3.673469388E-02));
#1837 = ORIENTED_EDGE('',*,*,#1817,.T.);
#1838 = ORIENTED_EDGE('',*,*,#1768,.T.);
#1839 = ORIENTED_EDGE('',*,*,#1840,.F.);
#1840 = EDGE_CURVE('',#1832,#1762,#1841,.T.);
#1841 = B_SPLINE_CURVE_WITH_KNOTS('',1,(#1842,#1843),.UNSPECIFIED.,.F.,
  .F.,(2,2),(0.,0.45),.PIECEWISE_BEZIER_KNOTS.);
#1842 = CARTESIAN_POINT('',(0.55,0.3500000001,3.673469388E-02));
#1843 = CARTESIAN_POINT('',(0.55,0.3500000001,0.58775510208));
#1844 = B_SPLINE_SURFACE_WITH_KNOTS('',1,1,(
    (#1845,#1846)
    ,(#1847,#1848
    )),.UNSPECIFIED.,.F.,.F.,.F.,(2,2),(2,2),(0.,0.45),(0.,1.),
  .PIECEWISE_BEZIER_KNOTS.);
#1845 = CARTESIAN_POINT('',(-0.55,0.3500000001,3.673469388E-02));
#1846 = CARTESIAN_POINT('',(0.55,0.3500000001,3.673469388E-02));
#1847 = CARTESIAN_POINT('',(-0.55,0.3500000001,0.58775510208));
#1848 = CARTESIAN_POINT('',(0.55,0.3500000001,0.58775510208));
#1849 = ADVANCED_FACE('',(#1850),#1866,.F.);
#1850 = FACE_BOUND('',#1851,.F.);
#1851 = EDGE_LOOP('',(#1852,#1859,#1860,#1861));
#1852 = ORIENTED_EDGE('',*,*,#1853,.F.);
#1853 = EDGE_CURVE('',#1804,#1854,#1856,.T.);
#1854 = VERTEX_POINT('',#1855);
#1855 = CARTESIAN_POINT('',(0.55,-0.3500000001,3.673469388E-02));
#1856 = B_SPLINE_CURVE_WITH_KNOTS('',1,(#1857,#1858),.UNSPECIFIED.,.F.,
  .F.,(2,2),(0.,1.),.PIECEWISE_BEZIER_KNOTS.);
#1857 = CARTESIAN_POINT('',(-0.55,-0.3500000001,3.673469388E-02));
#1858 = CARTESIAN_POINT('',(0.55,-0.3500000001,3.673469388E-02));
#1859 = ORIENTED_EDGE('',*,*,#1803,.T.);
#1860 = ORIENTED_EDGE('',*,*,#1754,.T.);
#1861 = ORIENTED_EDGE('',*,*,#1862,.F.);
#1862 = EDGE_CURVE('',#1854,#1755,#1863,.T.);
#1863 = B_SPLINE_CURVE_WITH_KNOTS('',1,(#1864,#1865),.UNSPECIFIED.,.F.,
  .F.,(2,2),(0.,0.45),.PIECEWISE_BEZIER_KNOTS.);
#1864 = CARTESIAN_POINT('',(0.55,-0.3500000001,3.673469388E-02));
#1865 = CARTESIAN_POINT('',(0.55,-0.3500000001,0.58775510208));
#1866 = B_SPLINE_SURFACE_WITH_KNOTS('',1,1,(
    (#1867,#1868)
    ,(#1869,#1870
    )),.UNSPECIFIED.,.F.,.F.,.F.,(2,2),(2,2),(0.,0.45),(0.,1.),
  .PIECEWISE_BEZIER_KNOTS.);
#1867 = CARTESIAN_POINT('',(-0.55,-0.3500000001,3.673469388E-02));
#1868 = CARTESIAN_POINT('',(0.55,-0.3500000001,3.673469388E-02));
#1869 = CARTESIAN_POINT('',(-0.55,-0.3500000001,0.58775510208));
#1870 = CARTESIAN_POINT('',(0.55,-0.3500000001,0.58775510208));
#1871 = ADVANCED_FACE('',(#1872),#1882,.T.);
#1872 = FACE_BOUND('',#1873,.T.);
#1873 = EDGE_LOOP('',(#1874,#1875,#1880,#1881));
#1874 = ORIENTED_EDGE('',*,*,#1862,.F.);
#1875 = ORIENTED_EDGE('',*,*,#1876,.T.);
#1876 = EDGE_CURVE('',#1854,#1832,#1877,.T.);
#1877 = B_SPLINE_CURVE_WITH_KNOTS('',1,(#1878,#1879),.UNSPECIFIED.,.F.,
  .F.,(2,2),(0.,0.6),.PIECEWISE_BEZIER_KNOTS.);
#1878 = CARTESIAN_POINT('',(0.55,-0.3500000001,3.673469388E-02));
#1879 = CARTESIAN_POINT('',(0.55,0.3500000001,3.673469388E-02));
#1880 = ORIENTED_EDGE('',*,*,#1840,.T.);
#1881 = ORIENTED_EDGE('',*,*,#1761,.F.);
#1882 = B_SPLINE_SURFACE_WITH_KNOTS('',1,1,(
    (#1883,#1884)
    ,(#1885,#1886
    )),.UNSPECIFIED.,.F.,.F.,.F.,(2,2),(2,2),(0.,0.45),(-0.6,0.),
  .PIECEWISE_BEZIER_KNOTS.);
#1883 = CARTESIAN_POINT('',(0.55,0.3500000001,3.673469388E-02));
#1884 = CARTESIAN_POINT('',(0.55,-0.3500000001,3.673469388E-02));
#1885 = CARTESIAN_POINT('',(0.55,0.3500000001,0.58775510208));
#1886 = CARTESIAN_POINT('',(0.55,-0.3500000001,0.58775510208));
#1887 = ADVANCED_FACE('',(#1888,#1894,#1924),#1954,.F.);
#1888 = FACE_BOUND('',#1889,.F.);
#1889 = EDGE_LOOP('',(#1890,#1891,#1892,#1893));
#1890 = ORIENTED_EDGE('',*,*,#1810,.F.);
#1891 = ORIENTED_EDGE('',*,*,#1853,.T.);
#1892 = ORIENTED_EDGE('',*,*,#1876,.T.);
#1893 = ORIENTED_EDGE('',*,*,#1831,.F.);
#1894 = FACE_BOUND('',#1895,.F.);
#1895 = EDGE_LOOP('',(#1896,#1905,#1912,#1919));
#1896 = ORIENTED_EDGE('',*,*,#1897,.F.);
#1897 = EDGE_CURVE('',#1898,#1900,#1902,.T.);
#1898 = VERTEX_POINT('',#1899);
#1899 = CARTESIAN_POINT('',(0.495,0.29166666675,3.673469388E-02));
#1900 = VERTEX_POINT('',#1901);
#1901 = CARTESIAN_POINT('',(0.22,0.29166666675,3.673469388E-02));
#1902 = B_SPLINE_CURVE_WITH_KNOTS('',1,(#1903,#1904),.UNSPECIFIED.,.F.,
  .F.,(2,2),(0.,0.25),.PIECEWISE_BEZIER_KNOTS.);
#1903 = CARTESIAN_POINT('',(0.495,0.29166666675,3.673469388E-02));
#1904 = CARTESIAN_POINT('',(0.22,0.29166666675,3.673469388E-02));
#1905 = ORIENTED_EDGE('',*,*,#1906,.F.);
#1906 = EDGE_CURVE('',#1907,#1898,#1909,.T.);
#1907 = VERTEX_POINT('',#1908);
#1908 = CARTESIAN_POINT('',(0.495,-0.29166666675,3.673469388E-02));
#1909 = B_SPLINE_CURVE_WITH_KNOTS('',1,(#1910,#1911),.UNSPECIFIED.,.F.,
  .F.,(2,2),(0.,0.5),.PIECEWISE_BEZIER_KNOTS.);
#1910 = CARTESIAN_POINT('',(0.495,-0.29166666675,3.673469388E-02));
#1911 = CARTESIAN_POINT('',(0.495,0.29166666675,3.673469388E-02));
#1912 = ORIENTED_EDGE('',*,*,#1913,.F.);
#1913 = EDGE_CURVE('',#1914,#1907,#1916,.T.);
#1914 = VERTEX_POINT('',#1915);
#1915 = CARTESIAN_POINT('',(0.22,-0.29166666675,3.673469388E-02));
#1916 = B_SPLINE_CURVE_WITH_KNOTS('',1,(#1917,#1918),.UNSPECIFIED.,.F.,
  .F.,(2,2),(0.,0.25),.PIECEWISE_BEZIER_KNOTS.);
#1917 = CARTESIAN_POINT('',(0.22,-0.29166666675,3.673469388E-02));
#1918 = CARTESIAN_POINT('',(0.495,-0.29166666675,3.673469388E-02));
#1919 = ORIENTED_EDGE('',*,*,#1920,.F.);
#1920 = EDGE_CURVE('',#1900,#1914,#1921,.T.);
#1921 = B_SPLINE_CURVE_WITH_KNOTS('',1,(#1922,#1923),.UNSPECIFIED.,.F.,
  .F.,(2,2),(0.,0.5),.PIECEWISE_BEZIER_KNOTS.);
#1922 = CARTESIAN_POINT('',(0.22,0.29166666675,3.673469388E-02));
#1923 = CARTESIAN_POINT('',(0.22,-0.29166666675,3.673469388E-02));
#1924 = FACE_BOUND('',#1925,.F.);
#1925 = EDGE_LOOP('',(#1926,#1935,#1942,#1949));
#1926 = ORIENTED_EDGE('',*,*,#1927,.F.);
#1927 = EDGE_CURVE('',#1928,#1930,#1932,.T.);
#1928 = VERTEX_POINT('',#1929);
#1929 = CARTESIAN_POINT('',(-0.495,-0.29166666675,3.673469388E-02));
#1930 = VERTEX_POINT('',#1931);
#1931 = CARTESIAN_POINT('',(-0.22,-0.29166666675,3.673469388E-02));
#1932 = B_SPLINE_CURVE_WITH_KNOTS('',1,(#1933,#1934),.UNSPECIFIED.,.F.,
  .F.,(2,2),(0.,0.25),.PIECEWISE_BEZIER_KNOTS.);
#1933 = CARTESIAN_POINT('',(-0.495,-0.29166666675,3.673469388E-02));
#1934 = CARTESIAN_POINT('',(-0.22,-0.29166666675,3.673469388E-02));
#1935 = ORIENTED_EDGE('',*,*,#1936,.F.);
#1936 = EDGE_CURVE('',#1937,#1928,#1939,.T.);
#1937 = VERTEX_POINT('',#1938);
#1938 = CARTESIAN_POINT('',(-0.495,0.29166666675,3.673469388E-02));
#1939 = B_SPLINE_CURVE_WITH_KNOTS('',1,(#1940,#1941),.UNSPECIFIED.,.F.,
  .F.,(2,2),(0.,0.5),.PIECEWISE_BEZIER_KNOTS.);
#1940 = CARTESIAN_POINT('',(-0.495,0.29166666675,3.673469388E-02));
#1941 = CARTESIAN_POINT('',(-0.495,-0.29166666675,3.673469388E-02));
#1942 = ORIENTED_EDGE('',*,*,#1943,.F.);
#1943 = EDGE_CURVE('',#1944,#1937,#1946,.T.);
#1944 = VERTEX_POINT('',#1945);
#1945 = CARTESIAN_POINT('',(-0.22,0.29166666675,3.673469388E-02));
#1946 = B_SPLINE_CURVE_WITH_KNOTS('',1,(#1947,#1948),.UNSPECIFIED.,.F.,
  .F.,(2,2),(0.,0.25),.PIECEWISE_BEZIER_KNOTS.);
#1947 = CARTESIAN_POINT('',(-0.22,0.29166666675,3.673469388E-02));
#1948 = CARTESIAN_POINT('',(-0.495,0.29166666675,3.673469388E-02));
#1949 = ORIENTED_EDGE('',*,*,#1950,.F.);
#1950 = EDGE_CURVE('',#1930,#1944,#1951,.T.);
#1951 = B_SPLINE_CURVE_WITH_KNOTS('',1,(#1952,#1953),.UNSPECIFIED.,.F.,
  .F.,(2,2),(0.,0.5),.PIECEWISE_BEZIER_KNOTS.);
#1952 = CARTESIAN_POINT('',(-0.22,-0.29166666675,3.673469388E-02));
#1953 = CARTESIAN_POINT('',(-0.22,0.29166666675,3.673469388E-02));
#1954 = B_SPLINE_SURFACE_WITH_KNOTS('',1,1,(
    (#1955,#1956)
    ,(#1957,#1958
    )),.UNSPECIFIED.,.F.,.F.,.F.,(2,2),(2,2),(0.,1.),(0.,0.6),
  .PIECEWISE_BEZIER_KNOTS.);
#1955 = CARTESIAN_POINT('',(-0.55,-0.3500000001,3.673469388E-02));
#1956 = CARTESIAN_POINT('',(-0.55,0.3500000001,3.673469388E-02));
#1957 = CARTESIAN_POINT('',(0.55,-0.3500000001,3.673469388E-02));
#1958 = CARTESIAN_POINT('',(0.55,0.3500000001,3.673469388E-02));
#1959 = ADVANCED_FACE('',(#1960),#1982,.F.);
#1960 = FACE_BOUND('',#1961,.F.);
#1961 = EDGE_LOOP('',(#1962,#1969,#1970,#1977));
#1962 = ORIENTED_EDGE('',*,*,#1963,.T.);
#1963 = EDGE_CURVE('',#1964,#1898,#1966,.T.);
#1964 = VERTEX_POINT('',#1965);
#1965 = CARTESIAN_POINT('',(0.495,0.29166666675,0.));
#1966 = B_SPLINE_CURVE_WITH_KNOTS('',1,(#1967,#1968),.UNSPECIFIED.,.F.,
  .F.,(2,2),(0.,3.E-02),.PIECEWISE_BEZIER_KNOTS.);
#1967 = CARTESIAN_POINT('',(0.495,0.29166666675,0.));
#1968 = CARTESIAN_POINT('',(0.495,0.29166666675,3.673469388E-02));
#1969 = ORIENTED_EDGE('',*,*,#1897,.T.);
#1970 = ORIENTED_EDGE('',*,*,#1971,.F.);
#1971 = EDGE_CURVE('',#1972,#1900,#1974,.T.);
#1972 = VERTEX_POINT('',#1973);
#1973 = CARTESIAN_POINT('',(0.22,0.29166666675,0.));
#1974 = B_SPLINE_CURVE_WITH_KNOTS('',1,(#1975,#1976),.UNSPECIFIED.,.F.,
  .F.,(2,2),(0.,3.E-02),.PIECEWISE_BEZIER_KNOTS.);
#1975 = CARTESIAN_POINT('',(0.22,0.29166666675,0.));
#1976 = CARTESIAN_POINT('',(0.22,0.29166666675,3.673469388E-02));
#1977 = ORIENTED_EDGE('',*,*,#1978,.F.);
#1978 = EDGE_CURVE('',#1964,#1972,#1979,.T.);
#1979 = B_SPLINE_CURVE_WITH_KNOTS('',1,(#1980,#1981),.UNSPECIFIED.,.F.,
  .F.,(2,2),(0.,0.25),.PIECEWISE_BEZIER_KNOTS.);
#1980 = CARTESIAN_POINT('',(0.495,0.29166666675,0.));
#1981 = CARTESIAN_POINT('',(0.22,0.29166666675,0.));
#1982 = B_SPLINE_SURFACE_WITH_KNOTS('',1,1,(
    (#1983,#1984)
    ,(#1985,#1986
    )),.UNSPECIFIED.,.F.,.F.,.F.,(2,2),(2,2),(0.,0.25),(-3.E-02,0.),
  .PIECEWISE_BEZIER_KNOTS.);
#1983 = CARTESIAN_POINT('',(0.495,0.29166666675,3.673469388E-02));
#1984 = CARTESIAN_POINT('',(0.495,0.29166666675,0.));
#1985 = CARTESIAN_POINT('',(0.22,0.29166666675,3.673469388E-02));
#1986 = CARTESIAN_POINT('',(0.22,0.29166666675,0.));
#1987 = ADVANCED_FACE('',(#1988),#2004,.F.);
#1988 = FACE_BOUND('',#1989,.F.);
#1989 = EDGE_LOOP('',(#1990,#1991,#1992,#1999));
#1990 = ORIENTED_EDGE('',*,*,#1971,.T.);
#1991 = ORIENTED_EDGE('',*,*,#1920,.T.);
#1992 = ORIENTED_EDGE('',*,*,#1993,.F.);
#1993 = EDGE_CURVE('',#1994,#1914,#1996,.T.);
#1994 = VERTEX_POINT('',#1995);
#1995 = CARTESIAN_POINT('',(0.22,-0.29166666675,0.));
#1996 = B_SPLINE_CURVE_WITH_KNOTS('',1,(#1997,#1998),.UNSPECIFIED.,.F.,
  .F.,(2,2),(0.,3.E-02),.PIECEWISE_BEZIER_KNOTS.);
#1997 = CARTESIAN_POINT('',(0.22,-0.29166666675,0.));
#1998 = CARTESIAN_POINT('',(0.22,-0.29166666675,3.673469388E-02));
#1999 = ORIENTED_EDGE('',*,*,#2000,.F.);
#2000 = EDGE_CURVE('',#1972,#1994,#2001,.T.);
#2001 = B_SPLINE_CURVE_WITH_KNOTS('',1,(#2002,#2003),.UNSPECIFIED.,.F.,
  .F.,(2,2),(0.,0.5),.PIECEWISE_BEZIER_KNOTS.);
#2002 = CARTESIAN_POINT('',(0.22,0.29166666675,0.));
#2003 = CARTESIAN_POINT('',(0.22,-0.29166666675,0.));
#2004 = B_SPLINE_SURFACE_WITH_KNOTS('',1,1,(
    (#2005,#2006)
    ,(#2007,#2008
    )),.UNSPECIFIED.,.F.,.F.,.F.,(2,2),(2,2),(0.,0.5),(-3.E-02,0.),
  .PIECEWISE_BEZIER_KNOTS.);
#2005 = CARTESIAN_POINT('',(0.22,0.29166666675,3.673469388E-02));
#2006 = CARTESIAN_POINT('',(0.22,0.29166666675,0.));
#2007 = CARTESIAN_POINT('',(0.22,-0.29166666675,3.673469388E-02));
#2008 = CARTESIAN_POINT('',(0.22,-0.29166666675,0.));
#2009 = ADVANCED_FACE('',(#2010),#2026,.F.);
#2010 = FACE_BOUND('',#2011,.F.);
#2011 = EDGE_LOOP('',(#2012,#2013,#2014,#2021));
#2012 = ORIENTED_EDGE('',*,*,#1993,.T.);
#2013 = ORIENTED_EDGE('',*,*,#1913,.T.);
#2014 = ORIENTED_EDGE('',*,*,#2015,.F.);
#2015 = EDGE_CURVE('',#2016,#1907,#2018,.T.);
#2016 = VERTEX_POINT('',#2017);
#2017 = CARTESIAN_POINT('',(0.495,-0.29166666675,0.));
#2018 = B_SPLINE_CURVE_WITH_KNOTS('',1,(#2019,#2020),.UNSPECIFIED.,.F.,
  .F.,(2,2),(0.,3.E-02),.PIECEWISE_BEZIER_KNOTS.);
#2019 = CARTESIAN_POINT('',(0.495,-0.29166666675,0.));
#2020 = CARTESIAN_POINT('',(0.495,-0.29166666675,3.673469388E-02));
#2021 = ORIENTED_EDGE('',*,*,#2022,.F.);
#2022 = EDGE_CURVE('',#1994,#2016,#2023,.T.);
#2023 = B_SPLINE_CURVE_WITH_KNOTS('',1,(#2024,#2025),.UNSPECIFIED.,.F.,
  .F.,(2,2),(0.,0.25),.PIECEWISE_BEZIER_KNOTS.);
#2024 = CARTESIAN_POINT('',(0.22,-0.29166666675,0.));
#2025 = CARTESIAN_POINT('',(0.495,-0.29166666675,0.));
#2026 = B_SPLINE_SURFACE_WITH_KNOTS('',1,1,(
    (#2027,#2028)
    ,(#2029,#2030
    )),.UNSPECIFIED.,.F.,.F.,.F.,(2,2),(2,2),(0.,0.25),(-3.E-02,0.),
  .PIECEWISE_BEZIER_KNOTS.);
#2027 = CARTESIAN_POINT('',(0.22,-0.29166666675,3.673469388E-02));
#2028 = CARTESIAN_POINT('',(0.22,-0.29166666675,0.));
#2029 = CARTESIAN_POINT('',(0.495,-0.29166666675,3.673469388E-02));
#2030 = CARTESIAN_POINT('',(0.495,-0.29166666675,0.));
#2031 = ADVANCED_FACE('',(#2032),#2042,.F.);
#2032 = FACE_BOUND('',#2033,.F.);
#2033 = EDGE_LOOP('',(#2034,#2035,#2036,#2037));
#2034 = ORIENTED_EDGE('',*,*,#2015,.T.);
#2035 = ORIENTED_EDGE('',*,*,#1906,.T.);
#2036 = ORIENTED_EDGE('',*,*,#1963,.F.);
#2037 = ORIENTED_EDGE('',*,*,#2038,.F.);
#2038 = EDGE_CURVE('',#2016,#1964,#2039,.T.);
#2039 = B_SPLINE_CURVE_WITH_KNOTS('',1,(#2040,#2041),.UNSPECIFIED.,.F.,
  .F.,(2,2),(0.,0.5),.PIECEWISE_BEZIER_KNOTS.);
#2040 = CARTESIAN_POINT('',(0.495,-0.29166666675,0.));
#2041 = CARTESIAN_POINT('',(0.495,0.29166666675,0.));
#2042 = B_SPLINE_SURFACE_WITH_KNOTS('',1,1,(
    (#2043,#2044)
    ,(#2045,#2046
    )),.UNSPECIFIED.,.F.,.F.,.F.,(2,2),(2,2),(0.,0.5),(-3.E-02,0.),
  .PIECEWISE_BEZIER_KNOTS.);
#2043 = CARTESIAN_POINT('',(0.495,-0.29166666675,3.673469388E-02));
#2044 = CARTESIAN_POINT('',(0.495,-0.29166666675,0.));
#2045 = CARTESIAN_POINT('',(0.495,0.29166666675,3.673469388E-02));
#2046 = CARTESIAN_POINT('',(0.495,0.29166666675,0.));
#2047 = ADVANCED_FACE('',(#2048),#2070,.F.);
#2048 = FACE_BOUND('',#2049,.F.);
#2049 = EDGE_LOOP('',(#2050,#2057,#2058,#2065));
#2050 = ORIENTED_EDGE('',*,*,#2051,.T.);
#2051 = EDGE_CURVE('',#2052,#1928,#2054,.T.);
#2052 = VERTEX_POINT('',#2053);
#2053 = CARTESIAN_POINT('',(-0.495,-0.29166666675,0.));
#2054 = B_SPLINE_CURVE_WITH_KNOTS('',1,(#2055,#2056),.UNSPECIFIED.,.F.,
  .F.,(2,2),(0.,3.E-02),.PIECEWISE_BEZIER_KNOTS.);
#2055 = CARTESIAN_POINT('',(-0.495,-0.29166666675,0.));
#2056 = CARTESIAN_POINT('',(-0.495,-0.29166666675,3.673469388E-02));
#2057 = ORIENTED_EDGE('',*,*,#1927,.T.);
#2058 = ORIENTED_EDGE('',*,*,#2059,.F.);
#2059 = EDGE_CURVE('',#2060,#1930,#2062,.T.);
#2060 = VERTEX_POINT('',#2061);
#2061 = CARTESIAN_POINT('',(-0.22,-0.29166666675,0.));
#2062 = B_SPLINE_CURVE_WITH_KNOTS('',1,(#2063,#2064),.UNSPECIFIED.,.F.,
  .F.,(2,2),(0.,3.E-02),.PIECEWISE_BEZIER_KNOTS.);
#2063 = CARTESIAN_POINT('',(-0.22,-0.29166666675,0.));
#2064 = CARTESIAN_POINT('',(-0.22,-0.29166666675,3.673469388E-02));
#2065 = ORIENTED_EDGE('',*,*,#2066,.F.);
#2066 = EDGE_CURVE('',#2052,#2060,#2067,.T.);
#2067 = B_SPLINE_CURVE_WITH_KNOTS('',1,(#2068,#2069),.UNSPECIFIED.,.F.,
  .F.,(2,2),(0.,0.25),.PIECEWISE_BEZIER_KNOTS.);
#2068 = CARTESIAN_POINT('',(-0.495,-0.29166666675,0.));
#2069 = CARTESIAN_POINT('',(-0.22,-0.29166666675,0.));
#2070 = B_SPLINE_SURFACE_WITH_KNOTS('',1,1,(
    (#2071,#2072)
    ,(#2073,#2074
    )),.UNSPECIFIED.,.F.,.F.,.F.,(2,2),(2,2),(0.,0.25),(-3.E-02,0.),
  .PIECEWISE_BEZIER_KNOTS.);
#2071 = CARTESIAN_POINT('',(-0.495,-0.29166666675,3.673469388E-02));
#2072 = CARTESIAN_POINT('',(-0.495,-0.29166666675,0.));
#2073 = CARTESIAN_POINT('',(-0.22,-0.29166666675,3.673469388E-02));
#2074 = CARTESIAN_POINT('',(-0.22,-0.29166666675,0.));
#2075 = ADVANCED_FACE('',(#2076),#2092,.F.);
#2076 = FACE_BOUND('',#2077,.F.);
#2077 = EDGE_LOOP('',(#2078,#2079,#2080,#2087));
#2078 = ORIENTED_EDGE('',*,*,#2059,.T.);
#2079 = ORIENTED_EDGE('',*,*,#1950,.T.);
#2080 = ORIENTED_EDGE('',*,*,#2081,.F.);
#2081 = EDGE_CURVE('',#2082,#1944,#2084,.T.);
#2082 = VERTEX_POINT('',#2083);
#2083 = CARTESIAN_POINT('',(-0.22,0.29166666675,0.));
#2084 = B_SPLINE_CURVE_WITH_KNOTS('',1,(#2085,#2086),.UNSPECIFIED.,.F.,
  .F.,(2,2),(0.,3.E-02),.PIECEWISE_BEZIER_KNOTS.);
#2085 = CARTESIAN_POINT('',(-0.22,0.29166666675,0.));
#2086 = CARTESIAN_POINT('',(-0.22,0.29166666675,3.673469388E-02));
#2087 = ORIENTED_EDGE('',*,*,#2088,.F.);
#2088 = EDGE_CURVE('',#2060,#2082,#2089,.T.);
#2089 = B_SPLINE_CURVE_WITH_KNOTS('',1,(#2090,#2091),.UNSPECIFIED.,.F.,
  .F.,(2,2),(0.,0.5),.PIECEWISE_BEZIER_KNOTS.);
#2090 = CARTESIAN_POINT('',(-0.22,-0.29166666675,0.));
#2091 = CARTESIAN_POINT('',(-0.22,0.29166666675,0.));
#2092 = B_SPLINE_SURFACE_WITH_KNOTS('',1,1,(
    (#2093,#2094)
    ,(#2095,#2096
    )),.UNSPECIFIED.,.F.,.F.,.F.,(2,2),(2,2),(0.,0.5),(-3.E-02,0.),
  .PIECEWISE_BEZIER_KNOTS.);
#2093 = CARTESIAN_POINT('',(-0.22,-0.29166666675,3.673469388E-02));
#2094 = CARTESIAN_POINT('',(-0.22,-0.29166666675,0.));
#2095 = CARTESIAN_POINT('',(-0.22,0.29166666675,3.673469388E-02));
#2096 = CARTESIAN_POINT('',(-0.22,0.29166666675,0.));
#2097 = ADVANCED_FACE('',(#2098),#2114,.F.);
#2098 = FACE_BOUND('',#2099,.F.);
#2099 = EDGE_LOOP('',(#2100,#2101,#2102,#2109));
#2100 = ORIENTED_EDGE('',*,*,#2081,.T.);
#2101 = ORIENTED_EDGE('',*,*,#1943,.T.);
#2102 = ORIENTED_EDGE('',*,*,#2103,.F.);
#2103 = EDGE_CURVE('',#2104,#1937,#2106,.T.);
#2104 = VERTEX_POINT('',#2105);
#2105 = CARTESIAN_POINT('',(-0.495,0.29166666675,0.));
#2106 = B_SPLINE_CURVE_WITH_KNOTS('',1,(#2107,#2108),.UNSPECIFIED.,.F.,
  .F.,(2,2),(0.,3.E-02),.PIECEWISE_BEZIER_KNOTS.);
#2107 = CARTESIAN_POINT('',(-0.495,0.29166666675,0.));
#2108 = CARTESIAN_POINT('',(-0.495,0.29166666675,3.673469388E-02));
#2109 = ORIENTED_EDGE('',*,*,#2110,.F.);
#2110 = EDGE_CURVE('',#2082,#2104,#2111,.T.);
#2111 = B_SPLINE_CURVE_WITH_KNOTS('',1,(#2112,#2113),.UNSPECIFIED.,.F.,
  .F.,(2,2),(0.,0.25),.PIECEWISE_BEZIER_KNOTS.);
#2112 = CARTESIAN_POINT('',(-0.22,0.29166666675,0.));
#2113 = CARTESIAN_POINT('',(-0.495,0.29166666675,0.));
#2114 = B_SPLINE_SURFACE_WITH_KNOTS('',1,1,(
    (#2115,#2116)
    ,(#2117,#2118
    )),.UNSPECIFIED.,.F.,.F.,.F.,(2,2),(2,2),(0.,0.25),(-3.E-02,0.),
  .PIECEWISE_BEZIER_KNOTS.);
#2115 = CARTESIAN_POINT('',(-0.22,0.29166666675,3.673469388E-02));
#2116 = CARTESIAN_POINT('',(-0.22,0.29166666675,0.));
#2117 = CARTESIAN_POINT('',(-0.495,0.29166666675,3.673469388E-02));
#2118 = CARTESIAN_POINT('',(-0.495,0.29166666675,0.));
#2119 = ADVANCED_FACE('',(#2120),#2130,.F.);
#2120 = FACE_BOUND('',#2121,.F.);
#2121 = EDGE_LOOP('',(#2122,#2123,#2124,#2125));
#2122 = ORIENTED_EDGE('',*,*,#2103,.T.);
#2123 = ORIENTED_EDGE('',*,*,#1936,.T.);
#2124 = ORIENTED_EDGE('',*,*,#2051,.F.);
#2125 = ORIENTED_EDGE('',*,*,#2126,.F.);
#2126 = EDGE_CURVE('',#2104,#2052,#2127,.T.);
#2127 = B_SPLINE_CURVE_WITH_KNOTS('',1,(#2128,#2129),.UNSPECIFIED.,.F.,
  .F.,(2,2),(0.,0.5),.PIECEWISE_BEZIER_KNOTS.);
#2128 = CARTESIAN_POINT('',(-0.495,0.29166666675,0.));
#2129 = CARTESIAN_POINT('',(-0.495,-0.29166666675,0.));
#2130 = B_SPLINE_SURFACE_WITH_KNOTS('',1,1,(
    (#2131,#2132)
    ,(#2133,#2134
    )),.UNSPECIFIED.,.F.,.F.,.F.,(2,2),(2,2),(0.,0.5),(-3.E-02,0.),
  .PIECEWISE_BEZIER_KNOTS.);
#2131 = CARTESIAN_POINT('',(-0.495,0.29166666675,3.673469388E-02));
#2132 = CARTESIAN_POINT('',(-0.495,0.29166666675,0.));
#2133 = CARTESIAN_POINT('',(-0.495,-0.29166666675,3.673469388E-02));
#2134 = CARTESIAN_POINT('',(-0.495,-0.29166666675,0.));
#2135 = ADVANCED_FACE('',(#2136),#2142,.F.);
#2136 = FACE_BOUND('',#2137,.F.);
#2137 = EDGE_LOOP('',(#2138,#2139,#2140,#2141));
#2138 = ORIENTED_EDGE('',*,*,#1978,.T.);
#2139 = ORIENTED_EDGE('',*,*,#2000,.T.);
#2140 = ORIENTED_EDGE('',*,*,#2022,.T.);
#2141 = ORIENTED_EDGE('',*,*,#2038,.T.);
#2142 = B_SPLINE_SURFACE_WITH_KNOTS('',1,1,(
    (#2143,#2144)
    ,(#2145,#2146
    )),.UNSPECIFIED.,.F.,.F.,.F.,(2,2),(2,2),(-0.25,0.25),(-0.125,0.125)
  ,.PIECEWISE_BEZIER_KNOTS.);
#2143 = CARTESIAN_POINT('',(0.495,-0.29166666675,0.));
#2144 = CARTESIAN_POINT('',(0.22,-0.29166666675,0.));
#2145 = CARTESIAN_POINT('',(0.495,0.29166666675,0.));
#2146 = CARTESIAN_POINT('',(0.22,0.29166666675,0.));
#2147 = ADVANCED_FACE('',(#2148),#2154,.F.);
#2148 = FACE_BOUND('',#2149,.F.);
#2149 = EDGE_LOOP('',(#2150,#2151,#2152,#2153));
#2150 = ORIENTED_EDGE('',*,*,#2066,.T.);
#2151 = ORIENTED_EDGE('',*,*,#2088,.T.);
#2152 = ORIENTED_EDGE('',*,*,#2110,.T.);
#2153 = ORIENTED_EDGE('',*,*,#2126,.T.);
#2154 = B_SPLINE_SURFACE_WITH_KNOTS('',1,1,(
    (#2155,#2156)
    ,(#2157,#2158
    )),.UNSPECIFIED.,.F.,.F.,.F.,(2,2),(2,2),(-0.25,0.25),(-0.125,0.125)
  ,.PIECEWISE_BEZIER_KNOTS.);
#2155 = CARTESIAN_POINT('',(-0.495,0.29166666675,0.));
#2156 = CARTESIAN_POINT('',(-0.22,0.29166666675,0.));
#2157 = CARTESIAN_POINT('',(-0.495,-0.29166666675,0.));
#2158 = CARTESIAN_POINT('',(-0.22,-0.29166666675,0.));
#2159 = ( GEOMETRIC_REPRESENTATION_CONTEXT(3) 
GLOBAL_UNCERTAINTY_ASSIGNED_CONTEXT((#2163)) 
GLOBAL_UNIT_ASSIGNED_CONTEXT((#2160,#2161,#2162)) REPRESENTATION_CONTEXT
('Context #1','3D Context with UNIT and UNCERTAINTY') );
#2160 = ( LENGTH_UNIT() NAMED_UNIT(*) SI_UNIT(.MILLI.,.METRE.) );
#2161 = ( NAMED_UNIT(*) PLANE_ANGLE_UNIT() SI_UNIT($,.RADIAN.) );
#2162 = ( NAMED_UNIT(*) SI_UNIT($,.STERADIAN.) SOLID_ANGLE_UNIT() );
#2163 = UNCERTAINTY_MEASURE_WITH_UNIT(LENGTH_MEASURE(1.E-07),#2160,
  'distance_accuracy_value','confusion accuracy');
#2164 = CONTEXT_DEPENDENT_SHAPE_REPRESENTATION(#2165,#2167);
#2165 = ( REPRESENTATION_RELATIONSHIP('','',#1630,#1607) 
REPRESENTATION_RELATIONSHIP_WITH_TRANSFORMATION(#2166) 
SHAPE_REPRESENTATION_RELATIONSHIP() );
#2166 = ITEM_DEFINED_TRANSFORMATION('','',#11,#1608);
#2167 = PRODUCT_DEFINITION_SHAPE('Placement','Placement of an item',
  #2168);
#2168 = NEXT_ASSEMBLY_USAGE_OCCURRENCE('6','=>[0:1:1:7]','',#1602,#1625,
  $);
#2169 = PRODUCT_RELATED_PRODUCT_CATEGORY('part',$,(#1627));
#2170 = CONTEXT_DEPENDENT_SHAPE_REPRESENTATION(#2171,#2173);
#2171 = ( REPRESENTATION_RELATIONSHIP('','',#136,#10) 
REPRESENTATION_RELATIONSHIP_WITH_TRANSFORMATION(#2172) 
SHAPE_REPRESENTATION_RELATIONSHIP() );
#2172 = ITEM_DEFINED_TRANSFORMATION('','',#11,#31);
#2173 = PRODUCT_DEFINITION_SHAPE('Placement','Placement of an item',
  #2174);
#2174 = NEXT_ASSEMBLY_USAGE_OCCURRENCE('8','D4','',#5,#131,$);
#2175 = SHAPE_DEFINITION_REPRESENTATION(#2176,#2182);
#2176 = PRODUCT_DEFINITION_SHAPE('','',#2177);
#2177 = PRODUCT_DEFINITION('design','',#2178,#2181);
#2178 = PRODUCT_DEFINITION_FORMATION('','',#2179);
#2179 = PRODUCT('MAXM86161_envelope','MAXM86161_envelope','',(#2180));
#2180 = PRODUCT_CONTEXT('',#2,'mechanical');
#2181 = PRODUCT_DEFINITION_CONTEXT('part definition',#2,'design');
#2182 = SHAPE_REPRESENTATION('',(#11,#2183),#2187);
#2183 = AXIS2_PLACEMENT_3D('',#2184,#2185,#2186);
#2184 = CARTESIAN_POINT('',(0.,0.,0.));
#2185 = DIRECTION('',(0.,0.,1.));
#2186 = DIRECTION('',(1.,0.,-0.));
#2187 = ( GEOMETRIC_REPRESENTATION_CONTEXT(3) 
GLOBAL_UNCERTAINTY_ASSIGNED_CONTEXT((#2191)) 
GLOBAL_UNIT_ASSIGNED_CONTEXT((#2188,#2189,#2190)) REPRESENTATION_CONTEXT
('Context #1','3D Context with UNIT and UNCERTAINTY') );
#2188 = ( LENGTH_UNIT() NAMED_UNIT(*) SI_UNIT(.MILLI.,.METRE.) );
#2189 = ( NAMED_UNIT(*) PLANE_ANGLE_UNIT() SI_UNIT($,.RADIAN.) );
#2190 = ( NAMED_UNIT(*) SI_UNIT($,.STERADIAN.) SOLID_ANGLE_UNIT() );
#2191 = UNCERTAINTY_MEASURE_WITH_UNIT(LENGTH_MEASURE(1.E-07),#2188,
  'distance_accuracy_value','confusion accuracy');
#2192 = CONTEXT_DEPENDENT_SHAPE_REPRESENTATION(#2193,#2195);
#2193 = ( REPRESENTATION_RELATIONSHIP('','',#2182,#10) 
REPRESENTATION_RELATIONSHIP_WITH_TRANSFORMATION(#2194) 
SHAPE_REPRESENTATION_RELATIONSHIP() );
#2194 = ITEM_DEFINED_TRANSFORMATION('','',#11,#35);
#2195 = PRODUCT_DEFINITION_SHAPE('Placement','Placement of an item',
  #2196);
#2196 = NEXT_ASSEMBLY_USAGE_OCCURRENCE('10','U1','',#5,#2177,$);
#2197 = PRODUCT_RELATED_PRODUCT_CATEGORY('part',$,(#2179));
#2198 = SHAPE_DEFINITION_REPRESENTATION(#2199,#2205);
#2199 = PRODUCT_DEFINITION_SHAPE('','',#2200);
#2200 = PRODUCT_DEFINITION('design','',#2201,#2204);
#2201 = PRODUCT_DEFINITION_FORMATION('','',#2202);
#2202 = PRODUCT('Open CASCADE STEP translator 7.8 1',
  'Open CASCADE STEP translator 7.8 1','',(#2203));
#2203 = PRODUCT_CONTEXT('',#2,'mechanical');
#2204 = PRODUCT_DEFINITION_CONTEXT('part definition',#2,'design');
#2205 = ADVANCED_BREP_SHAPE_REPRESENTATION('',(#11,#2206),#2356);
#2206 = MANIFOLD_SOLID_BREP('',#2207);
#2207 = CLOSED_SHELL('',(#2208,#2248,#2288,#2310,#2332,#2344));
#2208 = ADVANCED_FACE('',(#2209),#2243,.F.);
#2209 = FACE_BOUND('',#2210,.F.);
#2210 = EDGE_LOOP('',(#2211,#2221,#2229,#2237));
#2211 = ORIENTED_EDGE('',*,*,#2212,.F.);
#2212 = EDGE_CURVE('',#2213,#2215,#2217,.T.);
#2213 = VERTEX_POINT('',#2214);
#2214 = CARTESIAN_POINT('',(-1.45,-2.15,0.));
#2215 = VERTEX_POINT('',#2216);
#2216 = CARTESIAN_POINT('',(-1.45,-2.15,1.4));
#2217 = LINE('',#2218,#2219);
#2218 = CARTESIAN_POINT('',(-1.45,-2.15,0.));
#2219 = VECTOR('',#2220,1.);
#2220 = DIRECTION('',(0.,0.,1.));
#2221 = ORIENTED_EDGE('',*,*,#2222,.T.);
#2222 = EDGE_CURVE('',#2213,#2223,#2225,.T.);
#2223 = VERTEX_POINT('',#2224);
#2224 = CARTESIAN_POINT('',(-1.45,2.15,0.));
#2225 = LINE('',#2226,#2227);
#2226 = CARTESIAN_POINT('',(-1.45,-2.15,0.));
#2227 = VECTOR('',#2228,1.);
#2228 = DIRECTION('',(-0.,1.,0.));
#2229 = ORIENTED_EDGE('',*,*,#2230,.T.);
#2230 = EDGE_CURVE('',#2223,#2231,#2233,.T.);
#2231 = VERTEX_POINT('',#2232);
#2232 = CARTESIAN_POINT('',(-1.45,2.15,1.4));
#2233 = LINE('',#2234,#2235);
#2234 = CARTESIAN_POINT('',(-1.45,2.15,0.));
#2235 = VECTOR('',#2236,1.);
#2236 = DIRECTION('',(0.,0.,1.));
#2237 = ORIENTED_EDGE('',*,*,#2238,.F.);
#2238 = EDGE_CURVE('',#2215,#2231,#2239,.T.);
#2239 = LINE('',#2240,#2241);
#2240 = CARTESIAN_POINT('',(-1.45,-2.15,1.4));
#2241 = VECTOR('',#2242,1.);
#2242 = DIRECTION('',(-0.,1.,0.));
#2243 = PLANE('',#2244);
#2244 = AXIS2_PLACEMENT_3D('',#2245,#2246,#2247);
#2245 = CARTESIAN_POINT('',(-1.45,-2.15,0.));
#2246 = DIRECTION('',(1.,0.,-0.));
#2247 = DIRECTION('',(0.,0.,1.));
#2248 = ADVANCED_FACE('',(#2249),#2283,.T.);
#2249 = FACE_BOUND('',#2250,.T.);
#2250 = EDGE_LOOP('',(#2251,#2261,#2269,#2277));
#2251 = ORIENTED_EDGE('',*,*,#2252,.F.);
#2252 = EDGE_CURVE('',#2253,#2255,#2257,.T.);
#2253 = VERTEX_POINT('',#2254);
#2254 = CARTESIAN_POINT('',(1.45,-2.15,0.));
#2255 = VERTEX_POINT('',#2256);
#2256 = CARTESIAN_POINT('',(1.45,-2.15,1.4));
#2257 = LINE('',#2258,#2259);
#2258 = CARTESIAN_POINT('',(1.45,-2.15,0.));
#2259 = VECTOR('',#2260,1.);
#2260 = DIRECTION('',(0.,0.,1.));
#2261 = ORIENTED_EDGE('',*,*,#2262,.T.);
#2262 = EDGE_CURVE('',#2253,#2263,#2265,.T.);
#2263 = VERTEX_POINT('',#2264);
#2264 = CARTESIAN_POINT('',(1.45,2.15,0.));
#2265 = LINE('',#2266,#2267);
#2266 = CARTESIAN_POINT('',(1.45,-2.15,0.));
#2267 = VECTOR('',#2268,1.);
#2268 = DIRECTION('',(-0.,1.,0.));
#2269 = ORIENTED_EDGE('',*,*,#2270,.T.);
#2270 = EDGE_CURVE('',#2263,#2271,#2273,.T.);
#2271 = VERTEX_POINT('',#2272);
#2272 = CARTESIAN_POINT('',(1.45,2.15,1.4));
#2273 = LINE('',#2274,#2275);
#2274 = CARTESIAN_POINT('',(1.45,2.15,0.));
#2275 = VECTOR('',#2276,1.);
#2276 = DIRECTION('',(0.,0.,1.));
#2277 = ORIENTED_EDGE('',*,*,#2278,.F.);
#2278 = EDGE_CURVE('',#2255,#2271,#2279,.T.);
#2279 = LINE('',#2280,#2281);
#2280 = CARTESIAN_POINT('',(1.45,-2.15,1.4));
#2281 = VECTOR('',#2282,1.);
#2282 = DIRECTION('',(-0.,1.,0.));
#2283 = PLANE('',#2284);
#2284 = AXIS2_PLACEMENT_3D('',#2285,#2286,#2287);
#2285 = CARTESIAN_POINT('',(1.45,-2.15,0.));
#2286 = DIRECTION('',(1.,0.,-0.));
#2287 = DIRECTION('',(0.,0.,1.));
#2288 = ADVANCED_FACE('',(#2289),#2305,.F.);
#2289 = FACE_BOUND('',#2290,.F.);
#2290 = EDGE_LOOP('',(#2291,#2297,#2298,#2304));
#2291 = ORIENTED_EDGE('',*,*,#2292,.F.);
#2292 = EDGE_CURVE('',#2213,#2253,#2293,.T.);
#2293 = LINE('',#2294,#2295);
#2294 = CARTESIAN_POINT('',(-1.45,-2.15,0.));
#2295 = VECTOR('',#2296,1.);
#2296 = DIRECTION('',(1.,0.,-0.));
#2297 = ORIENTED_EDGE('',*,*,#2212,.T.);
#2298 = ORIENTED_EDGE('',*,*,#2299,.T.);
#2299 = EDGE_CURVE('',#2215,#2255,#2300,.T.);
#2300 = LINE('',#2301,#2302);
#2301 = CARTESIAN_POINT('',(-1.45,-2.15,1.4));
#2302 = VECTOR('',#2303,1.);
#2303 = DIRECTION('',(1.,0.,-0.));
#2304 = ORIENTED_EDGE('',*,*,#2252,.F.);
#2305 = PLANE('',#2306);
#2306 = AXIS2_PLACEMENT_3D('',#2307,#2308,#2309);
#2307 = CARTESIAN_POINT('',(-1.45,-2.15,0.));
#2308 = DIRECTION('',(-0.,1.,0.));
#2309 = DIRECTION('',(0.,0.,1.));
#2310 = ADVANCED_FACE('',(#2311),#2327,.T.);
#2311 = FACE_BOUND('',#2312,.T.);
#2312 = EDGE_LOOP('',(#2313,#2319,#2320,#2326));
#2313 = ORIENTED_EDGE('',*,*,#2314,.F.);
#2314 = EDGE_CURVE('',#2223,#2263,#2315,.T.);
#2315 = LINE('',#2316,#2317);
#2316 = CARTESIAN_POINT('',(-1.45,2.15,0.));
#2317 = VECTOR('',#2318,1.);
#2318 = DIRECTION('',(1.,0.,-0.));
#2319 = ORIENTED_EDGE('',*,*,#2230,.T.);
#2320 = ORIENTED_EDGE('',*,*,#2321,.T.);
#2321 = EDGE_CURVE('',#2231,#2271,#2322,.T.);
#2322 = LINE('',#2323,#2324);
#2323 = CARTESIAN_POINT('',(-1.45,2.15,1.4));
#2324 = VECTOR('',#2325,1.);
#2325 = DIRECTION('',(1.,0.,-0.));
#2326 = ORIENTED_EDGE('',*,*,#2270,.F.);
#2327 = PLANE('',#2328);
#2328 = AXIS2_PLACEMENT_3D('',#2329,#2330,#2331);
#2329 = CARTESIAN_POINT('',(-1.45,2.15,0.));
#2330 = DIRECTION('',(-0.,1.,0.));
#2331 = DIRECTION('',(0.,0.,1.));
#2332 = ADVANCED_FACE('',(#2333),#2339,.F.);
#2333 = FACE_BOUND('',#2334,.F.);
#2334 = EDGE_LOOP('',(#2335,#2336,#2337,#2338));
#2335 = ORIENTED_EDGE('',*,*,#2222,.F.);
#2336 = ORIENTED_EDGE('',*,*,#2292,.T.);
#2337 = ORIENTED_EDGE('',*,*,#2262,.T.);
#2338 = ORIENTED_EDGE('',*,*,#2314,.F.);
#2339 = PLANE('',#2340);
#2340 = AXIS2_PLACEMENT_3D('',#2341,#2342,#2343);
#2341 = CARTESIAN_POINT('',(-1.45,-2.15,0.));
#2342 = DIRECTION('',(0.,0.,1.));
#2343 = DIRECTION('',(1.,0.,-0.));
#2344 = ADVANCED_FACE('',(#2345),#2351,.T.);
#2345 = FACE_BOUND('',#2346,.T.);
#2346 = EDGE_LOOP('',(#2347,#2348,#2349,#2350));
#2347 = ORIENTED_EDGE('',*,*,#2238,.F.);
#2348 = ORIENTED_EDGE('',*,*,#2299,.T.);
#2349 = ORIENTED_EDGE('',*,*,#2278,.T.);
#2350 = ORIENTED_EDGE('',*,*,#2321,.F.);
#2351 = PLANE('',#2352);
#2352 = AXIS2_PLACEMENT_3D('',#2353,#2354,#2355);
#2353 = CARTESIAN_POINT('',(-1.45,-2.15,1.4));
#2354 = DIRECTION('',(0.,0.,1.));
#2355 = DIRECTION('',(1.,0.,-0.));
#2356 = ( GEOMETRIC_REPRESENTATION_CONTEXT(3) 
GLOBAL_UNCERTAINTY_ASSIGNED_CONTEXT((#2360)) 
GLOBAL_UNIT_ASSIGNED_CONTEXT((#2357,#2358,#2359)) REPRESENTATION_CONTEXT
('Context #1','3D Context with UNIT and UNCERTAINTY') );
#2357 = ( LENGTH_UNIT() NAMED_UNIT(*) SI_UNIT(.MILLI.,.METRE.) );
#2358 = ( NAMED_UNIT(*) PLANE_ANGLE_UNIT() SI_UNIT($,.RADIAN.) );
#2359 = ( NAMED_UNIT(*) SI_UNIT($,.STERADIAN.) SOLID_ANGLE_UNIT() );
#2360 = UNCERTAINTY_MEASURE_WITH_UNIT(LENGTH_MEASURE(1.E-07),#2357,
  'distance_accuracy_value','confusion accuracy');
#2361 = CONTEXT_DEPENDENT_SHAPE_REPRESENTATION(#2362,#2364);
#2362 = ( REPRESENTATION_RELATIONSHIP('','',#2205,#2182) 
REPRESENTATION_RELATIONSHIP_WITH_TRANSFORMATION(#2363) 
SHAPE_REPRESENTATION_RELATIONSHIP() );
#2363 = ITEM_DEFINED_TRANSFORMATION('','',#11,#2183);
#2364 = PRODUCT_DEFINITION_SHAPE('Placement','Placement of an item',
  #2365);
#2365 = NEXT_ASSEMBLY_USAGE_OCCURRENCE('9','=>[0:1:1:9]','',#2177,#2200,
  $);
#2366 = PRODUCT_RELATED_PRODUCT_CATEGORY('part',$,(#2202));
#2367 = CONTEXT_DEPENDENT_SHAPE_REPRESENTATION(#2368,#2370);
#2368 = ( REPRESENTATION_RELATIONSHIP('','',#136,#10) 
REPRESENTATION_RELATIONSHIP_WITH_TRANSFORMATION(#2369) 
SHAPE_REPRESENTATION_RELATIONSHIP() );
#2369 = ITEM_DEFINED_TRANSFORMATION('','',#11,#39);
#2370 = PRODUCT_DEFINITION_SHAPE('Placement','Placement of an item',
  #2371);
#2371 = NEXT_ASSEMBLY_USAGE_OCCURRENCE('11','D2','',#5,#131,$);
#2372 = CONTEXT_DEPENDENT_SHAPE_REPRESENTATION(#2373,#2375);
#2373 = ( REPRESENTATION_RELATIONSHIP('','',#136,#10) 
REPRESENTATION_RELATIONSHIP_WITH_TRANSFORMATION(#2374) 
SHAPE_REPRESENTATION_RELATIONSHIP() );
#2374 = ITEM_DEFINED_TRANSFORMATION('','',#11,#43);
#2375 = PRODUCT_DEFINITION_SHAPE('Placement','Placement of an item',
  #2376);
#2376 = NEXT_ASSEMBLY_USAGE_OCCURRENCE('12','D5','',#5,#131,$);
#2377 = CONTEXT_DEPENDENT_SHAPE_REPRESENTATION(#2378,#2380);
#2378 = ( REPRESENTATION_RELATIONSHIP('','',#136,#10) 
REPRESENTATION_RELATIONSHIP_WITH_TRANSFORMATION(#2379) 
SHAPE_REPRESENTATION_RELATIONSHIP() );
#2379 = ITEM_DEFINED_TRANSFORMATION('','',#11,#47);
#2380 = PRODUCT_DEFINITION_SHAPE('Placement','Placement of an item',
  #2381);
#2381 = NEXT_ASSEMBLY_USAGE_OCCURRENCE('13','D8','',#5,#131,$);
#2382 = CONTEXT_DEPENDENT_SHAPE_REPRESENTATION(#2383,#2385);
#2383 = ( REPRESENTATION_RELATIONSHIP('','',#136,#10) 
REPRESENTATION_RELATIONSHIP_WITH_TRANSFORMATION(#2384) 
SHAPE_REPRESENTATION_RELATIONSHIP() );
#2384 = ITEM_DEFINED_TRANSFORMATION('','',#11,#51);
#2385 = PRODUCT_DEFINITION_SHAPE('Placement','Placement of an item',
  #2386);
#2386 = NEXT_ASSEMBLY_USAGE_OCCURRENCE('14','D7','',#5,#131,$);
#2387 = SHAPE_DEFINITION_REPRESENTATION(#2388,#2394);
#2388 = PRODUCT_DEFINITION_SHAPE('','',#2389);
#2389 = PRODUCT_DEFINITION('design','',#2390,#2393);
#2390 = PRODUCT_DEFINITION_FORMATION('','',#2391);
#2391 = PRODUCT('SOT-23-5','SOT-23-5','',(#2392));
#2392 = PRODUCT_CONTEXT('',#2,'mechanical');
#2393 = PRODUCT_DEFINITION_CONTEXT('part definition',#2,'design');
#2394 = SHAPE_REPRESENTATION('',(#11,#2395),#2399);
#2395 = AXIS2_PLACEMENT_3D('',#2396,#2397,#2398);
#2396 = CARTESIAN_POINT('',(0.,0.,0.));
#2397 = DIRECTION('',(0.,0.,1.));
#2398 = DIRECTION('',(1.,0.,-0.));
#2399 = ( GEOMETRIC_REPRESENTATION_CONTEXT(3) 
GLOBAL_UNCERTAINTY_ASSIGNED_CONTEXT((#2403)) 
GLOBAL_UNIT_ASSIGNED_CONTEXT((#2400,#2401,#2402)) REPRESENTATION_CONTEXT
('Context #1','3D Context with UNIT and UNCERTAINTY') );
#2400 = ( LENGTH_UNIT() NAMED_UNIT(*) SI_UNIT(.MILLI.,.METRE.) );
#2401 = ( NAMED_UNIT(*) PLANE_ANGLE_UNIT() SI_UNIT($,.RADIAN.) );
#2402 = ( NAMED_UNIT(*) SI_UNIT($,.STERADIAN.) SOLID_ANGLE_UNIT() );
#2403 = UNCERTAINTY_MEASURE_WITH_UNIT(LENGTH_MEASURE(1.E-07),#2400,
  'distance_accuracy_value','confusion accuracy');
#2404 = CONTEXT_DEPENDENT_SHAPE_REPRESENTATION(#2405,#2407);
#2405 = ( REPRESENTATION_RELATIONSHIP('','',#2394,#10) 
REPRESENTATION_RELATIONSHIP_WITH_TRANSFORMATION(#2406) 
SHAPE_REPRESENTATION_RELATIONSHIP() );
#2406 = ITEM_DEFINED_TRANSFORMATION('','',#11,#55);
#2407 = PRODUCT_DEFINITION_SHAPE('Placement','Placement of an item',
  #2408);
#2408 = NEXT_ASSEMBLY_USAGE_OCCURRENCE('16','U6','',#5,#2389,$);
#2409 = PRODUCT_RELATED_PRODUCT_CATEGORY('part',$,(#2391));
#2410 = SHAPE_DEFINITION_REPRESENTATION(#2411,#2417);
#2411 = PRODUCT_DEFINITION_SHAPE('','',#2412);
#2412 = PRODUCT_DEFINITION('design','',#2413,#2416);
#2413 = PRODUCT_DEFINITION_FORMATION('','',#2414);
#2414 = PRODUCT('SOT-23-5','SOT-23-5','',(#2415));
#2415 = PRODUCT_CONTEXT('',#2,'mechanical');
#2416 = PRODUCT_DEFINITION_CONTEXT('part definition',#2,'design');
#2417 = ADVANCED_BREP_SHAPE_REPRESENTATION('',(#11,#2418),#5487);
#2418 = MANIFOLD_SOLID_BREP('',#2419);
#2419 = CLOSED_SHELL('',(#2420,#2458,#2521,#2544,#2573,#2596,#2667,#2722
    ,#2745,#2768,#2785,#2808,#2896,#2912,#2942,#2973,#3004,#3035,#3066,
    #3097,#3114,#3131,#3162,#3193,#3224,#3254,#3277,#3300,#3317,#3362,
    #3432,#3455,#3478,#3501,#3556,#3594,#3643,#3735,#3760,#3844,#3866,
    #3958,#3983,#4067,#4084,#4169,#4194,#4271,#4356,#4381,#4458,#4475,
    #4567,#4592,#4676,#4693,#4712,#4731,#4777,#4793,#4812,#4828,#4845,
    #4857,#4874,#4891,#4908,#4925,#4942,#4959,#4976,#4988,#5005,#5022,
    #5039,#5056,#5073,#5090,#5107,#5119,#5136,#5153,#5170,#5187,#5204,
    #5221,#5233,#5250,#5267,#5284,#5301,#5318,#5335,#5347,#5364,#5381,
    #5398,#5415,#5432,#5449,#5466,#5478));
#2420 = ADVANCED_FACE('',(#2421),#2453,.F.);
#2421 = FACE_BOUND('',#2422,.F.);
#2422 = EDGE_LOOP('',(#2423,#2433,#2440,#2448));
#2423 = ORIENTED_EDGE('',*,*,#2424,.T.);
#2424 = EDGE_CURVE('',#2425,#2427,#2429,.T.);
#2425 = VERTEX_POINT('',#2426);
#2426 = CARTESIAN_POINT('',(-0.659324228722,1.358648457443,0.1));
#2427 = VERTEX_POINT('',#2428);
#2428 = CARTESIAN_POINT('',(0.659324228722,1.358648457443,0.1));
#2429 = LINE('',#2430,#2431);
#2430 = CARTESIAN_POINT('',(-0.659324228722,1.358648457443,0.1));
#2431 = VECTOR('',#2432,1.);
#2432 = DIRECTION('',(1.,1.110223024625E-16,0.));
#2433 = ORIENTED_EDGE('',*,*,#2434,.T.);
#2434 = EDGE_CURVE('',#2427,#2435,#2437,.T.);
#2435 = VERTEX_POINT('',#2436);
#2436 = CARTESIAN_POINT('',(0.705,1.45,0.75));
#2437 = B_SPLINE_CURVE_WITH_KNOTS('',1,(#2438,#2439),.UNSPECIFIED.,.F.,
  .F.,(2,2),(0.,1.),.PIECEWISE_BEZIER_KNOTS.);
#2438 = CARTESIAN_POINT('',(0.659324228722,1.358648457443,0.1));
#2439 = CARTESIAN_POINT('',(0.705,1.45,0.75));
#2440 = ORIENTED_EDGE('',*,*,#2441,.F.);
#2441 = EDGE_CURVE('',#2442,#2435,#2444,.T.);
#2442 = VERTEX_POINT('',#2443);
#2443 = CARTESIAN_POINT('',(-0.705,1.45,0.75));
#2444 = LINE('',#2445,#2446);
#2445 = CARTESIAN_POINT('',(-0.705,1.45,0.75));
#2446 = VECTOR('',#2447,1.);
#2447 = DIRECTION('',(1.,1.110223024625E-16,0.));
#2448 = ORIENTED_EDGE('',*,*,#2449,.F.);
#2449 = EDGE_CURVE('',#2425,#2442,#2450,.T.);
#2450 = B_SPLINE_CURVE_WITH_KNOTS('',1,(#2451,#2452),.UNSPECIFIED.,.F.,
  .F.,(2,2),(0.,1.),.PIECEWISE_BEZIER_KNOTS.);
#2451 = CARTESIAN_POINT('',(-0.659324228722,1.358648457443,0.1));
#2452 = CARTESIAN_POINT('',(-0.705,1.45,0.75));
#2453 = B_SPLINE_SURFACE_WITH_KNOTS('',1,1,(
    (#2454,#2455)
    ,(#2456,#2457
    )),.UNSPECIFIED.,.F.,.F.,.F.,(2,2),(2,2),(0.,1.41),(0.,1.),
  .PIECEWISE_BEZIER_KNOTS.);
#2454 = CARTESIAN_POINT('',(-0.659324228722,1.358648457443,0.1));
#2455 = CARTESIAN_POINT('',(-0.705,1.45,0.75));
#2456 = CARTESIAN_POINT('',(0.659324228722,1.358648457443,0.1));
#2457 = CARTESIAN_POINT('',(0.705,1.45,0.75));
#2458 = ADVANCED_FACE('',(#2459),#2516,.F.);
#2459 = FACE_BOUND('',#2460,.T.);
#2460 = EDGE_LOOP('',(#2461,#2462,#2470,#2478,#2486,#2494,#2502,#2510));
#2461 = ORIENTED_EDGE('',*,*,#2424,.T.);
#2462 = ORIENTED_EDGE('',*,*,#2463,.T.);
#2463 = EDGE_CURVE('',#2427,#2464,#2466,.T.);
#2464 = VERTEX_POINT('',#2465);
#2465 = CARTESIAN_POINT('',(0.708648457443,1.309324228722,0.1));
#2466 = LINE('',#2467,#2468);
#2467 = CARTESIAN_POINT('',(0.659324228722,1.358648457443,0.1));
#2468 = VECTOR('',#2469,1.);
#2469 = DIRECTION('',(0.707106781187,-0.707106781187,0.));
#2470 = ORIENTED_EDGE('',*,*,#2471,.T.);
#2471 = EDGE_CURVE('',#2464,#2472,#2474,.T.);
#2472 = VERTEX_POINT('',#2473);
#2473 = CARTESIAN_POINT('',(0.708648457443,-1.309324228722,0.1));
#2474 = LINE('',#2475,#2476);
#2475 = CARTESIAN_POINT('',(0.708648457443,1.309324228722,0.1));
#2476 = VECTOR('',#2477,1.);
#2477 = DIRECTION('',(1.110223024625E-16,-1.,0.));
#2478 = ORIENTED_EDGE('',*,*,#2479,.T.);
#2479 = EDGE_CURVE('',#2472,#2480,#2482,.T.);
#2480 = VERTEX_POINT('',#2481);
#2481 = CARTESIAN_POINT('',(0.659324228722,-1.358648457443,0.1));
#2482 = LINE('',#2483,#2484);
#2483 = CARTESIAN_POINT('',(0.708648457443,-1.309324228722,0.1));
#2484 = VECTOR('',#2485,1.);
#2485 = DIRECTION('',(-0.707106781187,-0.707106781187,0.));
#2486 = ORIENTED_EDGE('',*,*,#2487,.T.);
#2487 = EDGE_CURVE('',#2480,#2488,#2490,.T.);
#2488 = VERTEX_POINT('',#2489);
#2489 = CARTESIAN_POINT('',(-0.659324228722,-1.358648457443,0.1));
#2490 = LINE('',#2491,#2492);
#2491 = CARTESIAN_POINT('',(0.659324228722,-1.358648457443,0.1));
#2492 = VECTOR('',#2493,1.);
#2493 = DIRECTION('',(-1.,-1.110223024625E-16,0.));
#2494 = ORIENTED_EDGE('',*,*,#2495,.T.);
#2495 = EDGE_CURVE('',#2488,#2496,#2498,.T.);
#2496 = VERTEX_POINT('',#2497);
#2497 = CARTESIAN_POINT('',(-0.708648457443,-1.309324228722,0.1));
#2498 = LINE('',#2499,#2500);
#2499 = CARTESIAN_POINT('',(-0.659324228722,-1.358648457443,0.1));
#2500 = VECTOR('',#2501,1.);
#2501 = DIRECTION('',(-0.707106781187,0.707106781187,0.));
#2502 = ORIENTED_EDGE('',*,*,#2503,.T.);
#2503 = EDGE_CURVE('',#2496,#2504,#2506,.T.);
#2504 = VERTEX_POINT('',#2505);
#2505 = CARTESIAN_POINT('',(-0.708648457443,1.309324228722,0.1));
#2506 = LINE('',#2507,#2508);
#2507 = CARTESIAN_POINT('',(-0.708648457443,-1.309324228722,0.1));
#2508 = VECTOR('',#2509,1.);
#2509 = DIRECTION('',(-1.110223024625E-16,1.,0.));
#2510 = ORIENTED_EDGE('',*,*,#2511,.T.);
#2511 = EDGE_CURVE('',#2504,#2425,#2512,.T.);
#2512 = LINE('',#2513,#2514);
#2513 = CARTESIAN_POINT('',(-0.708648457443,1.309324228722,0.1));
#2514 = VECTOR('',#2515,1.);
#2515 = DIRECTION('',(0.707106781187,0.707106781187,0.));
#2516 = PLANE('',#2517);
#2517 = AXIS2_PLACEMENT_3D('',#2518,#2519,#2520);
#2518 = CARTESIAN_POINT('',(-0.659324228722,1.358648457443,0.1));
#2519 = DIRECTION('',(0.,0.,1.));
#2520 = DIRECTION('',(0.436587433964,-0.899661832304,0.));
#2521 = ADVANCED_FACE('',(#2522),#2539,.F.);
#2522 = FACE_BOUND('',#2523,.F.);
#2523 = EDGE_LOOP('',(#2524,#2525,#2532,#2538));
#2524 = ORIENTED_EDGE('',*,*,#2463,.T.);
#2525 = ORIENTED_EDGE('',*,*,#2526,.T.);
#2526 = EDGE_CURVE('',#2464,#2527,#2529,.T.);
#2527 = VERTEX_POINT('',#2528);
#2528 = CARTESIAN_POINT('',(0.8,1.355,0.75));
#2529 = B_SPLINE_CURVE_WITH_KNOTS('',1,(#2530,#2531),.UNSPECIFIED.,.F.,
  .F.,(2,2),(0.,1.),.PIECEWISE_BEZIER_KNOTS.);
#2530 = CARTESIAN_POINT('',(0.708648457443,1.309324228722,0.1));
#2531 = CARTESIAN_POINT('',(0.8,1.355,0.75));
#2532 = ORIENTED_EDGE('',*,*,#2533,.F.);
#2533 = EDGE_CURVE('',#2435,#2527,#2534,.T.);
#2534 = LINE('',#2535,#2536);
#2535 = CARTESIAN_POINT('',(0.705,1.45,0.75));
#2536 = VECTOR('',#2537,1.);
#2537 = DIRECTION('',(0.707106781187,-0.707106781187,0.));
#2538 = ORIENTED_EDGE('',*,*,#2434,.F.);
#2539 = B_SPLINE_SURFACE_WITH_KNOTS('',1,1,(
    (#2540,#2541)
    ,(#2542,#2543
    )),.UNSPECIFIED.,.F.,.F.,.F.,(2,2),(2,2),(0.,0.134350288425),(0.,1.)
  ,.PIECEWISE_BEZIER_KNOTS.);
#2540 = CARTESIAN_POINT('',(0.659324228722,1.358648457443,0.1));
#2541 = CARTESIAN_POINT('',(0.705,1.45,0.75));
#2542 = CARTESIAN_POINT('',(0.708648457443,1.309324228722,0.1));
#2543 = CARTESIAN_POINT('',(0.8,1.355,0.75));
#2544 = ADVANCED_FACE('',(#2545),#2568,.F.);
#2545 = FACE_BOUND('',#2546,.F.);
#2546 = EDGE_LOOP('',(#2547,#2548,#2555,#2563));
#2547 = ORIENTED_EDGE('',*,*,#2441,.T.);
#2548 = ORIENTED_EDGE('',*,*,#2549,.T.);
#2549 = EDGE_CURVE('',#2435,#2550,#2552,.T.);
#2550 = VERTEX_POINT('',#2551);
#2551 = CARTESIAN_POINT('',(0.705,1.45,0.9));
#2552 = B_SPLINE_CURVE_WITH_KNOTS('',1,(#2553,#2554),.UNSPECIFIED.,.F.,
  .F.,(2,2),(0.,1.),.PIECEWISE_BEZIER_KNOTS.);
#2553 = CARTESIAN_POINT('',(0.705,1.45,0.75));
#2554 = CARTESIAN_POINT('',(0.705,1.45,0.9));
#2555 = ORIENTED_EDGE('',*,*,#2556,.F.);
#2556 = EDGE_CURVE('',#2557,#2550,#2559,.T.);
#2557 = VERTEX_POINT('',#2558);
#2558 = CARTESIAN_POINT('',(-0.705,1.45,0.9));
#2559 = LINE('',#2560,#2561);
#2560 = CARTESIAN_POINT('',(-0.705,1.45,0.9));
#2561 = VECTOR('',#2562,1.);
#2562 = DIRECTION('',(1.,1.110223024625E-16,0.));
#2563 = ORIENTED_EDGE('',*,*,#2564,.F.);
#2564 = EDGE_CURVE('',#2442,#2557,#2565,.T.);
#2565 = B_SPLINE_CURVE_WITH_KNOTS('',1,(#2566,#2567),.UNSPECIFIED.,.F.,
  .F.,(2,2),(0.,1.),.PIECEWISE_BEZIER_KNOTS.);
#2566 = CARTESIAN_POINT('',(-0.705,1.45,0.75));
#2567 = CARTESIAN_POINT('',(-0.705,1.45,0.9));
#2568 = PLANE('',#2569);
#2569 = AXIS2_PLACEMENT_3D('',#2570,#2571,#2572);
#2570 = CARTESIAN_POINT('',(-0.705,1.45,0.9));
#2571 = DIRECTION('',(1.110223024625E-16,-1.,0.));
#2572 = DIRECTION('',(1.,1.110223024625E-16,0.));
#2573 = ADVANCED_FACE('',(#2574),#2591,.F.);
#2574 = FACE_BOUND('',#2575,.F.);
#2575 = EDGE_LOOP('',(#2576,#2577,#2578,#2586));
#2576 = ORIENTED_EDGE('',*,*,#2511,.T.);
#2577 = ORIENTED_EDGE('',*,*,#2449,.T.);
#2578 = ORIENTED_EDGE('',*,*,#2579,.F.);
#2579 = EDGE_CURVE('',#2580,#2442,#2582,.T.);
#2580 = VERTEX_POINT('',#2581);
#2581 = CARTESIAN_POINT('',(-0.8,1.355,0.75));
#2582 = LINE('',#2583,#2584);
#2583 = CARTESIAN_POINT('',(-0.8,1.355,0.75));
#2584 = VECTOR('',#2585,1.);
#2585 = DIRECTION('',(0.707106781187,0.707106781187,0.));
#2586 = ORIENTED_EDGE('',*,*,#2587,.F.);
#2587 = EDGE_CURVE('',#2504,#2580,#2588,.T.);
#2588 = B_SPLINE_CURVE_WITH_KNOTS('',1,(#2589,#2590),.UNSPECIFIED.,.F.,
  .F.,(2,2),(0.,1.),.PIECEWISE_BEZIER_KNOTS.);
#2589 = CARTESIAN_POINT('',(-0.708648457443,1.309324228722,0.1));
#2590 = CARTESIAN_POINT('',(-0.8,1.355,0.75));
#2591 = B_SPLINE_SURFACE_WITH_KNOTS('',1,1,(
    (#2592,#2593)
    ,(#2594,#2595
    )),.UNSPECIFIED.,.F.,.F.,.F.,(2,2),(2,2),(0.,0.134350288425),(0.,1.)
  ,.PIECEWISE_BEZIER_KNOTS.);
#2592 = CARTESIAN_POINT('',(-0.708648457443,1.309324228722,0.1));
#2593 = CARTESIAN_POINT('',(-0.8,1.355,0.75));
#2594 = CARTESIAN_POINT('',(-0.659324228722,1.358648457443,0.1));
#2595 = CARTESIAN_POINT('',(-0.705,1.45,0.75));
#2596 = ADVANCED_FACE('',(#2597),#2662,.F.);
#2597 = FACE_BOUND('',#2598,.F.);
#2598 = EDGE_LOOP('',(#2599,#2600,#2601,#2609,#2617,#2625,#2633,#2641,
    #2649,#2657));
#2599 = ORIENTED_EDGE('',*,*,#2503,.T.);
#2600 = ORIENTED_EDGE('',*,*,#2587,.T.);
#2601 = ORIENTED_EDGE('',*,*,#2602,.F.);
#2602 = EDGE_CURVE('',#2603,#2580,#2605,.T.);
#2603 = VERTEX_POINT('',#2604);
#2604 = CARTESIAN_POINT('',(-0.8,1.2,0.75));
#2605 = LINE('',#2606,#2607);
#2606 = CARTESIAN_POINT('',(-0.8,-1.355,0.75));
#2607 = VECTOR('',#2608,1.);
#2608 = DIRECTION('',(-1.110223024625E-16,1.,0.));
#2609 = ORIENTED_EDGE('',*,*,#2610,.F.);
#2610 = EDGE_CURVE('',#2611,#2603,#2613,.T.);
#2611 = VERTEX_POINT('',#2612);
#2612 = CARTESIAN_POINT('',(-0.8,0.7,0.75));
#2613 = LINE('',#2614,#2615);
#2614 = CARTESIAN_POINT('',(-0.8,-1.355,0.75));
#2615 = VECTOR('',#2616,1.);
#2616 = DIRECTION('',(-1.110223024625E-16,1.,0.));
#2617 = ORIENTED_EDGE('',*,*,#2618,.F.);
#2618 = EDGE_CURVE('',#2619,#2611,#2621,.T.);
#2619 = VERTEX_POINT('',#2620);
#2620 = CARTESIAN_POINT('',(-0.8,0.25,0.75));
#2621 = LINE('',#2622,#2623);
#2622 = CARTESIAN_POINT('',(-0.8,-1.355,0.75));
#2623 = VECTOR('',#2624,1.);
#2624 = DIRECTION('',(-1.110223024625E-16,1.,0.));
#2625 = ORIENTED_EDGE('',*,*,#2626,.F.);
#2626 = EDGE_CURVE('',#2627,#2619,#2629,.T.);
#2627 = VERTEX_POINT('',#2628);
#2628 = CARTESIAN_POINT('',(-0.8,-0.25,0.75));
#2629 = LINE('',#2630,#2631);
#2630 = CARTESIAN_POINT('',(-0.8,-1.355,0.75));
#2631 = VECTOR('',#2632,1.);
#2632 = DIRECTION('',(-1.110223024625E-16,1.,0.));
#2633 = ORIENTED_EDGE('',*,*,#2634,.F.);
#2634 = EDGE_CURVE('',#2635,#2627,#2637,.T.);
#2635 = VERTEX_POINT('',#2636);
#2636 = CARTESIAN_POINT('',(-0.8,-0.7,0.75));
#2637 = LINE('',#2638,#2639);
#2638 = CARTESIAN_POINT('',(-0.8,-1.355,0.75));
#2639 = VECTOR('',#2640,1.);
#2640 = DIRECTION('',(-1.110223024625E-16,1.,0.));
#2641 = ORIENTED_EDGE('',*,*,#2642,.F.);
#2642 = EDGE_CURVE('',#2643,#2635,#2645,.T.);
#2643 = VERTEX_POINT('',#2644);
#2644 = CARTESIAN_POINT('',(-0.8,-1.2,0.75));
#2645 = LINE('',#2646,#2647);
#2646 = CARTESIAN_POINT('',(-0.8,-1.355,0.75));
#2647 = VECTOR('',#2648,1.);
#2648 = DIRECTION('',(-1.110223024625E-16,1.,0.));
#2649 = ORIENTED_EDGE('',*,*,#2650,.F.);
#2650 = EDGE_CURVE('',#2651,#2643,#2653,.T.);
#2651 = VERTEX_POINT('',#2652);
#2652 = CARTESIAN_POINT('',(-0.8,-1.355,0.75));
#2653 = LINE('',#2654,#2655);
#2654 = CARTESIAN_POINT('',(-0.8,-1.355,0.75));
#2655 = VECTOR('',#2656,1.);
#2656 = DIRECTION('',(-1.110223024625E-16,1.,0.));
#2657 = ORIENTED_EDGE('',*,*,#2658,.F.);
#2658 = EDGE_CURVE('',#2496,#2651,#2659,.T.);
#2659 = B_SPLINE_CURVE_WITH_KNOTS('',1,(#2660,#2661),.UNSPECIFIED.,.F.,
  .F.,(2,2),(0.,1.),.PIECEWISE_BEZIER_KNOTS.);
#2660 = CARTESIAN_POINT('',(-0.708648457443,-1.309324228722,0.1));
#2661 = CARTESIAN_POINT('',(-0.8,-1.355,0.75));
#2662 = B_SPLINE_SURFACE_WITH_KNOTS('',1,1,(
    (#2663,#2664)
    ,(#2665,#2666
    )),.UNSPECIFIED.,.F.,.F.,.F.,(2,2),(2,2),(0.,2.71),(0.,1.),
  .PIECEWISE_BEZIER_KNOTS.);
#2663 = CARTESIAN_POINT('',(-0.708648457443,-1.309324228722,0.1));
#2664 = CARTESIAN_POINT('',(-0.8,-1.355,0.75));
#2665 = CARTESIAN_POINT('',(-0.708648457443,1.309324228722,0.1));
#2666 = CARTESIAN_POINT('',(-0.8,1.355,0.75));
#2667 = ADVANCED_FACE('',(#2668),#2717,.F.);
#2668 = FACE_BOUND('',#2669,.F.);
#2669 = EDGE_LOOP('',(#2670,#2671,#2678,#2686,#2694,#2702,#2710,#2716));
#2670 = ORIENTED_EDGE('',*,*,#2471,.T.);
#2671 = ORIENTED_EDGE('',*,*,#2672,.T.);
#2672 = EDGE_CURVE('',#2472,#2673,#2675,.T.);
#2673 = VERTEX_POINT('',#2674);
#2674 = CARTESIAN_POINT('',(0.8,-1.355,0.75));
#2675 = B_SPLINE_CURVE_WITH_KNOTS('',1,(#2676,#2677),.UNSPECIFIED.,.F.,
  .F.,(2,2),(0.,1.),.PIECEWISE_BEZIER_KNOTS.);
#2676 = CARTESIAN_POINT('',(0.708648457443,-1.309324228722,0.1));
#2677 = CARTESIAN_POINT('',(0.8,-1.355,0.75));
#2678 = ORIENTED_EDGE('',*,*,#2679,.F.);
#2679 = EDGE_CURVE('',#2680,#2673,#2682,.T.);
#2680 = VERTEX_POINT('',#2681);
#2681 = CARTESIAN_POINT('',(0.8,-1.2,0.75));
#2682 = LINE('',#2683,#2684);
#2683 = CARTESIAN_POINT('',(0.8,1.355,0.75));
#2684 = VECTOR('',#2685,1.);
#2685 = DIRECTION('',(1.110223024625E-16,-1.,0.));
#2686 = ORIENTED_EDGE('',*,*,#2687,.F.);
#2687 = EDGE_CURVE('',#2688,#2680,#2690,.T.);
#2688 = VERTEX_POINT('',#2689);
#2689 = CARTESIAN_POINT('',(0.8,-0.7,0.75));
#2690 = LINE('',#2691,#2692);
#2691 = CARTESIAN_POINT('',(0.8,1.355,0.75));
#2692 = VECTOR('',#2693,1.);
#2693 = DIRECTION('',(1.110223024625E-16,-1.,0.));
#2694 = ORIENTED_EDGE('',*,*,#2695,.F.);
#2695 = EDGE_CURVE('',#2696,#2688,#2698,.T.);
#2696 = VERTEX_POINT('',#2697);
#2697 = CARTESIAN_POINT('',(0.8,0.7,0.75));
#2698 = LINE('',#2699,#2700);
#2699 = CARTESIAN_POINT('',(0.8,1.355,0.75));
#2700 = VECTOR('',#2701,1.);
#2701 = DIRECTION('',(1.110223024625E-16,-1.,0.));
#2702 = ORIENTED_EDGE('',*,*,#2703,.F.);
#2703 = EDGE_CURVE('',#2704,#2696,#2706,.T.);
#2704 = VERTEX_POINT('',#2705);
#2705 = CARTESIAN_POINT('',(0.8,1.2,0.75));
#2706 = LINE('',#2707,#2708);
#2707 = CARTESIAN_POINT('',(0.8,1.355,0.75));
#2708 = VECTOR('',#2709,1.);
#2709 = DIRECTION('',(1.110223024625E-16,-1.,0.));
#2710 = ORIENTED_EDGE('',*,*,#2711,.F.);
#2711 = EDGE_CURVE('',#2527,#2704,#2712,.T.);
#2712 = LINE('',#2713,#2714);
#2713 = CARTESIAN_POINT('',(0.8,1.355,0.75));
#2714 = VECTOR('',#2715,1.);
#2715 = DIRECTION('',(1.110223024625E-16,-1.,0.));
#2716 = ORIENTED_EDGE('',*,*,#2526,.F.);
#2717 = B_SPLINE_SURFACE_WITH_KNOTS('',1,1,(
    (#2718,#2719)
    ,(#2720,#2721
    )),.UNSPECIFIED.,.F.,.F.,.F.,(2,2),(2,2),(0.,2.71),(0.,1.),
  .PIECEWISE_BEZIER_KNOTS.);
#2718 = CARTESIAN_POINT('',(0.708648457443,1.309324228722,0.1));
#2719 = CARTESIAN_POINT('',(0.8,1.355,0.75));
#2720 = CARTESIAN_POINT('',(0.708648457443,-1.309324228722,0.1));
#2721 = CARTESIAN_POINT('',(0.8,-1.355,0.75));
#2722 = ADVANCED_FACE('',(#2723),#2740,.F.);
#2723 = FACE_BOUND('',#2724,.F.);
#2724 = EDGE_LOOP('',(#2725,#2726,#2727,#2735));
#2725 = ORIENTED_EDGE('',*,*,#2495,.T.);
#2726 = ORIENTED_EDGE('',*,*,#2658,.T.);
#2727 = ORIENTED_EDGE('',*,*,#2728,.F.);
#2728 = EDGE_CURVE('',#2729,#2651,#2731,.T.);
#2729 = VERTEX_POINT('',#2730);
#2730 = CARTESIAN_POINT('',(-0.705,-1.45,0.75));
#2731 = LINE('',#2732,#2733);
#2732 = CARTESIAN_POINT('',(-0.705,-1.45,0.75));
#2733 = VECTOR('',#2734,1.);
#2734 = DIRECTION('',(-0.707106781187,0.707106781187,0.));
#2735 = ORIENTED_EDGE('',*,*,#2736,.F.);
#2736 = EDGE_CURVE('',#2488,#2729,#2737,.T.);
#2737 = B_SPLINE_CURVE_WITH_KNOTS('',1,(#2738,#2739),.UNSPECIFIED.,.F.,
  .F.,(2,2),(0.,1.),.PIECEWISE_BEZIER_KNOTS.);
#2738 = CARTESIAN_POINT('',(-0.659324228722,-1.358648457443,0.1));
#2739 = CARTESIAN_POINT('',(-0.705,-1.45,0.75));
#2740 = B_SPLINE_SURFACE_WITH_KNOTS('',1,1,(
    (#2741,#2742)
    ,(#2743,#2744
    )),.UNSPECIFIED.,.F.,.F.,.F.,(2,2),(2,2),(0.,0.134350288425),(0.,1.)
  ,.PIECEWISE_BEZIER_KNOTS.);
#2741 = CARTESIAN_POINT('',(-0.659324228722,-1.358648457443,0.1));
#2742 = CARTESIAN_POINT('',(-0.705,-1.45,0.75));
#2743 = CARTESIAN_POINT('',(-0.708648457443,-1.309324228722,0.1));
#2744 = CARTESIAN_POINT('',(-0.8,-1.355,0.75));
#2745 = ADVANCED_FACE('',(#2746),#2763,.F.);
#2746 = FACE_BOUND('',#2747,.F.);
#2747 = EDGE_LOOP('',(#2748,#2749,#2756,#2762));
#2748 = ORIENTED_EDGE('',*,*,#2479,.T.);
#2749 = ORIENTED_EDGE('',*,*,#2750,.T.);
#2750 = EDGE_CURVE('',#2480,#2751,#2753,.T.);
#2751 = VERTEX_POINT('',#2752);
#2752 = CARTESIAN_POINT('',(0.705,-1.45,0.75));
#2753 = B_SPLINE_CURVE_WITH_KNOTS('',1,(#2754,#2755),.UNSPECIFIED.,.F.,
  .F.,(2,2),(0.,1.),.PIECEWISE_BEZIER_KNOTS.);
#2754 = CARTESIAN_POINT('',(0.659324228722,-1.358648457443,0.1));
#2755 = CARTESIAN_POINT('',(0.705,-1.45,0.75));
#2756 = ORIENTED_EDGE('',*,*,#2757,.F.);
#2757 = EDGE_CURVE('',#2673,#2751,#2758,.T.);
#2758 = LINE('',#2759,#2760);
#2759 = CARTESIAN_POINT('',(0.8,-1.355,0.75));
#2760 = VECTOR('',#2761,1.);
#2761 = DIRECTION('',(-0.707106781187,-0.707106781187,0.));
#2762 = ORIENTED_EDGE('',*,*,#2672,.F.);
#2763 = B_SPLINE_SURFACE_WITH_KNOTS('',1,1,(
    (#2764,#2765)
    ,(#2766,#2767
    )),.UNSPECIFIED.,.F.,.F.,.F.,(2,2),(2,2),(0.,0.134350288425),(0.,1.)
  ,.PIECEWISE_BEZIER_KNOTS.);
#2764 = CARTESIAN_POINT('',(0.708648457443,-1.309324228722,0.1));
#2765 = CARTESIAN_POINT('',(0.8,-1.355,0.75));
#2766 = CARTESIAN_POINT('',(0.659324228722,-1.358648457443,0.1));
#2767 = CARTESIAN_POINT('',(0.705,-1.45,0.75));
#2768 = ADVANCED_FACE('',(#2769),#2780,.F.);
#2769 = FACE_BOUND('',#2770,.F.);
#2770 = EDGE_LOOP('',(#2771,#2772,#2773,#2779));
#2771 = ORIENTED_EDGE('',*,*,#2487,.T.);
#2772 = ORIENTED_EDGE('',*,*,#2736,.T.);
#2773 = ORIENTED_EDGE('',*,*,#2774,.F.);
#2774 = EDGE_CURVE('',#2751,#2729,#2775,.T.);
#2775 = LINE('',#2776,#2777);
#2776 = CARTESIAN_POINT('',(0.705,-1.45,0.75));
#2777 = VECTOR('',#2778,1.);
#2778 = DIRECTION('',(-1.,-1.110223024625E-16,0.));
#2779 = ORIENTED_EDGE('',*,*,#2750,.F.);
#2780 = B_SPLINE_SURFACE_WITH_KNOTS('',1,1,(
    (#2781,#2782)
    ,(#2783,#2784
    )),.UNSPECIFIED.,.F.,.F.,.F.,(2,2),(2,2),(0.,1.41),(0.,1.),
  .PIECEWISE_BEZIER_KNOTS.);
#2781 = CARTESIAN_POINT('',(0.659324228722,-1.358648457443,0.1));
#2782 = CARTESIAN_POINT('',(0.705,-1.45,0.75));
#2783 = CARTESIAN_POINT('',(-0.659324228722,-1.358648457443,0.1));
#2784 = CARTESIAN_POINT('',(-0.705,-1.45,0.75));
#2785 = ADVANCED_FACE('',(#2786),#2803,.F.);
#2786 = FACE_BOUND('',#2787,.F.);
#2787 = EDGE_LOOP('',(#2788,#2789,#2796,#2802));
#2788 = ORIENTED_EDGE('',*,*,#2533,.T.);
#2789 = ORIENTED_EDGE('',*,*,#2790,.T.);
#2790 = EDGE_CURVE('',#2527,#2791,#2793,.T.);
#2791 = VERTEX_POINT('',#2792);
#2792 = CARTESIAN_POINT('',(0.8,1.355,0.9));
#2793 = B_SPLINE_CURVE_WITH_KNOTS('',1,(#2794,#2795),.UNSPECIFIED.,.F.,
  .F.,(2,2),(0.,1.),.PIECEWISE_BEZIER_KNOTS.);
#2794 = CARTESIAN_POINT('',(0.8,1.355,0.75));
#2795 = CARTESIAN_POINT('',(0.8,1.355,0.9));
#2796 = ORIENTED_EDGE('',*,*,#2797,.F.);
#2797 = EDGE_CURVE('',#2550,#2791,#2798,.T.);
#2798 = LINE('',#2799,#2800);
#2799 = CARTESIAN_POINT('',(0.705,1.45,0.9));
#2800 = VECTOR('',#2801,1.);
#2801 = DIRECTION('',(0.707106781187,-0.707106781187,0.));
#2802 = ORIENTED_EDGE('',*,*,#2549,.F.);
#2803 = PLANE('',#2804);
#2804 = AXIS2_PLACEMENT_3D('',#2805,#2806,#2807);
#2805 = CARTESIAN_POINT('',(0.705,1.45,0.9));
#2806 = DIRECTION('',(-0.707106781187,-0.707106781187,0.));
#2807 = DIRECTION('',(0.707106781187,-0.707106781187,0.));
#2808 = ADVANCED_FACE('',(#2809),#2891,.F.);
#2809 = FACE_BOUND('',#2810,.F.);
#2810 = EDGE_LOOP('',(#2811,#2819,#2820,#2821,#2829,#2837,#2845,#2853,
    #2861,#2869,#2877,#2885));
#2811 = ORIENTED_EDGE('',*,*,#2812,.T.);
#2812 = EDGE_CURVE('',#2813,#2557,#2815,.T.);
#2813 = VERTEX_POINT('',#2814);
#2814 = CARTESIAN_POINT('',(-0.8,1.355,0.9));
#2815 = LINE('',#2816,#2817);
#2816 = CARTESIAN_POINT('',(-0.8,1.355,0.9));
#2817 = VECTOR('',#2818,1.);
#2818 = DIRECTION('',(0.707106781187,0.707106781187,0.));
#2819 = ORIENTED_EDGE('',*,*,#2556,.T.);
#2820 = ORIENTED_EDGE('',*,*,#2797,.T.);
#2821 = ORIENTED_EDGE('',*,*,#2822,.T.);
#2822 = EDGE_CURVE('',#2791,#2823,#2825,.T.);
#2823 = VERTEX_POINT('',#2824);
#2824 = CARTESIAN_POINT('',(0.8,1.2,0.9));
#2825 = LINE('',#2826,#2827);
#2826 = CARTESIAN_POINT('',(0.8,1.355,0.9));
#2827 = VECTOR('',#2828,1.);
#2828 = DIRECTION('',(1.110223024625E-16,-1.,0.));
#2829 = ORIENTED_EDGE('',*,*,#2830,.T.);
#2830 = EDGE_CURVE('',#2823,#2831,#2833,.T.);
#2831 = VERTEX_POINT('',#2832);
#2832 = CARTESIAN_POINT('',(0.775,1.2,0.9));
#2833 = LINE('',#2834,#2835);
#2834 = CARTESIAN_POINT('',(0.85,1.2,0.9));
#2835 = VECTOR('',#2836,1.);
#2836 = DIRECTION('',(-1.,-1.110223024625E-16,0.));
#2837 = ORIENTED_EDGE('',*,*,#2838,.F.);
#2838 = EDGE_CURVE('',#2839,#2831,#2841,.T.);
#2839 = VERTEX_POINT('',#2840);
#2840 = CARTESIAN_POINT('',(0.775,1.3425,0.9));
#2841 = LINE('',#2842,#2843);
#2842 = CARTESIAN_POINT('',(0.775,1.3425,0.9));
#2843 = VECTOR('',#2844,1.);
#2844 = DIRECTION('',(1.110223024625E-16,-1.,0.));
#2845 = ORIENTED_EDGE('',*,*,#2846,.F.);
#2846 = EDGE_CURVE('',#2847,#2839,#2849,.T.);
#2847 = VERTEX_POINT('',#2848);
#2848 = CARTESIAN_POINT('',(0.6925,1.425,0.9));
#2849 = LINE('',#2850,#2851);
#2850 = CARTESIAN_POINT('',(0.6925,1.425,0.9));
#2851 = VECTOR('',#2852,1.);
#2852 = DIRECTION('',(0.707106781187,-0.707106781187,0.));
#2853 = ORIENTED_EDGE('',*,*,#2854,.F.);
#2854 = EDGE_CURVE('',#2855,#2847,#2857,.T.);
#2855 = VERTEX_POINT('',#2856);
#2856 = CARTESIAN_POINT('',(-0.6925,1.425,0.9));
#2857 = LINE('',#2858,#2859);
#2858 = CARTESIAN_POINT('',(-0.6925,1.425,0.9));
#2859 = VECTOR('',#2860,1.);
#2860 = DIRECTION('',(1.,1.110223024625E-16,0.));
#2861 = ORIENTED_EDGE('',*,*,#2862,.F.);
#2862 = EDGE_CURVE('',#2863,#2855,#2865,.T.);
#2863 = VERTEX_POINT('',#2864);
#2864 = CARTESIAN_POINT('',(-0.775,1.3425,0.9));
#2865 = LINE('',#2866,#2867);
#2866 = CARTESIAN_POINT('',(-0.775,1.3425,0.9));
#2867 = VECTOR('',#2868,1.);
#2868 = DIRECTION('',(0.707106781187,0.707106781187,0.));
#2869 = ORIENTED_EDGE('',*,*,#2870,.F.);
#2870 = EDGE_CURVE('',#2871,#2863,#2873,.T.);
#2871 = VERTEX_POINT('',#2872);
#2872 = CARTESIAN_POINT('',(-0.775,1.2,0.9));
#2873 = LINE('',#2874,#2875);
#2874 = CARTESIAN_POINT('',(-0.775,-1.3425,0.9));
#2875 = VECTOR('',#2876,1.);
#2876 = DIRECTION('',(-1.110223024625E-16,1.,0.));
#2877 = ORIENTED_EDGE('',*,*,#2878,.F.);
#2878 = EDGE_CURVE('',#2879,#2871,#2881,.T.);
#2879 = VERTEX_POINT('',#2880);
#2880 = CARTESIAN_POINT('',(-0.8,1.2,0.9));
#2881 = LINE('',#2882,#2883);
#2882 = CARTESIAN_POINT('',(-0.85,1.2,0.9));
#2883 = VECTOR('',#2884,1.);
#2884 = DIRECTION('',(1.,-1.144237745222E-17,0.));
#2885 = ORIENTED_EDGE('',*,*,#2886,.T.);
#2886 = EDGE_CURVE('',#2879,#2813,#2887,.T.);
#2887 = LINE('',#2888,#2889);
#2888 = CARTESIAN_POINT('',(-0.8,-1.355,0.9));
#2889 = VECTOR('',#2890,1.);
#2890 = DIRECTION('',(-1.110223024625E-16,1.,0.));
#2891 = PLANE('',#2892);
#2892 = AXIS2_PLACEMENT_3D('',#2893,#2894,#2895);
#2893 = CARTESIAN_POINT('',(-2.091417030376E-16,1.4375,0.9));
#2894 = DIRECTION('',(4.595758349624E-18,6.551522493592E-27,-1.));
#2895 = DIRECTION('',(1.,1.51922136901E-16,4.595758349624E-18));
#2896 = ADVANCED_FACE('',(#2897),#2907,.F.);
#2897 = FACE_BOUND('',#2898,.F.);
#2898 = EDGE_LOOP('',(#2899,#2900,#2901,#2902));
#2899 = ORIENTED_EDGE('',*,*,#2579,.T.);
#2900 = ORIENTED_EDGE('',*,*,#2564,.T.);
#2901 = ORIENTED_EDGE('',*,*,#2812,.F.);
#2902 = ORIENTED_EDGE('',*,*,#2903,.F.);
#2903 = EDGE_CURVE('',#2580,#2813,#2904,.T.);
#2904 = B_SPLINE_CURVE_WITH_KNOTS('',1,(#2905,#2906),.UNSPECIFIED.,.F.,
  .F.,(2,2),(0.,1.),.PIECEWISE_BEZIER_KNOTS.);
#2905 = CARTESIAN_POINT('',(-0.8,1.355,0.75));
#2906 = CARTESIAN_POINT('',(-0.8,1.355,0.9));
#2907 = PLANE('',#2908);
#2908 = AXIS2_PLACEMENT_3D('',#2909,#2910,#2911);
#2909 = CARTESIAN_POINT('',(-0.8,1.355,0.9));
#2910 = DIRECTION('',(0.707106781187,-0.707106781187,0.));
#2911 = DIRECTION('',(0.707106781187,0.707106781187,0.));
#2912 = ADVANCED_FACE('',(#2913),#2937,.F.);
#2913 = FACE_BOUND('',#2914,.F.);
#2914 = EDGE_LOOP('',(#2915,#2922,#2923,#2931));
#2915 = ORIENTED_EDGE('',*,*,#2916,.F.);
#2916 = EDGE_CURVE('',#2651,#2917,#2919,.T.);
#2917 = VERTEX_POINT('',#2918);
#2918 = CARTESIAN_POINT('',(-0.8,-1.355,0.9));
#2919 = B_SPLINE_CURVE_WITH_KNOTS('',1,(#2920,#2921),.UNSPECIFIED.,.F.,
  .F.,(2,2),(0.,1.),.PIECEWISE_BEZIER_KNOTS.);
#2920 = CARTESIAN_POINT('',(-0.8,-1.355,0.75));
#2921 = CARTESIAN_POINT('',(-0.8,-1.355,0.9));
#2922 = ORIENTED_EDGE('',*,*,#2650,.T.);
#2923 = ORIENTED_EDGE('',*,*,#2924,.T.);
#2924 = EDGE_CURVE('',#2643,#2925,#2927,.T.);
#2925 = VERTEX_POINT('',#2926);
#2926 = CARTESIAN_POINT('',(-0.8,-1.2,0.9));
#2927 = LINE('',#2928,#2929);
#2928 = CARTESIAN_POINT('',(-0.8,-1.2,0.670847817658));
#2929 = VECTOR('',#2930,1.);
#2930 = DIRECTION('',(0.,0.,1.));
#2931 = ORIENTED_EDGE('',*,*,#2932,.F.);
#2932 = EDGE_CURVE('',#2917,#2925,#2933,.T.);
#2933 = LINE('',#2934,#2935);
#2934 = CARTESIAN_POINT('',(-0.8,-1.355,0.9));
#2935 = VECTOR('',#2936,1.);
#2936 = DIRECTION('',(-1.110223024625E-16,1.,0.));
#2937 = PLANE('',#2938);
#2938 = AXIS2_PLACEMENT_3D('',#2939,#2940,#2941);
#2939 = CARTESIAN_POINT('',(-0.8,-1.355,0.9));
#2940 = DIRECTION('',(1.,1.110223024625E-16,0.));
#2941 = DIRECTION('',(-1.110223024625E-16,1.,0.));
#2942 = ADVANCED_FACE('',(#2943),#2968,.F.);
#2943 = FACE_BOUND('',#2944,.F.);
#2944 = EDGE_LOOP('',(#2945,#2953,#2954,#2962));
#2945 = ORIENTED_EDGE('',*,*,#2946,.F.);
#2946 = EDGE_CURVE('',#2643,#2947,#2949,.T.);
#2947 = VERTEX_POINT('',#2948);
#2948 = CARTESIAN_POINT('',(-0.85,-1.2,0.75));
#2949 = LINE('',#2950,#2951);
#2950 = CARTESIAN_POINT('',(-0.75,-1.2,0.75));
#2951 = VECTOR('',#2952,1.);
#2952 = DIRECTION('',(-1.,1.144237745222E-17,0.));
#2953 = ORIENTED_EDGE('',*,*,#2642,.T.);
#2954 = ORIENTED_EDGE('',*,*,#2955,.T.);
#2955 = EDGE_CURVE('',#2635,#2956,#2958,.T.);
#2956 = VERTEX_POINT('',#2957);
#2957 = CARTESIAN_POINT('',(-0.85,-0.7,0.75));
#2958 = LINE('',#2959,#2960);
#2959 = CARTESIAN_POINT('',(-0.75,-0.7,0.75));
#2960 = VECTOR('',#2961,1.);
#2961 = DIRECTION('',(-1.,1.144237745222E-17,0.));
#2962 = ORIENTED_EDGE('',*,*,#2963,.F.);
#2963 = EDGE_CURVE('',#2947,#2956,#2964,.T.);
#2964 = LINE('',#2965,#2966);
#2965 = CARTESIAN_POINT('',(-0.85,-1.2,0.75));
#2966 = VECTOR('',#2967,1.);
#2967 = DIRECTION('',(1.144237745222E-17,1.,0.));
#2968 = PLANE('',#2969);
#2969 = AXIS2_PLACEMENT_3D('',#2970,#2971,#2972);
#2970 = CARTESIAN_POINT('',(-0.75,-1.2,0.75));
#2971 = DIRECTION('',(0.,0.,1.));
#2972 = DIRECTION('',(-1.,1.144237745222E-17,0.));
#2973 = ADVANCED_FACE('',(#2974),#2999,.F.);
#2974 = FACE_BOUND('',#2975,.F.);
#2975 = EDGE_LOOP('',(#2976,#2984,#2985,#2993));
#2976 = ORIENTED_EDGE('',*,*,#2977,.F.);
#2977 = EDGE_CURVE('',#2635,#2978,#2980,.T.);
#2978 = VERTEX_POINT('',#2979);
#2979 = CARTESIAN_POINT('',(-0.8,-0.7,0.9));
#2980 = LINE('',#2981,#2982);
#2981 = CARTESIAN_POINT('',(-0.8,-0.7,0.670847817658));
#2982 = VECTOR('',#2983,1.);
#2983 = DIRECTION('',(0.,0.,1.));
#2984 = ORIENTED_EDGE('',*,*,#2634,.T.);
#2985 = ORIENTED_EDGE('',*,*,#2986,.T.);
#2986 = EDGE_CURVE('',#2627,#2987,#2989,.T.);
#2987 = VERTEX_POINT('',#2988);
#2988 = CARTESIAN_POINT('',(-0.8,-0.25,0.9));
#2989 = LINE('',#2990,#2991);
#2990 = CARTESIAN_POINT('',(-0.8,-0.25,0.670847817658));
#2991 = VECTOR('',#2992,1.);
#2992 = DIRECTION('',(0.,0.,1.));
#2993 = ORIENTED_EDGE('',*,*,#2994,.F.);
#2994 = EDGE_CURVE('',#2978,#2987,#2995,.T.);
#2995 = LINE('',#2996,#2997);
#2996 = CARTESIAN_POINT('',(-0.8,-1.355,0.9));
#2997 = VECTOR('',#2998,1.);
#2998 = DIRECTION('',(-1.110223024625E-16,1.,0.));
#2999 = PLANE('',#3000);
#3000 = AXIS2_PLACEMENT_3D('',#3001,#3002,#3003);
#3001 = CARTESIAN_POINT('',(-0.8,-1.355,0.9));
#3002 = DIRECTION('',(1.,1.110223024625E-16,0.));
#3003 = DIRECTION('',(-1.110223024625E-16,1.,0.));
#3004 = ADVANCED_FACE('',(#3005),#3030,.F.);
#3005 = FACE_BOUND('',#3006,.F.);
#3006 = EDGE_LOOP('',(#3007,#3015,#3016,#3024));
#3007 = ORIENTED_EDGE('',*,*,#3008,.F.);
#3008 = EDGE_CURVE('',#2627,#3009,#3011,.T.);
#3009 = VERTEX_POINT('',#3010);
#3010 = CARTESIAN_POINT('',(-0.85,-0.25,0.75));
#3011 = LINE('',#3012,#3013);
#3012 = CARTESIAN_POINT('',(-0.75,-0.25,0.75));
#3013 = VECTOR('',#3014,1.);
#3014 = DIRECTION('',(-1.,1.144237745222E-17,0.));
#3015 = ORIENTED_EDGE('',*,*,#2626,.T.);
#3016 = ORIENTED_EDGE('',*,*,#3017,.T.);
#3017 = EDGE_CURVE('',#2619,#3018,#3020,.T.);
#3018 = VERTEX_POINT('',#3019);
#3019 = CARTESIAN_POINT('',(-0.85,0.25,0.75));
#3020 = LINE('',#3021,#3022);
#3021 = CARTESIAN_POINT('',(-0.75,0.25,0.75));
#3022 = VECTOR('',#3023,1.);
#3023 = DIRECTION('',(-1.,1.144237745222E-17,0.));
#3024 = ORIENTED_EDGE('',*,*,#3025,.F.);
#3025 = EDGE_CURVE('',#3009,#3018,#3026,.T.);
#3026 = LINE('',#3027,#3028);
#3027 = CARTESIAN_POINT('',(-0.85,-0.25,0.75));
#3028 = VECTOR('',#3029,1.);
#3029 = DIRECTION('',(1.144237745222E-17,1.,0.));
#3030 = PLANE('',#3031);
#3031 = AXIS2_PLACEMENT_3D('',#3032,#3033,#3034);
#3032 = CARTESIAN_POINT('',(-0.75,-0.25,0.75));
#3033 = DIRECTION('',(0.,0.,1.));
#3034 = DIRECTION('',(-1.,1.144237745222E-17,0.));
#3035 = ADVANCED_FACE('',(#3036),#3061,.F.);
#3036 = FACE_BOUND('',#3037,.F.);
#3037 = EDGE_LOOP('',(#3038,#3046,#3047,#3055));
#3038 = ORIENTED_EDGE('',*,*,#3039,.F.);
#3039 = EDGE_CURVE('',#2619,#3040,#3042,.T.);
#3040 = VERTEX_POINT('',#3041);
#3041 = CARTESIAN_POINT('',(-0.8,0.25,0.9));
#3042 = LINE('',#3043,#3044);
#3043 = CARTESIAN_POINT('',(-0.8,0.25,0.670847817658));
#3044 = VECTOR('',#3045,1.);
#3045 = DIRECTION('',(0.,0.,1.));
#3046 = ORIENTED_EDGE('',*,*,#2618,.T.);
#3047 = ORIENTED_EDGE('',*,*,#3048,.T.);
#3048 = EDGE_CURVE('',#2611,#3049,#3051,.T.);
#3049 = VERTEX_POINT('',#3050);
#3050 = CARTESIAN_POINT('',(-0.8,0.7,0.9));
#3051 = LINE('',#3052,#3053);
#3052 = CARTESIAN_POINT('',(-0.8,0.7,0.670847817658));
#3053 = VECTOR('',#3054,1.);
#3054 = DIRECTION('',(0.,0.,1.));
#3055 = ORIENTED_EDGE('',*,*,#3056,.F.);
#3056 = EDGE_CURVE('',#3040,#3049,#3057,.T.);
#3057 = LINE('',#3058,#3059);
#3058 = CARTESIAN_POINT('',(-0.8,-1.355,0.9));
#3059 = VECTOR('',#3060,1.);
#3060 = DIRECTION('',(-1.110223024625E-16,1.,0.));
#3061 = PLANE('',#3062);
#3062 = AXIS2_PLACEMENT_3D('',#3063,#3064,#3065);
#3063 = CARTESIAN_POINT('',(-0.8,-1.355,0.9));
#3064 = DIRECTION('',(1.,1.110223024625E-16,0.));
#3065 = DIRECTION('',(-1.110223024625E-16,1.,0.));
#3066 = ADVANCED_FACE('',(#3067),#3092,.F.);
#3067 = FACE_BOUND('',#3068,.F.);
#3068 = EDGE_LOOP('',(#3069,#3077,#3078,#3086));
#3069 = ORIENTED_EDGE('',*,*,#3070,.F.);
#3070 = EDGE_CURVE('',#2611,#3071,#3073,.T.);
#3071 = VERTEX_POINT('',#3072);
#3072 = CARTESIAN_POINT('',(-0.85,0.7,0.75));
#3073 = LINE('',#3074,#3075);
#3074 = CARTESIAN_POINT('',(-0.75,0.7,0.75));
#3075 = VECTOR('',#3076,1.);
#3076 = DIRECTION('',(-1.,1.144237745222E-17,0.));
#3077 = ORIENTED_EDGE('',*,*,#2610,.T.);
#3078 = ORIENTED_EDGE('',*,*,#3079,.T.);
#3079 = EDGE_CURVE('',#2603,#3080,#3082,.T.);
#3080 = VERTEX_POINT('',#3081);
#3081 = CARTESIAN_POINT('',(-0.85,1.2,0.75));
#3082 = LINE('',#3083,#3084);
#3083 = CARTESIAN_POINT('',(-0.75,1.2,0.75));
#3084 = VECTOR('',#3085,1.);
#3085 = DIRECTION('',(-1.,1.144237745222E-17,0.));
#3086 = ORIENTED_EDGE('',*,*,#3087,.F.);
#3087 = EDGE_CURVE('',#3071,#3080,#3088,.T.);
#3088 = LINE('',#3089,#3090);
#3089 = CARTESIAN_POINT('',(-0.85,0.7,0.75));
#3090 = VECTOR('',#3091,1.);
#3091 = DIRECTION('',(1.144237745222E-17,1.,0.));
#3092 = PLANE('',#3093);
#3093 = AXIS2_PLACEMENT_3D('',#3094,#3095,#3096);
#3094 = CARTESIAN_POINT('',(-0.75,0.7,0.75));
#3095 = DIRECTION('',(0.,0.,1.));
#3096 = DIRECTION('',(-1.,1.144237745222E-17,0.));
#3097 = ADVANCED_FACE('',(#3098),#3109,.F.);
#3098 = FACE_BOUND('',#3099,.F.);
#3099 = EDGE_LOOP('',(#3100,#3106,#3107,#3108));
#3100 = ORIENTED_EDGE('',*,*,#3101,.F.);
#3101 = EDGE_CURVE('',#2603,#2879,#3102,.T.);
#3102 = LINE('',#3103,#3104);
#3103 = CARTESIAN_POINT('',(-0.8,1.2,0.670847817658));
#3104 = VECTOR('',#3105,1.);
#3105 = DIRECTION('',(0.,0.,1.));
#3106 = ORIENTED_EDGE('',*,*,#2602,.T.);
#3107 = ORIENTED_EDGE('',*,*,#2903,.T.);
#3108 = ORIENTED_EDGE('',*,*,#2886,.F.);
#3109 = PLANE('',#3110);
#3110 = AXIS2_PLACEMENT_3D('',#3111,#3112,#3113);
#3111 = CARTESIAN_POINT('',(-0.8,-1.355,0.9));
#3112 = DIRECTION('',(1.,1.110223024625E-16,0.));
#3113 = DIRECTION('',(-1.110223024625E-16,1.,0.));
#3114 = ADVANCED_FACE('',(#3115),#3126,.F.);
#3115 = FACE_BOUND('',#3116,.F.);
#3116 = EDGE_LOOP('',(#3117,#3118,#3119,#3125));
#3117 = ORIENTED_EDGE('',*,*,#2790,.F.);
#3118 = ORIENTED_EDGE('',*,*,#2711,.T.);
#3119 = ORIENTED_EDGE('',*,*,#3120,.T.);
#3120 = EDGE_CURVE('',#2704,#2823,#3121,.T.);
#3121 = LINE('',#3122,#3123);
#3122 = CARTESIAN_POINT('',(0.8,1.2,0.670847817658));
#3123 = VECTOR('',#3124,1.);
#3124 = DIRECTION('',(0.,0.,1.));
#3125 = ORIENTED_EDGE('',*,*,#2822,.F.);
#3126 = PLANE('',#3127);
#3127 = AXIS2_PLACEMENT_3D('',#3128,#3129,#3130);
#3128 = CARTESIAN_POINT('',(0.8,1.355,0.9));
#3129 = DIRECTION('',(-1.,-1.110223024625E-16,0.));
#3130 = DIRECTION('',(1.110223024625E-16,-1.,0.));
#3131 = ADVANCED_FACE('',(#3132),#3157,.F.);
#3132 = FACE_BOUND('',#3133,.F.);
#3133 = EDGE_LOOP('',(#3134,#3142,#3143,#3151));
#3134 = ORIENTED_EDGE('',*,*,#3135,.F.);
#3135 = EDGE_CURVE('',#2704,#3136,#3138,.T.);
#3136 = VERTEX_POINT('',#3137);
#3137 = CARTESIAN_POINT('',(0.85,1.2,0.75));
#3138 = LINE('',#3139,#3140);
#3139 = CARTESIAN_POINT('',(0.75,1.2,0.75));
#3140 = VECTOR('',#3141,1.);
#3141 = DIRECTION('',(1.,1.110223024625E-16,0.));
#3142 = ORIENTED_EDGE('',*,*,#2703,.T.);
#3143 = ORIENTED_EDGE('',*,*,#3144,.T.);
#3144 = EDGE_CURVE('',#2696,#3145,#3147,.T.);
#3145 = VERTEX_POINT('',#3146);
#3146 = CARTESIAN_POINT('',(0.85,0.7,0.75));
#3147 = LINE('',#3148,#3149);
#3148 = CARTESIAN_POINT('',(0.75,0.7,0.75));
#3149 = VECTOR('',#3150,1.);
#3150 = DIRECTION('',(1.,1.110223024625E-16,0.));
#3151 = ORIENTED_EDGE('',*,*,#3152,.F.);
#3152 = EDGE_CURVE('',#3136,#3145,#3153,.T.);
#3153 = LINE('',#3154,#3155);
#3154 = CARTESIAN_POINT('',(0.85,1.2,0.75));
#3155 = VECTOR('',#3156,1.);
#3156 = DIRECTION('',(1.110223024625E-16,-1.,0.));
#3157 = PLANE('',#3158);
#3158 = AXIS2_PLACEMENT_3D('',#3159,#3160,#3161);
#3159 = CARTESIAN_POINT('',(0.75,1.2,0.75));
#3160 = DIRECTION('',(0.,0.,1.));
#3161 = DIRECTION('',(1.,1.110223024625E-16,-0.));
#3162 = ADVANCED_FACE('',(#3163),#3188,.F.);
#3163 = FACE_BOUND('',#3164,.F.);
#3164 = EDGE_LOOP('',(#3165,#3173,#3174,#3182));
#3165 = ORIENTED_EDGE('',*,*,#3166,.F.);
#3166 = EDGE_CURVE('',#2696,#3167,#3169,.T.);
#3167 = VERTEX_POINT('',#3168);
#3168 = CARTESIAN_POINT('',(0.8,0.7,0.9));
#3169 = LINE('',#3170,#3171);
#3170 = CARTESIAN_POINT('',(0.8,0.7,0.670847817658));
#3171 = VECTOR('',#3172,1.);
#3172 = DIRECTION('',(0.,0.,1.));
#3173 = ORIENTED_EDGE('',*,*,#2695,.T.);
#3174 = ORIENTED_EDGE('',*,*,#3175,.T.);
#3175 = EDGE_CURVE('',#2688,#3176,#3178,.T.);
#3176 = VERTEX_POINT('',#3177);
#3177 = CARTESIAN_POINT('',(0.8,-0.7,0.9));
#3178 = LINE('',#3179,#3180);
#3179 = CARTESIAN_POINT('',(0.8,-0.7,0.670847817658));
#3180 = VECTOR('',#3181,1.);
#3181 = DIRECTION('',(0.,0.,1.));
#3182 = ORIENTED_EDGE('',*,*,#3183,.F.);
#3183 = EDGE_CURVE('',#3167,#3176,#3184,.T.);
#3184 = LINE('',#3185,#3186);
#3185 = CARTESIAN_POINT('',(0.8,1.355,0.9));
#3186 = VECTOR('',#3187,1.);
#3187 = DIRECTION('',(1.110223024625E-16,-1.,0.));
#3188 = PLANE('',#3189);
#3189 = AXIS2_PLACEMENT_3D('',#3190,#3191,#3192);
#3190 = CARTESIAN_POINT('',(0.8,1.355,0.9));
#3191 = DIRECTION('',(-1.,-1.110223024625E-16,0.));
#3192 = DIRECTION('',(1.110223024625E-16,-1.,0.));
#3193 = ADVANCED_FACE('',(#3194),#3219,.F.);
#3194 = FACE_BOUND('',#3195,.F.);
#3195 = EDGE_LOOP('',(#3196,#3204,#3205,#3213));
#3196 = ORIENTED_EDGE('',*,*,#3197,.F.);
#3197 = EDGE_CURVE('',#2688,#3198,#3200,.T.);
#3198 = VERTEX_POINT('',#3199);
#3199 = CARTESIAN_POINT('',(0.85,-0.7,0.75));
#3200 = LINE('',#3201,#3202);
#3201 = CARTESIAN_POINT('',(0.75,-0.7,0.75));
#3202 = VECTOR('',#3203,1.);
#3203 = DIRECTION('',(1.,1.110223024625E-16,0.));
#3204 = ORIENTED_EDGE('',*,*,#2687,.T.);
#3205 = ORIENTED_EDGE('',*,*,#3206,.T.);
#3206 = EDGE_CURVE('',#2680,#3207,#3209,.T.);
#3207 = VERTEX_POINT('',#3208);
#3208 = CARTESIAN_POINT('',(0.85,-1.2,0.75));
#3209 = LINE('',#3210,#3211);
#3210 = CARTESIAN_POINT('',(0.75,-1.2,0.75));
#3211 = VECTOR('',#3212,1.);
#3212 = DIRECTION('',(1.,1.110223024625E-16,0.));
#3213 = ORIENTED_EDGE('',*,*,#3214,.F.);
#3214 = EDGE_CURVE('',#3198,#3207,#3215,.T.);
#3215 = LINE('',#3216,#3217);
#3216 = CARTESIAN_POINT('',(0.85,-0.7,0.75));
#3217 = VECTOR('',#3218,1.);
#3218 = DIRECTION('',(1.110223024625E-16,-1.,0.));
#3219 = PLANE('',#3220);
#3220 = AXIS2_PLACEMENT_3D('',#3221,#3222,#3223);
#3221 = CARTESIAN_POINT('',(0.75,-0.7,0.75));
#3222 = DIRECTION('',(0.,0.,1.));
#3223 = DIRECTION('',(1.,1.110223024625E-16,-0.));
#3224 = ADVANCED_FACE('',(#3225),#3249,.F.);
#3225 = FACE_BOUND('',#3226,.F.);
#3226 = EDGE_LOOP('',(#3227,#3235,#3236,#3243));
#3227 = ORIENTED_EDGE('',*,*,#3228,.F.);
#3228 = EDGE_CURVE('',#2680,#3229,#3231,.T.);
#3229 = VERTEX_POINT('',#3230);
#3230 = CARTESIAN_POINT('',(0.8,-1.2,0.9));
#3231 = LINE('',#3232,#3233);
#3232 = CARTESIAN_POINT('',(0.8,-1.2,0.670847817658));
#3233 = VECTOR('',#3234,1.);
#3234 = DIRECTION('',(0.,0.,1.));
#3235 = ORIENTED_EDGE('',*,*,#2679,.T.);
#3236 = ORIENTED_EDGE('',*,*,#3237,.T.);
#3237 = EDGE_CURVE('',#2673,#3238,#3240,.T.);
#3238 = VERTEX_POINT('',#3239);
#3239 = CARTESIAN_POINT('',(0.8,-1.355,0.9));
#3240 = B_SPLINE_CURVE_WITH_KNOTS('',1,(#3241,#3242),.UNSPECIFIED.,.F.,
  .F.,(2,2),(0.,1.),.PIECEWISE_BEZIER_KNOTS.);
#3241 = CARTESIAN_POINT('',(0.8,-1.355,0.75));
#3242 = CARTESIAN_POINT('',(0.8,-1.355,0.9));
#3243 = ORIENTED_EDGE('',*,*,#3244,.F.);
#3244 = EDGE_CURVE('',#3229,#3238,#3245,.T.);
#3245 = LINE('',#3246,#3247);
#3246 = CARTESIAN_POINT('',(0.8,1.355,0.9));
#3247 = VECTOR('',#3248,1.);
#3248 = DIRECTION('',(1.110223024625E-16,-1.,0.));
#3249 = PLANE('',#3250);
#3250 = AXIS2_PLACEMENT_3D('',#3251,#3252,#3253);
#3251 = CARTESIAN_POINT('',(0.8,1.355,0.9));
#3252 = DIRECTION('',(-1.,-1.110223024625E-16,0.));
#3253 = DIRECTION('',(1.110223024625E-16,-1.,0.));
#3254 = ADVANCED_FACE('',(#3255),#3272,.F.);
#3255 = FACE_BOUND('',#3256,.F.);
#3256 = EDGE_LOOP('',(#3257,#3258,#3259,#3267));
#3257 = ORIENTED_EDGE('',*,*,#2728,.T.);
#3258 = ORIENTED_EDGE('',*,*,#2916,.T.);
#3259 = ORIENTED_EDGE('',*,*,#3260,.F.);
#3260 = EDGE_CURVE('',#3261,#2917,#3263,.T.);
#3261 = VERTEX_POINT('',#3262);
#3262 = CARTESIAN_POINT('',(-0.705,-1.45,0.9));
#3263 = LINE('',#3264,#3265);
#3264 = CARTESIAN_POINT('',(-0.705,-1.45,0.9));
#3265 = VECTOR('',#3266,1.);
#3266 = DIRECTION('',(-0.707106781187,0.707106781187,0.));
#3267 = ORIENTED_EDGE('',*,*,#3268,.F.);
#3268 = EDGE_CURVE('',#2729,#3261,#3269,.T.);
#3269 = B_SPLINE_CURVE_WITH_KNOTS('',1,(#3270,#3271),.UNSPECIFIED.,.F.,
  .F.,(2,2),(0.,1.),.PIECEWISE_BEZIER_KNOTS.);
#3270 = CARTESIAN_POINT('',(-0.705,-1.45,0.75));
#3271 = CARTESIAN_POINT('',(-0.705,-1.45,0.9));
#3272 = PLANE('',#3273);
#3273 = AXIS2_PLACEMENT_3D('',#3274,#3275,#3276);
#3274 = CARTESIAN_POINT('',(-0.705,-1.45,0.9));
#3275 = DIRECTION('',(0.707106781187,0.707106781187,0.));
#3276 = DIRECTION('',(-0.707106781187,0.707106781187,0.));
#3277 = ADVANCED_FACE('',(#3278),#3295,.F.);
#3278 = FACE_BOUND('',#3279,.F.);
#3279 = EDGE_LOOP('',(#3280,#3281,#3288,#3294));
#3280 = ORIENTED_EDGE('',*,*,#2757,.T.);
#3281 = ORIENTED_EDGE('',*,*,#3282,.T.);
#3282 = EDGE_CURVE('',#2751,#3283,#3285,.T.);
#3283 = VERTEX_POINT('',#3284);
#3284 = CARTESIAN_POINT('',(0.705,-1.45,0.9));
#3285 = B_SPLINE_CURVE_WITH_KNOTS('',1,(#3286,#3287),.UNSPECIFIED.,.F.,
  .F.,(2,2),(0.,1.),.PIECEWISE_BEZIER_KNOTS.);
#3286 = CARTESIAN_POINT('',(0.705,-1.45,0.75));
#3287 = CARTESIAN_POINT('',(0.705,-1.45,0.9));
#3288 = ORIENTED_EDGE('',*,*,#3289,.F.);
#3289 = EDGE_CURVE('',#3238,#3283,#3290,.T.);
#3290 = LINE('',#3291,#3292);
#3291 = CARTESIAN_POINT('',(0.8,-1.355,0.9));
#3292 = VECTOR('',#3293,1.);
#3293 = DIRECTION('',(-0.707106781187,-0.707106781187,0.));
#3294 = ORIENTED_EDGE('',*,*,#3237,.F.);
#3295 = PLANE('',#3296);
#3296 = AXIS2_PLACEMENT_3D('',#3297,#3298,#3299);
#3297 = CARTESIAN_POINT('',(0.8,-1.355,0.9));
#3298 = DIRECTION('',(-0.707106781187,0.707106781187,0.));
#3299 = DIRECTION('',(-0.707106781187,-0.707106781187,0.));
#3300 = ADVANCED_FACE('',(#3301),#3312,.F.);
#3301 = FACE_BOUND('',#3302,.F.);
#3302 = EDGE_LOOP('',(#3303,#3304,#3305,#3311));
#3303 = ORIENTED_EDGE('',*,*,#2774,.T.);
#3304 = ORIENTED_EDGE('',*,*,#3268,.T.);
#3305 = ORIENTED_EDGE('',*,*,#3306,.F.);
#3306 = EDGE_CURVE('',#3283,#3261,#3307,.T.);
#3307 = LINE('',#3308,#3309);
#3308 = CARTESIAN_POINT('',(0.705,-1.45,0.9));
#3309 = VECTOR('',#3310,1.);
#3310 = DIRECTION('',(-1.,-1.110223024625E-16,0.));
#3311 = ORIENTED_EDGE('',*,*,#3282,.F.);
#3312 = PLANE('',#3313);
#3313 = AXIS2_PLACEMENT_3D('',#3314,#3315,#3316);
#3314 = CARTESIAN_POINT('',(0.705,-1.45,0.9));
#3315 = DIRECTION('',(-1.110223024625E-16,1.,0.));
#3316 = DIRECTION('',(-1.,-1.110223024625E-16,0.));
#3317 = ADVANCED_FACE('',(#3318),#3357,.F.);
#3318 = FACE_BOUND('',#3319,.F.);
#3319 = EDGE_LOOP('',(#3320,#3328,#3336,#3342,#3343,#3351));
#3320 = ORIENTED_EDGE('',*,*,#3321,.F.);
#3321 = EDGE_CURVE('',#3322,#3049,#3324,.T.);
#3322 = VERTEX_POINT('',#3323);
#3323 = CARTESIAN_POINT('',(-0.85,0.7,0.9));
#3324 = LINE('',#3325,#3326);
#3325 = CARTESIAN_POINT('',(-0.85,0.7,0.9));
#3326 = VECTOR('',#3327,1.);
#3327 = DIRECTION('',(1.,-1.144237745222E-17,0.));
#3328 = ORIENTED_EDGE('',*,*,#3329,.T.);
#3329 = EDGE_CURVE('',#3322,#3330,#3332,.T.);
#3330 = VERTEX_POINT('',#3331);
#3331 = CARTESIAN_POINT('',(-0.85,1.2,0.9));
#3332 = LINE('',#3333,#3334);
#3333 = CARTESIAN_POINT('',(-0.85,0.7,0.9));
#3334 = VECTOR('',#3335,1.);
#3335 = DIRECTION('',(1.144237745222E-17,1.,0.));
#3336 = ORIENTED_EDGE('',*,*,#3337,.T.);
#3337 = EDGE_CURVE('',#3330,#2879,#3338,.T.);
#3338 = LINE('',#3339,#3340);
#3339 = CARTESIAN_POINT('',(-0.85,1.2,0.9));
#3340 = VECTOR('',#3341,1.);
#3341 = DIRECTION('',(1.,-1.144237745222E-17,0.));
#3342 = ORIENTED_EDGE('',*,*,#2878,.T.);
#3343 = ORIENTED_EDGE('',*,*,#3344,.F.);
#3344 = EDGE_CURVE('',#3345,#2871,#3347,.T.);
#3345 = VERTEX_POINT('',#3346);
#3346 = CARTESIAN_POINT('',(-0.775,0.7,0.9));
#3347 = LINE('',#3348,#3349);
#3348 = CARTESIAN_POINT('',(-0.775,-1.3425,0.9));
#3349 = VECTOR('',#3350,1.);
#3350 = DIRECTION('',(-1.110223024625E-16,1.,0.));
#3351 = ORIENTED_EDGE('',*,*,#3352,.F.);
#3352 = EDGE_CURVE('',#3049,#3345,#3353,.T.);
#3353 = LINE('',#3354,#3355);
#3354 = CARTESIAN_POINT('',(-0.85,0.7,0.9));
#3355 = VECTOR('',#3356,1.);
#3356 = DIRECTION('',(1.,-1.144237745222E-17,0.));
#3357 = PLANE('',#3358);
#3358 = AXIS2_PLACEMENT_3D('',#3359,#3360,#3361);
#3359 = CARTESIAN_POINT('',(-0.85,0.7,0.9));
#3360 = DIRECTION('',(0.,0.,-1.));
#3361 = DIRECTION('',(1.,-1.144237745222E-17,0.));
#3362 = ADVANCED_FACE('',(#3363),#3427,.F.);
#3363 = FACE_BOUND('',#3364,.F.);
#3364 = EDGE_LOOP('',(#3365,#3375,#3383,#3391,#3399,#3405,#3406,#3407,
    #3414,#3422));
#3365 = ORIENTED_EDGE('',*,*,#3366,.T.);
#3366 = EDGE_CURVE('',#3367,#3369,#3371,.T.);
#3367 = VERTEX_POINT('',#3368);
#3368 = CARTESIAN_POINT('',(-0.775,-1.3425,0.9));
#3369 = VERTEX_POINT('',#3370);
#3370 = CARTESIAN_POINT('',(-0.775,-1.2,0.9));
#3371 = LINE('',#3372,#3373);
#3372 = CARTESIAN_POINT('',(-0.775,-1.3425,0.9));
#3373 = VECTOR('',#3374,1.);
#3374 = DIRECTION('',(-1.110223024625E-16,1.,0.));
#3375 = ORIENTED_EDGE('',*,*,#3376,.T.);
#3376 = EDGE_CURVE('',#3369,#3377,#3379,.T.);
#3377 = VERTEX_POINT('',#3378);
#3378 = CARTESIAN_POINT('',(-0.775,-0.7,0.9));
#3379 = LINE('',#3380,#3381);
#3380 = CARTESIAN_POINT('',(-0.775,-1.3425,0.9));
#3381 = VECTOR('',#3382,1.);
#3382 = DIRECTION('',(-1.110223024625E-16,1.,0.));
#3383 = ORIENTED_EDGE('',*,*,#3384,.T.);
#3384 = EDGE_CURVE('',#3377,#3385,#3387,.T.);
#3385 = VERTEX_POINT('',#3386);
#3386 = CARTESIAN_POINT('',(-0.775,-0.25,0.9));
#3387 = LINE('',#3388,#3389);
#3388 = CARTESIAN_POINT('',(-0.775,-1.3425,0.9));
#3389 = VECTOR('',#3390,1.);
#3390 = DIRECTION('',(-1.110223024625E-16,1.,0.));
#3391 = ORIENTED_EDGE('',*,*,#3392,.T.);
#3392 = EDGE_CURVE('',#3385,#3393,#3395,.T.);
#3393 = VERTEX_POINT('',#3394);
#3394 = CARTESIAN_POINT('',(-0.775,0.25,0.9));
#3395 = LINE('',#3396,#3397);
#3396 = CARTESIAN_POINT('',(-0.775,-1.3425,0.9));
#3397 = VECTOR('',#3398,1.);
#3398 = DIRECTION('',(-1.110223024625E-16,1.,0.));
#3399 = ORIENTED_EDGE('',*,*,#3400,.T.);
#3400 = EDGE_CURVE('',#3393,#3345,#3401,.T.);
#3401 = LINE('',#3402,#3403);
#3402 = CARTESIAN_POINT('',(-0.775,-1.3425,0.9));
#3403 = VECTOR('',#3404,1.);
#3404 = DIRECTION('',(-1.110223024625E-16,1.,0.));
#3405 = ORIENTED_EDGE('',*,*,#3344,.T.);
#3406 = ORIENTED_EDGE('',*,*,#2870,.T.);
#3407 = ORIENTED_EDGE('',*,*,#3408,.T.);
#3408 = EDGE_CURVE('',#2863,#3409,#3411,.T.);
#3409 = VERTEX_POINT('',#3410);
#3410 = CARTESIAN_POINT('',(-0.683648457443,1.296824228722,1.55));
#3411 = B_SPLINE_CURVE_WITH_KNOTS('',1,(#3412,#3413),.UNSPECIFIED.,.F.,
  .F.,(2,2),(0.,1.),.PIECEWISE_BEZIER_KNOTS.);
#3412 = CARTESIAN_POINT('',(-0.775,1.3425,0.9));
#3413 = CARTESIAN_POINT('',(-0.683648457443,1.296824228722,1.55));
#3414 = ORIENTED_EDGE('',*,*,#3415,.F.);
#3415 = EDGE_CURVE('',#3416,#3409,#3418,.T.);
#3416 = VERTEX_POINT('',#3417);
#3417 = CARTESIAN_POINT('',(-0.683648457443,-1.296824228722,1.55));
#3418 = LINE('',#3419,#3420);
#3419 = CARTESIAN_POINT('',(-0.683648457443,-1.296824228722,1.55));
#3420 = VECTOR('',#3421,1.);
#3421 = DIRECTION('',(-1.110223024625E-16,1.,0.));
#3422 = ORIENTED_EDGE('',*,*,#3423,.F.);
#3423 = EDGE_CURVE('',#3367,#3416,#3424,.T.);
#3424 = B_SPLINE_CURVE_WITH_KNOTS('',1,(#3425,#3426),.UNSPECIFIED.,.F.,
  .F.,(2,2),(0.,1.),.PIECEWISE_BEZIER_KNOTS.);
#3425 = CARTESIAN_POINT('',(-0.775,-1.3425,0.9));
#3426 = CARTESIAN_POINT('',(-0.683648457443,-1.296824228722,1.55));
#3427 = B_SPLINE_SURFACE_WITH_KNOTS('',1,1,(
    (#3428,#3429)
    ,(#3430,#3431
    )),.UNSPECIFIED.,.F.,.F.,.F.,(2,2),(2,2),(0.,2.685),(0.,1.),
  .PIECEWISE_BEZIER_KNOTS.);
#3428 = CARTESIAN_POINT('',(-0.775,-1.3425,0.9));
#3429 = CARTESIAN_POINT('',(-0.683648457443,-1.296824228722,1.55));
#3430 = CARTESIAN_POINT('',(-0.775,1.3425,0.9));
#3431 = CARTESIAN_POINT('',(-0.683648457443,1.296824228722,1.55));
#3432 = ADVANCED_FACE('',(#3433),#3450,.F.);
#3433 = FACE_BOUND('',#3434,.F.);
#3434 = EDGE_LOOP('',(#3435,#3436,#3443,#3449));
#3435 = ORIENTED_EDGE('',*,*,#2862,.T.);
#3436 = ORIENTED_EDGE('',*,*,#3437,.T.);
#3437 = EDGE_CURVE('',#2855,#3438,#3440,.T.);
#3438 = VERTEX_POINT('',#3439);
#3439 = CARTESIAN_POINT('',(-0.646824228722,1.333648457443,1.55));
#3440 = B_SPLINE_CURVE_WITH_KNOTS('',1,(#3441,#3442),.UNSPECIFIED.,.F.,
  .F.,(2,2),(0.,1.),.PIECEWISE_BEZIER_KNOTS.);
#3441 = CARTESIAN_POINT('',(-0.6925,1.425,0.9));
#3442 = CARTESIAN_POINT('',(-0.646824228722,1.333648457443,1.55));
#3443 = ORIENTED_EDGE('',*,*,#3444,.F.);
#3444 = EDGE_CURVE('',#3409,#3438,#3445,.T.);
#3445 = LINE('',#3446,#3447);
#3446 = CARTESIAN_POINT('',(-0.683648457443,1.296824228722,1.55));
#3447 = VECTOR('',#3448,1.);
#3448 = DIRECTION('',(0.707106781187,0.707106781187,0.));
#3449 = ORIENTED_EDGE('',*,*,#3408,.F.);
#3450 = B_SPLINE_SURFACE_WITH_KNOTS('',1,1,(
    (#3451,#3452)
    ,(#3453,#3454
    )),.UNSPECIFIED.,.F.,.F.,.F.,(2,2),(2,2),(0.,0.116672618896),(0.,1.)
  ,.PIECEWISE_BEZIER_KNOTS.);
#3451 = CARTESIAN_POINT('',(-0.775,1.3425,0.9));
#3452 = CARTESIAN_POINT('',(-0.683648457443,1.296824228722,1.55));
#3453 = CARTESIAN_POINT('',(-0.6925,1.425,0.9));
#3454 = CARTESIAN_POINT('',(-0.646824228722,1.333648457443,1.55));
#3455 = ADVANCED_FACE('',(#3456),#3473,.F.);
#3456 = FACE_BOUND('',#3457,.F.);
#3457 = EDGE_LOOP('',(#3458,#3459,#3466,#3472));
#3458 = ORIENTED_EDGE('',*,*,#2854,.T.);
#3459 = ORIENTED_EDGE('',*,*,#3460,.T.);
#3460 = EDGE_CURVE('',#2847,#3461,#3463,.T.);
#3461 = VERTEX_POINT('',#3462);
#3462 = CARTESIAN_POINT('',(0.646824228722,1.333648457443,1.55));
#3463 = B_SPLINE_CURVE_WITH_KNOTS('',1,(#3464,#3465),.UNSPECIFIED.,.F.,
  .F.,(2,2),(0.,1.),.PIECEWISE_BEZIER_KNOTS.);
#3464 = CARTESIAN_POINT('',(0.6925,1.425,0.9));
#3465 = CARTESIAN_POINT('',(0.646824228722,1.333648457443,1.55));
#3466 = ORIENTED_EDGE('',*,*,#3467,.F.);
#3467 = EDGE_CURVE('',#3438,#3461,#3468,.T.);
#3468 = LINE('',#3469,#3470);
#3469 = CARTESIAN_POINT('',(-0.646824228722,1.333648457443,1.55));
#3470 = VECTOR('',#3471,1.);
#3471 = DIRECTION('',(1.,1.110223024625E-16,0.));
#3472 = ORIENTED_EDGE('',*,*,#3437,.F.);
#3473 = B_SPLINE_SURFACE_WITH_KNOTS('',1,1,(
    (#3474,#3475)
    ,(#3476,#3477
    )),.UNSPECIFIED.,.F.,.F.,.F.,(2,2),(2,2),(0.,1.385),(0.,1.),
  .PIECEWISE_BEZIER_KNOTS.);
#3474 = CARTESIAN_POINT('',(-0.6925,1.425,0.9));
#3475 = CARTESIAN_POINT('',(-0.646824228722,1.333648457443,1.55));
#3476 = CARTESIAN_POINT('',(0.6925,1.425,0.9));
#3477 = CARTESIAN_POINT('',(0.646824228722,1.333648457443,1.55));
#3478 = ADVANCED_FACE('',(#3479),#3496,.F.);
#3479 = FACE_BOUND('',#3480,.F.);
#3480 = EDGE_LOOP('',(#3481,#3482,#3489,#3495));
#3481 = ORIENTED_EDGE('',*,*,#2846,.T.);
#3482 = ORIENTED_EDGE('',*,*,#3483,.T.);
#3483 = EDGE_CURVE('',#2839,#3484,#3486,.T.);
#3484 = VERTEX_POINT('',#3485);
#3485 = CARTESIAN_POINT('',(0.683648457443,1.296824228722,1.55));
#3486 = B_SPLINE_CURVE_WITH_KNOTS('',1,(#3487,#3488),.UNSPECIFIED.,.F.,
  .F.,(2,2),(0.,1.),.PIECEWISE_BEZIER_KNOTS.);
#3487 = CARTESIAN_POINT('',(0.775,1.3425,0.9));
#3488 = CARTESIAN_POINT('',(0.683648457443,1.296824228722,1.55));
#3489 = ORIENTED_EDGE('',*,*,#3490,.F.);
#3490 = EDGE_CURVE('',#3461,#3484,#3491,.T.);
#3491 = LINE('',#3492,#3493);
#3492 = CARTESIAN_POINT('',(0.646824228722,1.333648457443,1.55));
#3493 = VECTOR('',#3494,1.);
#3494 = DIRECTION('',(0.707106781187,-0.707106781187,0.));
#3495 = ORIENTED_EDGE('',*,*,#3460,.F.);
#3496 = B_SPLINE_SURFACE_WITH_KNOTS('',1,1,(
    (#3497,#3498)
    ,(#3499,#3500
    )),.UNSPECIFIED.,.F.,.F.,.F.,(2,2),(2,2),(0.,0.116672618896),(0.,1.)
  ,.PIECEWISE_BEZIER_KNOTS.);
#3497 = CARTESIAN_POINT('',(0.6925,1.425,0.9));
#3498 = CARTESIAN_POINT('',(0.646824228722,1.333648457443,1.55));
#3499 = CARTESIAN_POINT('',(0.775,1.3425,0.9));
#3500 = CARTESIAN_POINT('',(0.683648457443,1.296824228722,1.55));
#3501 = ADVANCED_FACE('',(#3502),#3551,.F.);
#3502 = FACE_BOUND('',#3503,.F.);
#3503 = EDGE_LOOP('',(#3504,#3505,#3513,#3521,#3529,#3537,#3544,#3550));
#3504 = ORIENTED_EDGE('',*,*,#2838,.T.);
#3505 = ORIENTED_EDGE('',*,*,#3506,.T.);
#3506 = EDGE_CURVE('',#2831,#3507,#3509,.T.);
#3507 = VERTEX_POINT('',#3508);
#3508 = CARTESIAN_POINT('',(0.775,0.7,0.9));
#3509 = LINE('',#3510,#3511);
#3510 = CARTESIAN_POINT('',(0.775,1.3425,0.9));
#3511 = VECTOR('',#3512,1.);
#3512 = DIRECTION('',(1.110223024625E-16,-1.,0.));
#3513 = ORIENTED_EDGE('',*,*,#3514,.T.);
#3514 = EDGE_CURVE('',#3507,#3515,#3517,.T.);
#3515 = VERTEX_POINT('',#3516);
#3516 = CARTESIAN_POINT('',(0.775,-0.7,0.9));
#3517 = LINE('',#3518,#3519);
#3518 = CARTESIAN_POINT('',(0.775,1.3425,0.9));
#3519 = VECTOR('',#3520,1.);
#3520 = DIRECTION('',(1.110223024625E-16,-1.,0.));
#3521 = ORIENTED_EDGE('',*,*,#3522,.T.);
#3522 = EDGE_CURVE('',#3515,#3523,#3525,.T.);
#3523 = VERTEX_POINT('',#3524);
#3524 = CARTESIAN_POINT('',(0.775,-1.2,0.9));
#3525 = LINE('',#3526,#3527);
#3526 = CARTESIAN_POINT('',(0.775,1.3425,0.9));
#3527 = VECTOR('',#3528,1.);
#3528 = DIRECTION('',(1.110223024625E-16,-1.,0.));
#3529 = ORIENTED_EDGE('',*,*,#3530,.T.);
#3530 = EDGE_CURVE('',#3523,#3531,#3533,.T.);
#3531 = VERTEX_POINT('',#3532);
#3532 = CARTESIAN_POINT('',(0.775,-1.3425,0.9));
#3533 = LINE('',#3534,#3535);
#3534 = CARTESIAN_POINT('',(0.775,1.3425,0.9));
#3535 = VECTOR('',#3536,1.);
#3536 = DIRECTION('',(1.110223024625E-16,-1.,0.));
#3537 = ORIENTED_EDGE('',*,*,#3538,.T.);
#3538 = EDGE_CURVE('',#3531,#3539,#3541,.T.);
#3539 = VERTEX_POINT('',#3540);
#3540 = CARTESIAN_POINT('',(0.683648457443,-1.296824228722,1.55));
#3541 = B_SPLINE_CURVE_WITH_KNOTS('',1,(#3542,#3543),.UNSPECIFIED.,.F.,
  .F.,(2,2),(0.,1.),.PIECEWISE_BEZIER_KNOTS.);
#3542 = CARTESIAN_POINT('',(0.775,-1.3425,0.9));
#3543 = CARTESIAN_POINT('',(0.683648457443,-1.296824228722,1.55));
#3544 = ORIENTED_EDGE('',*,*,#3545,.F.);
#3545 = EDGE_CURVE('',#3484,#3539,#3546,.T.);
#3546 = LINE('',#3547,#3548);
#3547 = CARTESIAN_POINT('',(0.683648457443,1.296824228722,1.55));
#3548 = VECTOR('',#3549,1.);
#3549 = DIRECTION('',(1.110223024625E-16,-1.,0.));
#3550 = ORIENTED_EDGE('',*,*,#3483,.F.);
#3551 = B_SPLINE_SURFACE_WITH_KNOTS('',1,1,(
    (#3552,#3553)
    ,(#3554,#3555
    )),.UNSPECIFIED.,.F.,.F.,.F.,(2,2),(2,2),(0.,2.685),(0.,1.),
  .PIECEWISE_BEZIER_KNOTS.);
#3552 = CARTESIAN_POINT('',(0.775,1.3425,0.9));
#3553 = CARTESIAN_POINT('',(0.683648457443,1.296824228722,1.55));
#3554 = CARTESIAN_POINT('',(0.775,-1.3425,0.9));
#3555 = CARTESIAN_POINT('',(0.683648457443,-1.296824228722,1.55));
#3556 = ADVANCED_FACE('',(#3557),#3589,.F.);
#3557 = FACE_BOUND('',#3558,.F.);
#3558 = EDGE_LOOP('',(#3559,#3567,#3575,#3581,#3587,#3588));
#3559 = ORIENTED_EDGE('',*,*,#3560,.F.);
#3560 = EDGE_CURVE('',#3561,#2823,#3563,.T.);
#3561 = VERTEX_POINT('',#3562);
#3562 = CARTESIAN_POINT('',(0.85,1.2,0.9));
#3563 = LINE('',#3564,#3565);
#3564 = CARTESIAN_POINT('',(0.85,1.2,0.9));
#3565 = VECTOR('',#3566,1.);
#3566 = DIRECTION('',(-1.,-1.110223024625E-16,0.));
#3567 = ORIENTED_EDGE('',*,*,#3568,.T.);
#3568 = EDGE_CURVE('',#3561,#3569,#3571,.T.);
#3569 = VERTEX_POINT('',#3570);
#3570 = CARTESIAN_POINT('',(0.85,0.7,0.9));
#3571 = LINE('',#3572,#3573);
#3572 = CARTESIAN_POINT('',(0.85,1.2,0.9));
#3573 = VECTOR('',#3574,1.);
#3574 = DIRECTION('',(1.110223024625E-16,-1.,0.));
#3575 = ORIENTED_EDGE('',*,*,#3576,.T.);
#3576 = EDGE_CURVE('',#3569,#3167,#3577,.T.);
#3577 = LINE('',#3578,#3579);
#3578 = CARTESIAN_POINT('',(0.85,0.7,0.9));
#3579 = VECTOR('',#3580,1.);
#3580 = DIRECTION('',(-1.,-1.110223024625E-16,0.));
#3581 = ORIENTED_EDGE('',*,*,#3582,.T.);
#3582 = EDGE_CURVE('',#3167,#3507,#3583,.T.);
#3583 = LINE('',#3584,#3585);
#3584 = CARTESIAN_POINT('',(0.85,0.7,0.9));
#3585 = VECTOR('',#3586,1.);
#3586 = DIRECTION('',(-1.,-1.110223024625E-16,0.));
#3587 = ORIENTED_EDGE('',*,*,#3506,.F.);
#3588 = ORIENTED_EDGE('',*,*,#2830,.F.);
#3589 = PLANE('',#3590);
#3590 = AXIS2_PLACEMENT_3D('',#3591,#3592,#3593);
#3591 = CARTESIAN_POINT('',(0.85,1.2,0.9));
#3592 = DIRECTION('',(0.,0.,-1.));
#3593 = DIRECTION('',(-1.,-1.110223024625E-16,-0.));
#3594 = ADVANCED_FACE('',(#3595),#3638,.F.);
#3595 = FACE_BOUND('',#3596,.F.);
#3596 = EDGE_LOOP('',(#3597,#3603,#3604,#3605,#3606,#3607,#3608,#3614,
    #3615,#3623,#3631,#3637));
#3597 = ORIENTED_EDGE('',*,*,#3598,.F.);
#3598 = EDGE_CURVE('',#3229,#3523,#3599,.T.);
#3599 = LINE('',#3600,#3601);
#3600 = CARTESIAN_POINT('',(0.85,-1.2,0.9));
#3601 = VECTOR('',#3602,1.);
#3602 = DIRECTION('',(-1.,-1.110223024625E-16,0.));
#3603 = ORIENTED_EDGE('',*,*,#3244,.T.);
#3604 = ORIENTED_EDGE('',*,*,#3289,.T.);
#3605 = ORIENTED_EDGE('',*,*,#3306,.T.);
#3606 = ORIENTED_EDGE('',*,*,#3260,.T.);
#3607 = ORIENTED_EDGE('',*,*,#2932,.T.);
#3608 = ORIENTED_EDGE('',*,*,#3609,.T.);
#3609 = EDGE_CURVE('',#2925,#3369,#3610,.T.);
#3610 = LINE('',#3611,#3612);
#3611 = CARTESIAN_POINT('',(-0.85,-1.2,0.9));
#3612 = VECTOR('',#3613,1.);
#3613 = DIRECTION('',(1.,-1.144237745222E-17,0.));
#3614 = ORIENTED_EDGE('',*,*,#3366,.F.);
#3615 = ORIENTED_EDGE('',*,*,#3616,.F.);
#3616 = EDGE_CURVE('',#3617,#3367,#3619,.T.);
#3617 = VERTEX_POINT('',#3618);
#3618 = CARTESIAN_POINT('',(-0.6925,-1.425,0.9));
#3619 = LINE('',#3620,#3621);
#3620 = CARTESIAN_POINT('',(-0.6925,-1.425,0.9));
#3621 = VECTOR('',#3622,1.);
#3622 = DIRECTION('',(-0.707106781187,0.707106781187,0.));
#3623 = ORIENTED_EDGE('',*,*,#3624,.F.);
#3624 = EDGE_CURVE('',#3625,#3617,#3627,.T.);
#3625 = VERTEX_POINT('',#3626);
#3626 = CARTESIAN_POINT('',(0.6925,-1.425,0.9));
#3627 = LINE('',#3628,#3629);
#3628 = CARTESIAN_POINT('',(0.6925,-1.425,0.9));
#3629 = VECTOR('',#3630,1.);
#3630 = DIRECTION('',(-1.,-1.110223024625E-16,0.));
#3631 = ORIENTED_EDGE('',*,*,#3632,.F.);
#3632 = EDGE_CURVE('',#3531,#3625,#3633,.T.);
#3633 = LINE('',#3634,#3635);
#3634 = CARTESIAN_POINT('',(0.775,-1.3425,0.9));
#3635 = VECTOR('',#3636,1.);
#3636 = DIRECTION('',(-0.707106781187,-0.707106781187,0.));
#3637 = ORIENTED_EDGE('',*,*,#3530,.F.);
#3638 = PLANE('',#3639);
#3639 = AXIS2_PLACEMENT_3D('',#3640,#3641,#3642);
#3640 = CARTESIAN_POINT('',(-2.091417030376E-16,1.4375,0.9));
#3641 = DIRECTION('',(4.595758349624E-18,6.551522493592E-27,-1.));
#3642 = DIRECTION('',(1.,1.51922136901E-16,4.595758349624E-18));
#3643 = ADVANCED_FACE('',(#3644),#3730,.F.);
#3644 = FACE_BOUND('',#3645,.F.);
#3645 = EDGE_LOOP('',(#3646,#3647,#3648,#3657,#3665,#3674,#3682,#3690,
    #3698,#3707,#3715,#3724));
#3646 = ORIENTED_EDGE('',*,*,#2924,.F.);
#3647 = ORIENTED_EDGE('',*,*,#2946,.T.);
#3648 = ORIENTED_EDGE('',*,*,#3649,.T.);
#3649 = EDGE_CURVE('',#2947,#3650,#3652,.T.);
#3650 = VERTEX_POINT('',#3651);
#3651 = CARTESIAN_POINT('',(-0.948480775301,-1.2,0.667364817767));
#3652 = CIRCLE('',#3653,0.1);
#3653 = AXIS2_PLACEMENT_3D('',#3654,#3655,#3656);
#3654 = CARTESIAN_POINT('',(-0.85,-1.2,0.65));
#3655 = DIRECTION('',(-1.144237745222E-17,-1.,0.));
#3656 = DIRECTION('',(0.,0.,1.));
#3657 = ORIENTED_EDGE('',*,*,#3658,.T.);
#3658 = EDGE_CURVE('',#3650,#3659,#3661,.T.);
#3659 = VERTEX_POINT('',#3660);
#3660 = CARTESIAN_POINT('',(-1.02432885403,-1.2,0.206587955583));
#3661 = LINE('',#3662,#3663);
#3662 = CARTESIAN_POINT('',(-0.948480775301,-1.2,0.667364817767));
#3663 = VECTOR('',#3664,1.);
#3664 = DIRECTION('',(-0.162423314012,1.858508865964E-18,-0.986721169868
    ));
#3665 = ORIENTED_EDGE('',*,*,#3666,.T.);
#3666 = EDGE_CURVE('',#3659,#3667,#3669,.T.);
#3667 = VERTEX_POINT('',#3668);
#3668 = CARTESIAN_POINT('',(-1.270530792283,-1.2,0.));
#3669 = CIRCLE('',#3670,0.25);
#3670 = AXIS2_PLACEMENT_3D('',#3671,#3672,#3673);
#3671 = CARTESIAN_POINT('',(-1.270530792283,-1.2,0.25));
#3672 = DIRECTION('',(1.144237745222E-17,1.,1.155557966632E-33));
#3673 = DIRECTION('',(0.984807753012,-1.126854202784E-17,-0.173648177667
    ));
#3674 = ORIENTED_EDGE('',*,*,#3675,.T.);
#3675 = EDGE_CURVE('',#3667,#3676,#3678,.T.);
#3676 = VERTEX_POINT('',#3677);
#3677 = CARTESIAN_POINT('',(-1.4,-1.2,0.));
#3678 = LINE('',#3679,#3680);
#3679 = CARTESIAN_POINT('',(-1.270530792283,-1.2,0.));
#3680 = VECTOR('',#3681,1.);
#3681 = DIRECTION('',(-1.,1.144237745222E-17,0.));
#3682 = ORIENTED_EDGE('',*,*,#3683,.T.);
#3683 = EDGE_CURVE('',#3676,#3684,#3686,.T.);
#3684 = VERTEX_POINT('',#3685);
#3685 = CARTESIAN_POINT('',(-1.4,-1.2,0.15));
#3686 = LINE('',#3687,#3688);
#3687 = CARTESIAN_POINT('',(-1.4,-1.2,0.));
#3688 = VECTOR('',#3689,1.);
#3689 = DIRECTION('',(0.,0.,1.));
#3690 = ORIENTED_EDGE('',*,*,#3691,.T.);
#3691 = EDGE_CURVE('',#3684,#3692,#3694,.T.);
#3692 = VERTEX_POINT('',#3693);
#3693 = CARTESIAN_POINT('',(-1.270530792283,-1.2,0.15));
#3694 = LINE('',#3695,#3696);
#3695 = CARTESIAN_POINT('',(-1.4,-1.2,0.15));
#3696 = VECTOR('',#3697,1.);
#3697 = DIRECTION('',(1.,-1.144237745222E-17,0.));
#3698 = ORIENTED_EDGE('',*,*,#3699,.T.);
#3699 = EDGE_CURVE('',#3692,#3700,#3702,.T.);
#3700 = VERTEX_POINT('',#3701);
#3701 = CARTESIAN_POINT('',(-1.172050016982,-1.2,0.232635182233));
#3702 = CIRCLE('',#3703,0.1);
#3703 = AXIS2_PLACEMENT_3D('',#3704,#3705,#3706);
#3704 = CARTESIAN_POINT('',(-1.270530792283,-1.2,0.25));
#3705 = DIRECTION('',(-1.144237745222E-17,-1.,0.));
#3706 = DIRECTION('',(-2.22044604925E-15,2.540718180781E-32,-1.));
#3707 = ORIENTED_EDGE('',*,*,#3708,.T.);
#3708 = EDGE_CURVE('',#3700,#3709,#3711,.T.);
#3709 = VERTEX_POINT('',#3710);
#3710 = CARTESIAN_POINT('',(-1.096201938253,-1.2,0.693412044417));
#3711 = LINE('',#3712,#3713);
#3712 = CARTESIAN_POINT('',(-1.172050016982,-1.2,0.232635182233));
#3713 = VECTOR('',#3714,1.);
#3714 = DIRECTION('',(0.162423314012,-1.858508865964E-18,0.986721169868)
  );
#3715 = ORIENTED_EDGE('',*,*,#3716,.T.);
#3716 = EDGE_CURVE('',#3709,#3717,#3719,.T.);
#3717 = VERTEX_POINT('',#3718);
#3718 = CARTESIAN_POINT('',(-0.85,-1.2,0.9));
#3719 = CIRCLE('',#3720,0.25);
#3720 = AXIS2_PLACEMENT_3D('',#3721,#3722,#3723);
#3721 = CARTESIAN_POINT('',(-0.85,-1.2,0.65));
#3722 = DIRECTION('',(1.144237745222E-17,1.,7.703719777549E-34));
#3723 = DIRECTION('',(-0.984807753012,1.126854202784E-17,0.173648177667)
  );
#3724 = ORIENTED_EDGE('',*,*,#3725,.T.);
#3725 = EDGE_CURVE('',#3717,#2925,#3726,.T.);
#3726 = LINE('',#3727,#3728);
#3727 = CARTESIAN_POINT('',(-0.85,-1.2,0.9));
#3728 = VECTOR('',#3729,1.);
#3729 = DIRECTION('',(1.,-1.144237745222E-17,0.));
#3730 = PLANE('',#3731);
#3731 = AXIS2_PLACEMENT_3D('',#3732,#3733,#3734);
#3732 = CARTESIAN_POINT('',(-1.069123385139,-1.2,0.441695635315));
#3733 = DIRECTION('',(1.144237745222E-17,1.,0.));
#3734 = DIRECTION('',(0.,-0.,1.));
#3735 = ADVANCED_FACE('',(#3736),#3755,.F.);
#3736 = FACE_BOUND('',#3737,.F.);
#3737 = EDGE_LOOP('',(#3738,#3739,#3748,#3754));
#3738 = ORIENTED_EDGE('',*,*,#2963,.T.);
#3739 = ORIENTED_EDGE('',*,*,#3740,.T.);
#3740 = EDGE_CURVE('',#2956,#3741,#3743,.T.);
#3741 = VERTEX_POINT('',#3742);
#3742 = CARTESIAN_POINT('',(-0.948480775301,-0.7,0.667364817767));
#3743 = CIRCLE('',#3744,0.1);
#3744 = AXIS2_PLACEMENT_3D('',#3745,#3746,#3747);
#3745 = CARTESIAN_POINT('',(-0.85,-0.7,0.65));
#3746 = DIRECTION('',(-1.144237745222E-17,-1.,0.));
#3747 = DIRECTION('',(0.,0.,1.));
#3748 = ORIENTED_EDGE('',*,*,#3749,.F.);
#3749 = EDGE_CURVE('',#3650,#3741,#3750,.T.);
#3750 = LINE('',#3751,#3752);
#3751 = CARTESIAN_POINT('',(-0.948480775301,-1.2,0.667364817767));
#3752 = VECTOR('',#3753,1.);
#3753 = DIRECTION('',(1.144237745222E-17,1.,0.));
#3754 = ORIENTED_EDGE('',*,*,#3649,.F.);
#3755 = CYLINDRICAL_SURFACE('',#3756,0.1);
#3756 = AXIS2_PLACEMENT_3D('',#3757,#3758,#3759);
#3757 = CARTESIAN_POINT('',(-0.85,-1.2,0.65));
#3758 = DIRECTION('',(-1.144237745222E-17,-1.,0.));
#3759 = DIRECTION('',(0.,0.,1.));
#3760 = ADVANCED_FACE('',(#3761),#3839,.T.);
#3761 = FACE_BOUND('',#3762,.T.);
#3762 = EDGE_LOOP('',(#3763,#3764,#3765,#3766,#3774,#3783,#3791,#3799,
    #3807,#3816,#3824,#3833));
#3763 = ORIENTED_EDGE('',*,*,#2977,.F.);
#3764 = ORIENTED_EDGE('',*,*,#2955,.T.);
#3765 = ORIENTED_EDGE('',*,*,#3740,.T.);
#3766 = ORIENTED_EDGE('',*,*,#3767,.T.);
#3767 = EDGE_CURVE('',#3741,#3768,#3770,.T.);
#3768 = VERTEX_POINT('',#3769);
#3769 = CARTESIAN_POINT('',(-1.02432885403,-0.7,0.206587955583));
#3770 = LINE('',#3771,#3772);
#3771 = CARTESIAN_POINT('',(-0.948480775301,-0.7,0.667364817767));
#3772 = VECTOR('',#3773,1.);
#3773 = DIRECTION('',(-0.162423314012,1.858508865964E-18,-0.986721169868
    ));
#3774 = ORIENTED_EDGE('',*,*,#3775,.T.);
#3775 = EDGE_CURVE('',#3768,#3776,#3778,.T.);
#3776 = VERTEX_POINT('',#3777);
#3777 = CARTESIAN_POINT('',(-1.270530792283,-0.7,0.));
#3778 = CIRCLE('',#3779,0.25);
#3779 = AXIS2_PLACEMENT_3D('',#3780,#3781,#3782);
#3780 = CARTESIAN_POINT('',(-1.270530792283,-0.7,0.25));
#3781 = DIRECTION('',(1.144237745222E-17,1.,1.155557966632E-33));
#3782 = DIRECTION('',(0.984807753012,-1.126854202784E-17,-0.173648177667
    ));
#3783 = ORIENTED_EDGE('',*,*,#3784,.T.);
#3784 = EDGE_CURVE('',#3776,#3785,#3787,.T.);
#3785 = VERTEX_POINT('',#3786);
#3786 = CARTESIAN_POINT('',(-1.4,-0.7,0.));
#3787 = LINE('',#3788,#3789);
#3788 = CARTESIAN_POINT('',(-1.270530792283,-0.7,0.));
#3789 = VECTOR('',#3790,1.);
#3790 = DIRECTION('',(-1.,1.144237745222E-17,0.));
#3791 = ORIENTED_EDGE('',*,*,#3792,.T.);
#3792 = EDGE_CURVE('',#3785,#3793,#3795,.T.);
#3793 = VERTEX_POINT('',#3794);
#3794 = CARTESIAN_POINT('',(-1.4,-0.7,0.15));
#3795 = LINE('',#3796,#3797);
#3796 = CARTESIAN_POINT('',(-1.4,-0.7,0.));
#3797 = VECTOR('',#3798,1.);
#3798 = DIRECTION('',(0.,0.,1.));
#3799 = ORIENTED_EDGE('',*,*,#3800,.T.);
#3800 = EDGE_CURVE('',#3793,#3801,#3803,.T.);
#3801 = VERTEX_POINT('',#3802);
#3802 = CARTESIAN_POINT('',(-1.270530792283,-0.7,0.15));
#3803 = LINE('',#3804,#3805);
#3804 = CARTESIAN_POINT('',(-1.4,-0.7,0.15));
#3805 = VECTOR('',#3806,1.);
#3806 = DIRECTION('',(1.,-1.144237745222E-17,0.));
#3807 = ORIENTED_EDGE('',*,*,#3808,.T.);
#3808 = EDGE_CURVE('',#3801,#3809,#3811,.T.);
#3809 = VERTEX_POINT('',#3810);
#3810 = CARTESIAN_POINT('',(-1.172050016982,-0.7,0.232635182233));
#3811 = CIRCLE('',#3812,0.1);
#3812 = AXIS2_PLACEMENT_3D('',#3813,#3814,#3815);
#3813 = CARTESIAN_POINT('',(-1.270530792283,-0.7,0.25));
#3814 = DIRECTION('',(-1.144237745222E-17,-1.,0.));
#3815 = DIRECTION('',(-2.22044604925E-15,2.540718180781E-32,-1.));
#3816 = ORIENTED_EDGE('',*,*,#3817,.T.);
#3817 = EDGE_CURVE('',#3809,#3818,#3820,.T.);
#3818 = VERTEX_POINT('',#3819);
#3819 = CARTESIAN_POINT('',(-1.096201938253,-0.7,0.693412044417));
#3820 = LINE('',#3821,#3822);
#3821 = CARTESIAN_POINT('',(-1.172050016982,-0.7,0.232635182233));
#3822 = VECTOR('',#3823,1.);
#3823 = DIRECTION('',(0.162423314012,-1.858508865964E-18,0.986721169868)
  );
#3824 = ORIENTED_EDGE('',*,*,#3825,.T.);
#3825 = EDGE_CURVE('',#3818,#3826,#3828,.T.);
#3826 = VERTEX_POINT('',#3827);
#3827 = CARTESIAN_POINT('',(-0.85,-0.7,0.9));
#3828 = CIRCLE('',#3829,0.25);
#3829 = AXIS2_PLACEMENT_3D('',#3830,#3831,#3832);
#3830 = CARTESIAN_POINT('',(-0.85,-0.7,0.65));
#3831 = DIRECTION('',(1.144237745222E-17,1.,7.703719777549E-34));
#3832 = DIRECTION('',(-0.984807753012,1.126854202784E-17,0.173648177667)
  );
#3833 = ORIENTED_EDGE('',*,*,#3834,.T.);
#3834 = EDGE_CURVE('',#3826,#2978,#3835,.T.);
#3835 = LINE('',#3836,#3837);
#3836 = CARTESIAN_POINT('',(-0.85,-0.7,0.9));
#3837 = VECTOR('',#3838,1.);
#3838 = DIRECTION('',(1.,-1.144237745222E-17,0.));
#3839 = PLANE('',#3840);
#3840 = AXIS2_PLACEMENT_3D('',#3841,#3842,#3843);
#3841 = CARTESIAN_POINT('',(-1.069123385139,-0.7,0.441695635315));
#3842 = DIRECTION('',(1.144237745222E-17,1.,0.));
#3843 = DIRECTION('',(0.,-0.,1.));
#3844 = ADVANCED_FACE('',(#3845),#3861,.F.);
#3845 = FACE_BOUND('',#3846,.F.);
#3846 = EDGE_LOOP('',(#3847,#3848,#3854,#3855));
#3847 = ORIENTED_EDGE('',*,*,#2994,.T.);
#3848 = ORIENTED_EDGE('',*,*,#3849,.T.);
#3849 = EDGE_CURVE('',#2987,#3385,#3850,.T.);
#3850 = LINE('',#3851,#3852);
#3851 = CARTESIAN_POINT('',(-0.85,-0.25,0.9));
#3852 = VECTOR('',#3853,1.);
#3853 = DIRECTION('',(1.,-1.144237745222E-17,0.));
#3854 = ORIENTED_EDGE('',*,*,#3384,.F.);
#3855 = ORIENTED_EDGE('',*,*,#3856,.F.);
#3856 = EDGE_CURVE('',#2978,#3377,#3857,.T.);
#3857 = LINE('',#3858,#3859);
#3858 = CARTESIAN_POINT('',(-0.85,-0.7,0.9));
#3859 = VECTOR('',#3860,1.);
#3860 = DIRECTION('',(1.,-1.144237745222E-17,0.));
#3861 = PLANE('',#3862);
#3862 = AXIS2_PLACEMENT_3D('',#3863,#3864,#3865);
#3863 = CARTESIAN_POINT('',(-2.091417030376E-16,1.4375,0.9));
#3864 = DIRECTION('',(4.595758349624E-18,6.551522493592E-27,-1.));
#3865 = DIRECTION('',(1.,1.51922136901E-16,4.595758349624E-18));
#3866 = ADVANCED_FACE('',(#3867),#3953,.F.);
#3867 = FACE_BOUND('',#3868,.F.);
#3868 = EDGE_LOOP('',(#3869,#3870,#3871,#3880,#3888,#3897,#3905,#3913,
    #3921,#3930,#3938,#3947));
#3869 = ORIENTED_EDGE('',*,*,#2986,.F.);
#3870 = ORIENTED_EDGE('',*,*,#3008,.T.);
#3871 = ORIENTED_EDGE('',*,*,#3872,.T.);
#3872 = EDGE_CURVE('',#3009,#3873,#3875,.T.);
#3873 = VERTEX_POINT('',#3874);
#3874 = CARTESIAN_POINT('',(-0.948480775301,-0.25,0.667364817767));
#3875 = CIRCLE('',#3876,0.1);
#3876 = AXIS2_PLACEMENT_3D('',#3877,#3878,#3879);
#3877 = CARTESIAN_POINT('',(-0.85,-0.25,0.65));
#3878 = DIRECTION('',(-1.144237745222E-17,-1.,0.));
#3879 = DIRECTION('',(0.,0.,1.));
#3880 = ORIENTED_EDGE('',*,*,#3881,.T.);
#3881 = EDGE_CURVE('',#3873,#3882,#3884,.T.);
#3882 = VERTEX_POINT('',#3883);
#3883 = CARTESIAN_POINT('',(-1.02432885403,-0.25,0.206587955583));
#3884 = LINE('',#3885,#3886);
#3885 = CARTESIAN_POINT('',(-0.948480775301,-0.25,0.667364817767));
#3886 = VECTOR('',#3887,1.);
#3887 = DIRECTION('',(-0.162423314012,1.858508865964E-18,-0.986721169868
    ));
#3888 = ORIENTED_EDGE('',*,*,#3889,.T.);
#3889 = EDGE_CURVE('',#3882,#3890,#3892,.T.);
#3890 = VERTEX_POINT('',#3891);
#3891 = CARTESIAN_POINT('',(-1.270530792283,-0.25,0.));
#3892 = CIRCLE('',#3893,0.25);
#3893 = AXIS2_PLACEMENT_3D('',#3894,#3895,#3896);
#3894 = CARTESIAN_POINT('',(-1.270530792283,-0.25,0.25));
#3895 = DIRECTION('',(1.144237745222E-17,1.,1.155557966632E-33));
#3896 = DIRECTION('',(0.984807753012,-1.126854202784E-17,-0.173648177667
    ));
#3897 = ORIENTED_EDGE('',*,*,#3898,.T.);
#3898 = EDGE_CURVE('',#3890,#3899,#3901,.T.);
#3899 = VERTEX_POINT('',#3900);
#3900 = CARTESIAN_POINT('',(-1.4,-0.25,0.));
#3901 = LINE('',#3902,#3903);
#3902 = CARTESIAN_POINT('',(-1.270530792283,-0.25,0.));
#3903 = VECTOR('',#3904,1.);
#3904 = DIRECTION('',(-1.,1.144237745222E-17,0.));
#3905 = ORIENTED_EDGE('',*,*,#3906,.T.);
#3906 = EDGE_CURVE('',#3899,#3907,#3909,.T.);
#3907 = VERTEX_POINT('',#3908);
#3908 = CARTESIAN_POINT('',(-1.4,-0.25,0.15));
#3909 = LINE('',#3910,#3911);
#3910 = CARTESIAN_POINT('',(-1.4,-0.25,0.));
#3911 = VECTOR('',#3912,1.);
#3912 = DIRECTION('',(0.,0.,1.));
#3913 = ORIENTED_EDGE('',*,*,#3914,.T.);
#3914 = EDGE_CURVE('',#3907,#3915,#3917,.T.);
#3915 = VERTEX_POINT('',#3916);
#3916 = CARTESIAN_POINT('',(-1.270530792283,-0.25,0.15));
#3917 = LINE('',#3918,#3919);
#3918 = CARTESIAN_POINT('',(-1.4,-0.25,0.15));
#3919 = VECTOR('',#3920,1.);
#3920 = DIRECTION('',(1.,-1.144237745222E-17,0.));
#3921 = ORIENTED_EDGE('',*,*,#3922,.T.);
#3922 = EDGE_CURVE('',#3915,#3923,#3925,.T.);
#3923 = VERTEX_POINT('',#3924);
#3924 = CARTESIAN_POINT('',(-1.172050016982,-0.25,0.232635182233));
#3925 = CIRCLE('',#3926,0.1);
#3926 = AXIS2_PLACEMENT_3D('',#3927,#3928,#3929);
#3927 = CARTESIAN_POINT('',(-1.270530792283,-0.25,0.25));
#3928 = DIRECTION('',(-1.144237745222E-17,-1.,0.));
#3929 = DIRECTION('',(-2.22044604925E-15,2.540718180781E-32,-1.));
#3930 = ORIENTED_EDGE('',*,*,#3931,.T.);
#3931 = EDGE_CURVE('',#3923,#3932,#3934,.T.);
#3932 = VERTEX_POINT('',#3933);
#3933 = CARTESIAN_POINT('',(-1.096201938253,-0.25,0.693412044417));
#3934 = LINE('',#3935,#3936);
#3935 = CARTESIAN_POINT('',(-1.172050016982,-0.25,0.232635182233));
#3936 = VECTOR('',#3937,1.);
#3937 = DIRECTION('',(0.162423314012,-1.858508865964E-18,0.986721169868)
  );
#3938 = ORIENTED_EDGE('',*,*,#3939,.T.);
#3939 = EDGE_CURVE('',#3932,#3940,#3942,.T.);
#3940 = VERTEX_POINT('',#3941);
#3941 = CARTESIAN_POINT('',(-0.85,-0.25,0.9));
#3942 = CIRCLE('',#3943,0.25);
#3943 = AXIS2_PLACEMENT_3D('',#3944,#3945,#3946);
#3944 = CARTESIAN_POINT('',(-0.85,-0.25,0.65));
#3945 = DIRECTION('',(1.144237745222E-17,1.,7.703719777549E-34));
#3946 = DIRECTION('',(-0.984807753012,1.126854202784E-17,0.173648177667)
  );
#3947 = ORIENTED_EDGE('',*,*,#3948,.T.);
#3948 = EDGE_CURVE('',#3940,#2987,#3949,.T.);
#3949 = LINE('',#3950,#3951);
#3950 = CARTESIAN_POINT('',(-0.85,-0.25,0.9));
#3951 = VECTOR('',#3952,1.);
#3952 = DIRECTION('',(1.,-1.144237745222E-17,0.));
#3953 = PLANE('',#3954);
#3954 = AXIS2_PLACEMENT_3D('',#3955,#3956,#3957);
#3955 = CARTESIAN_POINT('',(-1.069123385139,-0.25,0.441695635315));
#3956 = DIRECTION('',(1.144237745222E-17,1.,0.));
#3957 = DIRECTION('',(0.,-0.,1.));
#3958 = ADVANCED_FACE('',(#3959),#3978,.F.);
#3959 = FACE_BOUND('',#3960,.F.);
#3960 = EDGE_LOOP('',(#3961,#3962,#3971,#3977));
#3961 = ORIENTED_EDGE('',*,*,#3025,.T.);
#3962 = ORIENTED_EDGE('',*,*,#3963,.T.);
#3963 = EDGE_CURVE('',#3018,#3964,#3966,.T.);
#3964 = VERTEX_POINT('',#3965);
#3965 = CARTESIAN_POINT('',(-0.948480775301,0.25,0.667364817767));
#3966 = CIRCLE('',#3967,0.1);
#3967 = AXIS2_PLACEMENT_3D('',#3968,#3969,#3970);
#3968 = CARTESIAN_POINT('',(-0.85,0.25,0.65));
#3969 = DIRECTION('',(-1.144237745222E-17,-1.,0.));
#3970 = DIRECTION('',(0.,0.,1.));
#3971 = ORIENTED_EDGE('',*,*,#3972,.F.);
#3972 = EDGE_CURVE('',#3873,#3964,#3973,.T.);
#3973 = LINE('',#3974,#3975);
#3974 = CARTESIAN_POINT('',(-0.948480775301,-0.25,0.667364817767));
#3975 = VECTOR('',#3976,1.);
#3976 = DIRECTION('',(1.144237745222E-17,1.,0.));
#3977 = ORIENTED_EDGE('',*,*,#3872,.F.);
#3978 = CYLINDRICAL_SURFACE('',#3979,0.1);
#3979 = AXIS2_PLACEMENT_3D('',#3980,#3981,#3982);
#3980 = CARTESIAN_POINT('',(-0.85,-0.25,0.65));
#3981 = DIRECTION('',(-1.144237745222E-17,-1.,0.));
#3982 = DIRECTION('',(0.,0.,1.));
#3983 = ADVANCED_FACE('',(#3984),#4062,.T.);
#3984 = FACE_BOUND('',#3985,.T.);
#3985 = EDGE_LOOP('',(#3986,#3987,#3988,#3989,#3997,#4006,#4014,#4022,
    #4030,#4039,#4047,#4056));
#3986 = ORIENTED_EDGE('',*,*,#3039,.F.);
#3987 = ORIENTED_EDGE('',*,*,#3017,.T.);
#3988 = ORIENTED_EDGE('',*,*,#3963,.T.);
#3989 = ORIENTED_EDGE('',*,*,#3990,.T.);
#3990 = EDGE_CURVE('',#3964,#3991,#3993,.T.);
#3991 = VERTEX_POINT('',#3992);
#3992 = CARTESIAN_POINT('',(-1.02432885403,0.25,0.206587955583));
#3993 = LINE('',#3994,#3995);
#3994 = CARTESIAN_POINT('',(-0.948480775301,0.25,0.667364817767));
#3995 = VECTOR('',#3996,1.);
#3996 = DIRECTION('',(-0.162423314012,1.858508865964E-18,-0.986721169868
    ));
#3997 = ORIENTED_EDGE('',*,*,#3998,.T.);
#3998 = EDGE_CURVE('',#3991,#3999,#4001,.T.);
#3999 = VERTEX_POINT('',#4000);
#4000 = CARTESIAN_POINT('',(-1.270530792283,0.25,0.));
#4001 = CIRCLE('',#4002,0.25);
#4002 = AXIS2_PLACEMENT_3D('',#4003,#4004,#4005);
#4003 = CARTESIAN_POINT('',(-1.270530792283,0.25,0.25));
#4004 = DIRECTION('',(1.144237745222E-17,1.,1.155557966632E-33));
#4005 = DIRECTION('',(0.984807753012,-1.126854202784E-17,-0.173648177667
    ));
#4006 = ORIENTED_EDGE('',*,*,#4007,.T.);
#4007 = EDGE_CURVE('',#3999,#4008,#4010,.T.);
#4008 = VERTEX_POINT('',#4009);
#4009 = CARTESIAN_POINT('',(-1.4,0.25,0.));
#4010 = LINE('',#4011,#4012);
#4011 = CARTESIAN_POINT('',(-1.270530792283,0.25,0.));
#4012 = VECTOR('',#4013,1.);
#4013 = DIRECTION('',(-1.,1.144237745222E-17,0.));
#4014 = ORIENTED_EDGE('',*,*,#4015,.T.);
#4015 = EDGE_CURVE('',#4008,#4016,#4018,.T.);
#4016 = VERTEX_POINT('',#4017);
#4017 = CARTESIAN_POINT('',(-1.4,0.25,0.15));
#4018 = LINE('',#4019,#4020);
#4019 = CARTESIAN_POINT('',(-1.4,0.25,0.));
#4020 = VECTOR('',#4021,1.);
#4021 = DIRECTION('',(0.,0.,1.));
#4022 = ORIENTED_EDGE('',*,*,#4023,.T.);
#4023 = EDGE_CURVE('',#4016,#4024,#4026,.T.);
#4024 = VERTEX_POINT('',#4025);
#4025 = CARTESIAN_POINT('',(-1.270530792283,0.25,0.15));
#4026 = LINE('',#4027,#4028);
#4027 = CARTESIAN_POINT('',(-1.4,0.25,0.15));
#4028 = VECTOR('',#4029,1.);
#4029 = DIRECTION('',(1.,-1.144237745222E-17,0.));
#4030 = ORIENTED_EDGE('',*,*,#4031,.T.);
#4031 = EDGE_CURVE('',#4024,#4032,#4034,.T.);
#4032 = VERTEX_POINT('',#4033);
#4033 = CARTESIAN_POINT('',(-1.172050016982,0.25,0.232635182233));
#4034 = CIRCLE('',#4035,0.1);
#4035 = AXIS2_PLACEMENT_3D('',#4036,#4037,#4038);
#4036 = CARTESIAN_POINT('',(-1.270530792283,0.25,0.25));
#4037 = DIRECTION('',(-1.144237745222E-17,-1.,0.));
#4038 = DIRECTION('',(-2.22044604925E-15,2.540718180781E-32,-1.));
#4039 = ORIENTED_EDGE('',*,*,#4040,.T.);
#4040 = EDGE_CURVE('',#4032,#4041,#4043,.T.);
#4041 = VERTEX_POINT('',#4042);
#4042 = CARTESIAN_POINT('',(-1.096201938253,0.25,0.693412044417));
#4043 = LINE('',#4044,#4045);
#4044 = CARTESIAN_POINT('',(-1.172050016982,0.25,0.232635182233));
#4045 = VECTOR('',#4046,1.);
#4046 = DIRECTION('',(0.162423314012,-1.858508865964E-18,0.986721169868)
  );
#4047 = ORIENTED_EDGE('',*,*,#4048,.T.);
#4048 = EDGE_CURVE('',#4041,#4049,#4051,.T.);
#4049 = VERTEX_POINT('',#4050);
#4050 = CARTESIAN_POINT('',(-0.85,0.25,0.9));
#4051 = CIRCLE('',#4052,0.25);
#4052 = AXIS2_PLACEMENT_3D('',#4053,#4054,#4055);
#4053 = CARTESIAN_POINT('',(-0.85,0.25,0.65));
#4054 = DIRECTION('',(1.144237745222E-17,1.,7.703719777549E-34));
#4055 = DIRECTION('',(-0.984807753012,1.126854202784E-17,0.173648177667)
  );
#4056 = ORIENTED_EDGE('',*,*,#4057,.T.);
#4057 = EDGE_CURVE('',#4049,#3040,#4058,.T.);
#4058 = LINE('',#4059,#4060);
#4059 = CARTESIAN_POINT('',(-0.85,0.25,0.9));
#4060 = VECTOR('',#4061,1.);
#4061 = DIRECTION('',(1.,-1.144237745222E-17,0.));
#4062 = PLANE('',#4063);
#4063 = AXIS2_PLACEMENT_3D('',#4064,#4065,#4066);
#4064 = CARTESIAN_POINT('',(-1.069123385139,0.25,0.441695635315));
#4065 = DIRECTION('',(1.144237745222E-17,1.,0.));
#4066 = DIRECTION('',(0.,-0.,1.));
#4067 = ADVANCED_FACE('',(#4068),#4079,.F.);
#4068 = FACE_BOUND('',#4069,.F.);
#4069 = EDGE_LOOP('',(#4070,#4071,#4072,#4073));
#4070 = ORIENTED_EDGE('',*,*,#3056,.T.);
#4071 = ORIENTED_EDGE('',*,*,#3352,.T.);
#4072 = ORIENTED_EDGE('',*,*,#3400,.F.);
#4073 = ORIENTED_EDGE('',*,*,#4074,.F.);
#4074 = EDGE_CURVE('',#3040,#3393,#4075,.T.);
#4075 = LINE('',#4076,#4077);
#4076 = CARTESIAN_POINT('',(-0.85,0.25,0.9));
#4077 = VECTOR('',#4078,1.);
#4078 = DIRECTION('',(1.,-1.144237745222E-17,0.));
#4079 = PLANE('',#4080);
#4080 = AXIS2_PLACEMENT_3D('',#4081,#4082,#4083);
#4081 = CARTESIAN_POINT('',(-2.091417030376E-16,1.4375,0.9));
#4082 = DIRECTION('',(4.595758349624E-18,6.551522493592E-27,-1.));
#4083 = DIRECTION('',(1.,1.51922136901E-16,4.595758349624E-18));
#4084 = ADVANCED_FACE('',(#4085),#4164,.F.);
#4085 = FACE_BOUND('',#4086,.F.);
#4086 = EDGE_LOOP('',(#4087,#4088,#4089,#4098,#4106,#4115,#4123,#4131,
    #4139,#4148,#4156,#4163));
#4087 = ORIENTED_EDGE('',*,*,#3048,.F.);
#4088 = ORIENTED_EDGE('',*,*,#3070,.T.);
#4089 = ORIENTED_EDGE('',*,*,#4090,.T.);
#4090 = EDGE_CURVE('',#3071,#4091,#4093,.T.);
#4091 = VERTEX_POINT('',#4092);
#4092 = CARTESIAN_POINT('',(-0.948480775301,0.7,0.667364817767));
#4093 = CIRCLE('',#4094,0.1);
#4094 = AXIS2_PLACEMENT_3D('',#4095,#4096,#4097);
#4095 = CARTESIAN_POINT('',(-0.85,0.7,0.65));
#4096 = DIRECTION('',(-1.144237745222E-17,-1.,0.));
#4097 = DIRECTION('',(0.,0.,1.));
#4098 = ORIENTED_EDGE('',*,*,#4099,.T.);
#4099 = EDGE_CURVE('',#4091,#4100,#4102,.T.);
#4100 = VERTEX_POINT('',#4101);
#4101 = CARTESIAN_POINT('',(-1.02432885403,0.7,0.206587955583));
#4102 = LINE('',#4103,#4104);
#4103 = CARTESIAN_POINT('',(-0.948480775301,0.7,0.667364817767));
#4104 = VECTOR('',#4105,1.);
#4105 = DIRECTION('',(-0.162423314012,1.858508865964E-18,-0.986721169868
    ));
#4106 = ORIENTED_EDGE('',*,*,#4107,.T.);
#4107 = EDGE_CURVE('',#4100,#4108,#4110,.T.);
#4108 = VERTEX_POINT('',#4109);
#4109 = CARTESIAN_POINT('',(-1.270530792283,0.7,0.));
#4110 = CIRCLE('',#4111,0.25);
#4111 = AXIS2_PLACEMENT_3D('',#4112,#4113,#4114);
#4112 = CARTESIAN_POINT('',(-1.270530792283,0.7,0.25));
#4113 = DIRECTION('',(1.144237745222E-17,1.,1.155557966632E-33));
#4114 = DIRECTION('',(0.984807753012,-1.126854202784E-17,-0.173648177667
    ));
#4115 = ORIENTED_EDGE('',*,*,#4116,.T.);
#4116 = EDGE_CURVE('',#4108,#4117,#4119,.T.);
#4117 = VERTEX_POINT('',#4118);
#4118 = CARTESIAN_POINT('',(-1.4,0.7,0.));
#4119 = LINE('',#4120,#4121);
#4120 = CARTESIAN_POINT('',(-1.270530792283,0.7,0.));
#4121 = VECTOR('',#4122,1.);
#4122 = DIRECTION('',(-1.,1.144237745222E-17,0.));
#4123 = ORIENTED_EDGE('',*,*,#4124,.T.);
#4124 = EDGE_CURVE('',#4117,#4125,#4127,.T.);
#4125 = VERTEX_POINT('',#4126);
#4126 = CARTESIAN_POINT('',(-1.4,0.7,0.15));
#4127 = LINE('',#4128,#4129);
#4128 = CARTESIAN_POINT('',(-1.4,0.7,0.));
#4129 = VECTOR('',#4130,1.);
#4130 = DIRECTION('',(0.,0.,1.));
#4131 = ORIENTED_EDGE('',*,*,#4132,.T.);
#4132 = EDGE_CURVE('',#4125,#4133,#4135,.T.);
#4133 = VERTEX_POINT('',#4134);
#4134 = CARTESIAN_POINT('',(-1.270530792283,0.7,0.15));
#4135 = LINE('',#4136,#4137);
#4136 = CARTESIAN_POINT('',(-1.4,0.7,0.15));
#4137 = VECTOR('',#4138,1.);
#4138 = DIRECTION('',(1.,-1.144237745222E-17,0.));
#4139 = ORIENTED_EDGE('',*,*,#4140,.T.);
#4140 = EDGE_CURVE('',#4133,#4141,#4143,.T.);
#4141 = VERTEX_POINT('',#4142);
#4142 = CARTESIAN_POINT('',(-1.172050016982,0.7,0.232635182233));
#4143 = CIRCLE('',#4144,0.1);
#4144 = AXIS2_PLACEMENT_3D('',#4145,#4146,#4147);
#4145 = CARTESIAN_POINT('',(-1.270530792283,0.7,0.25));
#4146 = DIRECTION('',(-1.144237745222E-17,-1.,0.));
#4147 = DIRECTION('',(-2.22044604925E-15,2.540718180781E-32,-1.));
#4148 = ORIENTED_EDGE('',*,*,#4149,.T.);
#4149 = EDGE_CURVE('',#4141,#4150,#4152,.T.);
#4150 = VERTEX_POINT('',#4151);
#4151 = CARTESIAN_POINT('',(-1.096201938253,0.7,0.693412044417));
#4152 = LINE('',#4153,#4154);
#4153 = CARTESIAN_POINT('',(-1.172050016982,0.7,0.232635182233));
#4154 = VECTOR('',#4155,1.);
#4155 = DIRECTION('',(0.162423314012,-1.858508865964E-18,0.986721169868)
  );
#4156 = ORIENTED_EDGE('',*,*,#4157,.T.);
#4157 = EDGE_CURVE('',#4150,#3322,#4158,.T.);
#4158 = CIRCLE('',#4159,0.25);
#4159 = AXIS2_PLACEMENT_3D('',#4160,#4161,#4162);
#4160 = CARTESIAN_POINT('',(-0.85,0.7,0.65));
#4161 = DIRECTION('',(1.144237745222E-17,1.,7.703719777549E-34));
#4162 = DIRECTION('',(-0.984807753012,1.126854202784E-17,0.173648177667)
  );
#4163 = ORIENTED_EDGE('',*,*,#3321,.T.);
#4164 = PLANE('',#4165);
#4165 = AXIS2_PLACEMENT_3D('',#4166,#4167,#4168);
#4166 = CARTESIAN_POINT('',(-1.069123385139,0.7,0.441695635315));
#4167 = DIRECTION('',(1.144237745222E-17,1.,0.));
#4168 = DIRECTION('',(0.,-0.,1.));
#4169 = ADVANCED_FACE('',(#4170),#4189,.F.);
#4170 = FACE_BOUND('',#4171,.F.);
#4171 = EDGE_LOOP('',(#4172,#4173,#4182,#4188));
#4172 = ORIENTED_EDGE('',*,*,#3087,.T.);
#4173 = ORIENTED_EDGE('',*,*,#4174,.T.);
#4174 = EDGE_CURVE('',#3080,#4175,#4177,.T.);
#4175 = VERTEX_POINT('',#4176);
#4176 = CARTESIAN_POINT('',(-0.948480775301,1.2,0.667364817767));
#4177 = CIRCLE('',#4178,0.1);
#4178 = AXIS2_PLACEMENT_3D('',#4179,#4180,#4181);
#4179 = CARTESIAN_POINT('',(-0.85,1.2,0.65));
#4180 = DIRECTION('',(-1.144237745222E-17,-1.,0.));
#4181 = DIRECTION('',(0.,0.,1.));
#4182 = ORIENTED_EDGE('',*,*,#4183,.F.);
#4183 = EDGE_CURVE('',#4091,#4175,#4184,.T.);
#4184 = LINE('',#4185,#4186);
#4185 = CARTESIAN_POINT('',(-0.948480775301,0.7,0.667364817767));
#4186 = VECTOR('',#4187,1.);
#4187 = DIRECTION('',(1.144237745222E-17,1.,0.));
#4188 = ORIENTED_EDGE('',*,*,#4090,.F.);
#4189 = CYLINDRICAL_SURFACE('',#4190,0.1);
#4190 = AXIS2_PLACEMENT_3D('',#4191,#4192,#4193);
#4191 = CARTESIAN_POINT('',(-0.85,0.7,0.65));
#4192 = DIRECTION('',(-1.144237745222E-17,-1.,0.));
#4193 = DIRECTION('',(0.,0.,1.));
#4194 = ADVANCED_FACE('',(#4195),#4266,.T.);
#4195 = FACE_BOUND('',#4196,.T.);
#4196 = EDGE_LOOP('',(#4197,#4198,#4199,#4200,#4208,#4217,#4225,#4233,
    #4241,#4250,#4258,#4265));
#4197 = ORIENTED_EDGE('',*,*,#3101,.F.);
#4198 = ORIENTED_EDGE('',*,*,#3079,.T.);
#4199 = ORIENTED_EDGE('',*,*,#4174,.T.);
#4200 = ORIENTED_EDGE('',*,*,#4201,.T.);
#4201 = EDGE_CURVE('',#4175,#4202,#4204,.T.);
#4202 = VERTEX_POINT('',#4203);
#4203 = CARTESIAN_POINT('',(-1.02432885403,1.2,0.206587955583));
#4204 = LINE('',#4205,#4206);
#4205 = CARTESIAN_POINT('',(-0.948480775301,1.2,0.667364817767));
#4206 = VECTOR('',#4207,1.);
#4207 = DIRECTION('',(-0.162423314012,1.858508865964E-18,-0.986721169868
    ));
#4208 = ORIENTED_EDGE('',*,*,#4209,.T.);
#4209 = EDGE_CURVE('',#4202,#4210,#4212,.T.);
#4210 = VERTEX_POINT('',#4211);
#4211 = CARTESIAN_POINT('',(-1.270530792283,1.2,0.));
#4212 = CIRCLE('',#4213,0.25);
#4213 = AXIS2_PLACEMENT_3D('',#4214,#4215,#4216);
#4214 = CARTESIAN_POINT('',(-1.270530792283,1.2,0.25));
#4215 = DIRECTION('',(1.144237745222E-17,1.,1.155557966632E-33));
#4216 = DIRECTION('',(0.984807753012,-1.126854202784E-17,-0.173648177667
    ));
#4217 = ORIENTED_EDGE('',*,*,#4218,.T.);
#4218 = EDGE_CURVE('',#4210,#4219,#4221,.T.);
#4219 = VERTEX_POINT('',#4220);
#4220 = CARTESIAN_POINT('',(-1.4,1.2,0.));
#4221 = LINE('',#4222,#4223);
#4222 = CARTESIAN_POINT('',(-1.270530792283,1.2,0.));
#4223 = VECTOR('',#4224,1.);
#4224 = DIRECTION('',(-1.,1.144237745222E-17,0.));
#4225 = ORIENTED_EDGE('',*,*,#4226,.T.);
#4226 = EDGE_CURVE('',#4219,#4227,#4229,.T.);
#4227 = VERTEX_POINT('',#4228);
#4228 = CARTESIAN_POINT('',(-1.4,1.2,0.15));
#4229 = LINE('',#4230,#4231);
#4230 = CARTESIAN_POINT('',(-1.4,1.2,0.));
#4231 = VECTOR('',#4232,1.);
#4232 = DIRECTION('',(0.,0.,1.));
#4233 = ORIENTED_EDGE('',*,*,#4234,.T.);
#4234 = EDGE_CURVE('',#4227,#4235,#4237,.T.);
#4235 = VERTEX_POINT('',#4236);
#4236 = CARTESIAN_POINT('',(-1.270530792283,1.2,0.15));
#4237 = LINE('',#4238,#4239);
#4238 = CARTESIAN_POINT('',(-1.4,1.2,0.15));
#4239 = VECTOR('',#4240,1.);
#4240 = DIRECTION('',(1.,-1.144237745222E-17,0.));
#4241 = ORIENTED_EDGE('',*,*,#4242,.T.);
#4242 = EDGE_CURVE('',#4235,#4243,#4245,.T.);
#4243 = VERTEX_POINT('',#4244);
#4244 = CARTESIAN_POINT('',(-1.172050016982,1.2,0.232635182233));
#4245 = CIRCLE('',#4246,0.1);
#4246 = AXIS2_PLACEMENT_3D('',#4247,#4248,#4249);
#4247 = CARTESIAN_POINT('',(-1.270530792283,1.2,0.25));
#4248 = DIRECTION('',(-1.144237745222E-17,-1.,0.));
#4249 = DIRECTION('',(-2.22044604925E-15,2.540718180781E-32,-1.));
#4250 = ORIENTED_EDGE('',*,*,#4251,.T.);
#4251 = EDGE_CURVE('',#4243,#4252,#4254,.T.);
#4252 = VERTEX_POINT('',#4253);
#4253 = CARTESIAN_POINT('',(-1.096201938253,1.2,0.693412044417));
#4254 = LINE('',#4255,#4256);
#4255 = CARTESIAN_POINT('',(-1.172050016982,1.2,0.232635182233));
#4256 = VECTOR('',#4257,1.);
#4257 = DIRECTION('',(0.162423314012,-1.858508865964E-18,0.986721169868)
  );
#4258 = ORIENTED_EDGE('',*,*,#4259,.T.);
#4259 = EDGE_CURVE('',#4252,#3330,#4260,.T.);
#4260 = CIRCLE('',#4261,0.25);
#4261 = AXIS2_PLACEMENT_3D('',#4262,#4263,#4264);
#4262 = CARTESIAN_POINT('',(-0.85,1.2,0.65));
#4263 = DIRECTION('',(1.144237745222E-17,1.,7.703719777549E-34));
#4264 = DIRECTION('',(-0.984807753012,1.126854202784E-17,0.173648177667)
  );
#4265 = ORIENTED_EDGE('',*,*,#3337,.T.);
#4266 = PLANE('',#4267);
#4267 = AXIS2_PLACEMENT_3D('',#4268,#4269,#4270);
#4268 = CARTESIAN_POINT('',(-1.069123385139,1.2,0.441695635315));
#4269 = DIRECTION('',(1.144237745222E-17,1.,0.));
#4270 = DIRECTION('',(0.,-0.,1.));
#4271 = ADVANCED_FACE('',(#4272),#4351,.F.);
#4272 = FACE_BOUND('',#4273,.F.);
#4273 = EDGE_LOOP('',(#4274,#4275,#4276,#4285,#4293,#4302,#4310,#4318,
    #4326,#4335,#4343,#4350));
#4274 = ORIENTED_EDGE('',*,*,#3120,.F.);
#4275 = ORIENTED_EDGE('',*,*,#3135,.T.);
#4276 = ORIENTED_EDGE('',*,*,#4277,.T.);
#4277 = EDGE_CURVE('',#3136,#4278,#4280,.T.);
#4278 = VERTEX_POINT('',#4279);
#4279 = CARTESIAN_POINT('',(0.948480775301,1.2,0.667364817767));
#4280 = CIRCLE('',#4281,0.1);
#4281 = AXIS2_PLACEMENT_3D('',#4282,#4283,#4284);
#4282 = CARTESIAN_POINT('',(0.85,1.2,0.65));
#4283 = DIRECTION('',(-1.110223024625E-16,1.,0.));
#4284 = DIRECTION('',(0.,0.,1.));
#4285 = ORIENTED_EDGE('',*,*,#4286,.T.);
#4286 = EDGE_CURVE('',#4278,#4287,#4289,.T.);
#4287 = VERTEX_POINT('',#4288);
#4288 = CARTESIAN_POINT('',(1.02432885403,1.2,0.206587955583));
#4289 = LINE('',#4290,#4291);
#4290 = CARTESIAN_POINT('',(0.948480775301,1.2,0.667364817767));
#4291 = VECTOR('',#4292,1.);
#4292 = DIRECTION('',(0.162423314012,1.803261029519E-17,-0.986721169868)
  );
#4293 = ORIENTED_EDGE('',*,*,#4294,.T.);
#4294 = EDGE_CURVE('',#4287,#4295,#4297,.T.);
#4295 = VERTEX_POINT('',#4296);
#4296 = CARTESIAN_POINT('',(1.270530792283,1.2,0.));
#4297 = CIRCLE('',#4298,0.25);
#4298 = AXIS2_PLACEMENT_3D('',#4299,#4300,#4301);
#4299 = CARTESIAN_POINT('',(1.270530792283,1.2,0.25));
#4300 = DIRECTION('',(1.110223024625E-16,-1.,0.));
#4301 = DIRECTION('',(-0.984807753012,-1.093356242223E-16,
    -0.173648177667));
#4302 = ORIENTED_EDGE('',*,*,#4303,.T.);
#4303 = EDGE_CURVE('',#4295,#4304,#4306,.T.);
#4304 = VERTEX_POINT('',#4305);
#4305 = CARTESIAN_POINT('',(1.4,1.2,0.));
#4306 = LINE('',#4307,#4308);
#4307 = CARTESIAN_POINT('',(1.270530792283,1.2,0.));
#4308 = VECTOR('',#4309,1.);
#4309 = DIRECTION('',(1.,1.110223024625E-16,0.));
#4310 = ORIENTED_EDGE('',*,*,#4311,.T.);
#4311 = EDGE_CURVE('',#4304,#4312,#4314,.T.);
#4312 = VERTEX_POINT('',#4313);
#4313 = CARTESIAN_POINT('',(1.4,1.2,0.15));
#4314 = LINE('',#4315,#4316);
#4315 = CARTESIAN_POINT('',(1.4,1.2,0.));
#4316 = VECTOR('',#4317,1.);
#4317 = DIRECTION('',(0.,0.,1.));
#4318 = ORIENTED_EDGE('',*,*,#4319,.T.);
#4319 = EDGE_CURVE('',#4312,#4320,#4322,.T.);
#4320 = VERTEX_POINT('',#4321);
#4321 = CARTESIAN_POINT('',(1.270530792283,1.2,0.15));
#4322 = LINE('',#4323,#4324);
#4323 = CARTESIAN_POINT('',(1.4,1.2,0.15));
#4324 = VECTOR('',#4325,1.);
#4325 = DIRECTION('',(-1.,-1.110223024625E-16,0.));
#4326 = ORIENTED_EDGE('',*,*,#4327,.T.);
#4327 = EDGE_CURVE('',#4320,#4328,#4330,.T.);
#4328 = VERTEX_POINT('',#4329);
#4329 = CARTESIAN_POINT('',(1.172050016982,1.2,0.232635182233));
#4330 = CIRCLE('',#4331,0.1);
#4331 = AXIS2_PLACEMENT_3D('',#4332,#4333,#4334);
#4332 = CARTESIAN_POINT('',(1.270530792283,1.2,0.25));
#4333 = DIRECTION('',(-1.110223024625E-16,1.,0.));
#4334 = DIRECTION('',(2.22044604925E-15,2.465190328815E-31,-1.));
#4335 = ORIENTED_EDGE('',*,*,#4336,.T.);
#4336 = EDGE_CURVE('',#4328,#4337,#4339,.T.);
#4337 = VERTEX_POINT('',#4338);
#4338 = CARTESIAN_POINT('',(1.096201938253,1.2,0.693412044417));
#4339 = LINE('',#4340,#4341);
#4340 = CARTESIAN_POINT('',(1.172050016982,1.2,0.232635182233));
#4341 = VECTOR('',#4342,1.);
#4342 = DIRECTION('',(-0.162423314012,-1.803261029519E-17,0.986721169868
    ));
#4343 = ORIENTED_EDGE('',*,*,#4344,.T.);
#4344 = EDGE_CURVE('',#4337,#3561,#4345,.T.);
#4345 = CIRCLE('',#4346,0.25);
#4346 = AXIS2_PLACEMENT_3D('',#4347,#4348,#4349);
#4347 = CARTESIAN_POINT('',(0.85,1.2,0.65));
#4348 = DIRECTION('',(1.110223024625E-16,-1.,0.));
#4349 = DIRECTION('',(0.984807753012,1.093356242223E-16,0.173648177667)
  );
#4350 = ORIENTED_EDGE('',*,*,#3560,.T.);
#4351 = PLANE('',#4352);
#4352 = AXIS2_PLACEMENT_3D('',#4353,#4354,#4355);
#4353 = CARTESIAN_POINT('',(1.069123385139,1.2,0.441695635315));
#4354 = DIRECTION('',(1.110223024625E-16,-1.,0.));
#4355 = DIRECTION('',(0.,0.,1.));
#4356 = ADVANCED_FACE('',(#4357),#4376,.F.);
#4357 = FACE_BOUND('',#4358,.F.);
#4358 = EDGE_LOOP('',(#4359,#4360,#4369,#4375));
#4359 = ORIENTED_EDGE('',*,*,#3152,.T.);
#4360 = ORIENTED_EDGE('',*,*,#4361,.T.);
#4361 = EDGE_CURVE('',#3145,#4362,#4364,.T.);
#4362 = VERTEX_POINT('',#4363);
#4363 = CARTESIAN_POINT('',(0.948480775301,0.7,0.667364817767));
#4364 = CIRCLE('',#4365,0.1);
#4365 = AXIS2_PLACEMENT_3D('',#4366,#4367,#4368);
#4366 = CARTESIAN_POINT('',(0.85,0.7,0.65));
#4367 = DIRECTION('',(-1.110223024625E-16,1.,0.));
#4368 = DIRECTION('',(0.,0.,1.));
#4369 = ORIENTED_EDGE('',*,*,#4370,.F.);
#4370 = EDGE_CURVE('',#4278,#4362,#4371,.T.);
#4371 = LINE('',#4372,#4373);
#4372 = CARTESIAN_POINT('',(0.948480775301,1.2,0.667364817767));
#4373 = VECTOR('',#4374,1.);
#4374 = DIRECTION('',(1.110223024625E-16,-1.,0.));
#4375 = ORIENTED_EDGE('',*,*,#4277,.F.);
#4376 = CYLINDRICAL_SURFACE('',#4377,0.1);
#4377 = AXIS2_PLACEMENT_3D('',#4378,#4379,#4380);
#4378 = CARTESIAN_POINT('',(0.85,1.2,0.65));
#4379 = DIRECTION('',(-1.110223024625E-16,1.,0.));
#4380 = DIRECTION('',(0.,0.,1.));
#4381 = ADVANCED_FACE('',(#4382),#4453,.T.);
#4382 = FACE_BOUND('',#4383,.T.);
#4383 = EDGE_LOOP('',(#4384,#4385,#4386,#4387,#4395,#4404,#4412,#4420,
    #4428,#4437,#4445,#4452));
#4384 = ORIENTED_EDGE('',*,*,#3166,.F.);
#4385 = ORIENTED_EDGE('',*,*,#3144,.T.);
#4386 = ORIENTED_EDGE('',*,*,#4361,.T.);
#4387 = ORIENTED_EDGE('',*,*,#4388,.T.);
#4388 = EDGE_CURVE('',#4362,#4389,#4391,.T.);
#4389 = VERTEX_POINT('',#4390);
#4390 = CARTESIAN_POINT('',(1.02432885403,0.7,0.206587955583));
#4391 = LINE('',#4392,#4393);
#4392 = CARTESIAN_POINT('',(0.948480775301,0.7,0.667364817767));
#4393 = VECTOR('',#4394,1.);
#4394 = DIRECTION('',(0.162423314012,1.803261029519E-17,-0.986721169868)
  );
#4395 = ORIENTED_EDGE('',*,*,#4396,.T.);
#4396 = EDGE_CURVE('',#4389,#4397,#4399,.T.);
#4397 = VERTEX_POINT('',#4398);
#4398 = CARTESIAN_POINT('',(1.270530792283,0.7,0.));
#4399 = CIRCLE('',#4400,0.25);
#4400 = AXIS2_PLACEMENT_3D('',#4401,#4402,#4403);
#4401 = CARTESIAN_POINT('',(1.270530792283,0.7,0.25));
#4402 = DIRECTION('',(1.110223024625E-16,-1.,0.));
#4403 = DIRECTION('',(-0.984807753012,-1.093356242223E-16,
    -0.173648177667));
#4404 = ORIENTED_EDGE('',*,*,#4405,.T.);
#4405 = EDGE_CURVE('',#4397,#4406,#4408,.T.);
#4406 = VERTEX_POINT('',#4407);
#4407 = CARTESIAN_POINT('',(1.4,0.7,0.));
#4408 = LINE('',#4409,#4410);
#4409 = CARTESIAN_POINT('',(1.270530792283,0.7,0.));
#4410 = VECTOR('',#4411,1.);
#4411 = DIRECTION('',(1.,1.110223024625E-16,0.));
#4412 = ORIENTED_EDGE('',*,*,#4413,.T.);
#4413 = EDGE_CURVE('',#4406,#4414,#4416,.T.);
#4414 = VERTEX_POINT('',#4415);
#4415 = CARTESIAN_POINT('',(1.4,0.7,0.15));
#4416 = LINE('',#4417,#4418);
#4417 = CARTESIAN_POINT('',(1.4,0.7,0.));
#4418 = VECTOR('',#4419,1.);
#4419 = DIRECTION('',(0.,0.,1.));
#4420 = ORIENTED_EDGE('',*,*,#4421,.T.);
#4421 = EDGE_CURVE('',#4414,#4422,#4424,.T.);
#4422 = VERTEX_POINT('',#4423);
#4423 = CARTESIAN_POINT('',(1.270530792283,0.7,0.15));
#4424 = LINE('',#4425,#4426);
#4425 = CARTESIAN_POINT('',(1.4,0.7,0.15));
#4426 = VECTOR('',#4427,1.);
#4427 = DIRECTION('',(-1.,-1.110223024625E-16,0.));
#4428 = ORIENTED_EDGE('',*,*,#4429,.T.);
#4429 = EDGE_CURVE('',#4422,#4430,#4432,.T.);
#4430 = VERTEX_POINT('',#4431);
#4431 = CARTESIAN_POINT('',(1.172050016982,0.7,0.232635182233));
#4432 = CIRCLE('',#4433,0.1);
#4433 = AXIS2_PLACEMENT_3D('',#4434,#4435,#4436);
#4434 = CARTESIAN_POINT('',(1.270530792283,0.7,0.25));
#4435 = DIRECTION('',(-1.110223024625E-16,1.,0.));
#4436 = DIRECTION('',(2.22044604925E-15,2.465190328815E-31,-1.));
#4437 = ORIENTED_EDGE('',*,*,#4438,.T.);
#4438 = EDGE_CURVE('',#4430,#4439,#4441,.T.);
#4439 = VERTEX_POINT('',#4440);
#4440 = CARTESIAN_POINT('',(1.096201938253,0.7,0.693412044417));
#4441 = LINE('',#4442,#4443);
#4442 = CARTESIAN_POINT('',(1.172050016982,0.7,0.232635182233));
#4443 = VECTOR('',#4444,1.);
#4444 = DIRECTION('',(-0.162423314012,-1.803261029519E-17,0.986721169868
    ));
#4445 = ORIENTED_EDGE('',*,*,#4446,.T.);
#4446 = EDGE_CURVE('',#4439,#3569,#4447,.T.);
#4447 = CIRCLE('',#4448,0.25);
#4448 = AXIS2_PLACEMENT_3D('',#4449,#4450,#4451);
#4449 = CARTESIAN_POINT('',(0.85,0.7,0.65));
#4450 = DIRECTION('',(1.110223024625E-16,-1.,0.));
#4451 = DIRECTION('',(0.984807753012,1.093356242223E-16,0.173648177667)
  );
#4452 = ORIENTED_EDGE('',*,*,#3576,.T.);
#4453 = PLANE('',#4454);
#4454 = AXIS2_PLACEMENT_3D('',#4455,#4456,#4457);
#4455 = CARTESIAN_POINT('',(1.069123385139,0.7,0.441695635315));
#4456 = DIRECTION('',(1.110223024625E-16,-1.,0.));
#4457 = DIRECTION('',(0.,0.,1.));
#4458 = ADVANCED_FACE('',(#4459),#4470,.F.);
#4459 = FACE_BOUND('',#4460,.F.);
#4460 = EDGE_LOOP('',(#4461,#4462,#4463,#4469));
#4461 = ORIENTED_EDGE('',*,*,#3582,.F.);
#4462 = ORIENTED_EDGE('',*,*,#3183,.T.);
#4463 = ORIENTED_EDGE('',*,*,#4464,.T.);
#4464 = EDGE_CURVE('',#3176,#3515,#4465,.T.);
#4465 = LINE('',#4466,#4467);
#4466 = CARTESIAN_POINT('',(0.85,-0.7,0.9));
#4467 = VECTOR('',#4468,1.);
#4468 = DIRECTION('',(-1.,-1.110223024625E-16,0.));
#4469 = ORIENTED_EDGE('',*,*,#3514,.F.);
#4470 = PLANE('',#4471);
#4471 = AXIS2_PLACEMENT_3D('',#4472,#4473,#4474);
#4472 = CARTESIAN_POINT('',(-2.091417030376E-16,1.4375,0.9));
#4473 = DIRECTION('',(4.595758349624E-18,6.551522493592E-27,-1.));
#4474 = DIRECTION('',(1.,1.51922136901E-16,4.595758349624E-18));
#4475 = ADVANCED_FACE('',(#4476),#4562,.F.);
#4476 = FACE_BOUND('',#4477,.F.);
#4477 = EDGE_LOOP('',(#4478,#4479,#4480,#4489,#4497,#4506,#4514,#4522,
    #4530,#4539,#4547,#4556));
#4478 = ORIENTED_EDGE('',*,*,#3175,.F.);
#4479 = ORIENTED_EDGE('',*,*,#3197,.T.);
#4480 = ORIENTED_EDGE('',*,*,#4481,.T.);
#4481 = EDGE_CURVE('',#3198,#4482,#4484,.T.);
#4482 = VERTEX_POINT('',#4483);
#4483 = CARTESIAN_POINT('',(0.948480775301,-0.7,0.667364817767));
#4484 = CIRCLE('',#4485,0.1);
#4485 = AXIS2_PLACEMENT_3D('',#4486,#4487,#4488);
#4486 = CARTESIAN_POINT('',(0.85,-0.7,0.65));
#4487 = DIRECTION('',(-1.110223024625E-16,1.,0.));
#4488 = DIRECTION('',(0.,0.,1.));
#4489 = ORIENTED_EDGE('',*,*,#4490,.T.);
#4490 = EDGE_CURVE('',#4482,#4491,#4493,.T.);
#4491 = VERTEX_POINT('',#4492);
#4492 = CARTESIAN_POINT('',(1.02432885403,-0.7,0.206587955583));
#4493 = LINE('',#4494,#4495);
#4494 = CARTESIAN_POINT('',(0.948480775301,-0.7,0.667364817767));
#4495 = VECTOR('',#4496,1.);
#4496 = DIRECTION('',(0.162423314012,1.803261029519E-17,-0.986721169868)
  );
#4497 = ORIENTED_EDGE('',*,*,#4498,.T.);
#4498 = EDGE_CURVE('',#4491,#4499,#4501,.T.);
#4499 = VERTEX_POINT('',#4500);
#4500 = CARTESIAN_POINT('',(1.270530792283,-0.7,0.));
#4501 = CIRCLE('',#4502,0.25);
#4502 = AXIS2_PLACEMENT_3D('',#4503,#4504,#4505);
#4503 = CARTESIAN_POINT('',(1.270530792283,-0.7,0.25));
#4504 = DIRECTION('',(1.110223024625E-16,-1.,0.));
#4505 = DIRECTION('',(-0.984807753012,-1.093356242223E-16,
    -0.173648177667));
#4506 = ORIENTED_EDGE('',*,*,#4507,.T.);
#4507 = EDGE_CURVE('',#4499,#4508,#4510,.T.);
#4508 = VERTEX_POINT('',#4509);
#4509 = CARTESIAN_POINT('',(1.4,-0.7,0.));
#4510 = LINE('',#4511,#4512);
#4511 = CARTESIAN_POINT('',(1.270530792283,-0.7,0.));
#4512 = VECTOR('',#4513,1.);
#4513 = DIRECTION('',(1.,1.110223024625E-16,0.));
#4514 = ORIENTED_EDGE('',*,*,#4515,.T.);
#4515 = EDGE_CURVE('',#4508,#4516,#4518,.T.);
#4516 = VERTEX_POINT('',#4517);
#4517 = CARTESIAN_POINT('',(1.4,-0.7,0.15));
#4518 = LINE('',#4519,#4520);
#4519 = CARTESIAN_POINT('',(1.4,-0.7,0.));
#4520 = VECTOR('',#4521,1.);
#4521 = DIRECTION('',(0.,0.,1.));
#4522 = ORIENTED_EDGE('',*,*,#4523,.T.);
#4523 = EDGE_CURVE('',#4516,#4524,#4526,.T.);
#4524 = VERTEX_POINT('',#4525);
#4525 = CARTESIAN_POINT('',(1.270530792283,-0.7,0.15));
#4526 = LINE('',#4527,#4528);
#4527 = CARTESIAN_POINT('',(1.4,-0.7,0.15));
#4528 = VECTOR('',#4529,1.);
#4529 = DIRECTION('',(-1.,-1.110223024625E-16,0.));
#4530 = ORIENTED_EDGE('',*,*,#4531,.T.);
#4531 = EDGE_CURVE('',#4524,#4532,#4534,.T.);
#4532 = VERTEX_POINT('',#4533);
#4533 = CARTESIAN_POINT('',(1.172050016982,-0.7,0.232635182233));
#4534 = CIRCLE('',#4535,0.1);
#4535 = AXIS2_PLACEMENT_3D('',#4536,#4537,#4538);
#4536 = CARTESIAN_POINT('',(1.270530792283,-0.7,0.25));
#4537 = DIRECTION('',(-1.110223024625E-16,1.,0.));
#4538 = DIRECTION('',(2.22044604925E-15,2.465190328815E-31,-1.));
#4539 = ORIENTED_EDGE('',*,*,#4540,.T.);
#4540 = EDGE_CURVE('',#4532,#4541,#4543,.T.);
#4541 = VERTEX_POINT('',#4542);
#4542 = CARTESIAN_POINT('',(1.096201938253,-0.7,0.693412044417));
#4543 = LINE('',#4544,#4545);
#4544 = CARTESIAN_POINT('',(1.172050016982,-0.7,0.232635182233));
#4545 = VECTOR('',#4546,1.);
#4546 = DIRECTION('',(-0.162423314012,-1.803261029519E-17,0.986721169868
    ));
#4547 = ORIENTED_EDGE('',*,*,#4548,.T.);
#4548 = EDGE_CURVE('',#4541,#4549,#4551,.T.);
#4549 = VERTEX_POINT('',#4550);
#4550 = CARTESIAN_POINT('',(0.85,-0.7,0.9));
#4551 = CIRCLE('',#4552,0.25);
#4552 = AXIS2_PLACEMENT_3D('',#4553,#4554,#4555);
#4553 = CARTESIAN_POINT('',(0.85,-0.7,0.65));
#4554 = DIRECTION('',(1.110223024625E-16,-1.,0.));
#4555 = DIRECTION('',(0.984807753012,1.093356242223E-16,0.173648177667)
  );
#4556 = ORIENTED_EDGE('',*,*,#4557,.T.);
#4557 = EDGE_CURVE('',#4549,#3176,#4558,.T.);
#4558 = LINE('',#4559,#4560);
#4559 = CARTESIAN_POINT('',(0.85,-0.7,0.9));
#4560 = VECTOR('',#4561,1.);
#4561 = DIRECTION('',(-1.,-1.110223024625E-16,0.));
#4562 = PLANE('',#4563);
#4563 = AXIS2_PLACEMENT_3D('',#4564,#4565,#4566);
#4564 = CARTESIAN_POINT('',(1.069123385139,-0.7,0.441695635315));
#4565 = DIRECTION('',(1.110223024625E-16,-1.,0.));
#4566 = DIRECTION('',(0.,0.,1.));
#4567 = ADVANCED_FACE('',(#4568),#4587,.F.);
#4568 = FACE_BOUND('',#4569,.F.);
#4569 = EDGE_LOOP('',(#4570,#4571,#4580,#4586));
#4570 = ORIENTED_EDGE('',*,*,#3214,.T.);
#4571 = ORIENTED_EDGE('',*,*,#4572,.T.);
#4572 = EDGE_CURVE('',#3207,#4573,#4575,.T.);
#4573 = VERTEX_POINT('',#4574);
#4574 = CARTESIAN_POINT('',(0.948480775301,-1.2,0.667364817767));
#4575 = CIRCLE('',#4576,0.1);
#4576 = AXIS2_PLACEMENT_3D('',#4577,#4578,#4579);
#4577 = CARTESIAN_POINT('',(0.85,-1.2,0.65));
#4578 = DIRECTION('',(-1.110223024625E-16,1.,0.));
#4579 = DIRECTION('',(0.,0.,1.));
#4580 = ORIENTED_EDGE('',*,*,#4581,.F.);
#4581 = EDGE_CURVE('',#4482,#4573,#4582,.T.);
#4582 = LINE('',#4583,#4584);
#4583 = CARTESIAN_POINT('',(0.948480775301,-0.7,0.667364817767));
#4584 = VECTOR('',#4585,1.);
#4585 = DIRECTION('',(1.110223024625E-16,-1.,0.));
#4586 = ORIENTED_EDGE('',*,*,#4481,.F.);
#4587 = CYLINDRICAL_SURFACE('',#4588,0.1);
#4588 = AXIS2_PLACEMENT_3D('',#4589,#4590,#4591);
#4589 = CARTESIAN_POINT('',(0.85,-0.7,0.65));
#4590 = DIRECTION('',(-1.110223024625E-16,1.,0.));
#4591 = DIRECTION('',(0.,0.,1.));
#4592 = ADVANCED_FACE('',(#4593),#4671,.T.);
#4593 = FACE_BOUND('',#4594,.T.);
#4594 = EDGE_LOOP('',(#4595,#4596,#4597,#4598,#4606,#4615,#4623,#4631,
    #4639,#4648,#4656,#4665));
#4595 = ORIENTED_EDGE('',*,*,#3228,.F.);
#4596 = ORIENTED_EDGE('',*,*,#3206,.T.);
#4597 = ORIENTED_EDGE('',*,*,#4572,.T.);
#4598 = ORIENTED_EDGE('',*,*,#4599,.T.);
#4599 = EDGE_CURVE('',#4573,#4600,#4602,.T.);
#4600 = VERTEX_POINT('',#4601);
#4601 = CARTESIAN_POINT('',(1.02432885403,-1.2,0.206587955583));
#4602 = LINE('',#4603,#4604);
#4603 = CARTESIAN_POINT('',(0.948480775301,-1.2,0.667364817767));
#4604 = VECTOR('',#4605,1.);
#4605 = DIRECTION('',(0.162423314012,1.803261029519E-17,-0.986721169868)
  );
#4606 = ORIENTED_EDGE('',*,*,#4607,.T.);
#4607 = EDGE_CURVE('',#4600,#4608,#4610,.T.);
#4608 = VERTEX_POINT('',#4609);
#4609 = CARTESIAN_POINT('',(1.270530792283,-1.2,0.));
#4610 = CIRCLE('',#4611,0.25);
#4611 = AXIS2_PLACEMENT_3D('',#4612,#4613,#4614);
#4612 = CARTESIAN_POINT('',(1.270530792283,-1.2,0.25));
#4613 = DIRECTION('',(1.110223024625E-16,-1.,0.));
#4614 = DIRECTION('',(-0.984807753012,-1.093356242223E-16,
    -0.173648177667));
#4615 = ORIENTED_EDGE('',*,*,#4616,.T.);
#4616 = EDGE_CURVE('',#4608,#4617,#4619,.T.);
#4617 = VERTEX_POINT('',#4618);
#4618 = CARTESIAN_POINT('',(1.4,-1.2,0.));
#4619 = LINE('',#4620,#4621);
#4620 = CARTESIAN_POINT('',(1.270530792283,-1.2,0.));
#4621 = VECTOR('',#4622,1.);
#4622 = DIRECTION('',(1.,1.110223024625E-16,0.));
#4623 = ORIENTED_EDGE('',*,*,#4624,.T.);
#4624 = EDGE_CURVE('',#4617,#4625,#4627,.T.);
#4625 = VERTEX_POINT('',#4626);
#4626 = CARTESIAN_POINT('',(1.4,-1.2,0.15));
#4627 = LINE('',#4628,#4629);
#4628 = CARTESIAN_POINT('',(1.4,-1.2,0.));
#4629 = VECTOR('',#4630,1.);
#4630 = DIRECTION('',(0.,0.,1.));
#4631 = ORIENTED_EDGE('',*,*,#4632,.T.);
#4632 = EDGE_CURVE('',#4625,#4633,#4635,.T.);
#4633 = VERTEX_POINT('',#4634);
#4634 = CARTESIAN_POINT('',(1.270530792283,-1.2,0.15));
#4635 = LINE('',#4636,#4637);
#4636 = CARTESIAN_POINT('',(1.4,-1.2,0.15));
#4637 = VECTOR('',#4638,1.);
#4638 = DIRECTION('',(-1.,-1.110223024625E-16,0.));
#4639 = ORIENTED_EDGE('',*,*,#4640,.T.);
#4640 = EDGE_CURVE('',#4633,#4641,#4643,.T.);
#4641 = VERTEX_POINT('',#4642);
#4642 = CARTESIAN_POINT('',(1.172050016982,-1.2,0.232635182233));
#4643 = CIRCLE('',#4644,0.1);
#4644 = AXIS2_PLACEMENT_3D('',#4645,#4646,#4647);
#4645 = CARTESIAN_POINT('',(1.270530792283,-1.2,0.25));
#4646 = DIRECTION('',(-1.110223024625E-16,1.,0.));
#4647 = DIRECTION('',(2.22044604925E-15,2.465190328815E-31,-1.));
#4648 = ORIENTED_EDGE('',*,*,#4649,.T.);
#4649 = EDGE_CURVE('',#4641,#4650,#4652,.T.);
#4650 = VERTEX_POINT('',#4651);
#4651 = CARTESIAN_POINT('',(1.096201938253,-1.2,0.693412044417));
#4652 = LINE('',#4653,#4654);
#4653 = CARTESIAN_POINT('',(1.172050016982,-1.2,0.232635182233));
#4654 = VECTOR('',#4655,1.);
#4655 = DIRECTION('',(-0.162423314012,-1.803261029519E-17,0.986721169868
    ));
#4656 = ORIENTED_EDGE('',*,*,#4657,.T.);
#4657 = EDGE_CURVE('',#4650,#4658,#4660,.T.);
#4658 = VERTEX_POINT('',#4659);
#4659 = CARTESIAN_POINT('',(0.85,-1.2,0.9));
#4660 = CIRCLE('',#4661,0.25);
#4661 = AXIS2_PLACEMENT_3D('',#4662,#4663,#4664);
#4662 = CARTESIAN_POINT('',(0.85,-1.2,0.65));
#4663 = DIRECTION('',(1.110223024625E-16,-1.,0.));
#4664 = DIRECTION('',(0.984807753012,1.093356242223E-16,0.173648177667)
  );
#4665 = ORIENTED_EDGE('',*,*,#4666,.T.);
#4666 = EDGE_CURVE('',#4658,#3229,#4667,.T.);
#4667 = LINE('',#4668,#4669);
#4668 = CARTESIAN_POINT('',(0.85,-1.2,0.9));
#4669 = VECTOR('',#4670,1.);
#4670 = DIRECTION('',(-1.,-1.110223024625E-16,0.));
#4671 = PLANE('',#4672);
#4672 = AXIS2_PLACEMENT_3D('',#4673,#4674,#4675);
#4673 = CARTESIAN_POINT('',(1.069123385139,-1.2,0.441695635315));
#4674 = DIRECTION('',(1.110223024625E-16,-1.,0.));
#4675 = DIRECTION('',(0.,0.,1.));
#4676 = ADVANCED_FACE('',(#4677),#4688,.T.);
#4677 = FACE_BOUND('',#4678,.T.);
#4678 = EDGE_LOOP('',(#4679,#4680,#4681,#4682));
#4679 = ORIENTED_EDGE('',*,*,#4157,.T.);
#4680 = ORIENTED_EDGE('',*,*,#3329,.T.);
#4681 = ORIENTED_EDGE('',*,*,#4259,.F.);
#4682 = ORIENTED_EDGE('',*,*,#4683,.F.);
#4683 = EDGE_CURVE('',#4150,#4252,#4684,.T.);
#4684 = LINE('',#4685,#4686);
#4685 = CARTESIAN_POINT('',(-1.096201938253,0.7,0.693412044417));
#4686 = VECTOR('',#4687,1.);
#4687 = DIRECTION('',(1.144237745222E-17,1.,0.));
#4688 = CYLINDRICAL_SURFACE('',#4689,0.25);
#4689 = AXIS2_PLACEMENT_3D('',#4690,#4691,#4692);
#4690 = CARTESIAN_POINT('',(-0.85,0.7,0.65));
#4691 = DIRECTION('',(-1.144237745222E-17,-1.,0.));
#4692 = DIRECTION('',(-0.984807753012,1.126854202784E-17,0.173648177667)
  );
#4693 = ADVANCED_FACE('',(#4694),#4707,.F.);
#4694 = FACE_BOUND('',#4695,.F.);
#4695 = EDGE_LOOP('',(#4696,#4697,#4703,#4704,#4705,#4706));
#4696 = ORIENTED_EDGE('',*,*,#3725,.F.);
#4697 = ORIENTED_EDGE('',*,*,#4698,.T.);
#4698 = EDGE_CURVE('',#3717,#3826,#4699,.T.);
#4699 = LINE('',#4700,#4701);
#4700 = CARTESIAN_POINT('',(-0.85,-1.2,0.9));
#4701 = VECTOR('',#4702,1.);
#4702 = DIRECTION('',(1.144237745222E-17,1.,0.));
#4703 = ORIENTED_EDGE('',*,*,#3834,.T.);
#4704 = ORIENTED_EDGE('',*,*,#3856,.T.);
#4705 = ORIENTED_EDGE('',*,*,#3376,.F.);
#4706 = ORIENTED_EDGE('',*,*,#3609,.F.);
#4707 = PLANE('',#4708);
#4708 = AXIS2_PLACEMENT_3D('',#4709,#4710,#4711);
#4709 = CARTESIAN_POINT('',(-0.85,-1.2,0.9));
#4710 = DIRECTION('',(0.,0.,-1.));
#4711 = DIRECTION('',(1.,-1.144237745222E-17,0.));
#4712 = ADVANCED_FACE('',(#4713),#4726,.F.);
#4713 = FACE_BOUND('',#4714,.F.);
#4714 = EDGE_LOOP('',(#4715,#4716,#4722,#4723,#4724,#4725));
#4715 = ORIENTED_EDGE('',*,*,#3948,.F.);
#4716 = ORIENTED_EDGE('',*,*,#4717,.T.);
#4717 = EDGE_CURVE('',#3940,#4049,#4718,.T.);
#4718 = LINE('',#4719,#4720);
#4719 = CARTESIAN_POINT('',(-0.85,-0.25,0.9));
#4720 = VECTOR('',#4721,1.);
#4721 = DIRECTION('',(1.144237745222E-17,1.,0.));
#4722 = ORIENTED_EDGE('',*,*,#4057,.T.);
#4723 = ORIENTED_EDGE('',*,*,#4074,.T.);
#4724 = ORIENTED_EDGE('',*,*,#3392,.F.);
#4725 = ORIENTED_EDGE('',*,*,#3849,.F.);
#4726 = PLANE('',#4727);
#4727 = AXIS2_PLACEMENT_3D('',#4728,#4729,#4730);
#4728 = CARTESIAN_POINT('',(-0.85,-0.25,0.9));
#4729 = DIRECTION('',(0.,0.,-1.));
#4730 = DIRECTION('',(1.,-1.144237745222E-17,0.));
#4731 = ADVANCED_FACE('',(#4732,#4761),#4772,.T.);
#4732 = FACE_BOUND('',#4733,.T.);
#4733 = EDGE_LOOP('',(#4734,#4735,#4736,#4737,#4745,#4753,#4759,#4760));
#4734 = ORIENTED_EDGE('',*,*,#3467,.F.);
#4735 = ORIENTED_EDGE('',*,*,#3444,.F.);
#4736 = ORIENTED_EDGE('',*,*,#3415,.F.);
#4737 = ORIENTED_EDGE('',*,*,#4738,.F.);
#4738 = EDGE_CURVE('',#4739,#3416,#4741,.T.);
#4739 = VERTEX_POINT('',#4740);
#4740 = CARTESIAN_POINT('',(-0.646824228722,-1.333648457443,1.55));
#4741 = LINE('',#4742,#4743);
#4742 = CARTESIAN_POINT('',(-0.646824228722,-1.333648457443,1.55));
#4743 = VECTOR('',#4744,1.);
#4744 = DIRECTION('',(-0.707106781187,0.707106781187,0.));
#4745 = ORIENTED_EDGE('',*,*,#4746,.F.);
#4746 = EDGE_CURVE('',#4747,#4739,#4749,.T.);
#4747 = VERTEX_POINT('',#4748);
#4748 = CARTESIAN_POINT('',(0.646824228722,-1.333648457443,1.55));
#4749 = LINE('',#4750,#4751);
#4750 = CARTESIAN_POINT('',(0.646824228722,-1.333648457443,1.55));
#4751 = VECTOR('',#4752,1.);
#4752 = DIRECTION('',(-1.,-1.110223024625E-16,0.));
#4753 = ORIENTED_EDGE('',*,*,#4754,.F.);
#4754 = EDGE_CURVE('',#3539,#4747,#4755,.T.);
#4755 = LINE('',#4756,#4757);
#4756 = CARTESIAN_POINT('',(0.683648457443,-1.296824228722,1.55));
#4757 = VECTOR('',#4758,1.);
#4758 = DIRECTION('',(-0.707106781187,-0.707106781187,0.));
#4759 = ORIENTED_EDGE('',*,*,#3545,.F.);
#4760 = ORIENTED_EDGE('',*,*,#3490,.F.);
#4761 = FACE_BOUND('',#4762,.T.);
#4762 = EDGE_LOOP('',(#4763));
#4763 = ORIENTED_EDGE('',*,*,#4764,.T.);
#4764 = EDGE_CURVE('',#4765,#4765,#4767,.T.);
#4765 = VERTEX_POINT('',#4766);
#4766 = CARTESIAN_POINT('',(-0.483648457443,1.083648457443,1.55));
#4767 = CIRCLE('',#4768,5.E-02);
#4768 = AXIS2_PLACEMENT_3D('',#4769,#4770,#4771);
#4769 = CARTESIAN_POINT('',(-0.483648457443,1.133648457443,1.55));
#4770 = DIRECTION('',(0.,-0.,-1.));
#4771 = DIRECTION('',(1.110223024625E-16,-1.,0.));
#4772 = PLANE('',#4773);
#4773 = AXIS2_PLACEMENT_3D('',#4774,#4775,#4776);
#4774 = CARTESIAN_POINT('',(-0.646824228722,1.333648457443,1.55));
#4775 = DIRECTION('',(0.,0.,1.));
#4776 = DIRECTION('',(0.436386464522,-0.899759330922,0.));
#4777 = ADVANCED_FACE('',(#4778),#4788,.F.);
#4778 = FACE_BOUND('',#4779,.F.);
#4779 = EDGE_LOOP('',(#4780,#4781,#4782,#4783));
#4780 = ORIENTED_EDGE('',*,*,#3616,.T.);
#4781 = ORIENTED_EDGE('',*,*,#3423,.T.);
#4782 = ORIENTED_EDGE('',*,*,#4738,.F.);
#4783 = ORIENTED_EDGE('',*,*,#4784,.F.);
#4784 = EDGE_CURVE('',#3617,#4739,#4785,.T.);
#4785 = B_SPLINE_CURVE_WITH_KNOTS('',1,(#4786,#4787),.UNSPECIFIED.,.F.,
  .F.,(2,2),(0.,1.),.PIECEWISE_BEZIER_KNOTS.);
#4786 = CARTESIAN_POINT('',(-0.6925,-1.425,0.9));
#4787 = CARTESIAN_POINT('',(-0.646824228722,-1.333648457443,1.55));
#4788 = B_SPLINE_SURFACE_WITH_KNOTS('',1,1,(
    (#4789,#4790)
    ,(#4791,#4792
    )),.UNSPECIFIED.,.F.,.F.,.F.,(2,2),(2,2),(0.,0.116672618896),(0.,1.)
  ,.PIECEWISE_BEZIER_KNOTS.);
#4789 = CARTESIAN_POINT('',(-0.6925,-1.425,0.9));
#4790 = CARTESIAN_POINT('',(-0.646824228722,-1.333648457443,1.55));
#4791 = CARTESIAN_POINT('',(-0.775,-1.3425,0.9));
#4792 = CARTESIAN_POINT('',(-0.683648457443,-1.296824228722,1.55));
#4793 = ADVANCED_FACE('',(#4794),#4807,.F.);
#4794 = FACE_BOUND('',#4795,.F.);
#4795 = EDGE_LOOP('',(#4796,#4797,#4803,#4804,#4805,#4806));
#4796 = ORIENTED_EDGE('',*,*,#4557,.F.);
#4797 = ORIENTED_EDGE('',*,*,#4798,.T.);
#4798 = EDGE_CURVE('',#4549,#4658,#4799,.T.);
#4799 = LINE('',#4800,#4801);
#4800 = CARTESIAN_POINT('',(0.85,-0.7,0.9));
#4801 = VECTOR('',#4802,1.);
#4802 = DIRECTION('',(1.110223024625E-16,-1.,0.));
#4803 = ORIENTED_EDGE('',*,*,#4666,.T.);
#4804 = ORIENTED_EDGE('',*,*,#3598,.T.);
#4805 = ORIENTED_EDGE('',*,*,#3522,.F.);
#4806 = ORIENTED_EDGE('',*,*,#4464,.F.);
#4807 = PLANE('',#4808);
#4808 = AXIS2_PLACEMENT_3D('',#4809,#4810,#4811);
#4809 = CARTESIAN_POINT('',(0.85,-0.7,0.9));
#4810 = DIRECTION('',(0.,0.,-1.));
#4811 = DIRECTION('',(-1.,-1.110223024625E-16,-0.));
#4812 = ADVANCED_FACE('',(#4813),#4823,.F.);
#4813 = FACE_BOUND('',#4814,.F.);
#4814 = EDGE_LOOP('',(#4815,#4816,#4821,#4822));
#4815 = ORIENTED_EDGE('',*,*,#3632,.T.);
#4816 = ORIENTED_EDGE('',*,*,#4817,.T.);
#4817 = EDGE_CURVE('',#3625,#4747,#4818,.T.);
#4818 = B_SPLINE_CURVE_WITH_KNOTS('',1,(#4819,#4820),.UNSPECIFIED.,.F.,
  .F.,(2,2),(0.,1.),.PIECEWISE_BEZIER_KNOTS.);
#4819 = CARTESIAN_POINT('',(0.6925,-1.425,0.9));
#4820 = CARTESIAN_POINT('',(0.646824228722,-1.333648457443,1.55));
#4821 = ORIENTED_EDGE('',*,*,#4754,.F.);
#4822 = ORIENTED_EDGE('',*,*,#3538,.F.);
#4823 = B_SPLINE_SURFACE_WITH_KNOTS('',1,1,(
    (#4824,#4825)
    ,(#4826,#4827
    )),.UNSPECIFIED.,.F.,.F.,.F.,(2,2),(2,2),(0.,0.116672618896),(0.,1.)
  ,.PIECEWISE_BEZIER_KNOTS.);
#4824 = CARTESIAN_POINT('',(0.775,-1.3425,0.9));
#4825 = CARTESIAN_POINT('',(0.683648457443,-1.296824228722,1.55));
#4826 = CARTESIAN_POINT('',(0.6925,-1.425,0.9));
#4827 = CARTESIAN_POINT('',(0.646824228722,-1.333648457443,1.55));
#4828 = ADVANCED_FACE('',(#4829),#4840,.T.);
#4829 = FACE_BOUND('',#4830,.T.);
#4830 = EDGE_LOOP('',(#4831,#4832,#4833,#4834));
#4831 = ORIENTED_EDGE('',*,*,#4344,.T.);
#4832 = ORIENTED_EDGE('',*,*,#3568,.T.);
#4833 = ORIENTED_EDGE('',*,*,#4446,.F.);
#4834 = ORIENTED_EDGE('',*,*,#4835,.F.);
#4835 = EDGE_CURVE('',#4337,#4439,#4836,.T.);
#4836 = LINE('',#4837,#4838);
#4837 = CARTESIAN_POINT('',(1.096201938253,1.2,0.693412044417));
#4838 = VECTOR('',#4839,1.);
#4839 = DIRECTION('',(1.110223024625E-16,-1.,0.));
#4840 = CYLINDRICAL_SURFACE('',#4841,0.25);
#4841 = AXIS2_PLACEMENT_3D('',#4842,#4843,#4844);
#4842 = CARTESIAN_POINT('',(0.85,1.2,0.65));
#4843 = DIRECTION('',(-1.110223024625E-16,1.,0.));
#4844 = DIRECTION('',(0.984807753012,1.093356242223E-16,0.173648177667)
  );
#4845 = ADVANCED_FACE('',(#4846),#4852,.F.);
#4846 = FACE_BOUND('',#4847,.F.);
#4847 = EDGE_LOOP('',(#4848,#4849,#4850,#4851));
#4848 = ORIENTED_EDGE('',*,*,#3624,.T.);
#4849 = ORIENTED_EDGE('',*,*,#4784,.T.);
#4850 = ORIENTED_EDGE('',*,*,#4746,.F.);
#4851 = ORIENTED_EDGE('',*,*,#4817,.F.);
#4852 = B_SPLINE_SURFACE_WITH_KNOTS('',1,1,(
    (#4853,#4854)
    ,(#4855,#4856
    )),.UNSPECIFIED.,.F.,.F.,.F.,(2,2),(2,2),(0.,1.385),(0.,1.),
  .PIECEWISE_BEZIER_KNOTS.);
#4853 = CARTESIAN_POINT('',(0.6925,-1.425,0.9));
#4854 = CARTESIAN_POINT('',(0.646824228722,-1.333648457443,1.55));
#4855 = CARTESIAN_POINT('',(-0.6925,-1.425,0.9));
#4856 = CARTESIAN_POINT('',(-0.646824228722,-1.333648457443,1.55));
#4857 = ADVANCED_FACE('',(#4858),#4869,.T.);
#4858 = FACE_BOUND('',#4859,.T.);
#4859 = EDGE_LOOP('',(#4860,#4861,#4862,#4863));
#4860 = ORIENTED_EDGE('',*,*,#3716,.T.);
#4861 = ORIENTED_EDGE('',*,*,#4698,.T.);
#4862 = ORIENTED_EDGE('',*,*,#3825,.F.);
#4863 = ORIENTED_EDGE('',*,*,#4864,.F.);
#4864 = EDGE_CURVE('',#3709,#3818,#4865,.T.);
#4865 = LINE('',#4866,#4867);
#4866 = CARTESIAN_POINT('',(-1.096201938253,-1.2,0.693412044417));
#4867 = VECTOR('',#4868,1.);
#4868 = DIRECTION('',(1.144237745222E-17,1.,0.));
#4869 = CYLINDRICAL_SURFACE('',#4870,0.25);
#4870 = AXIS2_PLACEMENT_3D('',#4871,#4872,#4873);
#4871 = CARTESIAN_POINT('',(-0.85,-1.2,0.65));
#4872 = DIRECTION('',(-1.144237745222E-17,-1.,0.));
#4873 = DIRECTION('',(-0.984807753012,1.126854202784E-17,0.173648177667)
  );
#4874 = ADVANCED_FACE('',(#4875),#4886,.F.);
#4875 = FACE_BOUND('',#4876,.F.);
#4876 = EDGE_LOOP('',(#4877,#4883,#4884,#4885));
#4877 = ORIENTED_EDGE('',*,*,#4878,.T.);
#4878 = EDGE_CURVE('',#3700,#3809,#4879,.T.);
#4879 = LINE('',#4880,#4881);
#4880 = CARTESIAN_POINT('',(-1.172050016982,-1.2,0.232635182233));
#4881 = VECTOR('',#4882,1.);
#4882 = DIRECTION('',(1.144237745222E-17,1.,0.));
#4883 = ORIENTED_EDGE('',*,*,#3817,.T.);
#4884 = ORIENTED_EDGE('',*,*,#4864,.F.);
#4885 = ORIENTED_EDGE('',*,*,#3708,.F.);
#4886 = PLANE('',#4887);
#4887 = AXIS2_PLACEMENT_3D('',#4888,#4889,#4890);
#4888 = CARTESIAN_POINT('',(-1.172050016982,-1.2,0.232635182233));
#4889 = DIRECTION('',(0.986721169868,-1.129043606572E-17,-0.162423314012
    ));
#4890 = DIRECTION('',(0.162423314012,-1.858508865964E-18,0.986721169868)
  );
#4891 = ADVANCED_FACE('',(#4892),#4903,.F.);
#4892 = FACE_BOUND('',#4893,.F.);
#4893 = EDGE_LOOP('',(#4894,#4900,#4901,#4902));
#4894 = ORIENTED_EDGE('',*,*,#4895,.T.);
#4895 = EDGE_CURVE('',#3692,#3801,#4896,.T.);
#4896 = LINE('',#4897,#4898);
#4897 = CARTESIAN_POINT('',(-1.270530792283,-1.2,0.15));
#4898 = VECTOR('',#4899,1.);
#4899 = DIRECTION('',(1.144237745222E-17,1.,0.));
#4900 = ORIENTED_EDGE('',*,*,#3808,.T.);
#4901 = ORIENTED_EDGE('',*,*,#4878,.F.);
#4902 = ORIENTED_EDGE('',*,*,#3699,.F.);
#4903 = CYLINDRICAL_SURFACE('',#4904,0.1);
#4904 = AXIS2_PLACEMENT_3D('',#4905,#4906,#4907);
#4905 = CARTESIAN_POINT('',(-1.270530792283,-1.2,0.25));
#4906 = DIRECTION('',(-1.144237745222E-17,-1.,0.));
#4907 = DIRECTION('',(-2.22044604925E-15,2.540718180781E-32,-1.));
#4908 = ADVANCED_FACE('',(#4909),#4920,.F.);
#4909 = FACE_BOUND('',#4910,.F.);
#4910 = EDGE_LOOP('',(#4911,#4917,#4918,#4919));
#4911 = ORIENTED_EDGE('',*,*,#4912,.T.);
#4912 = EDGE_CURVE('',#3684,#3793,#4913,.T.);
#4913 = LINE('',#4914,#4915);
#4914 = CARTESIAN_POINT('',(-1.4,-1.2,0.15));
#4915 = VECTOR('',#4916,1.);
#4916 = DIRECTION('',(1.144237745222E-17,1.,0.));
#4917 = ORIENTED_EDGE('',*,*,#3800,.T.);
#4918 = ORIENTED_EDGE('',*,*,#4895,.F.);
#4919 = ORIENTED_EDGE('',*,*,#3691,.F.);
#4920 = PLANE('',#4921);
#4921 = AXIS2_PLACEMENT_3D('',#4922,#4923,#4924);
#4922 = CARTESIAN_POINT('',(-1.4,-1.2,0.15));
#4923 = DIRECTION('',(0.,0.,-1.));
#4924 = DIRECTION('',(1.,-1.144237745222E-17,0.));
#4925 = ADVANCED_FACE('',(#4926),#4937,.F.);
#4926 = FACE_BOUND('',#4927,.F.);
#4927 = EDGE_LOOP('',(#4928,#4934,#4935,#4936));
#4928 = ORIENTED_EDGE('',*,*,#4929,.T.);
#4929 = EDGE_CURVE('',#3676,#3785,#4930,.T.);
#4930 = LINE('',#4931,#4932);
#4931 = CARTESIAN_POINT('',(-1.4,-1.2,0.));
#4932 = VECTOR('',#4933,1.);
#4933 = DIRECTION('',(1.144237745222E-17,1.,0.));
#4934 = ORIENTED_EDGE('',*,*,#3792,.T.);
#4935 = ORIENTED_EDGE('',*,*,#4912,.F.);
#4936 = ORIENTED_EDGE('',*,*,#3683,.F.);
#4937 = PLANE('',#4938);
#4938 = AXIS2_PLACEMENT_3D('',#4939,#4940,#4941);
#4939 = CARTESIAN_POINT('',(-1.4,-1.2,0.));
#4940 = DIRECTION('',(1.,-1.144237745222E-17,0.));
#4941 = DIRECTION('',(0.,0.,1.));
#4942 = ADVANCED_FACE('',(#4943),#4954,.F.);
#4943 = FACE_BOUND('',#4944,.F.);
#4944 = EDGE_LOOP('',(#4945,#4951,#4952,#4953));
#4945 = ORIENTED_EDGE('',*,*,#4946,.T.);
#4946 = EDGE_CURVE('',#3667,#3776,#4947,.T.);
#4947 = LINE('',#4948,#4949);
#4948 = CARTESIAN_POINT('',(-1.270530792283,-1.2,0.));
#4949 = VECTOR('',#4950,1.);
#4950 = DIRECTION('',(1.144237745222E-17,1.,0.));
#4951 = ORIENTED_EDGE('',*,*,#3784,.T.);
#4952 = ORIENTED_EDGE('',*,*,#4929,.F.);
#4953 = ORIENTED_EDGE('',*,*,#3675,.F.);
#4954 = PLANE('',#4955);
#4955 = AXIS2_PLACEMENT_3D('',#4956,#4957,#4958);
#4956 = CARTESIAN_POINT('',(-1.270530792283,-1.2,0.));
#4957 = DIRECTION('',(0.,0.,1.));
#4958 = DIRECTION('',(-1.,1.144237745222E-17,0.));
#4959 = ADVANCED_FACE('',(#4960),#4971,.T.);
#4960 = FACE_BOUND('',#4961,.T.);
#4961 = EDGE_LOOP('',(#4962,#4963,#4964,#4965));
#4962 = ORIENTED_EDGE('',*,*,#3666,.T.);
#4963 = ORIENTED_EDGE('',*,*,#4946,.T.);
#4964 = ORIENTED_EDGE('',*,*,#3775,.F.);
#4965 = ORIENTED_EDGE('',*,*,#4966,.F.);
#4966 = EDGE_CURVE('',#3659,#3768,#4967,.T.);
#4967 = LINE('',#4968,#4969);
#4968 = CARTESIAN_POINT('',(-1.02432885403,-1.2,0.206587955583));
#4969 = VECTOR('',#4970,1.);
#4970 = DIRECTION('',(1.144237745222E-17,1.,0.));
#4971 = CYLINDRICAL_SURFACE('',#4972,0.25);
#4972 = AXIS2_PLACEMENT_3D('',#4973,#4974,#4975);
#4973 = CARTESIAN_POINT('',(-1.270530792283,-1.2,0.25));
#4974 = DIRECTION('',(-1.144237745222E-17,-1.,0.));
#4975 = DIRECTION('',(0.984807753012,-1.126854202784E-17,-0.173648177667
    ));
#4976 = ADVANCED_FACE('',(#4977),#4983,.F.);
#4977 = FACE_BOUND('',#4978,.F.);
#4978 = EDGE_LOOP('',(#4979,#4980,#4981,#4982));
#4979 = ORIENTED_EDGE('',*,*,#3749,.T.);
#4980 = ORIENTED_EDGE('',*,*,#3767,.T.);
#4981 = ORIENTED_EDGE('',*,*,#4966,.F.);
#4982 = ORIENTED_EDGE('',*,*,#3658,.F.);
#4983 = PLANE('',#4984);
#4984 = AXIS2_PLACEMENT_3D('',#4985,#4986,#4987);
#4985 = CARTESIAN_POINT('',(-0.948480775301,-1.2,0.667364817767));
#4986 = DIRECTION('',(-0.986721169868,1.129043606572E-17,0.162423314012)
  );
#4987 = DIRECTION('',(-0.162423314012,1.858508865964E-18,-0.986721169868
    ));
#4988 = ADVANCED_FACE('',(#4989),#5000,.T.);
#4989 = FACE_BOUND('',#4990,.T.);
#4990 = EDGE_LOOP('',(#4991,#4992,#4993,#4994));
#4991 = ORIENTED_EDGE('',*,*,#3939,.T.);
#4992 = ORIENTED_EDGE('',*,*,#4717,.T.);
#4993 = ORIENTED_EDGE('',*,*,#4048,.F.);
#4994 = ORIENTED_EDGE('',*,*,#4995,.F.);
#4995 = EDGE_CURVE('',#3932,#4041,#4996,.T.);
#4996 = LINE('',#4997,#4998);
#4997 = CARTESIAN_POINT('',(-1.096201938253,-0.25,0.693412044417));
#4998 = VECTOR('',#4999,1.);
#4999 = DIRECTION('',(1.144237745222E-17,1.,0.));
#5000 = CYLINDRICAL_SURFACE('',#5001,0.25);
#5001 = AXIS2_PLACEMENT_3D('',#5002,#5003,#5004);
#5002 = CARTESIAN_POINT('',(-0.85,-0.25,0.65));
#5003 = DIRECTION('',(-1.144237745222E-17,-1.,0.));
#5004 = DIRECTION('',(-0.984807753012,1.126854202784E-17,0.173648177667)
  );
#5005 = ADVANCED_FACE('',(#5006),#5017,.F.);
#5006 = FACE_BOUND('',#5007,.F.);
#5007 = EDGE_LOOP('',(#5008,#5014,#5015,#5016));
#5008 = ORIENTED_EDGE('',*,*,#5009,.T.);
#5009 = EDGE_CURVE('',#3923,#4032,#5010,.T.);
#5010 = LINE('',#5011,#5012);
#5011 = CARTESIAN_POINT('',(-1.172050016982,-0.25,0.232635182233));
#5012 = VECTOR('',#5013,1.);
#5013 = DIRECTION('',(1.144237745222E-17,1.,0.));
#5014 = ORIENTED_EDGE('',*,*,#4040,.T.);
#5015 = ORIENTED_EDGE('',*,*,#4995,.F.);
#5016 = ORIENTED_EDGE('',*,*,#3931,.F.);
#5017 = PLANE('',#5018);
#5018 = AXIS2_PLACEMENT_3D('',#5019,#5020,#5021);
#5019 = CARTESIAN_POINT('',(-1.172050016982,-0.25,0.232635182233));
#5020 = DIRECTION('',(0.986721169868,-1.129043606572E-17,-0.162423314012
    ));
#5021 = DIRECTION('',(0.162423314012,-1.858508865964E-18,0.986721169868)
  );
#5022 = ADVANCED_FACE('',(#5023),#5034,.F.);
#5023 = FACE_BOUND('',#5024,.F.);
#5024 = EDGE_LOOP('',(#5025,#5031,#5032,#5033));
#5025 = ORIENTED_EDGE('',*,*,#5026,.T.);
#5026 = EDGE_CURVE('',#3915,#4024,#5027,.T.);
#5027 = LINE('',#5028,#5029);
#5028 = CARTESIAN_POINT('',(-1.270530792283,-0.25,0.15));
#5029 = VECTOR('',#5030,1.);
#5030 = DIRECTION('',(1.144237745222E-17,1.,0.));
#5031 = ORIENTED_EDGE('',*,*,#4031,.T.);
#5032 = ORIENTED_EDGE('',*,*,#5009,.F.);
#5033 = ORIENTED_EDGE('',*,*,#3922,.F.);
#5034 = CYLINDRICAL_SURFACE('',#5035,0.1);
#5035 = AXIS2_PLACEMENT_3D('',#5036,#5037,#5038);
#5036 = CARTESIAN_POINT('',(-1.270530792283,-0.25,0.25));
#5037 = DIRECTION('',(-1.144237745222E-17,-1.,0.));
#5038 = DIRECTION('',(-2.22044604925E-15,2.540718180781E-32,-1.));
#5039 = ADVANCED_FACE('',(#5040),#5051,.F.);
#5040 = FACE_BOUND('',#5041,.F.);
#5041 = EDGE_LOOP('',(#5042,#5048,#5049,#5050));
#5042 = ORIENTED_EDGE('',*,*,#5043,.T.);
#5043 = EDGE_CURVE('',#3907,#4016,#5044,.T.);
#5044 = LINE('',#5045,#5046);
#5045 = CARTESIAN_POINT('',(-1.4,-0.25,0.15));
#5046 = VECTOR('',#5047,1.);
#5047 = DIRECTION('',(1.144237745222E-17,1.,0.));
#5048 = ORIENTED_EDGE('',*,*,#4023,.T.);
#5049 = ORIENTED_EDGE('',*,*,#5026,.F.);
#5050 = ORIENTED_EDGE('',*,*,#3914,.F.);
#5051 = PLANE('',#5052);
#5052 = AXIS2_PLACEMENT_3D('',#5053,#5054,#5055);
#5053 = CARTESIAN_POINT('',(-1.4,-0.25,0.15));
#5054 = DIRECTION('',(0.,0.,-1.));
#5055 = DIRECTION('',(1.,-1.144237745222E-17,0.));
#5056 = ADVANCED_FACE('',(#5057),#5068,.F.);
#5057 = FACE_BOUND('',#5058,.F.);
#5058 = EDGE_LOOP('',(#5059,#5065,#5066,#5067));
#5059 = ORIENTED_EDGE('',*,*,#5060,.T.);
#5060 = EDGE_CURVE('',#3899,#4008,#5061,.T.);
#5061 = LINE('',#5062,#5063);
#5062 = CARTESIAN_POINT('',(-1.4,-0.25,0.));
#5063 = VECTOR('',#5064,1.);
#5064 = DIRECTION('',(1.144237745222E-17,1.,0.));
#5065 = ORIENTED_EDGE('',*,*,#4015,.T.);
#5066 = ORIENTED_EDGE('',*,*,#5043,.F.);
#5067 = ORIENTED_EDGE('',*,*,#3906,.F.);
#5068 = PLANE('',#5069);
#5069 = AXIS2_PLACEMENT_3D('',#5070,#5071,#5072);
#5070 = CARTESIAN_POINT('',(-1.4,-0.25,0.));
#5071 = DIRECTION('',(1.,-1.144237745222E-17,0.));
#5072 = DIRECTION('',(0.,0.,1.));
#5073 = ADVANCED_FACE('',(#5074),#5085,.F.);
#5074 = FACE_BOUND('',#5075,.F.);
#5075 = EDGE_LOOP('',(#5076,#5082,#5083,#5084));
#5076 = ORIENTED_EDGE('',*,*,#5077,.T.);
#5077 = EDGE_CURVE('',#3890,#3999,#5078,.T.);
#5078 = LINE('',#5079,#5080);
#5079 = CARTESIAN_POINT('',(-1.270530792283,-0.25,0.));
#5080 = VECTOR('',#5081,1.);
#5081 = DIRECTION('',(1.144237745222E-17,1.,0.));
#5082 = ORIENTED_EDGE('',*,*,#4007,.T.);
#5083 = ORIENTED_EDGE('',*,*,#5060,.F.);
#5084 = ORIENTED_EDGE('',*,*,#3898,.F.);
#5085 = PLANE('',#5086);
#5086 = AXIS2_PLACEMENT_3D('',#5087,#5088,#5089);
#5087 = CARTESIAN_POINT('',(-1.270530792283,-0.25,0.));
#5088 = DIRECTION('',(0.,0.,1.));
#5089 = DIRECTION('',(-1.,1.144237745222E-17,0.));
#5090 = ADVANCED_FACE('',(#5091),#5102,.T.);
#5091 = FACE_BOUND('',#5092,.T.);
#5092 = EDGE_LOOP('',(#5093,#5094,#5095,#5096));
#5093 = ORIENTED_EDGE('',*,*,#3889,.T.);
#5094 = ORIENTED_EDGE('',*,*,#5077,.T.);
#5095 = ORIENTED_EDGE('',*,*,#3998,.F.);
#5096 = ORIENTED_EDGE('',*,*,#5097,.F.);
#5097 = EDGE_CURVE('',#3882,#3991,#5098,.T.);
#5098 = LINE('',#5099,#5100);
#5099 = CARTESIAN_POINT('',(-1.02432885403,-0.25,0.206587955583));
#5100 = VECTOR('',#5101,1.);
#5101 = DIRECTION('',(1.144237745222E-17,1.,0.));
#5102 = CYLINDRICAL_SURFACE('',#5103,0.25);
#5103 = AXIS2_PLACEMENT_3D('',#5104,#5105,#5106);
#5104 = CARTESIAN_POINT('',(-1.270530792283,-0.25,0.25));
#5105 = DIRECTION('',(-1.144237745222E-17,-1.,0.));
#5106 = DIRECTION('',(0.984807753012,-1.126854202784E-17,-0.173648177667
    ));
#5107 = ADVANCED_FACE('',(#5108),#5114,.F.);
#5108 = FACE_BOUND('',#5109,.F.);
#5109 = EDGE_LOOP('',(#5110,#5111,#5112,#5113));
#5110 = ORIENTED_EDGE('',*,*,#3972,.T.);
#5111 = ORIENTED_EDGE('',*,*,#3990,.T.);
#5112 = ORIENTED_EDGE('',*,*,#5097,.F.);
#5113 = ORIENTED_EDGE('',*,*,#3881,.F.);
#5114 = PLANE('',#5115);
#5115 = AXIS2_PLACEMENT_3D('',#5116,#5117,#5118);
#5116 = CARTESIAN_POINT('',(-0.948480775301,-0.25,0.667364817767));
#5117 = DIRECTION('',(-0.986721169868,1.129043606572E-17,0.162423314012)
  );
#5118 = DIRECTION('',(-0.162423314012,1.858508865964E-18,-0.986721169868
    ));
#5119 = ADVANCED_FACE('',(#5120),#5131,.F.);
#5120 = FACE_BOUND('',#5121,.F.);
#5121 = EDGE_LOOP('',(#5122,#5128,#5129,#5130));
#5122 = ORIENTED_EDGE('',*,*,#5123,.T.);
#5123 = EDGE_CURVE('',#4141,#4243,#5124,.T.);
#5124 = LINE('',#5125,#5126);
#5125 = CARTESIAN_POINT('',(-1.172050016982,0.7,0.232635182233));
#5126 = VECTOR('',#5127,1.);
#5127 = DIRECTION('',(1.144237745222E-17,1.,0.));
#5128 = ORIENTED_EDGE('',*,*,#4251,.T.);
#5129 = ORIENTED_EDGE('',*,*,#4683,.F.);
#5130 = ORIENTED_EDGE('',*,*,#4149,.F.);
#5131 = PLANE('',#5132);
#5132 = AXIS2_PLACEMENT_3D('',#5133,#5134,#5135);
#5133 = CARTESIAN_POINT('',(-1.172050016982,0.7,0.232635182233));
#5134 = DIRECTION('',(0.986721169868,-1.129043606572E-17,-0.162423314012
    ));
#5135 = DIRECTION('',(0.162423314012,-1.858508865964E-18,0.986721169868)
  );
#5136 = ADVANCED_FACE('',(#5137),#5148,.F.);
#5137 = FACE_BOUND('',#5138,.F.);
#5138 = EDGE_LOOP('',(#5139,#5145,#5146,#5147));
#5139 = ORIENTED_EDGE('',*,*,#5140,.T.);
#5140 = EDGE_CURVE('',#4133,#4235,#5141,.T.);
#5141 = LINE('',#5142,#5143);
#5142 = CARTESIAN_POINT('',(-1.270530792283,0.7,0.15));
#5143 = VECTOR('',#5144,1.);
#5144 = DIRECTION('',(1.144237745222E-17,1.,0.));
#5145 = ORIENTED_EDGE('',*,*,#4242,.T.);
#5146 = ORIENTED_EDGE('',*,*,#5123,.F.);
#5147 = ORIENTED_EDGE('',*,*,#4140,.F.);
#5148 = CYLINDRICAL_SURFACE('',#5149,0.1);
#5149 = AXIS2_PLACEMENT_3D('',#5150,#5151,#5152);
#5150 = CARTESIAN_POINT('',(-1.270530792283,0.7,0.25));
#5151 = DIRECTION('',(-1.144237745222E-17,-1.,0.));
#5152 = DIRECTION('',(-2.22044604925E-15,2.540718180781E-32,-1.));
#5153 = ADVANCED_FACE('',(#5154),#5165,.F.);
#5154 = FACE_BOUND('',#5155,.F.);
#5155 = EDGE_LOOP('',(#5156,#5162,#5163,#5164));
#5156 = ORIENTED_EDGE('',*,*,#5157,.T.);
#5157 = EDGE_CURVE('',#4125,#4227,#5158,.T.);
#5158 = LINE('',#5159,#5160);
#5159 = CARTESIAN_POINT('',(-1.4,0.7,0.15));
#5160 = VECTOR('',#5161,1.);
#5161 = DIRECTION('',(1.144237745222E-17,1.,0.));
#5162 = ORIENTED_EDGE('',*,*,#4234,.T.);
#5163 = ORIENTED_EDGE('',*,*,#5140,.F.);
#5164 = ORIENTED_EDGE('',*,*,#4132,.F.);
#5165 = PLANE('',#5166);
#5166 = AXIS2_PLACEMENT_3D('',#5167,#5168,#5169);
#5167 = CARTESIAN_POINT('',(-1.4,0.7,0.15));
#5168 = DIRECTION('',(0.,0.,-1.));
#5169 = DIRECTION('',(1.,-1.144237745222E-17,0.));
#5170 = ADVANCED_FACE('',(#5171),#5182,.F.);
#5171 = FACE_BOUND('',#5172,.F.);
#5172 = EDGE_LOOP('',(#5173,#5179,#5180,#5181));
#5173 = ORIENTED_EDGE('',*,*,#5174,.T.);
#5174 = EDGE_CURVE('',#4117,#4219,#5175,.T.);
#5175 = LINE('',#5176,#5177);
#5176 = CARTESIAN_POINT('',(-1.4,0.7,0.));
#5177 = VECTOR('',#5178,1.);
#5178 = DIRECTION('',(1.144237745222E-17,1.,0.));
#5179 = ORIENTED_EDGE('',*,*,#4226,.T.);
#5180 = ORIENTED_EDGE('',*,*,#5157,.F.);
#5181 = ORIENTED_EDGE('',*,*,#4124,.F.);
#5182 = PLANE('',#5183);
#5183 = AXIS2_PLACEMENT_3D('',#5184,#5185,#5186);
#5184 = CARTESIAN_POINT('',(-1.4,0.7,0.));
#5185 = DIRECTION('',(1.,-1.144237745222E-17,0.));
#5186 = DIRECTION('',(0.,0.,1.));
#5187 = ADVANCED_FACE('',(#5188),#5199,.F.);
#5188 = FACE_BOUND('',#5189,.F.);
#5189 = EDGE_LOOP('',(#5190,#5196,#5197,#5198));
#5190 = ORIENTED_EDGE('',*,*,#5191,.T.);
#5191 = EDGE_CURVE('',#4108,#4210,#5192,.T.);
#5192 = LINE('',#5193,#5194);
#5193 = CARTESIAN_POINT('',(-1.270530792283,0.7,0.));
#5194 = VECTOR('',#5195,1.);
#5195 = DIRECTION('',(1.144237745222E-17,1.,0.));
#5196 = ORIENTED_EDGE('',*,*,#4218,.T.);
#5197 = ORIENTED_EDGE('',*,*,#5174,.F.);
#5198 = ORIENTED_EDGE('',*,*,#4116,.F.);
#5199 = PLANE('',#5200);
#5200 = AXIS2_PLACEMENT_3D('',#5201,#5202,#5203);
#5201 = CARTESIAN_POINT('',(-1.270530792283,0.7,0.));
#5202 = DIRECTION('',(0.,0.,1.));
#5203 = DIRECTION('',(-1.,1.144237745222E-17,0.));
#5204 = ADVANCED_FACE('',(#5205),#5216,.T.);
#5205 = FACE_BOUND('',#5206,.T.);
#5206 = EDGE_LOOP('',(#5207,#5208,#5209,#5210));
#5207 = ORIENTED_EDGE('',*,*,#4107,.T.);
#5208 = ORIENTED_EDGE('',*,*,#5191,.T.);
#5209 = ORIENTED_EDGE('',*,*,#4209,.F.);
#5210 = ORIENTED_EDGE('',*,*,#5211,.F.);
#5211 = EDGE_CURVE('',#4100,#4202,#5212,.T.);
#5212 = LINE('',#5213,#5214);
#5213 = CARTESIAN_POINT('',(-1.02432885403,0.7,0.206587955583));
#5214 = VECTOR('',#5215,1.);
#5215 = DIRECTION('',(1.144237745222E-17,1.,0.));
#5216 = CYLINDRICAL_SURFACE('',#5217,0.25);
#5217 = AXIS2_PLACEMENT_3D('',#5218,#5219,#5220);
#5218 = CARTESIAN_POINT('',(-1.270530792283,0.7,0.25));
#5219 = DIRECTION('',(-1.144237745222E-17,-1.,0.));
#5220 = DIRECTION('',(0.984807753012,-1.126854202784E-17,-0.173648177667
    ));
#5221 = ADVANCED_FACE('',(#5222),#5228,.F.);
#5222 = FACE_BOUND('',#5223,.F.);
#5223 = EDGE_LOOP('',(#5224,#5225,#5226,#5227));
#5224 = ORIENTED_EDGE('',*,*,#4183,.T.);
#5225 = ORIENTED_EDGE('',*,*,#4201,.T.);
#5226 = ORIENTED_EDGE('',*,*,#5211,.F.);
#5227 = ORIENTED_EDGE('',*,*,#4099,.F.);
#5228 = PLANE('',#5229);
#5229 = AXIS2_PLACEMENT_3D('',#5230,#5231,#5232);
#5230 = CARTESIAN_POINT('',(-0.948480775301,0.7,0.667364817767));
#5231 = DIRECTION('',(-0.986721169868,1.129043606572E-17,0.162423314012)
  );
#5232 = DIRECTION('',(-0.162423314012,1.858508865964E-18,-0.986721169868
    ));
#5233 = ADVANCED_FACE('',(#5234),#5245,.F.);
#5234 = FACE_BOUND('',#5235,.F.);
#5235 = EDGE_LOOP('',(#5236,#5242,#5243,#5244));
#5236 = ORIENTED_EDGE('',*,*,#5237,.T.);
#5237 = EDGE_CURVE('',#4328,#4430,#5238,.T.);
#5238 = LINE('',#5239,#5240);
#5239 = CARTESIAN_POINT('',(1.172050016982,1.2,0.232635182233));
#5240 = VECTOR('',#5241,1.);
#5241 = DIRECTION('',(1.110223024625E-16,-1.,0.));
#5242 = ORIENTED_EDGE('',*,*,#4438,.T.);
#5243 = ORIENTED_EDGE('',*,*,#4835,.F.);
#5244 = ORIENTED_EDGE('',*,*,#4336,.F.);
#5245 = PLANE('',#5246);
#5246 = AXIS2_PLACEMENT_3D('',#5247,#5248,#5249);
#5247 = CARTESIAN_POINT('',(1.172050016982,1.2,0.232635182233));
#5248 = DIRECTION('',(-0.986721169868,-1.095480561672E-16,
    -0.162423314012));
#5249 = DIRECTION('',(-0.162423314012,-1.803261029519E-17,0.986721169868
    ));
#5250 = ADVANCED_FACE('',(#5251),#5262,.F.);
#5251 = FACE_BOUND('',#5252,.F.);
#5252 = EDGE_LOOP('',(#5253,#5259,#5260,#5261));
#5253 = ORIENTED_EDGE('',*,*,#5254,.T.);
#5254 = EDGE_CURVE('',#4320,#4422,#5255,.T.);
#5255 = LINE('',#5256,#5257);
#5256 = CARTESIAN_POINT('',(1.270530792283,1.2,0.15));
#5257 = VECTOR('',#5258,1.);
#5258 = DIRECTION('',(1.110223024625E-16,-1.,0.));
#5259 = ORIENTED_EDGE('',*,*,#4429,.T.);
#5260 = ORIENTED_EDGE('',*,*,#5237,.F.);
#5261 = ORIENTED_EDGE('',*,*,#4327,.F.);
#5262 = CYLINDRICAL_SURFACE('',#5263,0.1);
#5263 = AXIS2_PLACEMENT_3D('',#5264,#5265,#5266);
#5264 = CARTESIAN_POINT('',(1.270530792283,1.2,0.25));
#5265 = DIRECTION('',(-1.110223024625E-16,1.,0.));
#5266 = DIRECTION('',(2.22044604925E-15,2.465190328815E-31,-1.));
#5267 = ADVANCED_FACE('',(#5268),#5279,.F.);
#5268 = FACE_BOUND('',#5269,.F.);
#5269 = EDGE_LOOP('',(#5270,#5276,#5277,#5278));
#5270 = ORIENTED_EDGE('',*,*,#5271,.T.);
#5271 = EDGE_CURVE('',#4312,#4414,#5272,.T.);
#5272 = LINE('',#5273,#5274);
#5273 = CARTESIAN_POINT('',(1.4,1.2,0.15));
#5274 = VECTOR('',#5275,1.);
#5275 = DIRECTION('',(1.110223024625E-16,-1.,0.));
#5276 = ORIENTED_EDGE('',*,*,#4421,.T.);
#5277 = ORIENTED_EDGE('',*,*,#5254,.F.);
#5278 = ORIENTED_EDGE('',*,*,#4319,.F.);
#5279 = PLANE('',#5280);
#5280 = AXIS2_PLACEMENT_3D('',#5281,#5282,#5283);
#5281 = CARTESIAN_POINT('',(1.4,1.2,0.15));
#5282 = DIRECTION('',(0.,0.,-1.));
#5283 = DIRECTION('',(-1.,-1.110223024625E-16,-0.));
#5284 = ADVANCED_FACE('',(#5285),#5296,.F.);
#5285 = FACE_BOUND('',#5286,.F.);
#5286 = EDGE_LOOP('',(#5287,#5293,#5294,#5295));
#5287 = ORIENTED_EDGE('',*,*,#5288,.T.);
#5288 = EDGE_CURVE('',#4304,#4406,#5289,.T.);
#5289 = LINE('',#5290,#5291);
#5290 = CARTESIAN_POINT('',(1.4,1.2,0.));
#5291 = VECTOR('',#5292,1.);
#5292 = DIRECTION('',(1.110223024625E-16,-1.,0.));
#5293 = ORIENTED_EDGE('',*,*,#4413,.T.);
#5294 = ORIENTED_EDGE('',*,*,#5271,.F.);
#5295 = ORIENTED_EDGE('',*,*,#4311,.F.);
#5296 = PLANE('',#5297);
#5297 = AXIS2_PLACEMENT_3D('',#5298,#5299,#5300);
#5298 = CARTESIAN_POINT('',(1.4,1.2,0.));
#5299 = DIRECTION('',(-1.,-1.110223024625E-16,0.));
#5300 = DIRECTION('',(0.,0.,1.));
#5301 = ADVANCED_FACE('',(#5302),#5313,.F.);
#5302 = FACE_BOUND('',#5303,.F.);
#5303 = EDGE_LOOP('',(#5304,#5310,#5311,#5312));
#5304 = ORIENTED_EDGE('',*,*,#5305,.T.);
#5305 = EDGE_CURVE('',#4295,#4397,#5306,.T.);
#5306 = LINE('',#5307,#5308);
#5307 = CARTESIAN_POINT('',(1.270530792283,1.2,0.));
#5308 = VECTOR('',#5309,1.);
#5309 = DIRECTION('',(1.110223024625E-16,-1.,0.));
#5310 = ORIENTED_EDGE('',*,*,#4405,.T.);
#5311 = ORIENTED_EDGE('',*,*,#5288,.F.);
#5312 = ORIENTED_EDGE('',*,*,#4303,.F.);
#5313 = PLANE('',#5314);
#5314 = AXIS2_PLACEMENT_3D('',#5315,#5316,#5317);
#5315 = CARTESIAN_POINT('',(1.270530792283,1.2,0.));
#5316 = DIRECTION('',(0.,0.,1.));
#5317 = DIRECTION('',(1.,1.110223024625E-16,-0.));
#5318 = ADVANCED_FACE('',(#5319),#5330,.T.);
#5319 = FACE_BOUND('',#5320,.T.);
#5320 = EDGE_LOOP('',(#5321,#5322,#5323,#5324));
#5321 = ORIENTED_EDGE('',*,*,#4294,.T.);
#5322 = ORIENTED_EDGE('',*,*,#5305,.T.);
#5323 = ORIENTED_EDGE('',*,*,#4396,.F.);
#5324 = ORIENTED_EDGE('',*,*,#5325,.F.);
#5325 = EDGE_CURVE('',#4287,#4389,#5326,.T.);
#5326 = LINE('',#5327,#5328);
#5327 = CARTESIAN_POINT('',(1.02432885403,1.2,0.206587955583));
#5328 = VECTOR('',#5329,1.);
#5329 = DIRECTION('',(1.110223024625E-16,-1.,0.));
#5330 = CYLINDRICAL_SURFACE('',#5331,0.25);
#5331 = AXIS2_PLACEMENT_3D('',#5332,#5333,#5334);
#5332 = CARTESIAN_POINT('',(1.270530792283,1.2,0.25));
#5333 = DIRECTION('',(-1.110223024625E-16,1.,0.));
#5334 = DIRECTION('',(-0.984807753012,-1.093356242223E-16,
    -0.173648177667));
#5335 = ADVANCED_FACE('',(#5336),#5342,.F.);
#5336 = FACE_BOUND('',#5337,.F.);
#5337 = EDGE_LOOP('',(#5338,#5339,#5340,#5341));
#5338 = ORIENTED_EDGE('',*,*,#4370,.T.);
#5339 = ORIENTED_EDGE('',*,*,#4388,.T.);
#5340 = ORIENTED_EDGE('',*,*,#5325,.F.);
#5341 = ORIENTED_EDGE('',*,*,#4286,.F.);
#5342 = PLANE('',#5343);
#5343 = AXIS2_PLACEMENT_3D('',#5344,#5345,#5346);
#5344 = CARTESIAN_POINT('',(0.948480775301,1.2,0.667364817767));
#5345 = DIRECTION('',(0.986721169868,1.095480561672E-16,0.162423314012)
  );
#5346 = DIRECTION('',(0.162423314012,1.803261029519E-17,-0.986721169868)
  );
#5347 = ADVANCED_FACE('',(#5348),#5359,.T.);
#5348 = FACE_BOUND('',#5349,.T.);
#5349 = EDGE_LOOP('',(#5350,#5351,#5352,#5353));
#5350 = ORIENTED_EDGE('',*,*,#4548,.T.);
#5351 = ORIENTED_EDGE('',*,*,#4798,.T.);
#5352 = ORIENTED_EDGE('',*,*,#4657,.F.);
#5353 = ORIENTED_EDGE('',*,*,#5354,.F.);
#5354 = EDGE_CURVE('',#4541,#4650,#5355,.T.);
#5355 = LINE('',#5356,#5357);
#5356 = CARTESIAN_POINT('',(1.096201938253,-0.7,0.693412044417));
#5357 = VECTOR('',#5358,1.);
#5358 = DIRECTION('',(1.110223024625E-16,-1.,0.));
#5359 = CYLINDRICAL_SURFACE('',#5360,0.25);
#5360 = AXIS2_PLACEMENT_3D('',#5361,#5362,#5363);
#5361 = CARTESIAN_POINT('',(0.85,-0.7,0.65));
#5362 = DIRECTION('',(-1.110223024625E-16,1.,0.));
#5363 = DIRECTION('',(0.984807753012,1.093356242223E-16,0.173648177667)
  );
#5364 = ADVANCED_FACE('',(#5365),#5376,.F.);
#5365 = FACE_BOUND('',#5366,.F.);
#5366 = EDGE_LOOP('',(#5367,#5373,#5374,#5375));
#5367 = ORIENTED_EDGE('',*,*,#5368,.T.);
#5368 = EDGE_CURVE('',#4532,#4641,#5369,.T.);
#5369 = LINE('',#5370,#5371);
#5370 = CARTESIAN_POINT('',(1.172050016982,-0.7,0.232635182233));
#5371 = VECTOR('',#5372,1.);
#5372 = DIRECTION('',(1.110223024625E-16,-1.,0.));
#5373 = ORIENTED_EDGE('',*,*,#4649,.T.);
#5374 = ORIENTED_EDGE('',*,*,#5354,.F.);
#5375 = ORIENTED_EDGE('',*,*,#4540,.F.);
#5376 = PLANE('',#5377);
#5377 = AXIS2_PLACEMENT_3D('',#5378,#5379,#5380);
#5378 = CARTESIAN_POINT('',(1.172050016982,-0.7,0.232635182233));
#5379 = DIRECTION('',(-0.986721169868,-1.095480561672E-16,
    -0.162423314012));
#5380 = DIRECTION('',(-0.162423314012,-1.803261029519E-17,0.986721169868
    ));
#5381 = ADVANCED_FACE('',(#5382),#5393,.F.);
#5382 = FACE_BOUND('',#5383,.F.);
#5383 = EDGE_LOOP('',(#5384,#5390,#5391,#5392));
#5384 = ORIENTED_EDGE('',*,*,#5385,.T.);
#5385 = EDGE_CURVE('',#4524,#4633,#5386,.T.);
#5386 = LINE('',#5387,#5388);
#5387 = CARTESIAN_POINT('',(1.270530792283,-0.7,0.15));
#5388 = VECTOR('',#5389,1.);
#5389 = DIRECTION('',(1.110223024625E-16,-1.,0.));
#5390 = ORIENTED_EDGE('',*,*,#4640,.T.);
#5391 = ORIENTED_EDGE('',*,*,#5368,.F.);
#5392 = ORIENTED_EDGE('',*,*,#4531,.F.);
#5393 = CYLINDRICAL_SURFACE('',#5394,0.1);
#5394 = AXIS2_PLACEMENT_3D('',#5395,#5396,#5397);
#5395 = CARTESIAN_POINT('',(1.270530792283,-0.7,0.25));
#5396 = DIRECTION('',(-1.110223024625E-16,1.,0.));
#5397 = DIRECTION('',(2.22044604925E-15,2.465190328815E-31,-1.));
#5398 = ADVANCED_FACE('',(#5399),#5410,.F.);
#5399 = FACE_BOUND('',#5400,.F.);
#5400 = EDGE_LOOP('',(#5401,#5407,#5408,#5409));
#5401 = ORIENTED_EDGE('',*,*,#5402,.T.);
#5402 = EDGE_CURVE('',#4516,#4625,#5403,.T.);
#5403 = LINE('',#5404,#5405);
#5404 = CARTESIAN_POINT('',(1.4,-0.7,0.15));
#5405 = VECTOR('',#5406,1.);
#5406 = DIRECTION('',(1.110223024625E-16,-1.,0.));
#5407 = ORIENTED_EDGE('',*,*,#4632,.T.);
#5408 = ORIENTED_EDGE('',*,*,#5385,.F.);
#5409 = ORIENTED_EDGE('',*,*,#4523,.F.);
#5410 = PLANE('',#5411);
#5411 = AXIS2_PLACEMENT_3D('',#5412,#5413,#5414);
#5412 = CARTESIAN_POINT('',(1.4,-0.7,0.15));
#5413 = DIRECTION('',(0.,0.,-1.));
#5414 = DIRECTION('',(-1.,-1.110223024625E-16,-0.));
#5415 = ADVANCED_FACE('',(#5416),#5427,.F.);
#5416 = FACE_BOUND('',#5417,.F.);
#5417 = EDGE_LOOP('',(#5418,#5424,#5425,#5426));
#5418 = ORIENTED_EDGE('',*,*,#5419,.T.);
#5419 = EDGE_CURVE('',#4508,#4617,#5420,.T.);
#5420 = LINE('',#5421,#5422);
#5421 = CARTESIAN_POINT('',(1.4,-0.7,0.));
#5422 = VECTOR('',#5423,1.);
#5423 = DIRECTION('',(1.110223024625E-16,-1.,0.));
#5424 = ORIENTED_EDGE('',*,*,#4624,.T.);
#5425 = ORIENTED_EDGE('',*,*,#5402,.F.);
#5426 = ORIENTED_EDGE('',*,*,#4515,.F.);
#5427 = PLANE('',#5428);
#5428 = AXIS2_PLACEMENT_3D('',#5429,#5430,#5431);
#5429 = CARTESIAN_POINT('',(1.4,-0.7,0.));
#5430 = DIRECTION('',(-1.,-1.110223024625E-16,0.));
#5431 = DIRECTION('',(0.,0.,1.));
#5432 = ADVANCED_FACE('',(#5433),#5444,.F.);
#5433 = FACE_BOUND('',#5434,.F.);
#5434 = EDGE_LOOP('',(#5435,#5441,#5442,#5443));
#5435 = ORIENTED_EDGE('',*,*,#5436,.T.);
#5436 = EDGE_CURVE('',#4499,#4608,#5437,.T.);
#5437 = LINE('',#5438,#5439);
#5438 = CARTESIAN_POINT('',(1.270530792283,-0.7,0.));
#5439 = VECTOR('',#5440,1.);
#5440 = DIRECTION('',(1.110223024625E-16,-1.,0.));
#5441 = ORIENTED_EDGE('',*,*,#4616,.T.);
#5442 = ORIENTED_EDGE('',*,*,#5419,.F.);
#5443 = ORIENTED_EDGE('',*,*,#4507,.F.);
#5444 = PLANE('',#5445);
#5445 = AXIS2_PLACEMENT_3D('',#5446,#5447,#5448);
#5446 = CARTESIAN_POINT('',(1.270530792283,-0.7,0.));
#5447 = DIRECTION('',(0.,0.,1.));
#5448 = DIRECTION('',(1.,1.110223024625E-16,-0.));
#5449 = ADVANCED_FACE('',(#5450),#5461,.T.);
#5450 = FACE_BOUND('',#5451,.T.);
#5451 = EDGE_LOOP('',(#5452,#5453,#5454,#5455));
#5452 = ORIENTED_EDGE('',*,*,#4498,.T.);
#5453 = ORIENTED_EDGE('',*,*,#5436,.T.);
#5454 = ORIENTED_EDGE('',*,*,#4607,.F.);
#5455 = ORIENTED_EDGE('',*,*,#5456,.F.);
#5456 = EDGE_CURVE('',#4491,#4600,#5457,.T.);
#5457 = LINE('',#5458,#5459);
#5458 = CARTESIAN_POINT('',(1.02432885403,-0.7,0.206587955583));
#5459 = VECTOR('',#5460,1.);
#5460 = DIRECTION('',(1.110223024625E-16,-1.,0.));
#5461 = CYLINDRICAL_SURFACE('',#5462,0.25);
#5462 = AXIS2_PLACEMENT_3D('',#5463,#5464,#5465);
#5463 = CARTESIAN_POINT('',(1.270530792283,-0.7,0.25));
#5464 = DIRECTION('',(-1.110223024625E-16,1.,0.));
#5465 = DIRECTION('',(-0.984807753012,-1.093356242223E-16,
    -0.173648177667));
#5466 = ADVANCED_FACE('',(#5467),#5473,.F.);
#5467 = FACE_BOUND('',#5468,.F.);
#5468 = EDGE_LOOP('',(#5469,#5470,#5471,#5472));
#5469 = ORIENTED_EDGE('',*,*,#4581,.T.);
#5470 = ORIENTED_EDGE('',*,*,#4599,.T.);
#5471 = ORIENTED_EDGE('',*,*,#5456,.F.);
#5472 = ORIENTED_EDGE('',*,*,#4490,.F.);
#5473 = PLANE('',#5474);
#5474 = AXIS2_PLACEMENT_3D('',#5475,#5476,#5477);
#5475 = CARTESIAN_POINT('',(0.948480775301,-0.7,0.667364817767));
#5476 = DIRECTION('',(0.986721169868,1.095480561672E-16,0.162423314012)
  );
#5477 = DIRECTION('',(0.162423314012,1.803261029519E-17,-0.986721169868)
  );
#5478 = ADVANCED_FACE('',(#5479),#5482,.F.);
#5479 = FACE_BOUND('',#5480,.T.);
#5480 = EDGE_LOOP('',(#5481));
#5481 = ORIENTED_EDGE('',*,*,#4764,.F.);
#5482 = PLANE('',#5483);
#5483 = AXIS2_PLACEMENT_3D('',#5484,#5485,#5486);
#5484 = CARTESIAN_POINT('',(-0.483648457443,1.133648457443,1.55));
#5485 = DIRECTION('',(0.,0.,-1.));
#5486 = DIRECTION('',(1.110223024625E-16,-1.,0.));
#5487 = ( GEOMETRIC_REPRESENTATION_CONTEXT(3) 
GLOBAL_UNCERTAINTY_ASSIGNED_CONTEXT((#5491)) 
GLOBAL_UNIT_ASSIGNED_CONTEXT((#5488,#5489,#5490)) REPRESENTATION_CONTEXT
('Context #1','3D Context with UNIT and UNCERTAINTY') );
#5488 = ( LENGTH_UNIT() NAMED_UNIT(*) SI_UNIT(.MILLI.,.METRE.) );
#5489 = ( NAMED_UNIT(*) PLANE_ANGLE_UNIT() SI_UNIT($,.RADIAN.) );
#5490 = ( NAMED_UNIT(*) SI_UNIT($,.STERADIAN.) SOLID_ANGLE_UNIT() );
#5491 = UNCERTAINTY_MEASURE_WITH_UNIT(LENGTH_MEASURE(1.E-07),#5488,
  'distance_accuracy_value','confusion accuracy');
#5492 = CONTEXT_DEPENDENT_SHAPE_REPRESENTATION(#5493,#5495);
#5493 = ( REPRESENTATION_RELATIONSHIP('','',#2417,#2394) 
REPRESENTATION_RELATIONSHIP_WITH_TRANSFORMATION(#5494) 
SHAPE_REPRESENTATION_RELATIONSHIP() );
#5494 = ITEM_DEFINED_TRANSFORMATION('','',#11,#2395);
#5495 = PRODUCT_DEFINITION_SHAPE('Placement','Placement of an item',
  #5496);
#5496 = NEXT_ASSEMBLY_USAGE_OCCURRENCE('15','=>[0:1:1:11]','',#2389,
  #2412,$);
#5497 = PRODUCT_RELATED_PRODUCT_CATEGORY('part',$,(#2414));
#5498 = SHAPE_DEFINITION_REPRESENTATION(#5499,#5505);
#5499 = PRODUCT_DEFINITION_SHAPE('','',#5500);
#5500 = PRODUCT_DEFINITION('design','',#5501,#5504);
#5501 = PRODUCT_DEFINITION_FORMATION('','',#5502);
#5502 = PRODUCT('C_0201_0603Metric','C_0201_0603Metric','',(#5503));
#5503 = PRODUCT_CONTEXT('',#2,'mechanical');
#5504 = PRODUCT_DEFINITION_CONTEXT('part definition',#2,'design');
#5505 = SHAPE_REPRESENTATION('',(#11,#5506),#5510);
#5506 = AXIS2_PLACEMENT_3D('',#5507,#5508,#5509);
#5507 = CARTESIAN_POINT('',(0.,0.,0.));
#5508 = DIRECTION('',(0.,0.,1.));
#5509 = DIRECTION('',(1.,0.,-0.));
#5510 = ( GEOMETRIC_REPRESENTATION_CONTEXT(3) 
GLOBAL_UNCERTAINTY_ASSIGNED_CONTEXT((#5514)) 
GLOBAL_UNIT_ASSIGNED_CONTEXT((#5511,#5512,#5513)) REPRESENTATION_CONTEXT
('Context #1','3D Context with UNIT and UNCERTAINTY') );
#5511 = ( LENGTH_UNIT() NAMED_UNIT(*) SI_UNIT(.MILLI.,.METRE.) );
#5512 = ( NAMED_UNIT(*) PLANE_ANGLE_UNIT() SI_UNIT($,.RADIAN.) );
#5513 = ( NAMED_UNIT(*) SI_UNIT($,.STERADIAN.) SOLID_ANGLE_UNIT() );
#5514 = UNCERTAINTY_MEASURE_WITH_UNIT(LENGTH_MEASURE(1.E-07),#5511,
  'distance_accuracy_value','confusion accuracy');
#5515 = CONTEXT_DEPENDENT_SHAPE_REPRESENTATION(#5516,#5518);
#5516 = ( REPRESENTATION_RELATIONSHIP('','',#5505,#10) 
REPRESENTATION_RELATIONSHIP_WITH_TRANSFORMATION(#5517) 
SHAPE_REPRESENTATION_RELATIONSHIP() );
#5517 = ITEM_DEFINED_TRANSFORMATION('','',#11,#59);
#5518 = PRODUCT_DEFINITION_SHAPE('Placement','Placement of an item',
  #5519);
#5519 = NEXT_ASSEMBLY_USAGE_OCCURRENCE('18','C14','',#5,#5500,$);
#5520 = PRODUCT_RELATED_PRODUCT_CATEGORY('part',$,(#5502));
#5521 = SHAPE_DEFINITION_REPRESENTATION(#5522,#5528);
#5522 = PRODUCT_DEFINITION_SHAPE('','',#5523);
#5523 = PRODUCT_DEFINITION('design','',#5524,#5527);
#5524 = PRODUCT_DEFINITION_FORMATION('','',#5525);
#5525 = PRODUCT('C_0201_0603Metric','C_0201_0603Metric','',(#5526));
#5526 = PRODUCT_CONTEXT('',#2,'mechanical');
#5527 = PRODUCT_DEFINITION_CONTEXT('part definition',#2,'design');
#5528 = ADVANCED_BREP_SHAPE_REPRESENTATION('',(#11,#5529),#6383);
#5529 = MANIFOLD_SOLID_BREP('',#5530);
#5530 = CLOSED_SHELL('',(#5531,#5607,#5638,#5663,#5688,#5712,#5736,#5761
    ,#5786,#5803,#5889,#5921,#5945,#5970,#5994,#6019,#6043,#6068,#6085,
    #6171,#6202,#6227,#6252,#6276,#6300,#6325,#6350,#6367));
#5531 = ADVANCED_FACE('',(#5532),#5602,.F.);
#5532 = FACE_BOUND('',#5533,.F.);
#5533 = EDGE_LOOP('',(#5534,#5544,#5553,#5561,#5570,#5578,#5587,#5595));
#5534 = ORIENTED_EDGE('',*,*,#5535,.F.);
#5535 = EDGE_CURVE('',#5536,#5538,#5540,.T.);
#5536 = VERTEX_POINT('',#5537);
#5537 = CARTESIAN_POINT('',(-0.3,-0.15,1.5E-02));
#5538 = VERTEX_POINT('',#5539);
#5539 = CARTESIAN_POINT('',(-0.3,-0.15,0.285));
#5540 = LINE('',#5541,#5542);
#5541 = CARTESIAN_POINT('',(-0.3,-0.15,0.));
#5542 = VECTOR('',#5543,1.);
#5543 = DIRECTION('',(0.,0.,1.));
#5544 = ORIENTED_EDGE('',*,*,#5545,.T.);
#5545 = EDGE_CURVE('',#5536,#5546,#5548,.T.);
#5546 = VERTEX_POINT('',#5547);
#5547 = CARTESIAN_POINT('',(-0.3,-0.135,-2.775557561563E-17));
#5548 = CIRCLE('',#5549,1.5E-02);
#5549 = AXIS2_PLACEMENT_3D('',#5550,#5551,#5552);
#5550 = CARTESIAN_POINT('',(-0.3,-0.135,1.5E-02));
#5551 = DIRECTION('',(1.,0.,-0.));
#5552 = DIRECTION('',(0.,0.,1.));
#5553 = ORIENTED_EDGE('',*,*,#5554,.T.);
#5554 = EDGE_CURVE('',#5546,#5555,#5557,.T.);
#5555 = VERTEX_POINT('',#5556);
#5556 = CARTESIAN_POINT('',(-0.3,0.135,-2.775557561563E-17));
#5557 = LINE('',#5558,#5559);
#5558 = CARTESIAN_POINT('',(-0.3,-0.15,0.));
#5559 = VECTOR('',#5560,1.);
#5560 = DIRECTION('',(0.,1.,0.));
#5561 = ORIENTED_EDGE('',*,*,#5562,.F.);
#5562 = EDGE_CURVE('',#5563,#5555,#5565,.T.);
#5563 = VERTEX_POINT('',#5564);
#5564 = CARTESIAN_POINT('',(-0.3,0.15,1.5E-02));
#5565 = CIRCLE('',#5566,1.5E-02);
#5566 = AXIS2_PLACEMENT_3D('',#5567,#5568,#5569);
#5567 = CARTESIAN_POINT('',(-0.3,0.135,1.5E-02));
#5568 = DIRECTION('',(-1.,0.,0.));
#5569 = DIRECTION('',(0.,0.,1.));
#5570 = ORIENTED_EDGE('',*,*,#5571,.T.);
#5571 = EDGE_CURVE('',#5563,#5572,#5574,.T.);
#5572 = VERTEX_POINT('',#5573);
#5573 = CARTESIAN_POINT('',(-0.3,0.15,0.285));
#5574 = LINE('',#5575,#5576);
#5575 = CARTESIAN_POINT('',(-0.3,0.15,0.));
#5576 = VECTOR('',#5577,1.);
#5577 = DIRECTION('',(0.,0.,1.));
#5578 = ORIENTED_EDGE('',*,*,#5579,.T.);
#5579 = EDGE_CURVE('',#5572,#5580,#5582,.T.);
#5580 = VERTEX_POINT('',#5581);
#5581 = CARTESIAN_POINT('',(-0.3,0.135,0.3));
#5582 = CIRCLE('',#5583,1.5E-02);
#5583 = AXIS2_PLACEMENT_3D('',#5584,#5585,#5586);
#5584 = CARTESIAN_POINT('',(-0.3,0.135,0.285));
#5585 = DIRECTION('',(1.,0.,-0.));
#5586 = DIRECTION('',(0.,0.,1.));
#5587 = ORIENTED_EDGE('',*,*,#5588,.F.);
#5588 = EDGE_CURVE('',#5589,#5580,#5591,.T.);
#5589 = VERTEX_POINT('',#5590);
#5590 = CARTESIAN_POINT('',(-0.3,-0.135,0.3));
#5591 = LINE('',#5592,#5593);
#5592 = CARTESIAN_POINT('',(-0.3,-0.15,0.3));
#5593 = VECTOR('',#5594,1.);
#5594 = DIRECTION('',(0.,1.,0.));
#5595 = ORIENTED_EDGE('',*,*,#5596,.F.);
#5596 = EDGE_CURVE('',#5538,#5589,#5597,.T.);
#5597 = CIRCLE('',#5598,1.5E-02);
#5598 = AXIS2_PLACEMENT_3D('',#5599,#5600,#5601);
#5599 = CARTESIAN_POINT('',(-0.3,-0.135,0.285));
#5600 = DIRECTION('',(-1.,0.,0.));
#5601 = DIRECTION('',(0.,0.,1.));
#5602 = PLANE('',#5603);
#5603 = AXIS2_PLACEMENT_3D('',#5604,#5605,#5606);
#5604 = CARTESIAN_POINT('',(-0.3,-0.15,0.));
#5605 = DIRECTION('',(1.,0.,0.));
#5606 = DIRECTION('',(0.,0.,1.));
#5607 = ADVANCED_FACE('',(#5608),#5633,.F.);
#5608 = FACE_BOUND('',#5609,.F.);
#5609 = EDGE_LOOP('',(#5610,#5620,#5626,#5627));
#5610 = ORIENTED_EDGE('',*,*,#5611,.F.);
#5611 = EDGE_CURVE('',#5612,#5614,#5616,.T.);
#5612 = VERTEX_POINT('',#5613);
#5613 = CARTESIAN_POINT('',(-0.15,-0.15,1.5E-02));
#5614 = VERTEX_POINT('',#5615);
#5615 = CARTESIAN_POINT('',(-0.15,-0.15,0.285));
#5616 = LINE('',#5617,#5618);
#5617 = CARTESIAN_POINT('',(-0.15,-0.15,0.));
#5618 = VECTOR('',#5619,1.);
#5619 = DIRECTION('',(0.,0.,1.));
#5620 = ORIENTED_EDGE('',*,*,#5621,.F.);
#5621 = EDGE_CURVE('',#5536,#5612,#5622,.T.);
#5622 = LINE('',#5623,#5624);
#5623 = CARTESIAN_POINT('',(-0.3,-0.15,1.5E-02));
#5624 = VECTOR('',#5625,1.);
#5625 = DIRECTION('',(1.,0.,0.));
#5626 = ORIENTED_EDGE('',*,*,#5535,.T.);
#5627 = ORIENTED_EDGE('',*,*,#5628,.T.);
#5628 = EDGE_CURVE('',#5538,#5614,#5629,.T.);
#5629 = LINE('',#5630,#5631);
#5630 = CARTESIAN_POINT('',(-0.3,-0.15,0.285));
#5631 = VECTOR('',#5632,1.);
#5632 = DIRECTION('',(1.,0.,0.));
#5633 = PLANE('',#5634);
#5634 = AXIS2_PLACEMENT_3D('',#5635,#5636,#5637);
#5635 = CARTESIAN_POINT('',(-0.3,-0.15,0.));
#5636 = DIRECTION('',(0.,1.,0.));
#5637 = DIRECTION('',(0.,-0.,1.));
#5638 = ADVANCED_FACE('',(#5639),#5658,.T.);
#5639 = FACE_BOUND('',#5640,.T.);
#5640 = EDGE_LOOP('',(#5641,#5642,#5650,#5657));
#5641 = ORIENTED_EDGE('',*,*,#5545,.T.);
#5642 = ORIENTED_EDGE('',*,*,#5643,.T.);
#5643 = EDGE_CURVE('',#5546,#5644,#5646,.T.);
#5644 = VERTEX_POINT('',#5645);
#5645 = CARTESIAN_POINT('',(-0.15,-0.135,-2.775557561563E-17));
#5646 = LINE('',#5647,#5648);
#5647 = CARTESIAN_POINT('',(-0.3,-0.135,-2.775557561563E-17));
#5648 = VECTOR('',#5649,1.);
#5649 = DIRECTION('',(1.,0.,0.));
#5650 = ORIENTED_EDGE('',*,*,#5651,.F.);
#5651 = EDGE_CURVE('',#5612,#5644,#5652,.T.);
#5652 = CIRCLE('',#5653,1.5E-02);
#5653 = AXIS2_PLACEMENT_3D('',#5654,#5655,#5656);
#5654 = CARTESIAN_POINT('',(-0.15,-0.135,1.5E-02));
#5655 = DIRECTION('',(1.,0.,-0.));
#5656 = DIRECTION('',(0.,0.,1.));
#5657 = ORIENTED_EDGE('',*,*,#5621,.F.);
#5658 = CYLINDRICAL_SURFACE('',#5659,1.5E-02);
#5659 = AXIS2_PLACEMENT_3D('',#5660,#5661,#5662);
#5660 = CARTESIAN_POINT('',(-0.3,-0.135,1.5E-02));
#5661 = DIRECTION('',(1.,0.,0.));
#5662 = DIRECTION('',(0.,-1.,0.));
#5663 = ADVANCED_FACE('',(#5664),#5683,.T.);
#5664 = FACE_BOUND('',#5665,.T.);
#5665 = EDGE_LOOP('',(#5666,#5667,#5676,#5682));
#5666 = ORIENTED_EDGE('',*,*,#5628,.T.);
#5667 = ORIENTED_EDGE('',*,*,#5668,.T.);
#5668 = EDGE_CURVE('',#5614,#5669,#5671,.T.);
#5669 = VERTEX_POINT('',#5670);
#5670 = CARTESIAN_POINT('',(-0.15,-0.135,0.3));
#5671 = CIRCLE('',#5672,1.5E-02);
#5672 = AXIS2_PLACEMENT_3D('',#5673,#5674,#5675);
#5673 = CARTESIAN_POINT('',(-0.15,-0.135,0.285));
#5674 = DIRECTION('',(-1.,0.,0.));
#5675 = DIRECTION('',(0.,0.,1.));
#5676 = ORIENTED_EDGE('',*,*,#5677,.F.);
#5677 = EDGE_CURVE('',#5589,#5669,#5678,.T.);
#5678 = LINE('',#5679,#5680);
#5679 = CARTESIAN_POINT('',(-0.3,-0.135,0.3));
#5680 = VECTOR('',#5681,1.);
#5681 = DIRECTION('',(1.,0.,0.));
#5682 = ORIENTED_EDGE('',*,*,#5596,.F.);
#5683 = CYLINDRICAL_SURFACE('',#5684,1.5E-02);
#5684 = AXIS2_PLACEMENT_3D('',#5685,#5686,#5687);
#5685 = CARTESIAN_POINT('',(-0.3,-0.135,0.285));
#5686 = DIRECTION('',(1.,0.,0.));
#5687 = DIRECTION('',(0.,-1.,0.));
#5688 = ADVANCED_FACE('',(#5689),#5707,.F.);
#5689 = FACE_BOUND('',#5690,.F.);
#5690 = EDGE_LOOP('',(#5691,#5692,#5693,#5701));
#5691 = ORIENTED_EDGE('',*,*,#5554,.F.);
#5692 = ORIENTED_EDGE('',*,*,#5643,.T.);
#5693 = ORIENTED_EDGE('',*,*,#5694,.T.);
#5694 = EDGE_CURVE('',#5644,#5695,#5697,.T.);
#5695 = VERTEX_POINT('',#5696);
#5696 = CARTESIAN_POINT('',(-0.15,0.135,-2.775557561563E-17));
#5697 = LINE('',#5698,#5699);
#5698 = CARTESIAN_POINT('',(-0.15,-0.15,0.));
#5699 = VECTOR('',#5700,1.);
#5700 = DIRECTION('',(0.,1.,0.));
#5701 = ORIENTED_EDGE('',*,*,#5702,.F.);
#5702 = EDGE_CURVE('',#5555,#5695,#5703,.T.);
#5703 = LINE('',#5704,#5705);
#5704 = CARTESIAN_POINT('',(-0.3,0.135,-2.775557561563E-17));
#5705 = VECTOR('',#5706,1.);
#5706 = DIRECTION('',(1.,0.,0.));
#5707 = PLANE('',#5708);
#5708 = AXIS2_PLACEMENT_3D('',#5709,#5710,#5711);
#5709 = CARTESIAN_POINT('',(-0.3,-0.15,0.));
#5710 = DIRECTION('',(0.,0.,1.));
#5711 = DIRECTION('',(1.,0.,-0.));
#5712 = ADVANCED_FACE('',(#5713),#5731,.T.);
#5713 = FACE_BOUND('',#5714,.T.);
#5714 = EDGE_LOOP('',(#5715,#5716,#5717,#5725));
#5715 = ORIENTED_EDGE('',*,*,#5588,.F.);
#5716 = ORIENTED_EDGE('',*,*,#5677,.T.);
#5717 = ORIENTED_EDGE('',*,*,#5718,.T.);
#5718 = EDGE_CURVE('',#5669,#5719,#5721,.T.);
#5719 = VERTEX_POINT('',#5720);
#5720 = CARTESIAN_POINT('',(-0.15,0.135,0.3));
#5721 = LINE('',#5722,#5723);
#5722 = CARTESIAN_POINT('',(-0.15,-0.15,0.3));
#5723 = VECTOR('',#5724,1.);
#5724 = DIRECTION('',(0.,1.,0.));
#5725 = ORIENTED_EDGE('',*,*,#5726,.F.);
#5726 = EDGE_CURVE('',#5580,#5719,#5727,.T.);
#5727 = LINE('',#5728,#5729);
#5728 = CARTESIAN_POINT('',(-0.3,0.135,0.3));
#5729 = VECTOR('',#5730,1.);
#5730 = DIRECTION('',(1.,0.,0.));
#5731 = PLANE('',#5732);
#5732 = AXIS2_PLACEMENT_3D('',#5733,#5734,#5735);
#5733 = CARTESIAN_POINT('',(-0.3,-0.15,0.3));
#5734 = DIRECTION('',(0.,0.,1.));
#5735 = DIRECTION('',(1.,0.,-0.));
#5736 = ADVANCED_FACE('',(#5737),#5756,.T.);
#5737 = FACE_BOUND('',#5738,.T.);
#5738 = EDGE_LOOP('',(#5739,#5747,#5754,#5755));
#5739 = ORIENTED_EDGE('',*,*,#5740,.T.);
#5740 = EDGE_CURVE('',#5563,#5741,#5743,.T.);
#5741 = VERTEX_POINT('',#5742);
#5742 = CARTESIAN_POINT('',(-0.15,0.15,1.5E-02));
#5743 = LINE('',#5744,#5745);
#5744 = CARTESIAN_POINT('',(-0.3,0.15,1.5E-02));
#5745 = VECTOR('',#5746,1.);
#5746 = DIRECTION('',(1.,0.,0.));
#5747 = ORIENTED_EDGE('',*,*,#5748,.T.);
#5748 = EDGE_CURVE('',#5741,#5695,#5749,.T.);
#5749 = CIRCLE('',#5750,1.5E-02);
#5750 = AXIS2_PLACEMENT_3D('',#5751,#5752,#5753);
#5751 = CARTESIAN_POINT('',(-0.15,0.135,1.5E-02));
#5752 = DIRECTION('',(-1.,0.,0.));
#5753 = DIRECTION('',(0.,0.,1.));
#5754 = ORIENTED_EDGE('',*,*,#5702,.F.);
#5755 = ORIENTED_EDGE('',*,*,#5562,.F.);
#5756 = CYLINDRICAL_SURFACE('',#5757,1.5E-02);
#5757 = AXIS2_PLACEMENT_3D('',#5758,#5759,#5760);
#5758 = CARTESIAN_POINT('',(-0.3,0.135,1.5E-02));
#5759 = DIRECTION('',(1.,0.,0.));
#5760 = DIRECTION('',(-0.,1.,0.));
#5761 = ADVANCED_FACE('',(#5762),#5781,.T.);
#5762 = FACE_BOUND('',#5763,.T.);
#5763 = EDGE_LOOP('',(#5764,#5765,#5766,#5775));
#5764 = ORIENTED_EDGE('',*,*,#5579,.T.);
#5765 = ORIENTED_EDGE('',*,*,#5726,.T.);
#5766 = ORIENTED_EDGE('',*,*,#5767,.F.);
#5767 = EDGE_CURVE('',#5768,#5719,#5770,.T.);
#5768 = VERTEX_POINT('',#5769);
#5769 = CARTESIAN_POINT('',(-0.15,0.15,0.285));
#5770 = CIRCLE('',#5771,1.5E-02);
#5771 = AXIS2_PLACEMENT_3D('',#5772,#5773,#5774);
#5772 = CARTESIAN_POINT('',(-0.15,0.135,0.285));
#5773 = DIRECTION('',(1.,0.,-0.));
#5774 = DIRECTION('',(0.,0.,1.));
#5775 = ORIENTED_EDGE('',*,*,#5776,.F.);
#5776 = EDGE_CURVE('',#5572,#5768,#5777,.T.);
#5777 = LINE('',#5778,#5779);
#5778 = CARTESIAN_POINT('',(-0.3,0.15,0.285));
#5779 = VECTOR('',#5780,1.);
#5780 = DIRECTION('',(1.,0.,0.));
#5781 = CYLINDRICAL_SURFACE('',#5782,1.5E-02);
#5782 = AXIS2_PLACEMENT_3D('',#5783,#5784,#5785);
#5783 = CARTESIAN_POINT('',(-0.3,0.135,0.285));
#5784 = DIRECTION('',(1.,0.,0.));
#5785 = DIRECTION('',(-0.,1.,0.));
#5786 = ADVANCED_FACE('',(#5787),#5798,.T.);
#5787 = FACE_BOUND('',#5788,.T.);
#5788 = EDGE_LOOP('',(#5789,#5795,#5796,#5797));
#5789 = ORIENTED_EDGE('',*,*,#5790,.F.);
#5790 = EDGE_CURVE('',#5741,#5768,#5791,.T.);
#5791 = LINE('',#5792,#5793);
#5792 = CARTESIAN_POINT('',(-0.15,0.15,0.));
#5793 = VECTOR('',#5794,1.);
#5794 = DIRECTION('',(0.,0.,1.));
#5795 = ORIENTED_EDGE('',*,*,#5740,.F.);
#5796 = ORIENTED_EDGE('',*,*,#5571,.T.);
#5797 = ORIENTED_EDGE('',*,*,#5776,.T.);
#5798 = PLANE('',#5799);
#5799 = AXIS2_PLACEMENT_3D('',#5800,#5801,#5802);
#5800 = CARTESIAN_POINT('',(-0.3,0.15,0.));
#5801 = DIRECTION('',(0.,1.,0.));
#5802 = DIRECTION('',(0.,-0.,1.));
#5803 = ADVANCED_FACE('',(#5804,#5814),#5884,.T.);
#5804 = FACE_BOUND('',#5805,.T.);
#5805 = EDGE_LOOP('',(#5806,#5807,#5808,#5809,#5810,#5811,#5812,#5813));
#5806 = ORIENTED_EDGE('',*,*,#5611,.F.);
#5807 = ORIENTED_EDGE('',*,*,#5651,.T.);
#5808 = ORIENTED_EDGE('',*,*,#5694,.T.);
#5809 = ORIENTED_EDGE('',*,*,#5748,.F.);
#5810 = ORIENTED_EDGE('',*,*,#5790,.T.);
#5811 = ORIENTED_EDGE('',*,*,#5767,.T.);
#5812 = ORIENTED_EDGE('',*,*,#5718,.F.);
#5813 = ORIENTED_EDGE('',*,*,#5668,.F.);
#5814 = FACE_BOUND('',#5815,.T.);
#5815 = EDGE_LOOP('',(#5816,#5827,#5835,#5844,#5852,#5861,#5869,#5878));
#5816 = ORIENTED_EDGE('',*,*,#5817,.F.);
#5817 = EDGE_CURVE('',#5818,#5820,#5822,.T.);
#5818 = VERTEX_POINT('',#5819);
#5819 = CARTESIAN_POINT('',(-0.15,-0.135,3.E-02));
#5820 = VERTEX_POINT('',#5821);
#5821 = CARTESIAN_POINT('',(-0.15,-0.12,1.5E-02));
#5822 = CIRCLE('',#5823,1.5E-02);
#5823 = AXIS2_PLACEMENT_3D('',#5824,#5825,#5826);
#5824 = CARTESIAN_POINT('',(-0.15,-0.12,3.E-02));
#5825 = DIRECTION('',(1.,0.,-0.));
#5826 = DIRECTION('',(0.,0.,1.));
#5827 = ORIENTED_EDGE('',*,*,#5828,.T.);
#5828 = EDGE_CURVE('',#5818,#5829,#5831,.T.);
#5829 = VERTEX_POINT('',#5830);
#5830 = CARTESIAN_POINT('',(-0.15,-0.135,0.27));
#5831 = LINE('',#5832,#5833);
#5832 = CARTESIAN_POINT('',(-0.15,-0.135,1.5E-02));
#5833 = VECTOR('',#5834,1.);
#5834 = DIRECTION('',(0.,0.,1.));
#5835 = ORIENTED_EDGE('',*,*,#5836,.T.);
#5836 = EDGE_CURVE('',#5829,#5837,#5839,.T.);
#5837 = VERTEX_POINT('',#5838);
#5838 = CARTESIAN_POINT('',(-0.15,-0.12,0.285));
#5839 = CIRCLE('',#5840,1.5E-02);
#5840 = AXIS2_PLACEMENT_3D('',#5841,#5842,#5843);
#5841 = CARTESIAN_POINT('',(-0.15,-0.12,0.27));
#5842 = DIRECTION('',(-1.,0.,0.));
#5843 = DIRECTION('',(0.,0.,1.));
#5844 = ORIENTED_EDGE('',*,*,#5845,.T.);
#5845 = EDGE_CURVE('',#5837,#5846,#5848,.T.);
#5846 = VERTEX_POINT('',#5847);
#5847 = CARTESIAN_POINT('',(-0.15,0.12,0.285));
#5848 = LINE('',#5849,#5850);
#5849 = CARTESIAN_POINT('',(-0.15,-0.135,0.285));
#5850 = VECTOR('',#5851,1.);
#5851 = DIRECTION('',(0.,1.,0.));
#5852 = ORIENTED_EDGE('',*,*,#5853,.F.);
#5853 = EDGE_CURVE('',#5854,#5846,#5856,.T.);
#5854 = VERTEX_POINT('',#5855);
#5855 = CARTESIAN_POINT('',(-0.15,0.135,0.27));
#5856 = CIRCLE('',#5857,1.5E-02);
#5857 = AXIS2_PLACEMENT_3D('',#5858,#5859,#5860);
#5858 = CARTESIAN_POINT('',(-0.15,0.12,0.27));
#5859 = DIRECTION('',(1.,0.,-0.));
#5860 = DIRECTION('',(0.,0.,1.));
#5861 = ORIENTED_EDGE('',*,*,#5862,.F.);
#5862 = EDGE_CURVE('',#5863,#5854,#5865,.T.);
#5863 = VERTEX_POINT('',#5864);
#5864 = CARTESIAN_POINT('',(-0.15,0.135,3.E-02));
#5865 = LINE('',#5866,#5867);
#5866 = CARTESIAN_POINT('',(-0.15,0.135,1.5E-02));
#5867 = VECTOR('',#5868,1.);
#5868 = DIRECTION('',(0.,0.,1.));
#5869 = ORIENTED_EDGE('',*,*,#5870,.T.);
#5870 = EDGE_CURVE('',#5863,#5871,#5873,.T.);
#5871 = VERTEX_POINT('',#5872);
#5872 = CARTESIAN_POINT('',(-0.15,0.12,1.5E-02));
#5873 = CIRCLE('',#5874,1.5E-02);
#5874 = AXIS2_PLACEMENT_3D('',#5875,#5876,#5877);
#5875 = CARTESIAN_POINT('',(-0.15,0.12,3.E-02));
#5876 = DIRECTION('',(-1.,0.,0.));
#5877 = DIRECTION('',(0.,0.,1.));
#5878 = ORIENTED_EDGE('',*,*,#5879,.F.);
#5879 = EDGE_CURVE('',#5820,#5871,#5880,.T.);
#5880 = LINE('',#5881,#5882);
#5881 = CARTESIAN_POINT('',(-0.15,-0.135,1.5E-02));
#5882 = VECTOR('',#5883,1.);
#5883 = DIRECTION('',(0.,1.,0.));
#5884 = PLANE('',#5885);
#5885 = AXIS2_PLACEMENT_3D('',#5886,#5887,#5888);
#5886 = CARTESIAN_POINT('',(-0.15,-0.15,0.));
#5887 = DIRECTION('',(1.,0.,0.));
#5888 = DIRECTION('',(0.,0.,1.));
#5889 = ADVANCED_FACE('',(#5890),#5916,.T.);
#5890 = FACE_BOUND('',#5891,.T.);
#5891 = EDGE_LOOP('',(#5892,#5893,#5901,#5910));
#5892 = ORIENTED_EDGE('',*,*,#5817,.T.);
#5893 = ORIENTED_EDGE('',*,*,#5894,.T.);
#5894 = EDGE_CURVE('',#5820,#5895,#5897,.T.);
#5895 = VERTEX_POINT('',#5896);
#5896 = CARTESIAN_POINT('',(0.15,-0.12,1.5E-02));
#5897 = LINE('',#5898,#5899);
#5898 = CARTESIAN_POINT('',(-0.15,-0.12,1.5E-02));
#5899 = VECTOR('',#5900,1.);
#5900 = DIRECTION('',(1.,0.,0.));
#5901 = ORIENTED_EDGE('',*,*,#5902,.F.);
#5902 = EDGE_CURVE('',#5903,#5895,#5905,.T.);
#5903 = VERTEX_POINT('',#5904);
#5904 = CARTESIAN_POINT('',(0.15,-0.135,3.E-02));
#5905 = CIRCLE('',#5906,1.5E-02);
#5906 = AXIS2_PLACEMENT_3D('',#5907,#5908,#5909);
#5907 = CARTESIAN_POINT('',(0.15,-0.12,3.E-02));
#5908 = DIRECTION('',(1.,0.,-0.));
#5909 = DIRECTION('',(0.,0.,1.));
#5910 = ORIENTED_EDGE('',*,*,#5911,.F.);
#5911 = EDGE_CURVE('',#5818,#5903,#5912,.T.);
#5912 = LINE('',#5913,#5914);
#5913 = CARTESIAN_POINT('',(-0.15,-0.135,3.E-02));
#5914 = VECTOR('',#5915,1.);
#5915 = DIRECTION('',(1.,0.,0.));
#5916 = CYLINDRICAL_SURFACE('',#5917,1.5E-02);
#5917 = AXIS2_PLACEMENT_3D('',#5918,#5919,#5920);
#5918 = CARTESIAN_POINT('',(-0.15,-0.12,3.E-02));
#5919 = DIRECTION('',(1.,0.,0.));
#5920 = DIRECTION('',(0.,-1.,0.));
#5921 = ADVANCED_FACE('',(#5922),#5940,.F.);
#5922 = FACE_BOUND('',#5923,.F.);
#5923 = EDGE_LOOP('',(#5924,#5925,#5926,#5934));
#5924 = ORIENTED_EDGE('',*,*,#5879,.F.);
#5925 = ORIENTED_EDGE('',*,*,#5894,.T.);
#5926 = ORIENTED_EDGE('',*,*,#5927,.T.);
#5927 = EDGE_CURVE('',#5895,#5928,#5930,.T.);
#5928 = VERTEX_POINT('',#5929);
#5929 = CARTESIAN_POINT('',(0.15,0.12,1.5E-02));
#5930 = LINE('',#5931,#5932);
#5931 = CARTESIAN_POINT('',(0.15,-0.135,1.5E-02));
#5932 = VECTOR('',#5933,1.);
#5933 = DIRECTION('',(0.,1.,0.));
#5934 = ORIENTED_EDGE('',*,*,#5935,.F.);
#5935 = EDGE_CURVE('',#5871,#5928,#5936,.T.);
#5936 = LINE('',#5937,#5938);
#5937 = CARTESIAN_POINT('',(-0.15,0.12,1.5E-02));
#5938 = VECTOR('',#5939,1.);
#5939 = DIRECTION('',(1.,0.,0.));
#5940 = PLANE('',#5941);
#5941 = AXIS2_PLACEMENT_3D('',#5942,#5943,#5944);
#5942 = CARTESIAN_POINT('',(-0.15,-0.135,1.5E-02));
#5943 = DIRECTION('',(0.,0.,1.));
#5944 = DIRECTION('',(1.,0.,-0.));
#5945 = ADVANCED_FACE('',(#5946),#5965,.T.);
#5946 = FACE_BOUND('',#5947,.T.);
#5947 = EDGE_LOOP('',(#5948,#5956,#5963,#5964));
#5948 = ORIENTED_EDGE('',*,*,#5949,.T.);
#5949 = EDGE_CURVE('',#5863,#5950,#5952,.T.);
#5950 = VERTEX_POINT('',#5951);
#5951 = CARTESIAN_POINT('',(0.15,0.135,3.E-02));
#5952 = LINE('',#5953,#5954);
#5953 = CARTESIAN_POINT('',(-0.15,0.135,3.E-02));
#5954 = VECTOR('',#5955,1.);
#5955 = DIRECTION('',(1.,0.,0.));
#5956 = ORIENTED_EDGE('',*,*,#5957,.T.);
#5957 = EDGE_CURVE('',#5950,#5928,#5958,.T.);
#5958 = CIRCLE('',#5959,1.5E-02);
#5959 = AXIS2_PLACEMENT_3D('',#5960,#5961,#5962);
#5960 = CARTESIAN_POINT('',(0.15,0.12,3.E-02));
#5961 = DIRECTION('',(-1.,0.,0.));
#5962 = DIRECTION('',(0.,0.,1.));
#5963 = ORIENTED_EDGE('',*,*,#5935,.F.);
#5964 = ORIENTED_EDGE('',*,*,#5870,.F.);
#5965 = CYLINDRICAL_SURFACE('',#5966,1.5E-02);
#5966 = AXIS2_PLACEMENT_3D('',#5967,#5968,#5969);
#5967 = CARTESIAN_POINT('',(-0.15,0.12,3.E-02));
#5968 = DIRECTION('',(1.,0.,0.));
#5969 = DIRECTION('',(-0.,1.,0.));
#5970 = ADVANCED_FACE('',(#5971),#5989,.T.);
#5971 = FACE_BOUND('',#5972,.T.);
#5972 = EDGE_LOOP('',(#5973,#5981,#5982,#5983));
#5973 = ORIENTED_EDGE('',*,*,#5974,.F.);
#5974 = EDGE_CURVE('',#5950,#5975,#5977,.T.);
#5975 = VERTEX_POINT('',#5976);
#5976 = CARTESIAN_POINT('',(0.15,0.135,0.27));
#5977 = LINE('',#5978,#5979);
#5978 = CARTESIAN_POINT('',(0.15,0.135,1.5E-02));
#5979 = VECTOR('',#5980,1.);
#5980 = DIRECTION('',(0.,0.,1.));
#5981 = ORIENTED_EDGE('',*,*,#5949,.F.);
#5982 = ORIENTED_EDGE('',*,*,#5862,.T.);
#5983 = ORIENTED_EDGE('',*,*,#5984,.T.);
#5984 = EDGE_CURVE('',#5854,#5975,#5985,.T.);
#5985 = LINE('',#5986,#5987);
#5986 = CARTESIAN_POINT('',(-0.15,0.135,0.27));
#5987 = VECTOR('',#5988,1.);
#5988 = DIRECTION('',(1.,0.,0.));
#5989 = PLANE('',#5990);
#5990 = AXIS2_PLACEMENT_3D('',#5991,#5992,#5993);
#5991 = CARTESIAN_POINT('',(-0.15,0.135,1.5E-02));
#5992 = DIRECTION('',(0.,1.,0.));
#5993 = DIRECTION('',(0.,-0.,1.));
#5994 = ADVANCED_FACE('',(#5995),#6014,.T.);
#5995 = FACE_BOUND('',#5996,.T.);
#5996 = EDGE_LOOP('',(#5997,#5998,#6006,#6013));
#5997 = ORIENTED_EDGE('',*,*,#5853,.T.);
#5998 = ORIENTED_EDGE('',*,*,#5999,.T.);
#5999 = EDGE_CURVE('',#5846,#6000,#6002,.T.);
#6000 = VERTEX_POINT('',#6001);
#6001 = CARTESIAN_POINT('',(0.15,0.12,0.285));
#6002 = LINE('',#6003,#6004);
#6003 = CARTESIAN_POINT('',(-0.15,0.12,0.285));
#6004 = VECTOR('',#6005,1.);
#6005 = DIRECTION('',(1.,0.,0.));
#6006 = ORIENTED_EDGE('',*,*,#6007,.F.);
#6007 = EDGE_CURVE('',#5975,#6000,#6008,.T.);
#6008 = CIRCLE('',#6009,1.5E-02);
#6009 = AXIS2_PLACEMENT_3D('',#6010,#6011,#6012);
#6010 = CARTESIAN_POINT('',(0.15,0.12,0.27));
#6011 = DIRECTION('',(1.,0.,-0.));
#6012 = DIRECTION('',(0.,0.,1.));
#6013 = ORIENTED_EDGE('',*,*,#5984,.F.);
#6014 = CYLINDRICAL_SURFACE('',#6015,1.5E-02);
#6015 = AXIS2_PLACEMENT_3D('',#6016,#6017,#6018);
#6016 = CARTESIAN_POINT('',(-0.15,0.12,0.27));
#6017 = DIRECTION('',(1.,0.,0.));
#6018 = DIRECTION('',(-0.,1.,0.));
#6019 = ADVANCED_FACE('',(#6020),#6038,.T.);
#6020 = FACE_BOUND('',#6021,.T.);
#6021 = EDGE_LOOP('',(#6022,#6023,#6031,#6037));
#6022 = ORIENTED_EDGE('',*,*,#5845,.F.);
#6023 = ORIENTED_EDGE('',*,*,#6024,.T.);
#6024 = EDGE_CURVE('',#5837,#6025,#6027,.T.);
#6025 = VERTEX_POINT('',#6026);
#6026 = CARTESIAN_POINT('',(0.15,-0.12,0.285));
#6027 = LINE('',#6028,#6029);
#6028 = CARTESIAN_POINT('',(-0.15,-0.12,0.285));
#6029 = VECTOR('',#6030,1.);
#6030 = DIRECTION('',(1.,0.,0.));
#6031 = ORIENTED_EDGE('',*,*,#6032,.T.);
#6032 = EDGE_CURVE('',#6025,#6000,#6033,.T.);
#6033 = LINE('',#6034,#6035);
#6034 = CARTESIAN_POINT('',(0.15,-0.135,0.285));
#6035 = VECTOR('',#6036,1.);
#6036 = DIRECTION('',(0.,1.,0.));
#6037 = ORIENTED_EDGE('',*,*,#5999,.F.);
#6038 = PLANE('',#6039);
#6039 = AXIS2_PLACEMENT_3D('',#6040,#6041,#6042);
#6040 = CARTESIAN_POINT('',(-0.15,-0.135,0.285));
#6041 = DIRECTION('',(0.,0.,1.));
#6042 = DIRECTION('',(1.,0.,-0.));
#6043 = ADVANCED_FACE('',(#6044),#6063,.T.);
#6044 = FACE_BOUND('',#6045,.T.);
#6045 = EDGE_LOOP('',(#6046,#6054,#6061,#6062));
#6046 = ORIENTED_EDGE('',*,*,#6047,.T.);
#6047 = EDGE_CURVE('',#5829,#6048,#6050,.T.);
#6048 = VERTEX_POINT('',#6049);
#6049 = CARTESIAN_POINT('',(0.15,-0.135,0.27));
#6050 = LINE('',#6051,#6052);
#6051 = CARTESIAN_POINT('',(-0.15,-0.135,0.27));
#6052 = VECTOR('',#6053,1.);
#6053 = DIRECTION('',(1.,0.,0.));
#6054 = ORIENTED_EDGE('',*,*,#6055,.T.);
#6055 = EDGE_CURVE('',#6048,#6025,#6056,.T.);
#6056 = CIRCLE('',#6057,1.5E-02);
#6057 = AXIS2_PLACEMENT_3D('',#6058,#6059,#6060);
#6058 = CARTESIAN_POINT('',(0.15,-0.12,0.27));
#6059 = DIRECTION('',(-1.,0.,0.));
#6060 = DIRECTION('',(0.,0.,1.));
#6061 = ORIENTED_EDGE('',*,*,#6024,.F.);
#6062 = ORIENTED_EDGE('',*,*,#5836,.F.);
#6063 = CYLINDRICAL_SURFACE('',#6064,1.5E-02);
#6064 = AXIS2_PLACEMENT_3D('',#6065,#6066,#6067);
#6065 = CARTESIAN_POINT('',(-0.15,-0.12,0.27));
#6066 = DIRECTION('',(1.,0.,0.));
#6067 = DIRECTION('',(0.,-1.,0.));
#6068 = ADVANCED_FACE('',(#6069),#6080,.F.);
#6069 = FACE_BOUND('',#6070,.F.);
#6070 = EDGE_LOOP('',(#6071,#6077,#6078,#6079));
#6071 = ORIENTED_EDGE('',*,*,#6072,.F.);
#6072 = EDGE_CURVE('',#5903,#6048,#6073,.T.);
#6073 = LINE('',#6074,#6075);
#6074 = CARTESIAN_POINT('',(0.15,-0.135,1.5E-02));
#6075 = VECTOR('',#6076,1.);
#6076 = DIRECTION('',(0.,0.,1.));
#6077 = ORIENTED_EDGE('',*,*,#5911,.F.);
#6078 = ORIENTED_EDGE('',*,*,#5828,.T.);
#6079 = ORIENTED_EDGE('',*,*,#6047,.T.);
#6080 = PLANE('',#6081);
#6081 = AXIS2_PLACEMENT_3D('',#6082,#6083,#6084);
#6082 = CARTESIAN_POINT('',(-0.15,-0.135,1.5E-02));
#6083 = DIRECTION('',(0.,1.,0.));
#6084 = DIRECTION('',(0.,-0.,1.));
#6085 = ADVANCED_FACE('',(#6086,#6156),#6166,.F.);
#6086 = FACE_BOUND('',#6087,.F.);
#6087 = EDGE_LOOP('',(#6088,#6098,#6107,#6115,#6124,#6132,#6141,#6149));
#6088 = ORIENTED_EDGE('',*,*,#6089,.F.);
#6089 = EDGE_CURVE('',#6090,#6092,#6094,.T.);
#6090 = VERTEX_POINT('',#6091);
#6091 = CARTESIAN_POINT('',(0.15,-0.15,1.5E-02));
#6092 = VERTEX_POINT('',#6093);
#6093 = CARTESIAN_POINT('',(0.15,-0.15,0.285));
#6094 = LINE('',#6095,#6096);
#6095 = CARTESIAN_POINT('',(0.15,-0.15,0.));
#6096 = VECTOR('',#6097,1.);
#6097 = DIRECTION('',(0.,0.,1.));
#6098 = ORIENTED_EDGE('',*,*,#6099,.T.);
#6099 = EDGE_CURVE('',#6090,#6100,#6102,.T.);
#6100 = VERTEX_POINT('',#6101);
#6101 = CARTESIAN_POINT('',(0.15,-0.135,-2.775557561563E-17));
#6102 = CIRCLE('',#6103,1.5E-02);
#6103 = AXIS2_PLACEMENT_3D('',#6104,#6105,#6106);
#6104 = CARTESIAN_POINT('',(0.15,-0.135,1.5E-02));
#6105 = DIRECTION('',(1.,0.,-0.));
#6106 = DIRECTION('',(0.,0.,1.));
#6107 = ORIENTED_EDGE('',*,*,#6108,.T.);
#6108 = EDGE_CURVE('',#6100,#6109,#6111,.T.);
#6109 = VERTEX_POINT('',#6110);
#6110 = CARTESIAN_POINT('',(0.15,0.135,-2.775557561563E-17));
#6111 = LINE('',#6112,#6113);
#6112 = CARTESIAN_POINT('',(0.15,-0.15,0.));
#6113 = VECTOR('',#6114,1.);
#6114 = DIRECTION('',(0.,1.,0.));
#6115 = ORIENTED_EDGE('',*,*,#6116,.F.);
#6116 = EDGE_CURVE('',#6117,#6109,#6119,.T.);
#6117 = VERTEX_POINT('',#6118);
#6118 = CARTESIAN_POINT('',(0.15,0.15,1.5E-02));
#6119 = CIRCLE('',#6120,1.5E-02);
#6120 = AXIS2_PLACEMENT_3D('',#6121,#6122,#6123);
#6121 = CARTESIAN_POINT('',(0.15,0.135,1.5E-02));
#6122 = DIRECTION('',(-1.,0.,0.));
#6123 = DIRECTION('',(0.,0.,1.));
#6124 = ORIENTED_EDGE('',*,*,#6125,.T.);
#6125 = EDGE_CURVE('',#6117,#6126,#6128,.T.);
#6126 = VERTEX_POINT('',#6127);
#6127 = CARTESIAN_POINT('',(0.15,0.15,0.285));
#6128 = LINE('',#6129,#6130);
#6129 = CARTESIAN_POINT('',(0.15,0.15,0.));
#6130 = VECTOR('',#6131,1.);
#6131 = DIRECTION('',(0.,0.,1.));
#6132 = ORIENTED_EDGE('',*,*,#6133,.T.);
#6133 = EDGE_CURVE('',#6126,#6134,#6136,.T.);
#6134 = VERTEX_POINT('',#6135);
#6135 = CARTESIAN_POINT('',(0.15,0.135,0.3));
#6136 = CIRCLE('',#6137,1.5E-02);
#6137 = AXIS2_PLACEMENT_3D('',#6138,#6139,#6140);
#6138 = CARTESIAN_POINT('',(0.15,0.135,0.285));
#6139 = DIRECTION('',(1.,0.,-0.));
#6140 = DIRECTION('',(0.,0.,1.));
#6141 = ORIENTED_EDGE('',*,*,#6142,.F.);
#6142 = EDGE_CURVE('',#6143,#6134,#6145,.T.);
#6143 = VERTEX_POINT('',#6144);
#6144 = CARTESIAN_POINT('',(0.15,-0.135,0.3));
#6145 = LINE('',#6146,#6147);
#6146 = CARTESIAN_POINT('',(0.15,-0.15,0.3));
#6147 = VECTOR('',#6148,1.);
#6148 = DIRECTION('',(0.,1.,0.));
#6149 = ORIENTED_EDGE('',*,*,#6150,.F.);
#6150 = EDGE_CURVE('',#6092,#6143,#6151,.T.);
#6151 = CIRCLE('',#6152,1.5E-02);
#6152 = AXIS2_PLACEMENT_3D('',#6153,#6154,#6155);
#6153 = CARTESIAN_POINT('',(0.15,-0.135,0.285));
#6154 = DIRECTION('',(-1.,0.,0.));
#6155 = DIRECTION('',(0.,0.,1.));
#6156 = FACE_BOUND('',#6157,.F.);
#6157 = EDGE_LOOP('',(#6158,#6159,#6160,#6161,#6162,#6163,#6164,#6165));
#6158 = ORIENTED_EDGE('',*,*,#5902,.F.);
#6159 = ORIENTED_EDGE('',*,*,#6072,.T.);
#6160 = ORIENTED_EDGE('',*,*,#6055,.T.);
#6161 = ORIENTED_EDGE('',*,*,#6032,.T.);
#6162 = ORIENTED_EDGE('',*,*,#6007,.F.);
#6163 = ORIENTED_EDGE('',*,*,#5974,.F.);
#6164 = ORIENTED_EDGE('',*,*,#5957,.T.);
#6165 = ORIENTED_EDGE('',*,*,#5927,.F.);
#6166 = PLANE('',#6167);
#6167 = AXIS2_PLACEMENT_3D('',#6168,#6169,#6170);
#6168 = CARTESIAN_POINT('',(0.15,-0.15,0.));
#6169 = DIRECTION('',(1.,0.,0.));
#6170 = DIRECTION('',(0.,0.,1.));
#6171 = ADVANCED_FACE('',(#6172),#6197,.F.);
#6172 = FACE_BOUND('',#6173,.F.);
#6173 = EDGE_LOOP('',(#6174,#6184,#6190,#6191));
#6174 = ORIENTED_EDGE('',*,*,#6175,.F.);
#6175 = EDGE_CURVE('',#6176,#6178,#6180,.T.);
#6176 = VERTEX_POINT('',#6177);
#6177 = CARTESIAN_POINT('',(0.3,-0.15,1.5E-02));
#6178 = VERTEX_POINT('',#6179);
#6179 = CARTESIAN_POINT('',(0.3,-0.15,0.285));
#6180 = LINE('',#6181,#6182);
#6181 = CARTESIAN_POINT('',(0.3,-0.15,0.));
#6182 = VECTOR('',#6183,1.);
#6183 = DIRECTION('',(0.,0.,1.));
#6184 = ORIENTED_EDGE('',*,*,#6185,.F.);
#6185 = EDGE_CURVE('',#6090,#6176,#6186,.T.);
#6186 = LINE('',#6187,#6188);
#6187 = CARTESIAN_POINT('',(0.15,-0.15,1.5E-02));
#6188 = VECTOR('',#6189,1.);
#6189 = DIRECTION('',(1.,0.,0.));
#6190 = ORIENTED_EDGE('',*,*,#6089,.T.);
#6191 = ORIENTED_EDGE('',*,*,#6192,.T.);
#6192 = EDGE_CURVE('',#6092,#6178,#6193,.T.);
#6193 = LINE('',#6194,#6195);
#6194 = CARTESIAN_POINT('',(0.15,-0.15,0.285));
#6195 = VECTOR('',#6196,1.);
#6196 = DIRECTION('',(1.,0.,0.));
#6197 = PLANE('',#6198);
#6198 = AXIS2_PLACEMENT_3D('',#6199,#6200,#6201);
#6199 = CARTESIAN_POINT('',(0.15,-0.15,0.));
#6200 = DIRECTION('',(0.,1.,0.));
#6201 = DIRECTION('',(0.,-0.,1.));
#6202 = ADVANCED_FACE('',(#6203),#6222,.T.);
#6203 = FACE_BOUND('',#6204,.T.);
#6204 = EDGE_LOOP('',(#6205,#6206,#6214,#6221));
#6205 = ORIENTED_EDGE('',*,*,#6099,.T.);
#6206 = ORIENTED_EDGE('',*,*,#6207,.T.);
#6207 = EDGE_CURVE('',#6100,#6208,#6210,.T.);
#6208 = VERTEX_POINT('',#6209);
#6209 = CARTESIAN_POINT('',(0.3,-0.135,-2.775557561563E-17));
#6210 = LINE('',#6211,#6212);
#6211 = CARTESIAN_POINT('',(0.15,-0.135,-2.775557561563E-17));
#6212 = VECTOR('',#6213,1.);
#6213 = DIRECTION('',(1.,0.,0.));
#6214 = ORIENTED_EDGE('',*,*,#6215,.F.);
#6215 = EDGE_CURVE('',#6176,#6208,#6216,.T.);
#6216 = CIRCLE('',#6217,1.5E-02);
#6217 = AXIS2_PLACEMENT_3D('',#6218,#6219,#6220);
#6218 = CARTESIAN_POINT('',(0.3,-0.135,1.5E-02));
#6219 = DIRECTION('',(1.,0.,-0.));
#6220 = DIRECTION('',(0.,0.,1.));
#6221 = ORIENTED_EDGE('',*,*,#6185,.F.);
#6222 = CYLINDRICAL_SURFACE('',#6223,1.5E-02);
#6223 = AXIS2_PLACEMENT_3D('',#6224,#6225,#6226);
#6224 = CARTESIAN_POINT('',(0.15,-0.135,1.5E-02));
#6225 = DIRECTION('',(1.,0.,0.));
#6226 = DIRECTION('',(0.,-1.,0.));
#6227 = ADVANCED_FACE('',(#6228),#6247,.T.);
#6228 = FACE_BOUND('',#6229,.T.);
#6229 = EDGE_LOOP('',(#6230,#6231,#6240,#6246));
#6230 = ORIENTED_EDGE('',*,*,#6192,.T.);
#6231 = ORIENTED_EDGE('',*,*,#6232,.T.);
#6232 = EDGE_CURVE('',#6178,#6233,#6235,.T.);
#6233 = VERTEX_POINT('',#6234);
#6234 = CARTESIAN_POINT('',(0.3,-0.135,0.3));
#6235 = CIRCLE('',#6236,1.5E-02);
#6236 = AXIS2_PLACEMENT_3D('',#6237,#6238,#6239);
#6237 = CARTESIAN_POINT('',(0.3,-0.135,0.285));
#6238 = DIRECTION('',(-1.,0.,0.));
#6239 = DIRECTION('',(0.,0.,1.));
#6240 = ORIENTED_EDGE('',*,*,#6241,.F.);
#6241 = EDGE_CURVE('',#6143,#6233,#6242,.T.);
#6242 = LINE('',#6243,#6244);
#6243 = CARTESIAN_POINT('',(0.15,-0.135,0.3));
#6244 = VECTOR('',#6245,1.);
#6245 = DIRECTION('',(1.,0.,0.));
#6246 = ORIENTED_EDGE('',*,*,#6150,.F.);
#6247 = CYLINDRICAL_SURFACE('',#6248,1.5E-02);
#6248 = AXIS2_PLACEMENT_3D('',#6249,#6250,#6251);
#6249 = CARTESIAN_POINT('',(0.15,-0.135,0.285));
#6250 = DIRECTION('',(1.,0.,0.));
#6251 = DIRECTION('',(0.,-1.,0.));
#6252 = ADVANCED_FACE('',(#6253),#6271,.F.);
#6253 = FACE_BOUND('',#6254,.F.);
#6254 = EDGE_LOOP('',(#6255,#6256,#6257,#6265));
#6255 = ORIENTED_EDGE('',*,*,#6108,.F.);
#6256 = ORIENTED_EDGE('',*,*,#6207,.T.);
#6257 = ORIENTED_EDGE('',*,*,#6258,.T.);
#6258 = EDGE_CURVE('',#6208,#6259,#6261,.T.);
#6259 = VERTEX_POINT('',#6260);
#6260 = CARTESIAN_POINT('',(0.3,0.135,-2.775557561563E-17));
#6261 = LINE('',#6262,#6263);
#6262 = CARTESIAN_POINT('',(0.3,-0.15,0.));
#6263 = VECTOR('',#6264,1.);
#6264 = DIRECTION('',(0.,1.,0.));
#6265 = ORIENTED_EDGE('',*,*,#6266,.F.);
#6266 = EDGE_CURVE('',#6109,#6259,#6267,.T.);
#6267 = LINE('',#6268,#6269);
#6268 = CARTESIAN_POINT('',(0.15,0.135,-2.775557561563E-17));
#6269 = VECTOR('',#6270,1.);
#6270 = DIRECTION('',(1.,0.,0.));
#6271 = PLANE('',#6272);
#6272 = AXIS2_PLACEMENT_3D('',#6273,#6274,#6275);
#6273 = CARTESIAN_POINT('',(0.15,-0.15,0.));
#6274 = DIRECTION('',(0.,0.,1.));
#6275 = DIRECTION('',(1.,0.,-0.));
#6276 = ADVANCED_FACE('',(#6277),#6295,.T.);
#6277 = FACE_BOUND('',#6278,.T.);
#6278 = EDGE_LOOP('',(#6279,#6280,#6281,#6289));
#6279 = ORIENTED_EDGE('',*,*,#6142,.F.);
#6280 = ORIENTED_EDGE('',*,*,#6241,.T.);
#6281 = ORIENTED_EDGE('',*,*,#6282,.T.);
#6282 = EDGE_CURVE('',#6233,#6283,#6285,.T.);
#6283 = VERTEX_POINT('',#6284);
#6284 = CARTESIAN_POINT('',(0.3,0.135,0.3));
#6285 = LINE('',#6286,#6287);
#6286 = CARTESIAN_POINT('',(0.3,-0.15,0.3));
#6287 = VECTOR('',#6288,1.);
#6288 = DIRECTION('',(0.,1.,0.));
#6289 = ORIENTED_EDGE('',*,*,#6290,.F.);
#6290 = EDGE_CURVE('',#6134,#6283,#6291,.T.);
#6291 = LINE('',#6292,#6293);
#6292 = CARTESIAN_POINT('',(0.15,0.135,0.3));
#6293 = VECTOR('',#6294,1.);
#6294 = DIRECTION('',(1.,0.,0.));
#6295 = PLANE('',#6296);
#6296 = AXIS2_PLACEMENT_3D('',#6297,#6298,#6299);
#6297 = CARTESIAN_POINT('',(0.15,-0.15,0.3));
#6298 = DIRECTION('',(0.,0.,1.));
#6299 = DIRECTION('',(1.,0.,-0.));
#6300 = ADVANCED_FACE('',(#6301),#6320,.T.);
#6301 = FACE_BOUND('',#6302,.T.);
#6302 = EDGE_LOOP('',(#6303,#6311,#6318,#6319));
#6303 = ORIENTED_EDGE('',*,*,#6304,.T.);
#6304 = EDGE_CURVE('',#6117,#6305,#6307,.T.);
#6305 = VERTEX_POINT('',#6306);
#6306 = CARTESIAN_POINT('',(0.3,0.15,1.5E-02));
#6307 = LINE('',#6308,#6309);
#6308 = CARTESIAN_POINT('',(0.15,0.15,1.5E-02));
#6309 = VECTOR('',#6310,1.);
#6310 = DIRECTION('',(1.,0.,0.));
#6311 = ORIENTED_EDGE('',*,*,#6312,.T.);
#6312 = EDGE_CURVE('',#6305,#6259,#6313,.T.);
#6313 = CIRCLE('',#6314,1.5E-02);
#6314 = AXIS2_PLACEMENT_3D('',#6315,#6316,#6317);
#6315 = CARTESIAN_POINT('',(0.3,0.135,1.5E-02));
#6316 = DIRECTION('',(-1.,0.,0.));
#6317 = DIRECTION('',(0.,0.,1.));
#6318 = ORIENTED_EDGE('',*,*,#6266,.F.);
#6319 = ORIENTED_EDGE('',*,*,#6116,.F.);
#6320 = CYLINDRICAL_SURFACE('',#6321,1.5E-02);
#6321 = AXIS2_PLACEMENT_3D('',#6322,#6323,#6324);
#6322 = CARTESIAN_POINT('',(0.15,0.135,1.5E-02));
#6323 = DIRECTION('',(1.,0.,0.));
#6324 = DIRECTION('',(-0.,1.,0.));
#6325 = ADVANCED_FACE('',(#6326),#6345,.T.);
#6326 = FACE_BOUND('',#6327,.T.);
#6327 = EDGE_LOOP('',(#6328,#6329,#6330,#6339));
#6328 = ORIENTED_EDGE('',*,*,#6133,.T.);
#6329 = ORIENTED_EDGE('',*,*,#6290,.T.);
#6330 = ORIENTED_EDGE('',*,*,#6331,.F.);
#6331 = EDGE_CURVE('',#6332,#6283,#6334,.T.);
#6332 = VERTEX_POINT('',#6333);
#6333 = CARTESIAN_POINT('',(0.3,0.15,0.285));
#6334 = CIRCLE('',#6335,1.5E-02);
#6335 = AXIS2_PLACEMENT_3D('',#6336,#6337,#6338);
#6336 = CARTESIAN_POINT('',(0.3,0.135,0.285));
#6337 = DIRECTION('',(1.,0.,-0.));
#6338 = DIRECTION('',(0.,0.,1.));
#6339 = ORIENTED_EDGE('',*,*,#6340,.F.);
#6340 = EDGE_CURVE('',#6126,#6332,#6341,.T.);
#6341 = LINE('',#6342,#6343);
#6342 = CARTESIAN_POINT('',(0.15,0.15,0.285));
#6343 = VECTOR('',#6344,1.);
#6344 = DIRECTION('',(1.,0.,0.));
#6345 = CYLINDRICAL_SURFACE('',#6346,1.5E-02);
#6346 = AXIS2_PLACEMENT_3D('',#6347,#6348,#6349);
#6347 = CARTESIAN_POINT('',(0.15,0.135,0.285));
#6348 = DIRECTION('',(1.,0.,0.));
#6349 = DIRECTION('',(-0.,1.,0.));
#6350 = ADVANCED_FACE('',(#6351),#6362,.T.);
#6351 = FACE_BOUND('',#6352,.T.);
#6352 = EDGE_LOOP('',(#6353,#6359,#6360,#6361));
#6353 = ORIENTED_EDGE('',*,*,#6354,.F.);
#6354 = EDGE_CURVE('',#6305,#6332,#6355,.T.);
#6355 = LINE('',#6356,#6357);
#6356 = CARTESIAN_POINT('',(0.3,0.15,0.));
#6357 = VECTOR('',#6358,1.);
#6358 = DIRECTION('',(0.,0.,1.));
#6359 = ORIENTED_EDGE('',*,*,#6304,.F.);
#6360 = ORIENTED_EDGE('',*,*,#6125,.T.);
#6361 = ORIENTED_EDGE('',*,*,#6340,.T.);
#6362 = PLANE('',#6363);
#6363 = AXIS2_PLACEMENT_3D('',#6364,#6365,#6366);
#6364 = CARTESIAN_POINT('',(0.15,0.15,0.));
#6365 = DIRECTION('',(0.,1.,0.));
#6366 = DIRECTION('',(0.,-0.,1.));
#6367 = ADVANCED_FACE('',(#6368),#6378,.T.);
#6368 = FACE_BOUND('',#6369,.T.);
#6369 = EDGE_LOOP('',(#6370,#6371,#6372,#6373,#6374,#6375,#6376,#6377));
#6370 = ORIENTED_EDGE('',*,*,#6175,.F.);
#6371 = ORIENTED_EDGE('',*,*,#6215,.T.);
#6372 = ORIENTED_EDGE('',*,*,#6258,.T.);
#6373 = ORIENTED_EDGE('',*,*,#6312,.F.);
#6374 = ORIENTED_EDGE('',*,*,#6354,.T.);
#6375 = ORIENTED_EDGE('',*,*,#6331,.T.);
#6376 = ORIENTED_EDGE('',*,*,#6282,.F.);
#6377 = ORIENTED_EDGE('',*,*,#6232,.F.);
#6378 = PLANE('',#6379);
#6379 = AXIS2_PLACEMENT_3D('',#6380,#6381,#6382);
#6380 = CARTESIAN_POINT('',(0.3,-0.15,0.));
#6381 = DIRECTION('',(1.,0.,0.));
#6382 = DIRECTION('',(0.,0.,1.));
#6383 = ( GEOMETRIC_REPRESENTATION_CONTEXT(3) 
GLOBAL_UNCERTAINTY_ASSIGNED_CONTEXT((#6387)) 
GLOBAL_UNIT_ASSIGNED_CONTEXT((#6384,#6385,#6386)) REPRESENTATION_CONTEXT
('Context #1','3D Context with UNIT and UNCERTAINTY') );
#6384 = ( LENGTH_UNIT() NAMED_UNIT(*) SI_UNIT(.MILLI.,.METRE.) );
#6385 = ( NAMED_UNIT(*) PLANE_ANGLE_UNIT() SI_UNIT($,.RADIAN.) );
#6386 = ( NAMED_UNIT(*) SI_UNIT($,.STERADIAN.) SOLID_ANGLE_UNIT() );
#6387 = UNCERTAINTY_MEASURE_WITH_UNIT(LENGTH_MEASURE(1.E-07),#6384,
  'distance_accuracy_value','confusion accuracy');
#6388 = CONTEXT_DEPENDENT_SHAPE_REPRESENTATION(#6389,#6391);
#6389 = ( REPRESENTATION_RELATIONSHIP('','',#5528,#5505) 
REPRESENTATION_RELATIONSHIP_WITH_TRANSFORMATION(#6390) 
SHAPE_REPRESENTATION_RELATIONSHIP() );
#6390 = ITEM_DEFINED_TRANSFORMATION('','',#11,#5506);
#6391 = PRODUCT_DEFINITION_SHAPE('Placement','Placement of an item',
  #6392);
#6392 = NEXT_ASSEMBLY_USAGE_OCCURRENCE('17','=>[0:1:1:13]','',#5500,
  #5523,$);
#6393 = PRODUCT_RELATED_PRODUCT_CATEGORY('part',$,(#5525));
#6394 = SHAPE_DEFINITION_REPRESENTATION(#6395,#6401);
#6395 = PRODUCT_DEFINITION_SHAPE('','',#6396);
#6396 = PRODUCT_DEFINITION('design','',#6397,#6400);
#6397 = PRODUCT_DEFINITION_FORMATION('','',#6398);
#6398 = PRODUCT('R_0201_0603Metric','R_0201_0603Metric','',(#6399));
#6399 = PRODUCT_CONTEXT('',#2,'mechanical');
#6400 = PRODUCT_DEFINITION_CONTEXT('part definition',#2,'design');
#6401 = SHAPE_REPRESENTATION('',(#11,#6402),#6406);
#6402 = AXIS2_PLACEMENT_3D('',#6403,#6404,#6405);
#6403 = CARTESIAN_POINT('',(0.,0.,0.));
#6404 = DIRECTION('',(0.,0.,1.));
#6405 = DIRECTION('',(1.,0.,-0.));
#6406 = ( GEOMETRIC_REPRESENTATION_CONTEXT(3) 
GLOBAL_UNCERTAINTY_ASSIGNED_CONTEXT((#6410)) 
GLOBAL_UNIT_ASSIGNED_CONTEXT((#6407,#6408,#6409)) REPRESENTATION_CONTEXT
('Context #1','3D Context with UNIT and UNCERTAINTY') );
#6407 = ( LENGTH_UNIT() NAMED_UNIT(*) SI_UNIT(.MILLI.,.METRE.) );
#6408 = ( NAMED_UNIT(*) PLANE_ANGLE_UNIT() SI_UNIT($,.RADIAN.) );
#6409 = ( NAMED_UNIT(*) SI_UNIT($,.STERADIAN.) SOLID_ANGLE_UNIT() );
#6410 = UNCERTAINTY_MEASURE_WITH_UNIT(LENGTH_MEASURE(1.E-07),#6407,
  'distance_accuracy_value','confusion accuracy');
#6411 = CONTEXT_DEPENDENT_SHAPE_REPRESENTATION(#6412,#6414);
#6412 = ( REPRESENTATION_RELATIONSHIP('','',#6401,#10) 
REPRESENTATION_RELATIONSHIP_WITH_TRANSFORMATION(#6413) 
SHAPE_REPRESENTATION_RELATIONSHIP() );
#6413 = ITEM_DEFINED_TRANSFORMATION('','',#11,#63);
#6414 = PRODUCT_DEFINITION_SHAPE('Placement','Placement of an item',
  #6415);
#6415 = NEXT_ASSEMBLY_USAGE_OCCURRENCE('20','R1','',#5,#6396,$);
#6416 = PRODUCT_RELATED_PRODUCT_CATEGORY('part',$,(#6398));
#6417 = SHAPE_DEFINITION_REPRESENTATION(#6418,#6424);
#6418 = PRODUCT_DEFINITION_SHAPE('','',#6419);
#6419 = PRODUCT_DEFINITION('design','',#6420,#6423);
#6420 = PRODUCT_DEFINITION_FORMATION('','',#6421);
#6421 = PRODUCT('R_0201_0603Metric','R_0201_0603Metric','',(#6422));
#6422 = PRODUCT_CONTEXT('',#2,'mechanical');
#6423 = PRODUCT_DEFINITION_CONTEXT('part definition',#2,'design');
#6424 = ADVANCED_BREP_SHAPE_REPRESENTATION('',(#11,#6425),#7215);
#6425 = MANIFOLD_SOLID_BREP('',#6426);
#6426 = CLOSED_SHELL('',(#6427,#6467,#6550,#6575,#6600,#6667,#6684,#6701
    ,#6750,#6767,#6784,#6833,#6850,#6919,#6950,#6974,#7043,#7067,#7084,
    #7101,#7118,#7135,#7152,#7169,#7186,#7203));
#6427 = ADVANCED_FACE('',(#6428),#6462,.F.);
#6428 = FACE_BOUND('',#6429,.F.);
#6429 = EDGE_LOOP('',(#6430,#6440,#6448,#6456));
#6430 = ORIENTED_EDGE('',*,*,#6431,.F.);
#6431 = EDGE_CURVE('',#6432,#6434,#6436,.T.);
#6432 = VERTEX_POINT('',#6433);
#6433 = CARTESIAN_POINT('',(-0.3,-0.15,2.3E-02));
#6434 = VERTEX_POINT('',#6435);
#6435 = CARTESIAN_POINT('',(-0.3,-0.15,0.207));
#6436 = LINE('',#6437,#6438);
#6437 = CARTESIAN_POINT('',(-0.3,-0.15,0.));
#6438 = VECTOR('',#6439,1.);
#6439 = DIRECTION('',(0.,0.,1.));
#6440 = ORIENTED_EDGE('',*,*,#6441,.T.);
#6441 = EDGE_CURVE('',#6432,#6442,#6444,.T.);
#6442 = VERTEX_POINT('',#6443);
#6443 = CARTESIAN_POINT('',(-0.3,0.15,2.3E-02));
#6444 = LINE('',#6445,#6446);
#6445 = CARTESIAN_POINT('',(-0.3,-0.15,2.3E-02));
#6446 = VECTOR('',#6447,1.);
#6447 = DIRECTION('',(0.,1.,0.));
#6448 = ORIENTED_EDGE('',*,*,#6449,.T.);
#6449 = EDGE_CURVE('',#6442,#6450,#6452,.T.);
#6450 = VERTEX_POINT('',#6451);
#6451 = CARTESIAN_POINT('',(-0.3,0.15,0.207));
#6452 = LINE('',#6453,#6454);
#6453 = CARTESIAN_POINT('',(-0.3,0.15,0.));
#6454 = VECTOR('',#6455,1.);
#6455 = DIRECTION('',(0.,0.,1.));
#6456 = ORIENTED_EDGE('',*,*,#6457,.F.);
#6457 = EDGE_CURVE('',#6434,#6450,#6458,.T.);
#6458 = LINE('',#6459,#6460);
#6459 = CARTESIAN_POINT('',(-0.3,-0.15,0.207));
#6460 = VECTOR('',#6461,1.);
#6461 = DIRECTION('',(0.,1.,0.));
#6462 = PLANE('',#6463);
#6463 = AXIS2_PLACEMENT_3D('',#6464,#6465,#6466);
#6464 = CARTESIAN_POINT('',(-0.3,-0.15,0.));
#6465 = DIRECTION('',(1.,0.,0.));
#6466 = DIRECTION('',(0.,0.,1.));
#6467 = ADVANCED_FACE('',(#6468),#6545,.F.);
#6468 = FACE_BOUND('',#6469,.F.);
#6469 = EDGE_LOOP('',(#6470,#6480,#6487,#6488,#6497,#6505,#6514,#6522,
    #6530,#6538));
#6470 = ORIENTED_EDGE('',*,*,#6471,.F.);
#6471 = EDGE_CURVE('',#6472,#6474,#6476,.T.);
#6472 = VERTEX_POINT('',#6473);
#6473 = CARTESIAN_POINT('',(-0.277,-0.15,-1.387778780781E-17));
#6474 = VERTEX_POINT('',#6475);
#6475 = CARTESIAN_POINT('',(-0.223,-0.15,-1.387778780781E-17));
#6476 = LINE('',#6477,#6478);
#6477 = CARTESIAN_POINT('',(-0.3,-0.15,0.));
#6478 = VECTOR('',#6479,1.);
#6479 = DIRECTION('',(1.,0.,0.));
#6480 = ORIENTED_EDGE('',*,*,#6481,.F.);
#6481 = EDGE_CURVE('',#6432,#6472,#6482,.T.);
#6482 = CIRCLE('',#6483,2.3E-02);
#6483 = AXIS2_PLACEMENT_3D('',#6484,#6485,#6486);
#6484 = CARTESIAN_POINT('',(-0.277,-0.15,2.3E-02));
#6485 = DIRECTION('',(0.,-1.,0.));
#6486 = DIRECTION('',(0.,0.,1.));
#6487 = ORIENTED_EDGE('',*,*,#6431,.T.);
#6488 = ORIENTED_EDGE('',*,*,#6489,.T.);
#6489 = EDGE_CURVE('',#6434,#6490,#6492,.T.);
#6490 = VERTEX_POINT('',#6491);
#6491 = CARTESIAN_POINT('',(-0.277,-0.15,0.23));
#6492 = CIRCLE('',#6493,2.3E-02);
#6493 = AXIS2_PLACEMENT_3D('',#6494,#6495,#6496);
#6494 = CARTESIAN_POINT('',(-0.277,-0.15,0.207));
#6495 = DIRECTION('',(0.,1.,0.));
#6496 = DIRECTION('',(0.,-0.,1.));
#6497 = ORIENTED_EDGE('',*,*,#6498,.T.);
#6498 = EDGE_CURVE('',#6490,#6499,#6501,.T.);
#6499 = VERTEX_POINT('',#6500);
#6500 = CARTESIAN_POINT('',(-0.223,-0.15,0.23));
#6501 = LINE('',#6502,#6503);
#6502 = CARTESIAN_POINT('',(-0.3,-0.15,0.23));
#6503 = VECTOR('',#6504,1.);
#6504 = DIRECTION('',(1.,0.,0.));
#6505 = ORIENTED_EDGE('',*,*,#6506,.F.);
#6506 = EDGE_CURVE('',#6507,#6499,#6509,.T.);
#6507 = VERTEX_POINT('',#6508);
#6508 = CARTESIAN_POINT('',(-0.2,-0.15,0.207));
#6509 = CIRCLE('',#6510,2.3E-02);
#6510 = AXIS2_PLACEMENT_3D('',#6511,#6512,#6513);
#6511 = CARTESIAN_POINT('',(-0.223,-0.15,0.207));
#6512 = DIRECTION('',(0.,-1.,0.));
#6513 = DIRECTION('',(0.,0.,1.));
#6514 = ORIENTED_EDGE('',*,*,#6515,.F.);
#6515 = EDGE_CURVE('',#6516,#6507,#6518,.T.);
#6516 = VERTEX_POINT('',#6517);
#6517 = CARTESIAN_POINT('',(-0.277,-0.15,0.207));
#6518 = LINE('',#6519,#6520);
#6519 = CARTESIAN_POINT('',(-0.277,-0.15,0.207));
#6520 = VECTOR('',#6521,1.);
#6521 = DIRECTION('',(1.,0.,0.));
#6522 = ORIENTED_EDGE('',*,*,#6523,.F.);
#6523 = EDGE_CURVE('',#6524,#6516,#6526,.T.);
#6524 = VERTEX_POINT('',#6525);
#6525 = CARTESIAN_POINT('',(-0.277,-0.15,2.3E-02));
#6526 = LINE('',#6527,#6528);
#6527 = CARTESIAN_POINT('',(-0.277,-0.15,2.3E-02));
#6528 = VECTOR('',#6529,1.);
#6529 = DIRECTION('',(0.,0.,1.));
#6530 = ORIENTED_EDGE('',*,*,#6531,.T.);
#6531 = EDGE_CURVE('',#6524,#6532,#6534,.T.);
#6532 = VERTEX_POINT('',#6533);
#6533 = CARTESIAN_POINT('',(-0.2,-0.15,2.3E-02));
#6534 = LINE('',#6535,#6536);
#6535 = CARTESIAN_POINT('',(-0.277,-0.15,2.3E-02));
#6536 = VECTOR('',#6537,1.);
#6537 = DIRECTION('',(1.,0.,0.));
#6538 = ORIENTED_EDGE('',*,*,#6539,.T.);
#6539 = EDGE_CURVE('',#6532,#6474,#6540,.T.);
#6540 = CIRCLE('',#6541,2.3E-02);
#6541 = AXIS2_PLACEMENT_3D('',#6542,#6543,#6544);
#6542 = CARTESIAN_POINT('',(-0.223,-0.15,2.3E-02));
#6543 = DIRECTION('',(0.,1.,0.));
#6544 = DIRECTION('',(0.,-0.,1.));
#6545 = PLANE('',#6546);
#6546 = AXIS2_PLACEMENT_3D('',#6547,#6548,#6549);
#6547 = CARTESIAN_POINT('',(-0.3,-0.15,0.));
#6548 = DIRECTION('',(0.,1.,0.));
#6549 = DIRECTION('',(0.,-0.,1.));
#6550 = ADVANCED_FACE('',(#6551),#6570,.T.);
#6551 = FACE_BOUND('',#6552,.T.);
#6552 = EDGE_LOOP('',(#6553,#6554,#6563,#6569));
#6553 = ORIENTED_EDGE('',*,*,#6441,.T.);
#6554 = ORIENTED_EDGE('',*,*,#6555,.T.);
#6555 = EDGE_CURVE('',#6442,#6556,#6558,.T.);
#6556 = VERTEX_POINT('',#6557);
#6557 = CARTESIAN_POINT('',(-0.277,0.15,-1.387778780781E-17));
#6558 = CIRCLE('',#6559,2.3E-02);
#6559 = AXIS2_PLACEMENT_3D('',#6560,#6561,#6562);
#6560 = CARTESIAN_POINT('',(-0.277,0.15,2.3E-02));
#6561 = DIRECTION('',(0.,-1.,0.));
#6562 = DIRECTION('',(0.,0.,1.));
#6563 = ORIENTED_EDGE('',*,*,#6564,.F.);
#6564 = EDGE_CURVE('',#6472,#6556,#6565,.T.);
#6565 = LINE('',#6566,#6567);
#6566 = CARTESIAN_POINT('',(-0.277,-0.15,-1.387778780781E-17));
#6567 = VECTOR('',#6568,1.);
#6568 = DIRECTION('',(0.,1.,0.));
#6569 = ORIENTED_EDGE('',*,*,#6481,.F.);
#6570 = CYLINDRICAL_SURFACE('',#6571,2.3E-02);
#6571 = AXIS2_PLACEMENT_3D('',#6572,#6573,#6574);
#6572 = CARTESIAN_POINT('',(-0.277,-0.15,2.3E-02));
#6573 = DIRECTION('',(0.,1.,0.));
#6574 = DIRECTION('',(-1.,0.,0.));
#6575 = ADVANCED_FACE('',(#6576),#6595,.T.);
#6576 = FACE_BOUND('',#6577,.T.);
#6577 = EDGE_LOOP('',(#6578,#6579,#6587,#6594));
#6578 = ORIENTED_EDGE('',*,*,#6489,.T.);
#6579 = ORIENTED_EDGE('',*,*,#6580,.T.);
#6580 = EDGE_CURVE('',#6490,#6581,#6583,.T.);
#6581 = VERTEX_POINT('',#6582);
#6582 = CARTESIAN_POINT('',(-0.277,0.15,0.23));
#6583 = LINE('',#6584,#6585);
#6584 = CARTESIAN_POINT('',(-0.277,-0.15,0.23));
#6585 = VECTOR('',#6586,1.);
#6586 = DIRECTION('',(0.,1.,0.));
#6587 = ORIENTED_EDGE('',*,*,#6588,.F.);
#6588 = EDGE_CURVE('',#6450,#6581,#6589,.T.);
#6589 = CIRCLE('',#6590,2.3E-02);
#6590 = AXIS2_PLACEMENT_3D('',#6591,#6592,#6593);
#6591 = CARTESIAN_POINT('',(-0.277,0.15,0.207));
#6592 = DIRECTION('',(0.,1.,0.));
#6593 = DIRECTION('',(0.,-0.,1.));
#6594 = ORIENTED_EDGE('',*,*,#6457,.F.);
#6595 = CYLINDRICAL_SURFACE('',#6596,2.3E-02);
#6596 = AXIS2_PLACEMENT_3D('',#6597,#6598,#6599);
#6597 = CARTESIAN_POINT('',(-0.277,-0.15,0.207));
#6598 = DIRECTION('',(0.,1.,0.));
#6599 = DIRECTION('',(-1.,0.,0.));
#6600 = ADVANCED_FACE('',(#6601),#6662,.T.);
#6601 = FACE_BOUND('',#6602,.T.);
#6602 = EDGE_LOOP('',(#6603,#6611,#6612,#6613,#6614,#6622,#6631,#6639,
    #6647,#6655));
#6603 = ORIENTED_EDGE('',*,*,#6604,.F.);
#6604 = EDGE_CURVE('',#6556,#6605,#6607,.T.);
#6605 = VERTEX_POINT('',#6606);
#6606 = CARTESIAN_POINT('',(-0.223,0.15,-1.387778780781E-17));
#6607 = LINE('',#6608,#6609);
#6608 = CARTESIAN_POINT('',(-0.3,0.15,0.));
#6609 = VECTOR('',#6610,1.);
#6610 = DIRECTION('',(1.,0.,0.));
#6611 = ORIENTED_EDGE('',*,*,#6555,.F.);
#6612 = ORIENTED_EDGE('',*,*,#6449,.T.);
#6613 = ORIENTED_EDGE('',*,*,#6588,.T.);
#6614 = ORIENTED_EDGE('',*,*,#6615,.T.);
#6615 = EDGE_CURVE('',#6581,#6616,#6618,.T.);
#6616 = VERTEX_POINT('',#6617);
#6617 = CARTESIAN_POINT('',(-0.223,0.15,0.23));
#6618 = LINE('',#6619,#6620);
#6619 = CARTESIAN_POINT('',(-0.3,0.15,0.23));
#6620 = VECTOR('',#6621,1.);
#6621 = DIRECTION('',(1.,0.,0.));
#6622 = ORIENTED_EDGE('',*,*,#6623,.F.);
#6623 = EDGE_CURVE('',#6624,#6616,#6626,.T.);
#6624 = VERTEX_POINT('',#6625);
#6625 = CARTESIAN_POINT('',(-0.2,0.15,0.207));
#6626 = CIRCLE('',#6627,2.3E-02);
#6627 = AXIS2_PLACEMENT_3D('',#6628,#6629,#6630);
#6628 = CARTESIAN_POINT('',(-0.223,0.15,0.207));
#6629 = DIRECTION('',(0.,-1.,0.));
#6630 = DIRECTION('',(0.,0.,1.));
#6631 = ORIENTED_EDGE('',*,*,#6632,.F.);
#6632 = EDGE_CURVE('',#6633,#6624,#6635,.T.);
#6633 = VERTEX_POINT('',#6634);
#6634 = CARTESIAN_POINT('',(-0.277,0.15,0.207));
#6635 = LINE('',#6636,#6637);
#6636 = CARTESIAN_POINT('',(-0.277,0.15,0.207));
#6637 = VECTOR('',#6638,1.);
#6638 = DIRECTION('',(1.,0.,0.));
#6639 = ORIENTED_EDGE('',*,*,#6640,.F.);
#6640 = EDGE_CURVE('',#6641,#6633,#6643,.T.);
#6641 = VERTEX_POINT('',#6642);
#6642 = CARTESIAN_POINT('',(-0.277,0.15,2.3E-02));
#6643 = LINE('',#6644,#6645);
#6644 = CARTESIAN_POINT('',(-0.277,0.15,2.3E-02));
#6645 = VECTOR('',#6646,1.);
#6646 = DIRECTION('',(0.,0.,1.));
#6647 = ORIENTED_EDGE('',*,*,#6648,.T.);
#6648 = EDGE_CURVE('',#6641,#6649,#6651,.T.);
#6649 = VERTEX_POINT('',#6650);
#6650 = CARTESIAN_POINT('',(-0.2,0.15,2.3E-02));
#6651 = LINE('',#6652,#6653);
#6652 = CARTESIAN_POINT('',(-0.277,0.15,2.3E-02));
#6653 = VECTOR('',#6654,1.);
#6654 = DIRECTION('',(1.,0.,0.));
#6655 = ORIENTED_EDGE('',*,*,#6656,.T.);
#6656 = EDGE_CURVE('',#6649,#6605,#6657,.T.);
#6657 = CIRCLE('',#6658,2.3E-02);
#6658 = AXIS2_PLACEMENT_3D('',#6659,#6660,#6661);
#6659 = CARTESIAN_POINT('',(-0.223,0.15,2.3E-02));
#6660 = DIRECTION('',(0.,1.,0.));
#6661 = DIRECTION('',(0.,-0.,1.));
#6662 = PLANE('',#6663);
#6663 = AXIS2_PLACEMENT_3D('',#6664,#6665,#6666);
#6664 = CARTESIAN_POINT('',(-0.3,0.15,0.));
#6665 = DIRECTION('',(0.,1.,0.));
#6666 = DIRECTION('',(0.,-0.,1.));
#6667 = ADVANCED_FACE('',(#6668),#6679,.F.);
#6668 = FACE_BOUND('',#6669,.F.);
#6669 = EDGE_LOOP('',(#6670,#6671,#6672,#6673));
#6670 = ORIENTED_EDGE('',*,*,#6604,.F.);
#6671 = ORIENTED_EDGE('',*,*,#6564,.F.);
#6672 = ORIENTED_EDGE('',*,*,#6471,.T.);
#6673 = ORIENTED_EDGE('',*,*,#6674,.T.);
#6674 = EDGE_CURVE('',#6474,#6605,#6675,.T.);
#6675 = LINE('',#6676,#6677);
#6676 = CARTESIAN_POINT('',(-0.223,-0.15,-1.387778780781E-17));
#6677 = VECTOR('',#6678,1.);
#6678 = DIRECTION('',(0.,1.,0.));
#6679 = PLANE('',#6680);
#6680 = AXIS2_PLACEMENT_3D('',#6681,#6682,#6683);
#6681 = CARTESIAN_POINT('',(-0.3,-0.15,0.));
#6682 = DIRECTION('',(0.,0.,1.));
#6683 = DIRECTION('',(1.,0.,-0.));
#6684 = ADVANCED_FACE('',(#6685),#6696,.T.);
#6685 = FACE_BOUND('',#6686,.T.);
#6686 = EDGE_LOOP('',(#6687,#6688,#6689,#6690));
#6687 = ORIENTED_EDGE('',*,*,#6539,.T.);
#6688 = ORIENTED_EDGE('',*,*,#6674,.T.);
#6689 = ORIENTED_EDGE('',*,*,#6656,.F.);
#6690 = ORIENTED_EDGE('',*,*,#6691,.F.);
#6691 = EDGE_CURVE('',#6532,#6649,#6692,.T.);
#6692 = LINE('',#6693,#6694);
#6693 = CARTESIAN_POINT('',(-0.2,-0.15,2.3E-02));
#6694 = VECTOR('',#6695,1.);
#6695 = DIRECTION('',(0.,1.,0.));
#6696 = CYLINDRICAL_SURFACE('',#6697,2.3E-02);
#6697 = AXIS2_PLACEMENT_3D('',#6698,#6699,#6700);
#6698 = CARTESIAN_POINT('',(-0.223,-0.15,2.3E-02));
#6699 = DIRECTION('',(0.,1.,0.));
#6700 = DIRECTION('',(1.,0.,0.));
#6701 = ADVANCED_FACE('',(#6702),#6745,.F.);
#6702 = FACE_BOUND('',#6703,.F.);
#6703 = EDGE_LOOP('',(#6704,#6705,#6706,#6707,#6715,#6723,#6731,#6739));
#6704 = ORIENTED_EDGE('',*,*,#6531,.F.);
#6705 = ORIENTED_EDGE('',*,*,#6523,.T.);
#6706 = ORIENTED_EDGE('',*,*,#6515,.T.);
#6707 = ORIENTED_EDGE('',*,*,#6708,.T.);
#6708 = EDGE_CURVE('',#6507,#6709,#6711,.T.);
#6709 = VERTEX_POINT('',#6710);
#6710 = CARTESIAN_POINT('',(0.2,-0.15,0.207));
#6711 = LINE('',#6712,#6713);
#6712 = CARTESIAN_POINT('',(-0.2,-0.15,0.207));
#6713 = VECTOR('',#6714,1.);
#6714 = DIRECTION('',(1.,0.,0.));
#6715 = ORIENTED_EDGE('',*,*,#6716,.T.);
#6716 = EDGE_CURVE('',#6709,#6717,#6719,.T.);
#6717 = VERTEX_POINT('',#6718);
#6718 = CARTESIAN_POINT('',(0.277,-0.15,0.207));
#6719 = LINE('',#6720,#6721);
#6720 = CARTESIAN_POINT('',(-0.277,-0.15,0.207));
#6721 = VECTOR('',#6722,1.);
#6722 = DIRECTION('',(1.,0.,0.));
#6723 = ORIENTED_EDGE('',*,*,#6724,.F.);
#6724 = EDGE_CURVE('',#6725,#6717,#6727,.T.);
#6725 = VERTEX_POINT('',#6726);
#6726 = CARTESIAN_POINT('',(0.277,-0.15,2.3E-02));
#6727 = LINE('',#6728,#6729);
#6728 = CARTESIAN_POINT('',(0.277,-0.15,2.3E-02));
#6729 = VECTOR('',#6730,1.);
#6730 = DIRECTION('',(0.,0.,1.));
#6731 = ORIENTED_EDGE('',*,*,#6732,.F.);
#6732 = EDGE_CURVE('',#6733,#6725,#6735,.T.);
#6733 = VERTEX_POINT('',#6734);
#6734 = CARTESIAN_POINT('',(0.2,-0.15,2.3E-02));
#6735 = LINE('',#6736,#6737);
#6736 = CARTESIAN_POINT('',(-0.277,-0.15,2.3E-02));
#6737 = VECTOR('',#6738,1.);
#6738 = DIRECTION('',(1.,0.,0.));
#6739 = ORIENTED_EDGE('',*,*,#6740,.F.);
#6740 = EDGE_CURVE('',#6532,#6733,#6741,.T.);
#6741 = LINE('',#6742,#6743);
#6742 = CARTESIAN_POINT('',(-0.277,-0.15,2.3E-02));
#6743 = VECTOR('',#6744,1.);
#6744 = DIRECTION('',(1.,0.,0.));
#6745 = PLANE('',#6746);
#6746 = AXIS2_PLACEMENT_3D('',#6747,#6748,#6749);
#6747 = CARTESIAN_POINT('',(-0.277,-0.15,2.3E-02));
#6748 = DIRECTION('',(0.,1.,0.));
#6749 = DIRECTION('',(0.,-0.,1.));
#6750 = ADVANCED_FACE('',(#6751),#6762,.T.);
#6751 = FACE_BOUND('',#6752,.T.);
#6752 = EDGE_LOOP('',(#6753,#6754,#6755,#6756));
#6753 = ORIENTED_EDGE('',*,*,#6615,.F.);
#6754 = ORIENTED_EDGE('',*,*,#6580,.F.);
#6755 = ORIENTED_EDGE('',*,*,#6498,.T.);
#6756 = ORIENTED_EDGE('',*,*,#6757,.T.);
#6757 = EDGE_CURVE('',#6499,#6616,#6758,.T.);
#6758 = LINE('',#6759,#6760);
#6759 = CARTESIAN_POINT('',(-0.223,-0.15,0.23));
#6760 = VECTOR('',#6761,1.);
#6761 = DIRECTION('',(0.,1.,0.));
#6762 = PLANE('',#6763);
#6763 = AXIS2_PLACEMENT_3D('',#6764,#6765,#6766);
#6764 = CARTESIAN_POINT('',(-0.3,-0.15,0.23));
#6765 = DIRECTION('',(0.,0.,1.));
#6766 = DIRECTION('',(1.,0.,-0.));
#6767 = ADVANCED_FACE('',(#6768),#6779,.T.);
#6768 = FACE_BOUND('',#6769,.T.);
#6769 = EDGE_LOOP('',(#6770,#6776,#6777,#6778));
#6770 = ORIENTED_EDGE('',*,*,#6771,.T.);
#6771 = EDGE_CURVE('',#6507,#6624,#6772,.T.);
#6772 = LINE('',#6773,#6774);
#6773 = CARTESIAN_POINT('',(-0.2,-0.15,0.207));
#6774 = VECTOR('',#6775,1.);
#6775 = DIRECTION('',(0.,1.,0.));
#6776 = ORIENTED_EDGE('',*,*,#6623,.T.);
#6777 = ORIENTED_EDGE('',*,*,#6757,.F.);
#6778 = ORIENTED_EDGE('',*,*,#6506,.F.);
#6779 = CYLINDRICAL_SURFACE('',#6780,2.3E-02);
#6780 = AXIS2_PLACEMENT_3D('',#6781,#6782,#6783);
#6781 = CARTESIAN_POINT('',(-0.223,-0.15,0.207));
#6782 = DIRECTION('',(0.,1.,0.));
#6783 = DIRECTION('',(1.,0.,0.));
#6784 = ADVANCED_FACE('',(#6785),#6828,.T.);
#6785 = FACE_BOUND('',#6786,.T.);
#6786 = EDGE_LOOP('',(#6787,#6788,#6789,#6790,#6798,#6806,#6814,#6822));
#6787 = ORIENTED_EDGE('',*,*,#6648,.F.);
#6788 = ORIENTED_EDGE('',*,*,#6640,.T.);
#6789 = ORIENTED_EDGE('',*,*,#6632,.T.);
#6790 = ORIENTED_EDGE('',*,*,#6791,.T.);
#6791 = EDGE_CURVE('',#6624,#6792,#6794,.T.);
#6792 = VERTEX_POINT('',#6793);
#6793 = CARTESIAN_POINT('',(0.2,0.15,0.207));
#6794 = LINE('',#6795,#6796);
#6795 = CARTESIAN_POINT('',(-0.2,0.15,0.207));
#6796 = VECTOR('',#6797,1.);
#6797 = DIRECTION('',(1.,0.,0.));
#6798 = ORIENTED_EDGE('',*,*,#6799,.T.);
#6799 = EDGE_CURVE('',#6792,#6800,#6802,.T.);
#6800 = VERTEX_POINT('',#6801);
#6801 = CARTESIAN_POINT('',(0.277,0.15,0.207));
#6802 = LINE('',#6803,#6804);
#6803 = CARTESIAN_POINT('',(-0.277,0.15,0.207));
#6804 = VECTOR('',#6805,1.);
#6805 = DIRECTION('',(1.,0.,0.));
#6806 = ORIENTED_EDGE('',*,*,#6807,.F.);
#6807 = EDGE_CURVE('',#6808,#6800,#6810,.T.);
#6808 = VERTEX_POINT('',#6809);
#6809 = CARTESIAN_POINT('',(0.277,0.15,2.3E-02));
#6810 = LINE('',#6811,#6812);
#6811 = CARTESIAN_POINT('',(0.277,0.15,2.3E-02));
#6812 = VECTOR('',#6813,1.);
#6813 = DIRECTION('',(0.,0.,1.));
#6814 = ORIENTED_EDGE('',*,*,#6815,.F.);
#6815 = EDGE_CURVE('',#6816,#6808,#6818,.T.);
#6816 = VERTEX_POINT('',#6817);
#6817 = CARTESIAN_POINT('',(0.2,0.15,2.3E-02));
#6818 = LINE('',#6819,#6820);
#6819 = CARTESIAN_POINT('',(-0.277,0.15,2.3E-02));
#6820 = VECTOR('',#6821,1.);
#6821 = DIRECTION('',(1.,0.,0.));
#6822 = ORIENTED_EDGE('',*,*,#6823,.F.);
#6823 = EDGE_CURVE('',#6649,#6816,#6824,.T.);
#6824 = LINE('',#6825,#6826);
#6825 = CARTESIAN_POINT('',(-0.277,0.15,2.3E-02));
#6826 = VECTOR('',#6827,1.);
#6827 = DIRECTION('',(1.,0.,0.));
#6828 = PLANE('',#6829);
#6829 = AXIS2_PLACEMENT_3D('',#6830,#6831,#6832);
#6830 = CARTESIAN_POINT('',(-0.277,0.15,2.3E-02));
#6831 = DIRECTION('',(0.,1.,0.));
#6832 = DIRECTION('',(0.,-0.,1.));
#6833 = ADVANCED_FACE('',(#6834),#6845,.F.);
#6834 = FACE_BOUND('',#6835,.F.);
#6835 = EDGE_LOOP('',(#6836,#6837,#6838,#6844));
#6836 = ORIENTED_EDGE('',*,*,#6691,.F.);
#6837 = ORIENTED_EDGE('',*,*,#6740,.T.);
#6838 = ORIENTED_EDGE('',*,*,#6839,.T.);
#6839 = EDGE_CURVE('',#6733,#6816,#6840,.T.);
#6840 = LINE('',#6841,#6842);
#6841 = CARTESIAN_POINT('',(0.2,-0.15,2.3E-02));
#6842 = VECTOR('',#6843,1.);
#6843 = DIRECTION('',(0.,1.,0.));
#6844 = ORIENTED_EDGE('',*,*,#6823,.F.);
#6845 = PLANE('',#6846);
#6846 = AXIS2_PLACEMENT_3D('',#6847,#6848,#6849);
#6847 = CARTESIAN_POINT('',(-0.277,-0.15,2.3E-02));
#6848 = DIRECTION('',(0.,0.,1.));
#6849 = DIRECTION('',(1.,0.,-0.));
#6850 = ADVANCED_FACE('',(#6851),#6914,.F.);
#6851 = FACE_BOUND('',#6852,.F.);
#6852 = EDGE_LOOP('',(#6853,#6863,#6870,#6871,#6872,#6873,#6882,#6890,
    #6899,#6907));
#6853 = ORIENTED_EDGE('',*,*,#6854,.F.);
#6854 = EDGE_CURVE('',#6855,#6857,#6859,.T.);
#6855 = VERTEX_POINT('',#6856);
#6856 = CARTESIAN_POINT('',(0.223,-0.15,-1.387778780781E-17));
#6857 = VERTEX_POINT('',#6858);
#6858 = CARTESIAN_POINT('',(0.277,-0.15,-1.387778780781E-17));
#6859 = LINE('',#6860,#6861);
#6860 = CARTESIAN_POINT('',(0.2,-0.15,0.));
#6861 = VECTOR('',#6862,1.);
#6862 = DIRECTION('',(1.,0.,0.));
#6863 = ORIENTED_EDGE('',*,*,#6864,.F.);
#6864 = EDGE_CURVE('',#6733,#6855,#6865,.T.);
#6865 = CIRCLE('',#6866,2.3E-02);
#6866 = AXIS2_PLACEMENT_3D('',#6867,#6868,#6869);
#6867 = CARTESIAN_POINT('',(0.223,-0.15,2.3E-02));
#6868 = DIRECTION('',(0.,-1.,0.));
#6869 = DIRECTION('',(0.,0.,1.));
#6870 = ORIENTED_EDGE('',*,*,#6732,.T.);
#6871 = ORIENTED_EDGE('',*,*,#6724,.T.);
#6872 = ORIENTED_EDGE('',*,*,#6716,.F.);
#6873 = ORIENTED_EDGE('',*,*,#6874,.T.);
#6874 = EDGE_CURVE('',#6709,#6875,#6877,.T.);
#6875 = VERTEX_POINT('',#6876);
#6876 = CARTESIAN_POINT('',(0.223,-0.15,0.23));
#6877 = CIRCLE('',#6878,2.3E-02);
#6878 = AXIS2_PLACEMENT_3D('',#6879,#6880,#6881);
#6879 = CARTESIAN_POINT('',(0.223,-0.15,0.207));
#6880 = DIRECTION('',(0.,1.,0.));
#6881 = DIRECTION('',(0.,-0.,1.));
#6882 = ORIENTED_EDGE('',*,*,#6883,.T.);
#6883 = EDGE_CURVE('',#6875,#6884,#6886,.T.);
#6884 = VERTEX_POINT('',#6885);
#6885 = CARTESIAN_POINT('',(0.277,-0.15,0.23));
#6886 = LINE('',#6887,#6888);
#6887 = CARTESIAN_POINT('',(0.2,-0.15,0.23));
#6888 = VECTOR('',#6889,1.);
#6889 = DIRECTION('',(1.,0.,0.));
#6890 = ORIENTED_EDGE('',*,*,#6891,.F.);
#6891 = EDGE_CURVE('',#6892,#6884,#6894,.T.);
#6892 = VERTEX_POINT('',#6893);
#6893 = CARTESIAN_POINT('',(0.3,-0.15,0.207));
#6894 = CIRCLE('',#6895,2.3E-02);
#6895 = AXIS2_PLACEMENT_3D('',#6896,#6897,#6898);
#6896 = CARTESIAN_POINT('',(0.277,-0.15,0.207));
#6897 = DIRECTION('',(0.,-1.,0.));
#6898 = DIRECTION('',(0.,0.,1.));
#6899 = ORIENTED_EDGE('',*,*,#6900,.F.);
#6900 = EDGE_CURVE('',#6901,#6892,#6903,.T.);
#6901 = VERTEX_POINT('',#6902);
#6902 = CARTESIAN_POINT('',(0.3,-0.15,2.3E-02));
#6903 = LINE('',#6904,#6905);
#6904 = CARTESIAN_POINT('',(0.3,-0.15,0.));
#6905 = VECTOR('',#6906,1.);
#6906 = DIRECTION('',(0.,0.,1.));
#6907 = ORIENTED_EDGE('',*,*,#6908,.T.);
#6908 = EDGE_CURVE('',#6901,#6857,#6909,.T.);
#6909 = CIRCLE('',#6910,2.3E-02);
#6910 = AXIS2_PLACEMENT_3D('',#6911,#6912,#6913);
#6911 = CARTESIAN_POINT('',(0.277,-0.15,2.3E-02));
#6912 = DIRECTION('',(0.,1.,0.));
#6913 = DIRECTION('',(0.,-0.,1.));
#6914 = PLANE('',#6915);
#6915 = AXIS2_PLACEMENT_3D('',#6916,#6917,#6918);
#6916 = CARTESIAN_POINT('',(0.2,-0.15,0.));
#6917 = DIRECTION('',(0.,1.,0.));
#6918 = DIRECTION('',(0.,-0.,1.));
#6919 = ADVANCED_FACE('',(#6920),#6945,.F.);
#6920 = FACE_BOUND('',#6921,.F.);
#6921 = EDGE_LOOP('',(#6922,#6923,#6931,#6939));
#6922 = ORIENTED_EDGE('',*,*,#6708,.F.);
#6923 = ORIENTED_EDGE('',*,*,#6924,.T.);
#6924 = EDGE_CURVE('',#6507,#6925,#6927,.T.);
#6925 = VERTEX_POINT('',#6926);
#6926 = CARTESIAN_POINT('',(-0.2,-0.15,0.23));
#6927 = LINE('',#6928,#6929);
#6928 = CARTESIAN_POINT('',(-0.2,-0.15,0.207));
#6929 = VECTOR('',#6930,1.);
#6930 = DIRECTION('',(0.,0.,1.));
#6931 = ORIENTED_EDGE('',*,*,#6932,.T.);
#6932 = EDGE_CURVE('',#6925,#6933,#6935,.T.);
#6933 = VERTEX_POINT('',#6934);
#6934 = CARTESIAN_POINT('',(0.2,-0.15,0.23));
#6935 = LINE('',#6936,#6937);
#6936 = CARTESIAN_POINT('',(-0.2,-0.15,0.23));
#6937 = VECTOR('',#6938,1.);
#6938 = DIRECTION('',(1.,0.,0.));
#6939 = ORIENTED_EDGE('',*,*,#6940,.F.);
#6940 = EDGE_CURVE('',#6709,#6933,#6941,.T.);
#6941 = LINE('',#6942,#6943);
#6942 = CARTESIAN_POINT('',(0.2,-0.15,0.207));
#6943 = VECTOR('',#6944,1.);
#6944 = DIRECTION('',(0.,0.,1.));
#6945 = PLANE('',#6946);
#6946 = AXIS2_PLACEMENT_3D('',#6947,#6948,#6949);
#6947 = CARTESIAN_POINT('',(-0.2,-0.15,0.207));
#6948 = DIRECTION('',(0.,1.,0.));
#6949 = DIRECTION('',(0.,-0.,1.));
#6950 = ADVANCED_FACE('',(#6951),#6969,.F.);
#6951 = FACE_BOUND('',#6952,.F.);
#6952 = EDGE_LOOP('',(#6953,#6954,#6955,#6963));
#6953 = ORIENTED_EDGE('',*,*,#6924,.F.);
#6954 = ORIENTED_EDGE('',*,*,#6771,.T.);
#6955 = ORIENTED_EDGE('',*,*,#6956,.T.);
#6956 = EDGE_CURVE('',#6624,#6957,#6959,.T.);
#6957 = VERTEX_POINT('',#6958);
#6958 = CARTESIAN_POINT('',(-0.2,0.15,0.23));
#6959 = LINE('',#6960,#6961);
#6960 = CARTESIAN_POINT('',(-0.2,0.15,0.207));
#6961 = VECTOR('',#6962,1.);
#6962 = DIRECTION('',(0.,0.,1.));
#6963 = ORIENTED_EDGE('',*,*,#6964,.F.);
#6964 = EDGE_CURVE('',#6925,#6957,#6965,.T.);
#6965 = LINE('',#6966,#6967);
#6966 = CARTESIAN_POINT('',(-0.2,-0.15,0.23));
#6967 = VECTOR('',#6968,1.);
#6968 = DIRECTION('',(0.,1.,0.));
#6969 = PLANE('',#6970);
#6970 = AXIS2_PLACEMENT_3D('',#6971,#6972,#6973);
#6971 = CARTESIAN_POINT('',(-0.2,-0.15,0.207));
#6972 = DIRECTION('',(1.,0.,0.));
#6973 = DIRECTION('',(0.,0.,1.));
#6974 = ADVANCED_FACE('',(#6975),#7038,.T.);
#6975 = FACE_BOUND('',#6976,.T.);
#6976 = EDGE_LOOP('',(#6977,#6987,#6994,#6995,#6996,#6997,#7006,#7014,
    #7023,#7031));
#6977 = ORIENTED_EDGE('',*,*,#6978,.F.);
#6978 = EDGE_CURVE('',#6979,#6981,#6983,.T.);
#6979 = VERTEX_POINT('',#6980);
#6980 = CARTESIAN_POINT('',(0.223,0.15,-1.387778780781E-17));
#6981 = VERTEX_POINT('',#6982);
#6982 = CARTESIAN_POINT('',(0.277,0.15,-1.387778780781E-17));
#6983 = LINE('',#6984,#6985);
#6984 = CARTESIAN_POINT('',(0.2,0.15,0.));
#6985 = VECTOR('',#6986,1.);
#6986 = DIRECTION('',(1.,0.,0.));
#6987 = ORIENTED_EDGE('',*,*,#6988,.F.);
#6988 = EDGE_CURVE('',#6816,#6979,#6989,.T.);
#6989 = CIRCLE('',#6990,2.3E-02);
#6990 = AXIS2_PLACEMENT_3D('',#6991,#6992,#6993);
#6991 = CARTESIAN_POINT('',(0.223,0.15,2.3E-02));
#6992 = DIRECTION('',(0.,-1.,0.));
#6993 = DIRECTION('',(0.,0.,1.));
#6994 = ORIENTED_EDGE('',*,*,#6815,.T.);
#6995 = ORIENTED_EDGE('',*,*,#6807,.T.);
#6996 = ORIENTED_EDGE('',*,*,#6799,.F.);
#6997 = ORIENTED_EDGE('',*,*,#6998,.T.);
#6998 = EDGE_CURVE('',#6792,#6999,#7001,.T.);
#6999 = VERTEX_POINT('',#7000);
#7000 = CARTESIAN_POINT('',(0.223,0.15,0.23));
#7001 = CIRCLE('',#7002,2.3E-02);
#7002 = AXIS2_PLACEMENT_3D('',#7003,#7004,#7005);
#7003 = CARTESIAN_POINT('',(0.223,0.15,0.207));
#7004 = DIRECTION('',(0.,1.,0.));
#7005 = DIRECTION('',(0.,-0.,1.));
#7006 = ORIENTED_EDGE('',*,*,#7007,.T.);
#7007 = EDGE_CURVE('',#6999,#7008,#7010,.T.);
#7008 = VERTEX_POINT('',#7009);
#7009 = CARTESIAN_POINT('',(0.277,0.15,0.23));
#7010 = LINE('',#7011,#7012);
#7011 = CARTESIAN_POINT('',(0.2,0.15,0.23));
#7012 = VECTOR('',#7013,1.);
#7013 = DIRECTION('',(1.,0.,0.));
#7014 = ORIENTED_EDGE('',*,*,#7015,.F.);
#7015 = EDGE_CURVE('',#7016,#7008,#7018,.T.);
#7016 = VERTEX_POINT('',#7017);
#7017 = CARTESIAN_POINT('',(0.3,0.15,0.207));
#7018 = CIRCLE('',#7019,2.3E-02);
#7019 = AXIS2_PLACEMENT_3D('',#7020,#7021,#7022);
#7020 = CARTESIAN_POINT('',(0.277,0.15,0.207));
#7021 = DIRECTION('',(0.,-1.,0.));
#7022 = DIRECTION('',(0.,0.,1.));
#7023 = ORIENTED_EDGE('',*,*,#7024,.F.);
#7024 = EDGE_CURVE('',#7025,#7016,#7027,.T.);
#7025 = VERTEX_POINT('',#7026);
#7026 = CARTESIAN_POINT('',(0.3,0.15,2.3E-02));
#7027 = LINE('',#7028,#7029);
#7028 = CARTESIAN_POINT('',(0.3,0.15,0.));
#7029 = VECTOR('',#7030,1.);
#7030 = DIRECTION('',(0.,0.,1.));
#7031 = ORIENTED_EDGE('',*,*,#7032,.T.);
#7032 = EDGE_CURVE('',#7025,#6981,#7033,.T.);
#7033 = CIRCLE('',#7034,2.3E-02);
#7034 = AXIS2_PLACEMENT_3D('',#7035,#7036,#7037);
#7035 = CARTESIAN_POINT('',(0.277,0.15,2.3E-02));
#7036 = DIRECTION('',(0.,1.,0.));
#7037 = DIRECTION('',(0.,-0.,1.));
#7038 = PLANE('',#7039);
#7039 = AXIS2_PLACEMENT_3D('',#7040,#7041,#7042);
#7040 = CARTESIAN_POINT('',(0.2,0.15,0.));
#7041 = DIRECTION('',(0.,1.,0.));
#7042 = DIRECTION('',(0.,-0.,1.));
#7043 = ADVANCED_FACE('',(#7044),#7062,.T.);
#7044 = FACE_BOUND('',#7045,.T.);
#7045 = EDGE_LOOP('',(#7046,#7047,#7048,#7056));
#7046 = ORIENTED_EDGE('',*,*,#6791,.F.);
#7047 = ORIENTED_EDGE('',*,*,#6956,.T.);
#7048 = ORIENTED_EDGE('',*,*,#7049,.T.);
#7049 = EDGE_CURVE('',#6957,#7050,#7052,.T.);
#7050 = VERTEX_POINT('',#7051);
#7051 = CARTESIAN_POINT('',(0.2,0.15,0.23));
#7052 = LINE('',#7053,#7054);
#7053 = CARTESIAN_POINT('',(-0.2,0.15,0.23));
#7054 = VECTOR('',#7055,1.);
#7055 = DIRECTION('',(1.,0.,0.));
#7056 = ORIENTED_EDGE('',*,*,#7057,.F.);
#7057 = EDGE_CURVE('',#6792,#7050,#7058,.T.);
#7058 = LINE('',#7059,#7060);
#7059 = CARTESIAN_POINT('',(0.2,0.15,0.207));
#7060 = VECTOR('',#7061,1.);
#7061 = DIRECTION('',(0.,0.,1.));
#7062 = PLANE('',#7063);
#7063 = AXIS2_PLACEMENT_3D('',#7064,#7065,#7066);
#7064 = CARTESIAN_POINT('',(-0.2,0.15,0.207));
#7065 = DIRECTION('',(0.,1.,0.));
#7066 = DIRECTION('',(0.,-0.,1.));
#7067 = ADVANCED_FACE('',(#7068),#7079,.T.);
#7068 = FACE_BOUND('',#7069,.T.);
#7069 = EDGE_LOOP('',(#7070,#7071,#7072,#7078));
#7070 = ORIENTED_EDGE('',*,*,#6839,.T.);
#7071 = ORIENTED_EDGE('',*,*,#6988,.T.);
#7072 = ORIENTED_EDGE('',*,*,#7073,.F.);
#7073 = EDGE_CURVE('',#6855,#6979,#7074,.T.);
#7074 = LINE('',#7075,#7076);
#7075 = CARTESIAN_POINT('',(0.223,-0.15,-1.387778780781E-17));
#7076 = VECTOR('',#7077,1.);
#7077 = DIRECTION('',(0.,1.,0.));
#7078 = ORIENTED_EDGE('',*,*,#6864,.F.);
#7079 = CYLINDRICAL_SURFACE('',#7080,2.3E-02);
#7080 = AXIS2_PLACEMENT_3D('',#7081,#7082,#7083);
#7081 = CARTESIAN_POINT('',(0.223,-0.15,2.3E-02));
#7082 = DIRECTION('',(0.,1.,0.));
#7083 = DIRECTION('',(-1.,0.,0.));
#7084 = ADVANCED_FACE('',(#7085),#7096,.F.);
#7085 = FACE_BOUND('',#7086,.F.);
#7086 = EDGE_LOOP('',(#7087,#7088,#7089,#7090));
#7087 = ORIENTED_EDGE('',*,*,#6978,.F.);
#7088 = ORIENTED_EDGE('',*,*,#7073,.F.);
#7089 = ORIENTED_EDGE('',*,*,#6854,.T.);
#7090 = ORIENTED_EDGE('',*,*,#7091,.T.);
#7091 = EDGE_CURVE('',#6857,#6981,#7092,.T.);
#7092 = LINE('',#7093,#7094);
#7093 = CARTESIAN_POINT('',(0.277,-0.15,-1.387778780781E-17));
#7094 = VECTOR('',#7095,1.);
#7095 = DIRECTION('',(0.,1.,0.));
#7096 = PLANE('',#7097);
#7097 = AXIS2_PLACEMENT_3D('',#7098,#7099,#7100);
#7098 = CARTESIAN_POINT('',(0.2,-0.15,0.));
#7099 = DIRECTION('',(0.,0.,1.));
#7100 = DIRECTION('',(1.,0.,-0.));
#7101 = ADVANCED_FACE('',(#7102),#7113,.T.);
#7102 = FACE_BOUND('',#7103,.T.);
#7103 = EDGE_LOOP('',(#7104,#7105,#7106,#7107));
#7104 = ORIENTED_EDGE('',*,*,#6908,.T.);
#7105 = ORIENTED_EDGE('',*,*,#7091,.T.);
#7106 = ORIENTED_EDGE('',*,*,#7032,.F.);
#7107 = ORIENTED_EDGE('',*,*,#7108,.F.);
#7108 = EDGE_CURVE('',#6901,#7025,#7109,.T.);
#7109 = LINE('',#7110,#7111);
#7110 = CARTESIAN_POINT('',(0.3,-0.15,2.3E-02));
#7111 = VECTOR('',#7112,1.);
#7112 = DIRECTION('',(0.,1.,0.));
#7113 = CYLINDRICAL_SURFACE('',#7114,2.3E-02);
#7114 = AXIS2_PLACEMENT_3D('',#7115,#7116,#7117);
#7115 = CARTESIAN_POINT('',(0.277,-0.15,2.3E-02));
#7116 = DIRECTION('',(0.,1.,0.));
#7117 = DIRECTION('',(1.,0.,0.));
#7118 = ADVANCED_FACE('',(#7119),#7130,.T.);
#7119 = FACE_BOUND('',#7120,.T.);
#7120 = EDGE_LOOP('',(#7121,#7122,#7123,#7124));
#7121 = ORIENTED_EDGE('',*,*,#6900,.F.);
#7122 = ORIENTED_EDGE('',*,*,#7108,.T.);
#7123 = ORIENTED_EDGE('',*,*,#7024,.T.);
#7124 = ORIENTED_EDGE('',*,*,#7125,.F.);
#7125 = EDGE_CURVE('',#6892,#7016,#7126,.T.);
#7126 = LINE('',#7127,#7128);
#7127 = CARTESIAN_POINT('',(0.3,-0.15,0.207));
#7128 = VECTOR('',#7129,1.);
#7129 = DIRECTION('',(0.,1.,0.));
#7130 = PLANE('',#7131);
#7131 = AXIS2_PLACEMENT_3D('',#7132,#7133,#7134);
#7132 = CARTESIAN_POINT('',(0.3,-0.15,0.));
#7133 = DIRECTION('',(1.,0.,0.));
#7134 = DIRECTION('',(0.,0.,1.));
#7135 = ADVANCED_FACE('',(#7136),#7147,.T.);
#7136 = FACE_BOUND('',#7137,.T.);
#7137 = EDGE_LOOP('',(#7138,#7139,#7140,#7146));
#7138 = ORIENTED_EDGE('',*,*,#7125,.T.);
#7139 = ORIENTED_EDGE('',*,*,#7015,.T.);
#7140 = ORIENTED_EDGE('',*,*,#7141,.F.);
#7141 = EDGE_CURVE('',#6884,#7008,#7142,.T.);
#7142 = LINE('',#7143,#7144);
#7143 = CARTESIAN_POINT('',(0.277,-0.15,0.23));
#7144 = VECTOR('',#7145,1.);
#7145 = DIRECTION('',(0.,1.,0.));
#7146 = ORIENTED_EDGE('',*,*,#6891,.F.);
#7147 = CYLINDRICAL_SURFACE('',#7148,2.3E-02);
#7148 = AXIS2_PLACEMENT_3D('',#7149,#7150,#7151);
#7149 = CARTESIAN_POINT('',(0.277,-0.15,0.207));
#7150 = DIRECTION('',(0.,1.,0.));
#7151 = DIRECTION('',(1.,0.,0.));
#7152 = ADVANCED_FACE('',(#7153),#7164,.T.);
#7153 = FACE_BOUND('',#7154,.T.);
#7154 = EDGE_LOOP('',(#7155,#7156,#7162,#7163));
#7155 = ORIENTED_EDGE('',*,*,#7007,.F.);
#7156 = ORIENTED_EDGE('',*,*,#7157,.F.);
#7157 = EDGE_CURVE('',#6875,#6999,#7158,.T.);
#7158 = LINE('',#7159,#7160);
#7159 = CARTESIAN_POINT('',(0.223,-0.15,0.23));
#7160 = VECTOR('',#7161,1.);
#7161 = DIRECTION('',(0.,1.,0.));
#7162 = ORIENTED_EDGE('',*,*,#6883,.T.);
#7163 = ORIENTED_EDGE('',*,*,#7141,.T.);
#7164 = PLANE('',#7165);
#7165 = AXIS2_PLACEMENT_3D('',#7166,#7167,#7168);
#7166 = CARTESIAN_POINT('',(0.2,-0.15,0.23));
#7167 = DIRECTION('',(0.,0.,1.));
#7168 = DIRECTION('',(1.,0.,-0.));
#7169 = ADVANCED_FACE('',(#7170),#7181,.T.);
#7170 = FACE_BOUND('',#7171,.T.);
#7171 = EDGE_LOOP('',(#7172,#7173,#7174,#7175));
#7172 = ORIENTED_EDGE('',*,*,#6874,.T.);
#7173 = ORIENTED_EDGE('',*,*,#7157,.T.);
#7174 = ORIENTED_EDGE('',*,*,#6998,.F.);
#7175 = ORIENTED_EDGE('',*,*,#7176,.F.);
#7176 = EDGE_CURVE('',#6709,#6792,#7177,.T.);
#7177 = LINE('',#7178,#7179);
#7178 = CARTESIAN_POINT('',(0.2,-0.15,0.207));
#7179 = VECTOR('',#7180,1.);
#7180 = DIRECTION('',(0.,1.,0.));
#7181 = CYLINDRICAL_SURFACE('',#7182,2.3E-02);
#7182 = AXIS2_PLACEMENT_3D('',#7183,#7184,#7185);
#7183 = CARTESIAN_POINT('',(0.223,-0.15,0.207));
#7184 = DIRECTION('',(0.,1.,0.));
#7185 = DIRECTION('',(-1.,0.,0.));
#7186 = ADVANCED_FACE('',(#7187),#7198,.T.);
#7187 = FACE_BOUND('',#7188,.T.);
#7188 = EDGE_LOOP('',(#7189,#7190,#7191,#7192));
#7189 = ORIENTED_EDGE('',*,*,#6940,.F.);
#7190 = ORIENTED_EDGE('',*,*,#7176,.T.);
#7191 = ORIENTED_EDGE('',*,*,#7057,.T.);
#7192 = ORIENTED_EDGE('',*,*,#7193,.F.);
#7193 = EDGE_CURVE('',#6933,#7050,#7194,.T.);
#7194 = LINE('',#7195,#7196);
#7195 = CARTESIAN_POINT('',(0.2,-0.15,0.23));
#7196 = VECTOR('',#7197,1.);
#7197 = DIRECTION('',(0.,1.,0.));
#7198 = PLANE('',#7199);
#7199 = AXIS2_PLACEMENT_3D('',#7200,#7201,#7202);
#7200 = CARTESIAN_POINT('',(0.2,-0.15,0.207));
#7201 = DIRECTION('',(1.,0.,0.));
#7202 = DIRECTION('',(0.,0.,1.));
#7203 = ADVANCED_FACE('',(#7204),#7210,.T.);
#7204 = FACE_BOUND('',#7205,.T.);
#7205 = EDGE_LOOP('',(#7206,#7207,#7208,#7209));
#7206 = ORIENTED_EDGE('',*,*,#6964,.F.);
#7207 = ORIENTED_EDGE('',*,*,#6932,.T.);
#7208 = ORIENTED_EDGE('',*,*,#7193,.T.);
#7209 = ORIENTED_EDGE('',*,*,#7049,.F.);
#7210 = PLANE('',#7211);
#7211 = AXIS2_PLACEMENT_3D('',#7212,#7213,#7214);
#7212 = CARTESIAN_POINT('',(-0.2,-0.15,0.23));
#7213 = DIRECTION('',(0.,0.,1.));
#7214 = DIRECTION('',(1.,0.,-0.));
#7215 = ( GEOMETRIC_REPRESENTATION_CONTEXT(3) 
GLOBAL_UNCERTAINTY_ASSIGNED_CONTEXT((#7219)) 
GLOBAL_UNIT_ASSIGNED_CONTEXT((#7216,#7217,#7218)) REPRESENTATION_CONTEXT
('Context #1','3D Context with UNIT and UNCERTAINTY') );
#7216 = ( LENGTH_UNIT() NAMED_UNIT(*) SI_UNIT(.MILLI.,.METRE.) );
#7217 = ( NAMED_UNIT(*) PLANE_ANGLE_UNIT() SI_UNIT($,.RADIAN.) );
#7218 = ( NAMED_UNIT(*) SI_UNIT($,.STERADIAN.) SOLID_ANGLE_UNIT() );
#7219 = UNCERTAINTY_MEASURE_WITH_UNIT(LENGTH_MEASURE(1.E-07),#7216,
  'distance_accuracy_value','confusion accuracy');
#7220 = CONTEXT_DEPENDENT_SHAPE_REPRESENTATION(#7221,#7223);
#7221 = ( REPRESENTATION_RELATIONSHIP('','',#6424,#6401) 
REPRESENTATION_RELATIONSHIP_WITH_TRANSFORMATION(#7222) 
SHAPE_REPRESENTATION_RELATIONSHIP() );
#7222 = ITEM_DEFINED_TRANSFORMATION('','',#11,#6402);
#7223 = PRODUCT_DEFINITION_SHAPE('Placement','Placement of an item',
  #7224);
#7224 = NEXT_ASSEMBLY_USAGE_OCCURRENCE('19','=>[0:1:1:15]','',#6396,
  #6419,$);
#7225 = PRODUCT_RELATED_PRODUCT_CATEGORY('part',$,(#6421));
#7226 = CONTEXT_DEPENDENT_SHAPE_REPRESENTATION(#7227,#7229);
#7227 = ( REPRESENTATION_RELATIONSHIP('','',#5505,#10) 
REPRESENTATION_RELATIONSHIP_WITH_TRANSFORMATION(#7228) 
SHAPE_REPRESENTATION_RELATIONSHIP() );
#7228 = ITEM_DEFINED_TRANSFORMATION('','',#11,#67);
#7229 = PRODUCT_DEFINITION_SHAPE('Placement','Placement of an item',
  #7230);
#7230 = NEXT_ASSEMBLY_USAGE_OCCURRENCE('21','C7','',#5,#5500,$);
#7231 = CONTEXT_DEPENDENT_SHAPE_REPRESENTATION(#7232,#7234);
#7232 = ( REPRESENTATION_RELATIONSHIP('','',#5505,#10) 
REPRESENTATION_RELATIONSHIP_WITH_TRANSFORMATION(#7233) 
SHAPE_REPRESENTATION_RELATIONSHIP() );
#7233 = ITEM_DEFINED_TRANSFORMATION('','',#11,#71);
#7234 = PRODUCT_DEFINITION_SHAPE('Placement','Placement of an item',
  #7235);
#7235 = NEXT_ASSEMBLY_USAGE_OCCURRENCE('22','C12','',#5,#5500,$);
#7236 = CONTEXT_DEPENDENT_SHAPE_REPRESENTATION(#7237,#7239);
#7237 = ( REPRESENTATION_RELATIONSHIP('','',#6401,#10) 
REPRESENTATION_RELATIONSHIP_WITH_TRANSFORMATION(#7238) 
SHAPE_REPRESENTATION_RELATIONSHIP() );
#7238 = ITEM_DEFINED_TRANSFORMATION('','',#11,#75);
#7239 = PRODUCT_DEFINITION_SHAPE('Placement','Placement of an item',
  #7240);
#7240 = NEXT_ASSEMBLY_USAGE_OCCURRENCE('23','R2','',#5,#6396,$);
#7241 = SHAPE_DEFINITION_REPRESENTATION(#7242,#7248);
#7242 = PRODUCT_DEFINITION_SHAPE('','',#7243);
#7243 = PRODUCT_DEFINITION('design','',#7244,#7247);
#7244 = PRODUCT_DEFINITION_FORMATION('','',#7245);
#7245 = PRODUCT('C_0402_1005Metric','C_0402_1005Metric','',(#7246));
#7246 = PRODUCT_CONTEXT('',#2,'mechanical');
#7247 = PRODUCT_DEFINITION_CONTEXT('part definition',#2,'design');
#7248 = SHAPE_REPRESENTATION('',(#11,#7249),#7253);
#7249 = AXIS2_PLACEMENT_3D('',#7250,#7251,#7252);
#7250 = CARTESIAN_POINT('',(0.,0.,0.));
#7251 = DIRECTION('',(0.,0.,1.));
#7252 = DIRECTION('',(1.,0.,-0.));
#7253 = ( GEOMETRIC_REPRESENTATION_CONTEXT(3) 
GLOBAL_UNCERTAINTY_ASSIGNED_CONTEXT((#7257)) 
GLOBAL_UNIT_ASSIGNED_CONTEXT((#7254,#7255,#7256)) REPRESENTATION_CONTEXT
('Context #1','3D Context with UNIT and UNCERTAINTY') );
#7254 = ( LENGTH_UNIT() NAMED_UNIT(*) SI_UNIT(.MILLI.,.METRE.) );
#7255 = ( NAMED_UNIT(*) PLANE_ANGLE_UNIT() SI_UNIT($,.RADIAN.) );
#7256 = ( NAMED_UNIT(*) SI_UNIT($,.STERADIAN.) SOLID_ANGLE_UNIT() );
#7257 = UNCERTAINTY_MEASURE_WITH_UNIT(LENGTH_MEASURE(1.E-07),#7254,
  'distance_accuracy_value','confusion accuracy');
#7258 = CONTEXT_DEPENDENT_SHAPE_REPRESENTATION(#7259,#7261);
#7259 = ( REPRESENTATION_RELATIONSHIP('','',#7248,#10) 
REPRESENTATION_RELATIONSHIP_WITH_TRANSFORMATION(#7260) 
SHAPE_REPRESENTATION_RELATIONSHIP() );
#7260 = ITEM_DEFINED_TRANSFORMATION('','',#11,#79);
#7261 = PRODUCT_DEFINITION_SHAPE('Placement','Placement of an item',
  #7262);
#7262 = NEXT_ASSEMBLY_USAGE_OCCURRENCE('25','C13','',#5,#7243,$);
#7263 = PRODUCT_RELATED_PRODUCT_CATEGORY('part',$,(#7245));
#7264 = SHAPE_DEFINITION_REPRESENTATION(#7265,#7271);
#7265 = PRODUCT_DEFINITION_SHAPE('','',#7266);
#7266 = PRODUCT_DEFINITION('design','',#7267,#7270);
#7267 = PRODUCT_DEFINITION_FORMATION('','',#7268);
#7268 = PRODUCT('C_0402_1005Metric','C_0402_1005Metric','',(#7269));
#7269 = PRODUCT_CONTEXT('',#2,'mechanical');
#7270 = PRODUCT_DEFINITION_CONTEXT('part definition',#2,'design');
#7271 = ADVANCED_BREP_SHAPE_REPRESENTATION('',(#11,#7272),#8126);
#7272 = MANIFOLD_SOLID_BREP('',#7273);
#7273 = CLOSED_SHELL('',(#7274,#7350,#7381,#7406,#7431,#7455,#7479,#7504
    ,#7529,#7546,#7632,#7664,#7688,#7713,#7737,#7762,#7786,#7811,#7828,
    #7914,#7945,#7970,#7995,#8019,#8043,#8068,#8093,#8110));
#7274 = ADVANCED_FACE('',(#7275),#7345,.F.);
#7275 = FACE_BOUND('',#7276,.F.);
#7276 = EDGE_LOOP('',(#7277,#7287,#7296,#7304,#7313,#7321,#7330,#7338));
#7277 = ORIENTED_EDGE('',*,*,#7278,.F.);
#7278 = EDGE_CURVE('',#7279,#7281,#7283,.T.);
#7279 = VERTEX_POINT('',#7280);
#7280 = CARTESIAN_POINT('',(-0.5,-0.25,2.E-02));
#7281 = VERTEX_POINT('',#7282);
#7282 = CARTESIAN_POINT('',(-0.5,-0.25,0.48));
#7283 = LINE('',#7284,#7285);
#7284 = CARTESIAN_POINT('',(-0.5,-0.25,0.));
#7285 = VECTOR('',#7286,1.);
#7286 = DIRECTION('',(0.,0.,1.));
#7287 = ORIENTED_EDGE('',*,*,#7288,.T.);
#7288 = EDGE_CURVE('',#7279,#7289,#7291,.T.);
#7289 = VERTEX_POINT('',#7290);
#7290 = CARTESIAN_POINT('',(-0.5,-0.23,0.));
#7291 = CIRCLE('',#7292,2.E-02);
#7292 = AXIS2_PLACEMENT_3D('',#7293,#7294,#7295);
#7293 = CARTESIAN_POINT('',(-0.5,-0.23,2.E-02));
#7294 = DIRECTION('',(1.,0.,-0.));
#7295 = DIRECTION('',(0.,0.,1.));
#7296 = ORIENTED_EDGE('',*,*,#7297,.T.);
#7297 = EDGE_CURVE('',#7289,#7298,#7300,.T.);
#7298 = VERTEX_POINT('',#7299);
#7299 = CARTESIAN_POINT('',(-0.5,0.23,0.));
#7300 = LINE('',#7301,#7302);
#7301 = CARTESIAN_POINT('',(-0.5,-0.25,0.));
#7302 = VECTOR('',#7303,1.);
#7303 = DIRECTION('',(0.,1.,0.));
#7304 = ORIENTED_EDGE('',*,*,#7305,.F.);
#7305 = EDGE_CURVE('',#7306,#7298,#7308,.T.);
#7306 = VERTEX_POINT('',#7307);
#7307 = CARTESIAN_POINT('',(-0.5,0.25,2.E-02));
#7308 = CIRCLE('',#7309,2.E-02);
#7309 = AXIS2_PLACEMENT_3D('',#7310,#7311,#7312);
#7310 = CARTESIAN_POINT('',(-0.5,0.23,2.E-02));
#7311 = DIRECTION('',(-1.,0.,0.));
#7312 = DIRECTION('',(0.,0.,1.));
#7313 = ORIENTED_EDGE('',*,*,#7314,.T.);
#7314 = EDGE_CURVE('',#7306,#7315,#7317,.T.);
#7315 = VERTEX_POINT('',#7316);
#7316 = CARTESIAN_POINT('',(-0.5,0.25,0.48));
#7317 = LINE('',#7318,#7319);
#7318 = CARTESIAN_POINT('',(-0.5,0.25,0.));
#7319 = VECTOR('',#7320,1.);
#7320 = DIRECTION('',(0.,0.,1.));
#7321 = ORIENTED_EDGE('',*,*,#7322,.T.);
#7322 = EDGE_CURVE('',#7315,#7323,#7325,.T.);
#7323 = VERTEX_POINT('',#7324);
#7324 = CARTESIAN_POINT('',(-0.5,0.23,0.5));
#7325 = CIRCLE('',#7326,2.E-02);
#7326 = AXIS2_PLACEMENT_3D('',#7327,#7328,#7329);
#7327 = CARTESIAN_POINT('',(-0.5,0.23,0.48));
#7328 = DIRECTION('',(1.,0.,-0.));
#7329 = DIRECTION('',(0.,0.,1.));
#7330 = ORIENTED_EDGE('',*,*,#7331,.F.);
#7331 = EDGE_CURVE('',#7332,#7323,#7334,.T.);
#7332 = VERTEX_POINT('',#7333);
#7333 = CARTESIAN_POINT('',(-0.5,-0.23,0.5));
#7334 = LINE('',#7335,#7336);
#7335 = CARTESIAN_POINT('',(-0.5,-0.25,0.5));
#7336 = VECTOR('',#7337,1.);
#7337 = DIRECTION('',(0.,1.,0.));
#7338 = ORIENTED_EDGE('',*,*,#7339,.F.);
#7339 = EDGE_CURVE('',#7281,#7332,#7340,.T.);
#7340 = CIRCLE('',#7341,2.E-02);
#7341 = AXIS2_PLACEMENT_3D('',#7342,#7343,#7344);
#7342 = CARTESIAN_POINT('',(-0.5,-0.23,0.48));
#7343 = DIRECTION('',(-1.,0.,0.));
#7344 = DIRECTION('',(0.,0.,1.));
#7345 = PLANE('',#7346);
#7346 = AXIS2_PLACEMENT_3D('',#7347,#7348,#7349);
#7347 = CARTESIAN_POINT('',(-0.5,-0.25,0.));
#7348 = DIRECTION('',(1.,0.,0.));
#7349 = DIRECTION('',(0.,0.,1.));
#7350 = ADVANCED_FACE('',(#7351),#7376,.F.);
#7351 = FACE_BOUND('',#7352,.F.);
#7352 = EDGE_LOOP('',(#7353,#7363,#7369,#7370));
#7353 = ORIENTED_EDGE('',*,*,#7354,.F.);
#7354 = EDGE_CURVE('',#7355,#7357,#7359,.T.);
#7355 = VERTEX_POINT('',#7356);
#7356 = CARTESIAN_POINT('',(-0.3,-0.25,2.E-02));
#7357 = VERTEX_POINT('',#7358);
#7358 = CARTESIAN_POINT('',(-0.3,-0.25,0.48));
#7359 = LINE('',#7360,#7361);
#7360 = CARTESIAN_POINT('',(-0.3,-0.25,0.));
#7361 = VECTOR('',#7362,1.);
#7362 = DIRECTION('',(0.,0.,1.));
#7363 = ORIENTED_EDGE('',*,*,#7364,.F.);
#7364 = EDGE_CURVE('',#7279,#7355,#7365,.T.);
#7365 = LINE('',#7366,#7367);
#7366 = CARTESIAN_POINT('',(-0.5,-0.25,2.E-02));
#7367 = VECTOR('',#7368,1.);
#7368 = DIRECTION('',(1.,0.,0.));
#7369 = ORIENTED_EDGE('',*,*,#7278,.T.);
#7370 = ORIENTED_EDGE('',*,*,#7371,.T.);
#7371 = EDGE_CURVE('',#7281,#7357,#7372,.T.);
#7372 = LINE('',#7373,#7374);
#7373 = CARTESIAN_POINT('',(-0.5,-0.25,0.48));
#7374 = VECTOR('',#7375,1.);
#7375 = DIRECTION('',(1.,0.,0.));
#7376 = PLANE('',#7377);
#7377 = AXIS2_PLACEMENT_3D('',#7378,#7379,#7380);
#7378 = CARTESIAN_POINT('',(-0.5,-0.25,0.));
#7379 = DIRECTION('',(0.,1.,0.));
#7380 = DIRECTION('',(0.,-0.,1.));
#7381 = ADVANCED_FACE('',(#7382),#7401,.T.);
#7382 = FACE_BOUND('',#7383,.T.);
#7383 = EDGE_LOOP('',(#7384,#7385,#7393,#7400));
#7384 = ORIENTED_EDGE('',*,*,#7288,.T.);
#7385 = ORIENTED_EDGE('',*,*,#7386,.T.);
#7386 = EDGE_CURVE('',#7289,#7387,#7389,.T.);
#7387 = VERTEX_POINT('',#7388);
#7388 = CARTESIAN_POINT('',(-0.3,-0.23,0.));
#7389 = LINE('',#7390,#7391);
#7390 = CARTESIAN_POINT('',(-0.5,-0.23,0.));
#7391 = VECTOR('',#7392,1.);
#7392 = DIRECTION('',(1.,0.,0.));
#7393 = ORIENTED_EDGE('',*,*,#7394,.F.);
#7394 = EDGE_CURVE('',#7355,#7387,#7395,.T.);
#7395 = CIRCLE('',#7396,2.E-02);
#7396 = AXIS2_PLACEMENT_3D('',#7397,#7398,#7399);
#7397 = CARTESIAN_POINT('',(-0.3,-0.23,2.E-02));
#7398 = DIRECTION('',(1.,0.,-0.));
#7399 = DIRECTION('',(0.,0.,1.));
#7400 = ORIENTED_EDGE('',*,*,#7364,.F.);
#7401 = CYLINDRICAL_SURFACE('',#7402,2.E-02);
#7402 = AXIS2_PLACEMENT_3D('',#7403,#7404,#7405);
#7403 = CARTESIAN_POINT('',(-0.5,-0.23,2.E-02));
#7404 = DIRECTION('',(1.,0.,0.));
#7405 = DIRECTION('',(0.,-1.,0.));
#7406 = ADVANCED_FACE('',(#7407),#7426,.T.);
#7407 = FACE_BOUND('',#7408,.T.);
#7408 = EDGE_LOOP('',(#7409,#7410,#7419,#7425));
#7409 = ORIENTED_EDGE('',*,*,#7371,.T.);
#7410 = ORIENTED_EDGE('',*,*,#7411,.T.);
#7411 = EDGE_CURVE('',#7357,#7412,#7414,.T.);
#7412 = VERTEX_POINT('',#7413);
#7413 = CARTESIAN_POINT('',(-0.3,-0.23,0.5));
#7414 = CIRCLE('',#7415,2.E-02);
#7415 = AXIS2_PLACEMENT_3D('',#7416,#7417,#7418);
#7416 = CARTESIAN_POINT('',(-0.3,-0.23,0.48));
#7417 = DIRECTION('',(-1.,0.,0.));
#7418 = DIRECTION('',(0.,0.,1.));
#7419 = ORIENTED_EDGE('',*,*,#7420,.F.);
#7420 = EDGE_CURVE('',#7332,#7412,#7421,.T.);
#7421 = LINE('',#7422,#7423);
#7422 = CARTESIAN_POINT('',(-0.5,-0.23,0.5));
#7423 = VECTOR('',#7424,1.);
#7424 = DIRECTION('',(1.,0.,0.));
#7425 = ORIENTED_EDGE('',*,*,#7339,.F.);
#7426 = CYLINDRICAL_SURFACE('',#7427,2.E-02);
#7427 = AXIS2_PLACEMENT_3D('',#7428,#7429,#7430);
#7428 = CARTESIAN_POINT('',(-0.5,-0.23,0.48));
#7429 = DIRECTION('',(1.,0.,0.));
#7430 = DIRECTION('',(0.,-1.,0.));
#7431 = ADVANCED_FACE('',(#7432),#7450,.F.);
#7432 = FACE_BOUND('',#7433,.F.);
#7433 = EDGE_LOOP('',(#7434,#7435,#7436,#7444));
#7434 = ORIENTED_EDGE('',*,*,#7297,.F.);
#7435 = ORIENTED_EDGE('',*,*,#7386,.T.);
#7436 = ORIENTED_EDGE('',*,*,#7437,.T.);
#7437 = EDGE_CURVE('',#7387,#7438,#7440,.T.);
#7438 = VERTEX_POINT('',#7439);
#7439 = CARTESIAN_POINT('',(-0.3,0.23,0.));
#7440 = LINE('',#7441,#7442);
#7441 = CARTESIAN_POINT('',(-0.3,-0.25,0.));
#7442 = VECTOR('',#7443,1.);
#7443 = DIRECTION('',(0.,1.,0.));
#7444 = ORIENTED_EDGE('',*,*,#7445,.F.);
#7445 = EDGE_CURVE('',#7298,#7438,#7446,.T.);
#7446 = LINE('',#7447,#7448);
#7447 = CARTESIAN_POINT('',(-0.5,0.23,0.));
#7448 = VECTOR('',#7449,1.);
#7449 = DIRECTION('',(1.,0.,0.));
#7450 = PLANE('',#7451);
#7451 = AXIS2_PLACEMENT_3D('',#7452,#7453,#7454);
#7452 = CARTESIAN_POINT('',(-0.5,-0.25,0.));
#7453 = DIRECTION('',(0.,0.,1.));
#7454 = DIRECTION('',(1.,0.,-0.));
#7455 = ADVANCED_FACE('',(#7456),#7474,.T.);
#7456 = FACE_BOUND('',#7457,.T.);
#7457 = EDGE_LOOP('',(#7458,#7459,#7460,#7468));
#7458 = ORIENTED_EDGE('',*,*,#7331,.F.);
#7459 = ORIENTED_EDGE('',*,*,#7420,.T.);
#7460 = ORIENTED_EDGE('',*,*,#7461,.T.);
#7461 = EDGE_CURVE('',#7412,#7462,#7464,.T.);
#7462 = VERTEX_POINT('',#7463);
#7463 = CARTESIAN_POINT('',(-0.3,0.23,0.5));
#7464 = LINE('',#7465,#7466);
#7465 = CARTESIAN_POINT('',(-0.3,-0.25,0.5));
#7466 = VECTOR('',#7467,1.);
#7467 = DIRECTION('',(0.,1.,0.));
#7468 = ORIENTED_EDGE('',*,*,#7469,.F.);
#7469 = EDGE_CURVE('',#7323,#7462,#7470,.T.);
#7470 = LINE('',#7471,#7472);
#7471 = CARTESIAN_POINT('',(-0.5,0.23,0.5));
#7472 = VECTOR('',#7473,1.);
#7473 = DIRECTION('',(1.,0.,0.));
#7474 = PLANE('',#7475);
#7475 = AXIS2_PLACEMENT_3D('',#7476,#7477,#7478);
#7476 = CARTESIAN_POINT('',(-0.5,-0.25,0.5));
#7477 = DIRECTION('',(0.,0.,1.));
#7478 = DIRECTION('',(1.,0.,-0.));
#7479 = ADVANCED_FACE('',(#7480),#7499,.T.);
#7480 = FACE_BOUND('',#7481,.T.);
#7481 = EDGE_LOOP('',(#7482,#7490,#7497,#7498));
#7482 = ORIENTED_EDGE('',*,*,#7483,.T.);
#7483 = EDGE_CURVE('',#7306,#7484,#7486,.T.);
#7484 = VERTEX_POINT('',#7485);
#7485 = CARTESIAN_POINT('',(-0.3,0.25,2.E-02));
#7486 = LINE('',#7487,#7488);
#7487 = CARTESIAN_POINT('',(-0.5,0.25,2.E-02));
#7488 = VECTOR('',#7489,1.);
#7489 = DIRECTION('',(1.,0.,0.));
#7490 = ORIENTED_EDGE('',*,*,#7491,.T.);
#7491 = EDGE_CURVE('',#7484,#7438,#7492,.T.);
#7492 = CIRCLE('',#7493,2.E-02);
#7493 = AXIS2_PLACEMENT_3D('',#7494,#7495,#7496);
#7494 = CARTESIAN_POINT('',(-0.3,0.23,2.E-02));
#7495 = DIRECTION('',(-1.,0.,0.));
#7496 = DIRECTION('',(0.,0.,1.));
#7497 = ORIENTED_EDGE('',*,*,#7445,.F.);
#7498 = ORIENTED_EDGE('',*,*,#7305,.F.);
#7499 = CYLINDRICAL_SURFACE('',#7500,2.E-02);
#7500 = AXIS2_PLACEMENT_3D('',#7501,#7502,#7503);
#7501 = CARTESIAN_POINT('',(-0.5,0.23,2.E-02));
#7502 = DIRECTION('',(1.,0.,0.));
#7503 = DIRECTION('',(-0.,1.,0.));
#7504 = ADVANCED_FACE('',(#7505),#7524,.T.);
#7505 = FACE_BOUND('',#7506,.T.);
#7506 = EDGE_LOOP('',(#7507,#7508,#7509,#7518));
#7507 = ORIENTED_EDGE('',*,*,#7322,.T.);
#7508 = ORIENTED_EDGE('',*,*,#7469,.T.);
#7509 = ORIENTED_EDGE('',*,*,#7510,.F.);
#7510 = EDGE_CURVE('',#7511,#7462,#7513,.T.);
#7511 = VERTEX_POINT('',#7512);
#7512 = CARTESIAN_POINT('',(-0.3,0.25,0.48));
#7513 = CIRCLE('',#7514,2.E-02);
#7514 = AXIS2_PLACEMENT_3D('',#7515,#7516,#7517);
#7515 = CARTESIAN_POINT('',(-0.3,0.23,0.48));
#7516 = DIRECTION('',(1.,0.,-0.));
#7517 = DIRECTION('',(0.,0.,1.));
#7518 = ORIENTED_EDGE('',*,*,#7519,.F.);
#7519 = EDGE_CURVE('',#7315,#7511,#7520,.T.);
#7520 = LINE('',#7521,#7522);
#7521 = CARTESIAN_POINT('',(-0.5,0.25,0.48));
#7522 = VECTOR('',#7523,1.);
#7523 = DIRECTION('',(1.,0.,0.));
#7524 = CYLINDRICAL_SURFACE('',#7525,2.E-02);
#7525 = AXIS2_PLACEMENT_3D('',#7526,#7527,#7528);
#7526 = CARTESIAN_POINT('',(-0.5,0.23,0.48));
#7527 = DIRECTION('',(1.,0.,0.));
#7528 = DIRECTION('',(-0.,1.,0.));
#7529 = ADVANCED_FACE('',(#7530),#7541,.T.);
#7530 = FACE_BOUND('',#7531,.T.);
#7531 = EDGE_LOOP('',(#7532,#7538,#7539,#7540));
#7532 = ORIENTED_EDGE('',*,*,#7533,.F.);
#7533 = EDGE_CURVE('',#7484,#7511,#7534,.T.);
#7534 = LINE('',#7535,#7536);
#7535 = CARTESIAN_POINT('',(-0.3,0.25,0.));
#7536 = VECTOR('',#7537,1.);
#7537 = DIRECTION('',(0.,0.,1.));
#7538 = ORIENTED_EDGE('',*,*,#7483,.F.);
#7539 = ORIENTED_EDGE('',*,*,#7314,.T.);
#7540 = ORIENTED_EDGE('',*,*,#7519,.T.);
#7541 = PLANE('',#7542);
#7542 = AXIS2_PLACEMENT_3D('',#7543,#7544,#7545);
#7543 = CARTESIAN_POINT('',(-0.5,0.25,0.));
#7544 = DIRECTION('',(0.,1.,0.));
#7545 = DIRECTION('',(0.,-0.,1.));
#7546 = ADVANCED_FACE('',(#7547,#7557),#7627,.T.);
#7547 = FACE_BOUND('',#7548,.T.);
#7548 = EDGE_LOOP('',(#7549,#7550,#7551,#7552,#7553,#7554,#7555,#7556));
#7549 = ORIENTED_EDGE('',*,*,#7354,.F.);
#7550 = ORIENTED_EDGE('',*,*,#7394,.T.);
#7551 = ORIENTED_EDGE('',*,*,#7437,.T.);
#7552 = ORIENTED_EDGE('',*,*,#7491,.F.);
#7553 = ORIENTED_EDGE('',*,*,#7533,.T.);
#7554 = ORIENTED_EDGE('',*,*,#7510,.T.);
#7555 = ORIENTED_EDGE('',*,*,#7461,.F.);
#7556 = ORIENTED_EDGE('',*,*,#7411,.F.);
#7557 = FACE_BOUND('',#7558,.T.);
#7558 = EDGE_LOOP('',(#7559,#7570,#7578,#7587,#7595,#7604,#7612,#7621));
#7559 = ORIENTED_EDGE('',*,*,#7560,.F.);
#7560 = EDGE_CURVE('',#7561,#7563,#7565,.T.);
#7561 = VERTEX_POINT('',#7562);
#7562 = CARTESIAN_POINT('',(-0.3,-0.23,4.E-02));
#7563 = VERTEX_POINT('',#7564);
#7564 = CARTESIAN_POINT('',(-0.3,-0.21,2.E-02));
#7565 = CIRCLE('',#7566,2.E-02);
#7566 = AXIS2_PLACEMENT_3D('',#7567,#7568,#7569);
#7567 = CARTESIAN_POINT('',(-0.3,-0.21,4.E-02));
#7568 = DIRECTION('',(1.,0.,-0.));
#7569 = DIRECTION('',(0.,0.,1.));
#7570 = ORIENTED_EDGE('',*,*,#7571,.T.);
#7571 = EDGE_CURVE('',#7561,#7572,#7574,.T.);
#7572 = VERTEX_POINT('',#7573);
#7573 = CARTESIAN_POINT('',(-0.3,-0.23,0.46));
#7574 = LINE('',#7575,#7576);
#7575 = CARTESIAN_POINT('',(-0.3,-0.23,2.E-02));
#7576 = VECTOR('',#7577,1.);
#7577 = DIRECTION('',(0.,0.,1.));
#7578 = ORIENTED_EDGE('',*,*,#7579,.T.);
#7579 = EDGE_CURVE('',#7572,#7580,#7582,.T.);
#7580 = VERTEX_POINT('',#7581);
#7581 = CARTESIAN_POINT('',(-0.3,-0.21,0.48));
#7582 = CIRCLE('',#7583,2.E-02);
#7583 = AXIS2_PLACEMENT_3D('',#7584,#7585,#7586);
#7584 = CARTESIAN_POINT('',(-0.3,-0.21,0.46));
#7585 = DIRECTION('',(-1.,0.,0.));
#7586 = DIRECTION('',(0.,0.,1.));
#7587 = ORIENTED_EDGE('',*,*,#7588,.T.);
#7588 = EDGE_CURVE('',#7580,#7589,#7591,.T.);
#7589 = VERTEX_POINT('',#7590);
#7590 = CARTESIAN_POINT('',(-0.3,0.21,0.48));
#7591 = LINE('',#7592,#7593);
#7592 = CARTESIAN_POINT('',(-0.3,-0.23,0.48));
#7593 = VECTOR('',#7594,1.);
#7594 = DIRECTION('',(0.,1.,0.));
#7595 = ORIENTED_EDGE('',*,*,#7596,.F.);
#7596 = EDGE_CURVE('',#7597,#7589,#7599,.T.);
#7597 = VERTEX_POINT('',#7598);
#7598 = CARTESIAN_POINT('',(-0.3,0.23,0.46));
#7599 = CIRCLE('',#7600,2.E-02);
#7600 = AXIS2_PLACEMENT_3D('',#7601,#7602,#7603);
#7601 = CARTESIAN_POINT('',(-0.3,0.21,0.46));
#7602 = DIRECTION('',(1.,0.,-0.));
#7603 = DIRECTION('',(0.,0.,1.));
#7604 = ORIENTED_EDGE('',*,*,#7605,.F.);
#7605 = EDGE_CURVE('',#7606,#7597,#7608,.T.);
#7606 = VERTEX_POINT('',#7607);
#7607 = CARTESIAN_POINT('',(-0.3,0.23,4.E-02));
#7608 = LINE('',#7609,#7610);
#7609 = CARTESIAN_POINT('',(-0.3,0.23,2.E-02));
#7610 = VECTOR('',#7611,1.);
#7611 = DIRECTION('',(0.,0.,1.));
#7612 = ORIENTED_EDGE('',*,*,#7613,.T.);
#7613 = EDGE_CURVE('',#7606,#7614,#7616,.T.);
#7614 = VERTEX_POINT('',#7615);
#7615 = CARTESIAN_POINT('',(-0.3,0.21,2.E-02));
#7616 = CIRCLE('',#7617,2.E-02);
#7617 = AXIS2_PLACEMENT_3D('',#7618,#7619,#7620);
#7618 = CARTESIAN_POINT('',(-0.3,0.21,4.E-02));
#7619 = DIRECTION('',(-1.,0.,0.));
#7620 = DIRECTION('',(0.,0.,1.));
#7621 = ORIENTED_EDGE('',*,*,#7622,.F.);
#7622 = EDGE_CURVE('',#7563,#7614,#7623,.T.);
#7623 = LINE('',#7624,#7625);
#7624 = CARTESIAN_POINT('',(-0.3,-0.23,2.E-02));
#7625 = VECTOR('',#7626,1.);
#7626 = DIRECTION('',(0.,1.,0.));
#7627 = PLANE('',#7628);
#7628 = AXIS2_PLACEMENT_3D('',#7629,#7630,#7631);
#7629 = CARTESIAN_POINT('',(-0.3,-0.25,0.));
#7630 = DIRECTION('',(1.,0.,0.));
#7631 = DIRECTION('',(0.,0.,1.));
#7632 = ADVANCED_FACE('',(#7633),#7659,.T.);
#7633 = FACE_BOUND('',#7634,.T.);
#7634 = EDGE_LOOP('',(#7635,#7636,#7644,#7653));
#7635 = ORIENTED_EDGE('',*,*,#7560,.T.);
#7636 = ORIENTED_EDGE('',*,*,#7637,.T.);
#7637 = EDGE_CURVE('',#7563,#7638,#7640,.T.);
#7638 = VERTEX_POINT('',#7639);
#7639 = CARTESIAN_POINT('',(0.3,-0.21,2.E-02));
#7640 = LINE('',#7641,#7642);
#7641 = CARTESIAN_POINT('',(-0.3,-0.21,2.E-02));
#7642 = VECTOR('',#7643,1.);
#7643 = DIRECTION('',(1.,0.,0.));
#7644 = ORIENTED_EDGE('',*,*,#7645,.F.);
#7645 = EDGE_CURVE('',#7646,#7638,#7648,.T.);
#7646 = VERTEX_POINT('',#7647);
#7647 = CARTESIAN_POINT('',(0.3,-0.23,4.E-02));
#7648 = CIRCLE('',#7649,2.E-02);
#7649 = AXIS2_PLACEMENT_3D('',#7650,#7651,#7652);
#7650 = CARTESIAN_POINT('',(0.3,-0.21,4.E-02));
#7651 = DIRECTION('',(1.,0.,-0.));
#7652 = DIRECTION('',(0.,0.,1.));
#7653 = ORIENTED_EDGE('',*,*,#7654,.F.);
#7654 = EDGE_CURVE('',#7561,#7646,#7655,.T.);
#7655 = LINE('',#7656,#7657);
#7656 = CARTESIAN_POINT('',(-0.3,-0.23,4.E-02));
#7657 = VECTOR('',#7658,1.);
#7658 = DIRECTION('',(1.,0.,0.));
#7659 = CYLINDRICAL_SURFACE('',#7660,2.E-02);
#7660 = AXIS2_PLACEMENT_3D('',#7661,#7662,#7663);
#7661 = CARTESIAN_POINT('',(-0.3,-0.21,4.E-02));
#7662 = DIRECTION('',(1.,0.,0.));
#7663 = DIRECTION('',(0.,-1.,0.));
#7664 = ADVANCED_FACE('',(#7665),#7683,.F.);
#7665 = FACE_BOUND('',#7666,.F.);
#7666 = EDGE_LOOP('',(#7667,#7668,#7669,#7677));
#7667 = ORIENTED_EDGE('',*,*,#7622,.F.);
#7668 = ORIENTED_EDGE('',*,*,#7637,.T.);
#7669 = ORIENTED_EDGE('',*,*,#7670,.T.);
#7670 = EDGE_CURVE('',#7638,#7671,#7673,.T.);
#7671 = VERTEX_POINT('',#7672);
#7672 = CARTESIAN_POINT('',(0.3,0.21,2.E-02));
#7673 = LINE('',#7674,#7675);
#7674 = CARTESIAN_POINT('',(0.3,-0.23,2.E-02));
#7675 = VECTOR('',#7676,1.);
#7676 = DIRECTION('',(0.,1.,0.));
#7677 = ORIENTED_EDGE('',*,*,#7678,.F.);
#7678 = EDGE_CURVE('',#7614,#7671,#7679,.T.);
#7679 = LINE('',#7680,#7681);
#7680 = CARTESIAN_POINT('',(-0.3,0.21,2.E-02));
#7681 = VECTOR('',#7682,1.);
#7682 = DIRECTION('',(1.,0.,0.));
#7683 = PLANE('',#7684);
#7684 = AXIS2_PLACEMENT_3D('',#7685,#7686,#7687);
#7685 = CARTESIAN_POINT('',(-0.3,-0.23,2.E-02));
#7686 = DIRECTION('',(0.,0.,1.));
#7687 = DIRECTION('',(1.,0.,-0.));
#7688 = ADVANCED_FACE('',(#7689),#7708,.T.);
#7689 = FACE_BOUND('',#7690,.T.);
#7690 = EDGE_LOOP('',(#7691,#7699,#7706,#7707));
#7691 = ORIENTED_EDGE('',*,*,#7692,.T.);
#7692 = EDGE_CURVE('',#7606,#7693,#7695,.T.);
#7693 = VERTEX_POINT('',#7694);
#7694 = CARTESIAN_POINT('',(0.3,0.23,4.E-02));
#7695 = LINE('',#7696,#7697);
#7696 = CARTESIAN_POINT('',(-0.3,0.23,4.E-02));
#7697 = VECTOR('',#7698,1.);
#7698 = DIRECTION('',(1.,0.,0.));
#7699 = ORIENTED_EDGE('',*,*,#7700,.T.);
#7700 = EDGE_CURVE('',#7693,#7671,#7701,.T.);
#7701 = CIRCLE('',#7702,2.E-02);
#7702 = AXIS2_PLACEMENT_3D('',#7703,#7704,#7705);
#7703 = CARTESIAN_POINT('',(0.3,0.21,4.E-02));
#7704 = DIRECTION('',(-1.,0.,0.));
#7705 = DIRECTION('',(0.,0.,1.));
#7706 = ORIENTED_EDGE('',*,*,#7678,.F.);
#7707 = ORIENTED_EDGE('',*,*,#7613,.F.);
#7708 = CYLINDRICAL_SURFACE('',#7709,2.E-02);
#7709 = AXIS2_PLACEMENT_3D('',#7710,#7711,#7712);
#7710 = CARTESIAN_POINT('',(-0.3,0.21,4.E-02));
#7711 = DIRECTION('',(1.,0.,0.));
#7712 = DIRECTION('',(-0.,1.,0.));
#7713 = ADVANCED_FACE('',(#7714),#7732,.T.);
#7714 = FACE_BOUND('',#7715,.T.);
#7715 = EDGE_LOOP('',(#7716,#7724,#7725,#7726));
#7716 = ORIENTED_EDGE('',*,*,#7717,.F.);
#7717 = EDGE_CURVE('',#7693,#7718,#7720,.T.);
#7718 = VERTEX_POINT('',#7719);
#7719 = CARTESIAN_POINT('',(0.3,0.23,0.46));
#7720 = LINE('',#7721,#7722);
#7721 = CARTESIAN_POINT('',(0.3,0.23,2.E-02));
#7722 = VECTOR('',#7723,1.);
#7723 = DIRECTION('',(0.,0.,1.));
#7724 = ORIENTED_EDGE('',*,*,#7692,.F.);
#7725 = ORIENTED_EDGE('',*,*,#7605,.T.);
#7726 = ORIENTED_EDGE('',*,*,#7727,.T.);
#7727 = EDGE_CURVE('',#7597,#7718,#7728,.T.);
#7728 = LINE('',#7729,#7730);
#7729 = CARTESIAN_POINT('',(-0.3,0.23,0.46));
#7730 = VECTOR('',#7731,1.);
#7731 = DIRECTION('',(1.,0.,0.));
#7732 = PLANE('',#7733);
#7733 = AXIS2_PLACEMENT_3D('',#7734,#7735,#7736);
#7734 = CARTESIAN_POINT('',(-0.3,0.23,2.E-02));
#7735 = DIRECTION('',(0.,1.,0.));
#7736 = DIRECTION('',(0.,-0.,1.));
#7737 = ADVANCED_FACE('',(#7738),#7757,.T.);
#7738 = FACE_BOUND('',#7739,.T.);
#7739 = EDGE_LOOP('',(#7740,#7741,#7749,#7756));
#7740 = ORIENTED_EDGE('',*,*,#7596,.T.);
#7741 = ORIENTED_EDGE('',*,*,#7742,.T.);
#7742 = EDGE_CURVE('',#7589,#7743,#7745,.T.);
#7743 = VERTEX_POINT('',#7744);
#7744 = CARTESIAN_POINT('',(0.3,0.21,0.48));
#7745 = LINE('',#7746,#7747);
#7746 = CARTESIAN_POINT('',(-0.3,0.21,0.48));
#7747 = VECTOR('',#7748,1.);
#7748 = DIRECTION('',(1.,0.,0.));
#7749 = ORIENTED_EDGE('',*,*,#7750,.F.);
#7750 = EDGE_CURVE('',#7718,#7743,#7751,.T.);
#7751 = CIRCLE('',#7752,2.E-02);
#7752 = AXIS2_PLACEMENT_3D('',#7753,#7754,#7755);
#7753 = CARTESIAN_POINT('',(0.3,0.21,0.46));
#7754 = DIRECTION('',(1.,0.,-0.));
#7755 = DIRECTION('',(0.,0.,1.));
#7756 = ORIENTED_EDGE('',*,*,#7727,.F.);
#7757 = CYLINDRICAL_SURFACE('',#7758,2.E-02);
#7758 = AXIS2_PLACEMENT_3D('',#7759,#7760,#7761);
#7759 = CARTESIAN_POINT('',(-0.3,0.21,0.46));
#7760 = DIRECTION('',(1.,0.,0.));
#7761 = DIRECTION('',(-0.,1.,0.));
#7762 = ADVANCED_FACE('',(#7763),#7781,.T.);
#7763 = FACE_BOUND('',#7764,.T.);
#7764 = EDGE_LOOP('',(#7765,#7766,#7774,#7780));
#7765 = ORIENTED_EDGE('',*,*,#7588,.F.);
#7766 = ORIENTED_EDGE('',*,*,#7767,.T.);
#7767 = EDGE_CURVE('',#7580,#7768,#7770,.T.);
#7768 = VERTEX_POINT('',#7769);
#7769 = CARTESIAN_POINT('',(0.3,-0.21,0.48));
#7770 = LINE('',#7771,#7772);
#7771 = CARTESIAN_POINT('',(-0.3,-0.21,0.48));
#7772 = VECTOR('',#7773,1.);
#7773 = DIRECTION('',(1.,0.,0.));
#7774 = ORIENTED_EDGE('',*,*,#7775,.T.);
#7775 = EDGE_CURVE('',#7768,#7743,#7776,.T.);
#7776 = LINE('',#7777,#7778);
#7777 = CARTESIAN_POINT('',(0.3,-0.23,0.48));
#7778 = VECTOR('',#7779,1.);
#7779 = DIRECTION('',(0.,1.,0.));
#7780 = ORIENTED_EDGE('',*,*,#7742,.F.);
#7781 = PLANE('',#7782);
#7782 = AXIS2_PLACEMENT_3D('',#7783,#7784,#7785);
#7783 = CARTESIAN_POINT('',(-0.3,-0.23,0.48));
#7784 = DIRECTION('',(0.,0.,1.));
#7785 = DIRECTION('',(1.,0.,-0.));
#7786 = ADVANCED_FACE('',(#7787),#7806,.T.);
#7787 = FACE_BOUND('',#7788,.T.);
#7788 = EDGE_LOOP('',(#7789,#7797,#7804,#7805));
#7789 = ORIENTED_EDGE('',*,*,#7790,.T.);
#7790 = EDGE_CURVE('',#7572,#7791,#7793,.T.);
#7791 = VERTEX_POINT('',#7792);
#7792 = CARTESIAN_POINT('',(0.3,-0.23,0.46));
#7793 = LINE('',#7794,#7795);
#7794 = CARTESIAN_POINT('',(-0.3,-0.23,0.46));
#7795 = VECTOR('',#7796,1.);
#7796 = DIRECTION('',(1.,0.,0.));
#7797 = ORIENTED_EDGE('',*,*,#7798,.T.);
#7798 = EDGE_CURVE('',#7791,#7768,#7799,.T.);
#7799 = CIRCLE('',#7800,2.E-02);
#7800 = AXIS2_PLACEMENT_3D('',#7801,#7802,#7803);
#7801 = CARTESIAN_POINT('',(0.3,-0.21,0.46));
#7802 = DIRECTION('',(-1.,0.,0.));
#7803 = DIRECTION('',(0.,0.,1.));
#7804 = ORIENTED_EDGE('',*,*,#7767,.F.);
#7805 = ORIENTED_EDGE('',*,*,#7579,.F.);
#7806 = CYLINDRICAL_SURFACE('',#7807,2.E-02);
#7807 = AXIS2_PLACEMENT_3D('',#7808,#7809,#7810);
#7808 = CARTESIAN_POINT('',(-0.3,-0.21,0.46));
#7809 = DIRECTION('',(1.,0.,0.));
#7810 = DIRECTION('',(0.,-1.,0.));
#7811 = ADVANCED_FACE('',(#7812),#7823,.F.);
#7812 = FACE_BOUND('',#7813,.F.);
#7813 = EDGE_LOOP('',(#7814,#7820,#7821,#7822));
#7814 = ORIENTED_EDGE('',*,*,#7815,.F.);
#7815 = EDGE_CURVE('',#7646,#7791,#7816,.T.);
#7816 = LINE('',#7817,#7818);
#7817 = CARTESIAN_POINT('',(0.3,-0.23,2.E-02));
#7818 = VECTOR('',#7819,1.);
#7819 = DIRECTION('',(0.,0.,1.));
#7820 = ORIENTED_EDGE('',*,*,#7654,.F.);
#7821 = ORIENTED_EDGE('',*,*,#7571,.T.);
#7822 = ORIENTED_EDGE('',*,*,#7790,.T.);
#7823 = PLANE('',#7824);
#7824 = AXIS2_PLACEMENT_3D('',#7825,#7826,#7827);
#7825 = CARTESIAN_POINT('',(-0.3,-0.23,2.E-02));
#7826 = DIRECTION('',(0.,1.,0.));
#7827 = DIRECTION('',(0.,-0.,1.));
#7828 = ADVANCED_FACE('',(#7829,#7899),#7909,.F.);
#7829 = FACE_BOUND('',#7830,.F.);
#7830 = EDGE_LOOP('',(#7831,#7841,#7850,#7858,#7867,#7875,#7884,#7892));
#7831 = ORIENTED_EDGE('',*,*,#7832,.F.);
#7832 = EDGE_CURVE('',#7833,#7835,#7837,.T.);
#7833 = VERTEX_POINT('',#7834);
#7834 = CARTESIAN_POINT('',(0.3,-0.25,2.E-02));
#7835 = VERTEX_POINT('',#7836);
#7836 = CARTESIAN_POINT('',(0.3,-0.25,0.48));
#7837 = LINE('',#7838,#7839);
#7838 = CARTESIAN_POINT('',(0.3,-0.25,0.));
#7839 = VECTOR('',#7840,1.);
#7840 = DIRECTION('',(0.,0.,1.));
#7841 = ORIENTED_EDGE('',*,*,#7842,.T.);
#7842 = EDGE_CURVE('',#7833,#7843,#7845,.T.);
#7843 = VERTEX_POINT('',#7844);
#7844 = CARTESIAN_POINT('',(0.3,-0.23,0.));
#7845 = CIRCLE('',#7846,2.E-02);
#7846 = AXIS2_PLACEMENT_3D('',#7847,#7848,#7849);
#7847 = CARTESIAN_POINT('',(0.3,-0.23,2.E-02));
#7848 = DIRECTION('',(1.,0.,-0.));
#7849 = DIRECTION('',(0.,0.,1.));
#7850 = ORIENTED_EDGE('',*,*,#7851,.T.);
#7851 = EDGE_CURVE('',#7843,#7852,#7854,.T.);
#7852 = VERTEX_POINT('',#7853);
#7853 = CARTESIAN_POINT('',(0.3,0.23,0.));
#7854 = LINE('',#7855,#7856);
#7855 = CARTESIAN_POINT('',(0.3,-0.25,0.));
#7856 = VECTOR('',#7857,1.);
#7857 = DIRECTION('',(0.,1.,0.));
#7858 = ORIENTED_EDGE('',*,*,#7859,.F.);
#7859 = EDGE_CURVE('',#7860,#7852,#7862,.T.);
#7860 = VERTEX_POINT('',#7861);
#7861 = CARTESIAN_POINT('',(0.3,0.25,2.E-02));
#7862 = CIRCLE('',#7863,2.E-02);
#7863 = AXIS2_PLACEMENT_3D('',#7864,#7865,#7866);
#7864 = CARTESIAN_POINT('',(0.3,0.23,2.E-02));
#7865 = DIRECTION('',(-1.,0.,0.));
#7866 = DIRECTION('',(0.,0.,1.));
#7867 = ORIENTED_EDGE('',*,*,#7868,.T.);
#7868 = EDGE_CURVE('',#7860,#7869,#7871,.T.);
#7869 = VERTEX_POINT('',#7870);
#7870 = CARTESIAN_POINT('',(0.3,0.25,0.48));
#7871 = LINE('',#7872,#7873);
#7872 = CARTESIAN_POINT('',(0.3,0.25,0.));
#7873 = VECTOR('',#7874,1.);
#7874 = DIRECTION('',(0.,0.,1.));
#7875 = ORIENTED_EDGE('',*,*,#7876,.T.);
#7876 = EDGE_CURVE('',#7869,#7877,#7879,.T.);
#7877 = VERTEX_POINT('',#7878);
#7878 = CARTESIAN_POINT('',(0.3,0.23,0.5));
#7879 = CIRCLE('',#7880,2.E-02);
#7880 = AXIS2_PLACEMENT_3D('',#7881,#7882,#7883);
#7881 = CARTESIAN_POINT('',(0.3,0.23,0.48));
#7882 = DIRECTION('',(1.,0.,-0.));
#7883 = DIRECTION('',(0.,0.,1.));
#7884 = ORIENTED_EDGE('',*,*,#7885,.F.);
#7885 = EDGE_CURVE('',#7886,#7877,#7888,.T.);
#7886 = VERTEX_POINT('',#7887);
#7887 = CARTESIAN_POINT('',(0.3,-0.23,0.5));
#7888 = LINE('',#7889,#7890);
#7889 = CARTESIAN_POINT('',(0.3,-0.25,0.5));
#7890 = VECTOR('',#7891,1.);
#7891 = DIRECTION('',(0.,1.,0.));
#7892 = ORIENTED_EDGE('',*,*,#7893,.F.);
#7893 = EDGE_CURVE('',#7835,#7886,#7894,.T.);
#7894 = CIRCLE('',#7895,2.E-02);
#7895 = AXIS2_PLACEMENT_3D('',#7896,#7897,#7898);
#7896 = CARTESIAN_POINT('',(0.3,-0.23,0.48));
#7897 = DIRECTION('',(-1.,0.,0.));
#7898 = DIRECTION('',(0.,0.,1.));
#7899 = FACE_BOUND('',#7900,.F.);
#7900 = EDGE_LOOP('',(#7901,#7902,#7903,#7904,#7905,#7906,#7907,#7908));
#7901 = ORIENTED_EDGE('',*,*,#7645,.F.);
#7902 = ORIENTED_EDGE('',*,*,#7815,.T.);
#7903 = ORIENTED_EDGE('',*,*,#7798,.T.);
#7904 = ORIENTED_EDGE('',*,*,#7775,.T.);
#7905 = ORIENTED_EDGE('',*,*,#7750,.F.);
#7906 = ORIENTED_EDGE('',*,*,#7717,.F.);
#7907 = ORIENTED_EDGE('',*,*,#7700,.T.);
#7908 = ORIENTED_EDGE('',*,*,#7670,.F.);
#7909 = PLANE('',#7910);
#7910 = AXIS2_PLACEMENT_3D('',#7911,#7912,#7913);
#7911 = CARTESIAN_POINT('',(0.3,-0.25,0.));
#7912 = DIRECTION('',(1.,0.,0.));
#7913 = DIRECTION('',(0.,0.,1.));
#7914 = ADVANCED_FACE('',(#7915),#7940,.F.);
#7915 = FACE_BOUND('',#7916,.F.);
#7916 = EDGE_LOOP('',(#7917,#7927,#7933,#7934));
#7917 = ORIENTED_EDGE('',*,*,#7918,.F.);
#7918 = EDGE_CURVE('',#7919,#7921,#7923,.T.);
#7919 = VERTEX_POINT('',#7920);
#7920 = CARTESIAN_POINT('',(0.5,-0.25,2.E-02));
#7921 = VERTEX_POINT('',#7922);
#7922 = CARTESIAN_POINT('',(0.5,-0.25,0.48));
#7923 = LINE('',#7924,#7925);
#7924 = CARTESIAN_POINT('',(0.5,-0.25,0.));
#7925 = VECTOR('',#7926,1.);
#7926 = DIRECTION('',(0.,0.,1.));
#7927 = ORIENTED_EDGE('',*,*,#7928,.F.);
#7928 = EDGE_CURVE('',#7833,#7919,#7929,.T.);
#7929 = LINE('',#7930,#7931);
#7930 = CARTESIAN_POINT('',(0.3,-0.25,2.E-02));
#7931 = VECTOR('',#7932,1.);
#7932 = DIRECTION('',(1.,0.,0.));
#7933 = ORIENTED_EDGE('',*,*,#7832,.T.);
#7934 = ORIENTED_EDGE('',*,*,#7935,.T.);
#7935 = EDGE_CURVE('',#7835,#7921,#7936,.T.);
#7936 = LINE('',#7937,#7938);
#7937 = CARTESIAN_POINT('',(0.3,-0.25,0.48));
#7938 = VECTOR('',#7939,1.);
#7939 = DIRECTION('',(1.,0.,0.));
#7940 = PLANE('',#7941);
#7941 = AXIS2_PLACEMENT_3D('',#7942,#7943,#7944);
#7942 = CARTESIAN_POINT('',(0.3,-0.25,0.));
#7943 = DIRECTION('',(0.,1.,0.));
#7944 = DIRECTION('',(0.,-0.,1.));
#7945 = ADVANCED_FACE('',(#7946),#7965,.T.);
#7946 = FACE_BOUND('',#7947,.T.);
#7947 = EDGE_LOOP('',(#7948,#7949,#7957,#7964));
#7948 = ORIENTED_EDGE('',*,*,#7842,.T.);
#7949 = ORIENTED_EDGE('',*,*,#7950,.T.);
#7950 = EDGE_CURVE('',#7843,#7951,#7953,.T.);
#7951 = VERTEX_POINT('',#7952);
#7952 = CARTESIAN_POINT('',(0.5,-0.23,0.));
#7953 = LINE('',#7954,#7955);
#7954 = CARTESIAN_POINT('',(0.3,-0.23,0.));
#7955 = VECTOR('',#7956,1.);
#7956 = DIRECTION('',(1.,0.,0.));
#7957 = ORIENTED_EDGE('',*,*,#7958,.F.);
#7958 = EDGE_CURVE('',#7919,#7951,#7959,.T.);
#7959 = CIRCLE('',#7960,2.E-02);
#7960 = AXIS2_PLACEMENT_3D('',#7961,#7962,#7963);
#7961 = CARTESIAN_POINT('',(0.5,-0.23,2.E-02));
#7962 = DIRECTION('',(1.,0.,-0.));
#7963 = DIRECTION('',(0.,0.,1.));
#7964 = ORIENTED_EDGE('',*,*,#7928,.F.);
#7965 = CYLINDRICAL_SURFACE('',#7966,2.E-02);
#7966 = AXIS2_PLACEMENT_3D('',#7967,#7968,#7969);
#7967 = CARTESIAN_POINT('',(0.3,-0.23,2.E-02));
#7968 = DIRECTION('',(1.,0.,0.));
#7969 = DIRECTION('',(0.,-1.,0.));
#7970 = ADVANCED_FACE('',(#7971),#7990,.T.);
#7971 = FACE_BOUND('',#7972,.T.);
#7972 = EDGE_LOOP('',(#7973,#7974,#7983,#7989));
#7973 = ORIENTED_EDGE('',*,*,#7935,.T.);
#7974 = ORIENTED_EDGE('',*,*,#7975,.T.);
#7975 = EDGE_CURVE('',#7921,#7976,#7978,.T.);
#7976 = VERTEX_POINT('',#7977);
#7977 = CARTESIAN_POINT('',(0.5,-0.23,0.5));
#7978 = CIRCLE('',#7979,2.E-02);
#7979 = AXIS2_PLACEMENT_3D('',#7980,#7981,#7982);
#7980 = CARTESIAN_POINT('',(0.5,-0.23,0.48));
#7981 = DIRECTION('',(-1.,0.,0.));
#7982 = DIRECTION('',(0.,0.,1.));
#7983 = ORIENTED_EDGE('',*,*,#7984,.F.);
#7984 = EDGE_CURVE('',#7886,#7976,#7985,.T.);
#7985 = LINE('',#7986,#7987);
#7986 = CARTESIAN_POINT('',(0.3,-0.23,0.5));
#7987 = VECTOR('',#7988,1.);
#7988 = DIRECTION('',(1.,0.,0.));
#7989 = ORIENTED_EDGE('',*,*,#7893,.F.);
#7990 = CYLINDRICAL_SURFACE('',#7991,2.E-02);
#7991 = AXIS2_PLACEMENT_3D('',#7992,#7993,#7994);
#7992 = CARTESIAN_POINT('',(0.3,-0.23,0.48));
#7993 = DIRECTION('',(1.,0.,0.));
#7994 = DIRECTION('',(0.,-1.,0.));
#7995 = ADVANCED_FACE('',(#7996),#8014,.F.);
#7996 = FACE_BOUND('',#7997,.F.);
#7997 = EDGE_LOOP('',(#7998,#7999,#8000,#8008));
#7998 = ORIENTED_EDGE('',*,*,#7851,.F.);
#7999 = ORIENTED_EDGE('',*,*,#7950,.T.);
#8000 = ORIENTED_EDGE('',*,*,#8001,.T.);
#8001 = EDGE_CURVE('',#7951,#8002,#8004,.T.);
#8002 = VERTEX_POINT('',#8003);
#8003 = CARTESIAN_POINT('',(0.5,0.23,0.));
#8004 = LINE('',#8005,#8006);
#8005 = CARTESIAN_POINT('',(0.5,-0.25,0.));
#8006 = VECTOR('',#8007,1.);
#8007 = DIRECTION('',(0.,1.,0.));
#8008 = ORIENTED_EDGE('',*,*,#8009,.F.);
#8009 = EDGE_CURVE('',#7852,#8002,#8010,.T.);
#8010 = LINE('',#8011,#8012);
#8011 = CARTESIAN_POINT('',(0.3,0.23,0.));
#8012 = VECTOR('',#8013,1.);
#8013 = DIRECTION('',(1.,0.,0.));
#8014 = PLANE('',#8015);
#8015 = AXIS2_PLACEMENT_3D('',#8016,#8017,#8018);
#8016 = CARTESIAN_POINT('',(0.3,-0.25,0.));
#8017 = DIRECTION('',(0.,0.,1.));
#8018 = DIRECTION('',(1.,0.,-0.));
#8019 = ADVANCED_FACE('',(#8020),#8038,.T.);
#8020 = FACE_BOUND('',#8021,.T.);
#8021 = EDGE_LOOP('',(#8022,#8023,#8024,#8032));
#8022 = ORIENTED_EDGE('',*,*,#7885,.F.);
#8023 = ORIENTED_EDGE('',*,*,#7984,.T.);
#8024 = ORIENTED_EDGE('',*,*,#8025,.T.);
#8025 = EDGE_CURVE('',#7976,#8026,#8028,.T.);
#8026 = VERTEX_POINT('',#8027);
#8027 = CARTESIAN_POINT('',(0.5,0.23,0.5));
#8028 = LINE('',#8029,#8030);
#8029 = CARTESIAN_POINT('',(0.5,-0.25,0.5));
#8030 = VECTOR('',#8031,1.);
#8031 = DIRECTION('',(0.,1.,0.));
#8032 = ORIENTED_EDGE('',*,*,#8033,.F.);
#8033 = EDGE_CURVE('',#7877,#8026,#8034,.T.);
#8034 = LINE('',#8035,#8036);
#8035 = CARTESIAN_POINT('',(0.3,0.23,0.5));
#8036 = VECTOR('',#8037,1.);
#8037 = DIRECTION('',(1.,0.,0.));
#8038 = PLANE('',#8039);
#8039 = AXIS2_PLACEMENT_3D('',#8040,#8041,#8042);
#8040 = CARTESIAN_POINT('',(0.3,-0.25,0.5));
#8041 = DIRECTION('',(0.,0.,1.));
#8042 = DIRECTION('',(1.,0.,-0.));
#8043 = ADVANCED_FACE('',(#8044),#8063,.T.);
#8044 = FACE_BOUND('',#8045,.T.);
#8045 = EDGE_LOOP('',(#8046,#8054,#8061,#8062));
#8046 = ORIENTED_EDGE('',*,*,#8047,.T.);
#8047 = EDGE_CURVE('',#7860,#8048,#8050,.T.);
#8048 = VERTEX_POINT('',#8049);
#8049 = CARTESIAN_POINT('',(0.5,0.25,2.E-02));
#8050 = LINE('',#8051,#8052);
#8051 = CARTESIAN_POINT('',(0.3,0.25,2.E-02));
#8052 = VECTOR('',#8053,1.);
#8053 = DIRECTION('',(1.,0.,0.));
#8054 = ORIENTED_EDGE('',*,*,#8055,.T.);
#8055 = EDGE_CURVE('',#8048,#8002,#8056,.T.);
#8056 = CIRCLE('',#8057,2.E-02);
#8057 = AXIS2_PLACEMENT_3D('',#8058,#8059,#8060);
#8058 = CARTESIAN_POINT('',(0.5,0.23,2.E-02));
#8059 = DIRECTION('',(-1.,0.,0.));
#8060 = DIRECTION('',(0.,0.,1.));
#8061 = ORIENTED_EDGE('',*,*,#8009,.F.);
#8062 = ORIENTED_EDGE('',*,*,#7859,.F.);
#8063 = CYLINDRICAL_SURFACE('',#8064,2.E-02);
#8064 = AXIS2_PLACEMENT_3D('',#8065,#8066,#8067);
#8065 = CARTESIAN_POINT('',(0.3,0.23,2.E-02));
#8066 = DIRECTION('',(1.,0.,0.));
#8067 = DIRECTION('',(-0.,1.,0.));
#8068 = ADVANCED_FACE('',(#8069),#8088,.T.);
#8069 = FACE_BOUND('',#8070,.T.);
#8070 = EDGE_LOOP('',(#8071,#8072,#8073,#8082));
#8071 = ORIENTED_EDGE('',*,*,#7876,.T.);
#8072 = ORIENTED_EDGE('',*,*,#8033,.T.);
#8073 = ORIENTED_EDGE('',*,*,#8074,.F.);
#8074 = EDGE_CURVE('',#8075,#8026,#8077,.T.);
#8075 = VERTEX_POINT('',#8076);
#8076 = CARTESIAN_POINT('',(0.5,0.25,0.48));
#8077 = CIRCLE('',#8078,2.E-02);
#8078 = AXIS2_PLACEMENT_3D('',#8079,#8080,#8081);
#8079 = CARTESIAN_POINT('',(0.5,0.23,0.48));
#8080 = DIRECTION('',(1.,0.,-0.));
#8081 = DIRECTION('',(0.,0.,1.));
#8082 = ORIENTED_EDGE('',*,*,#8083,.F.);
#8083 = EDGE_CURVE('',#7869,#8075,#8084,.T.);
#8084 = LINE('',#8085,#8086);
#8085 = CARTESIAN_POINT('',(0.3,0.25,0.48));
#8086 = VECTOR('',#8087,1.);
#8087 = DIRECTION('',(1.,0.,0.));
#8088 = CYLINDRICAL_SURFACE('',#8089,2.E-02);
#8089 = AXIS2_PLACEMENT_3D('',#8090,#8091,#8092);
#8090 = CARTESIAN_POINT('',(0.3,0.23,0.48));
#8091 = DIRECTION('',(1.,0.,0.));
#8092 = DIRECTION('',(-0.,1.,0.));
#8093 = ADVANCED_FACE('',(#8094),#8105,.T.);
#8094 = FACE_BOUND('',#8095,.T.);
#8095 = EDGE_LOOP('',(#8096,#8102,#8103,#8104));
#8096 = ORIENTED_EDGE('',*,*,#8097,.F.);
#8097 = EDGE_CURVE('',#8048,#8075,#8098,.T.);
#8098 = LINE('',#8099,#8100);
#8099 = CARTESIAN_POINT('',(0.5,0.25,0.));
#8100 = VECTOR('',#8101,1.);
#8101 = DIRECTION('',(0.,0.,1.));
#8102 = ORIENTED_EDGE('',*,*,#8047,.F.);
#8103 = ORIENTED_EDGE('',*,*,#7868,.T.);
#8104 = ORIENTED_EDGE('',*,*,#8083,.T.);
#8105 = PLANE('',#8106);
#8106 = AXIS2_PLACEMENT_3D('',#8107,#8108,#8109);
#8107 = CARTESIAN_POINT('',(0.3,0.25,0.));
#8108 = DIRECTION('',(0.,1.,0.));
#8109 = DIRECTION('',(0.,-0.,1.));
#8110 = ADVANCED_FACE('',(#8111),#8121,.T.);
#8111 = FACE_BOUND('',#8112,.T.);
#8112 = EDGE_LOOP('',(#8113,#8114,#8115,#8116,#8117,#8118,#8119,#8120));
#8113 = ORIENTED_EDGE('',*,*,#7918,.F.);
#8114 = ORIENTED_EDGE('',*,*,#7958,.T.);
#8115 = ORIENTED_EDGE('',*,*,#8001,.T.);
#8116 = ORIENTED_EDGE('',*,*,#8055,.F.);
#8117 = ORIENTED_EDGE('',*,*,#8097,.T.);
#8118 = ORIENTED_EDGE('',*,*,#8074,.T.);
#8119 = ORIENTED_EDGE('',*,*,#8025,.F.);
#8120 = ORIENTED_EDGE('',*,*,#7975,.F.);
#8121 = PLANE('',#8122);
#8122 = AXIS2_PLACEMENT_3D('',#8123,#8124,#8125);
#8123 = CARTESIAN_POINT('',(0.5,-0.25,0.));
#8124 = DIRECTION('',(1.,0.,0.));
#8125 = DIRECTION('',(0.,0.,1.));
#8126 = ( GEOMETRIC_REPRESENTATION_CONTEXT(3) 
GLOBAL_UNCERTAINTY_ASSIGNED_CONTEXT((#8130)) 
GLOBAL_UNIT_ASSIGNED_CONTEXT((#8127,#8128,#8129)) REPRESENTATION_CONTEXT
('Context #1','3D Context with UNIT and UNCERTAINTY') );
#8127 = ( LENGTH_UNIT() NAMED_UNIT(*) SI_UNIT(.MILLI.,.METRE.) );
#8128 = ( NAMED_UNIT(*) PLANE_ANGLE_UNIT() SI_UNIT($,.RADIAN.) );
#8129 = ( NAMED_UNIT(*) SI_UNIT($,.STERADIAN.) SOLID_ANGLE_UNIT() );
#8130 = UNCERTAINTY_MEASURE_WITH_UNIT(LENGTH_MEASURE(1.E-07),#8127,
  'distance_accuracy_value','confusion accuracy');
#8131 = CONTEXT_DEPENDENT_SHAPE_REPRESENTATION(#8132,#8134);
#8132 = ( REPRESENTATION_RELATIONSHIP('','',#7271,#7248) 
REPRESENTATION_RELATIONSHIP_WITH_TRANSFORMATION(#8133) 
SHAPE_REPRESENTATION_RELATIONSHIP() );
#8133 = ITEM_DEFINED_TRANSFORMATION('','',#11,#7249);
#8134 = PRODUCT_DEFINITION_SHAPE('Placement','Placement of an item',
  #8135);
#8135 = NEXT_ASSEMBLY_USAGE_OCCURRENCE('24','=>[0:1:1:17]','',#7243,
  #7266,$);
#8136 = PRODUCT_RELATED_PRODUCT_CATEGORY('part',$,(#7268));
#8137 = CONTEXT_DEPENDENT_SHAPE_REPRESENTATION(#8138,#8140);
#8138 = ( REPRESENTATION_RELATIONSHIP('','',#5505,#10) 
REPRESENTATION_RELATIONSHIP_WITH_TRANSFORMATION(#8139) 
SHAPE_REPRESENTATION_RELATIONSHIP() );
#8139 = ITEM_DEFINED_TRANSFORMATION('','',#11,#83);
#8140 = PRODUCT_DEFINITION_SHAPE('Placement','Placement of an item',
  #8141);
#8141 = NEXT_ASSEMBLY_USAGE_OCCURRENCE('26','C6','',#5,#5500,$);
#8142 = CONTEXT_DEPENDENT_SHAPE_REPRESENTATION(#8143,#8145);
#8143 = ( REPRESENTATION_RELATIONSHIP('','',#7248,#10) 
REPRESENTATION_RELATIONSHIP_WITH_TRANSFORMATION(#8144) 
SHAPE_REPRESENTATION_RELATIONSHIP() );
#8144 = ITEM_DEFINED_TRANSFORMATION('','',#11,#87);
#8145 = PRODUCT_DEFINITION_SHAPE('Placement','Placement of an item',
  #8146);
#8146 = NEXT_ASSEMBLY_USAGE_OCCURRENCE('27','C1','',#5,#7243,$);
#8147 = CONTEXT_DEPENDENT_SHAPE_REPRESENTATION(#8148,#8150);
#8148 = ( REPRESENTATION_RELATIONSHIP('','',#2394,#10) 
REPRESENTATION_RELATIONSHIP_WITH_TRANSFORMATION(#8149) 
SHAPE_REPRESENTATION_RELATIONSHIP() );
#8149 = ITEM_DEFINED_TRANSFORMATION('','',#11,#91);
#8150 = PRODUCT_DEFINITION_SHAPE('Placement','Placement of an item',
  #8151);
#8151 = NEXT_ASSEMBLY_USAGE_OCCURRENCE('28','U3','',#5,#2389,$);
#8152 = SHAPE_DEFINITION_REPRESENTATION(#8153,#8159);
#8153 = PRODUCT_DEFINITION_SHAPE('','',#8154);
#8154 = PRODUCT_DEFINITION('design','',#8155,#8158);
#8155 = PRODUCT_DEFINITION_FORMATION('','',#8156);
#8156 = PRODUCT('DFN-8-1EP_2x3mm_P0.5mm_EP0.61x2.2mm',
  'DFN-8-1EP_2x3mm_P0.5mm_EP0.61x2.2mm','',(#8157));
#8157 = PRODUCT_CONTEXT('',#2,'mechanical');
#8158 = PRODUCT_DEFINITION_CONTEXT('part definition',#2,'design');
#8159 = SHAPE_REPRESENTATION('',(#11,#8160),#8164);
#8160 = AXIS2_PLACEMENT_3D('',#8161,#8162,#8163);
#8161 = CARTESIAN_POINT('',(0.,0.,0.));
#8162 = DIRECTION('',(0.,0.,1.));
#8163 = DIRECTION('',(1.,0.,-0.));
#8164 = ( GEOMETRIC_REPRESENTATION_CONTEXT(3) 
GLOBAL_UNCERTAINTY_ASSIGNED_CONTEXT((#8168)) 
GLOBAL_UNIT_ASSIGNED_CONTEXT((#8165,#8166,#8167)) REPRESENTATION_CONTEXT
('Context #1','3D Context with UNIT and UNCERTAINTY') );
#8165 = ( LENGTH_UNIT() NAMED_UNIT(*) SI_UNIT(.MILLI.,.METRE.) );
#8166 = ( NAMED_UNIT(*) PLANE_ANGLE_UNIT() SI_UNIT($,.RADIAN.) );
#8167 = ( NAMED_UNIT(*) SI_UNIT($,.STERADIAN.) SOLID_ANGLE_UNIT() );
#8168 = UNCERTAINTY_MEASURE_WITH_UNIT(LENGTH_MEASURE(1.E-07),#8165,
  'distance_accuracy_value','confusion accuracy');
#8169 = CONTEXT_DEPENDENT_SHAPE_REPRESENTATION(#8170,#8172);
#8170 = ( REPRESENTATION_RELATIONSHIP('','',#8159,#10) 
REPRESENTATION_RELATIONSHIP_WITH_TRANSFORMATION(#8171) 
SHAPE_REPRESENTATION_RELATIONSHIP() );
#8171 = ITEM_DEFINED_TRANSFORMATION('','',#11,#95);
#8172 = PRODUCT_DEFINITION_SHAPE('Placement','Placement of an item',
  #8173);
#8173 = NEXT_ASSEMBLY_USAGE_OCCURRENCE('30','U4','',#5,#8154,$);
#8174 = PRODUCT_RELATED_PRODUCT_CATEGORY('part',$,(#8156));
#8175 = SHAPE_DEFINITION_REPRESENTATION(#8176,#8182);
#8176 = PRODUCT_DEFINITION_SHAPE('','',#8177);
#8177 = PRODUCT_DEFINITION('design','',#8178,#8181);
#8178 = PRODUCT_DEFINITION_FORMATION('','',#8179);
#8179 = PRODUCT('DFN-8-1EP_2x3mm_Pitch0.5mm',
  'DFN-8-1EP_2x3mm_Pitch0.5mm','',(#8180));
#8180 = PRODUCT_CONTEXT('',#2,'mechanical');
#8181 = PRODUCT_DEFINITION_CONTEXT('part definition',#2,'design');
#8182 = ADVANCED_BREP_SHAPE_REPRESENTATION('',(#11,#8183),#10153);
#8183 = MANIFOLD_SOLID_BREP('',#8184);
#8184 = CLOSED_SHELL('',(#8185,#8226,#8273,#8298,#8338,#8355,#8677,#8786
    ,#8798,#8921,#8938,#8978,#9003,#9043,#9076,#9101,#9134,#9174,#9199,
    #9239,#9272,#9297,#9330,#9370,#9395,#9428,#9468,#9493,#9533,#9566,
    #9591,#9624,#9641,#9672,#9696,#9720,#9744,#9761,#9784,#9801,#9818,
    #9835,#9852,#9869,#9886,#9903,#9920,#9932,#9949,#9961,#9978,#9990,
    #10007,#10019,#10036,#10048,#10065,#10077,#10094,#10106,#10119,
    #10144));
#8185 = ADVANCED_FACE('',(#8186),#8221,.T.);
#8186 = FACE_BOUND('',#8187,.F.);
#8187 = EDGE_LOOP('',(#8188,#8198,#8207,#8215));
#8188 = ORIENTED_EDGE('',*,*,#8189,.T.);
#8189 = EDGE_CURVE('',#8190,#8192,#8194,.T.);
#8190 = VERTEX_POINT('',#8191);
#8191 = CARTESIAN_POINT('',(-1.,-0.375,0.));
#8192 = VERTEX_POINT('',#8193);
#8193 = CARTESIAN_POINT('',(-0.725,-0.375,0.));
#8194 = LINE('',#8195,#8196);
#8195 = CARTESIAN_POINT('',(-1.,-0.375,0.));
#8196 = VECTOR('',#8197,1.);
#8197 = DIRECTION('',(1.,-4.669739647545E-16,0.));
#8198 = ORIENTED_EDGE('',*,*,#8199,.T.);
#8199 = EDGE_CURVE('',#8192,#8200,#8202,.T.);
#8200 = VERTEX_POINT('',#8201);
#8201 = CARTESIAN_POINT('',(-0.725,-0.125,0.));
#8202 = CIRCLE('',#8203,0.125);
#8203 = AXIS2_PLACEMENT_3D('',#8204,#8205,#8206);
#8204 = CARTESIAN_POINT('',(-0.725,-0.25,0.));
#8205 = DIRECTION('',(0.,0.,1.));
#8206 = DIRECTION('',(-4.669739647545E-16,-1.,0.));
#8207 = ORIENTED_EDGE('',*,*,#8208,.T.);
#8208 = EDGE_CURVE('',#8200,#8209,#8211,.T.);
#8209 = VERTEX_POINT('',#8210);
#8210 = CARTESIAN_POINT('',(-1.,-0.125,0.));
#8211 = LINE('',#8212,#8213);
#8212 = CARTESIAN_POINT('',(-0.725,-0.125,0.));
#8213 = VECTOR('',#8214,1.);
#8214 = DIRECTION('',(-1.,4.669739647545E-16,0.));
#8215 = ORIENTED_EDGE('',*,*,#8216,.T.);
#8216 = EDGE_CURVE('',#8209,#8190,#8217,.T.);
#8217 = LINE('',#8218,#8219);
#8218 = CARTESIAN_POINT('',(-1.,-0.125,0.));
#8219 = VECTOR('',#8220,1.);
#8220 = DIRECTION('',(-4.669739647545E-16,-1.,0.));
#8221 = PLANE('',#8222);
#8222 = AXIS2_PLACEMENT_3D('',#8223,#8224,#8225);
#8223 = CARTESIAN_POINT('',(-1.,-0.375,0.));
#8224 = DIRECTION('',(0.,-0.,-1.));
#8225 = DIRECTION('',(4.669739647545E-16,1.,0.));
#8226 = ADVANCED_FACE('',(#8227),#8268,.F.);
#8227 = FACE_BOUND('',#8228,.F.);
#8228 = EDGE_LOOP('',(#8229,#8230,#8238,#8246,#8254,#8262));
#8229 = ORIENTED_EDGE('',*,*,#8189,.F.);
#8230 = ORIENTED_EDGE('',*,*,#8231,.T.);
#8231 = EDGE_CURVE('',#8190,#8232,#8234,.T.);
#8232 = VERTEX_POINT('',#8233);
#8233 = CARTESIAN_POINT('',(-1.,-0.375,0.2));
#8234 = LINE('',#8235,#8236);
#8235 = CARTESIAN_POINT('',(-1.,-0.375,0.));
#8236 = VECTOR('',#8237,1.);
#8237 = DIRECTION('',(0.,0.,1.));
#8238 = ORIENTED_EDGE('',*,*,#8239,.T.);
#8239 = EDGE_CURVE('',#8232,#8240,#8242,.T.);
#8240 = VERTEX_POINT('',#8241);
#8241 = CARTESIAN_POINT('',(-0.99,-0.375,0.2));
#8242 = LINE('',#8243,#8244);
#8243 = CARTESIAN_POINT('',(-1.,-0.375,0.2));
#8244 = VECTOR('',#8245,1.);
#8245 = DIRECTION('',(1.,-4.669739647545E-16,0.));
#8246 = ORIENTED_EDGE('',*,*,#8247,.F.);
#8247 = EDGE_CURVE('',#8248,#8240,#8250,.T.);
#8248 = VERTEX_POINT('',#8249);
#8249 = CARTESIAN_POINT('',(-0.99,-0.375,2.E-02));
#8250 = LINE('',#8251,#8252);
#8251 = CARTESIAN_POINT('',(-0.99,-0.375,1.E-02));
#8252 = VECTOR('',#8253,1.);
#8253 = DIRECTION('',(0.,0.,1.));
#8254 = ORIENTED_EDGE('',*,*,#8255,.F.);
#8255 = EDGE_CURVE('',#8256,#8248,#8258,.T.);
#8256 = VERTEX_POINT('',#8257);
#8257 = CARTESIAN_POINT('',(-0.725,-0.375,2.E-02));
#8258 = LINE('',#8259,#8260);
#8259 = CARTESIAN_POINT('',(-0.995,-0.375,2.E-02));
#8260 = VECTOR('',#8261,1.);
#8261 = DIRECTION('',(-1.,4.669739647545E-16,0.));
#8262 = ORIENTED_EDGE('',*,*,#8263,.F.);
#8263 = EDGE_CURVE('',#8192,#8256,#8264,.T.);
#8264 = LINE('',#8265,#8266);
#8265 = CARTESIAN_POINT('',(-0.725,-0.375,0.));
#8266 = VECTOR('',#8267,1.);
#8267 = DIRECTION('',(0.,0.,1.));
#8268 = PLANE('',#8269);
#8269 = AXIS2_PLACEMENT_3D('',#8270,#8271,#8272);
#8270 = CARTESIAN_POINT('',(-1.,-0.375,0.));
#8271 = DIRECTION('',(4.669739647545E-16,1.,0.));
#8272 = DIRECTION('',(1.,-4.669739647545E-16,0.));
#8273 = ADVANCED_FACE('',(#8274),#8293,.T.);
#8274 = FACE_BOUND('',#8275,.T.);
#8275 = EDGE_LOOP('',(#8276,#8284,#8291,#8292));
#8276 = ORIENTED_EDGE('',*,*,#8277,.T.);
#8277 = EDGE_CURVE('',#8200,#8278,#8280,.T.);
#8278 = VERTEX_POINT('',#8279);
#8279 = CARTESIAN_POINT('',(-0.725,-0.125,2.E-02));
#8280 = LINE('',#8281,#8282);
#8281 = CARTESIAN_POINT('',(-0.725,-0.125,0.));
#8282 = VECTOR('',#8283,1.);
#8283 = DIRECTION('',(0.,0.,1.));
#8284 = ORIENTED_EDGE('',*,*,#8285,.T.);
#8285 = EDGE_CURVE('',#8278,#8256,#8286,.T.);
#8286 = CIRCLE('',#8287,0.125);
#8287 = AXIS2_PLACEMENT_3D('',#8288,#8289,#8290);
#8288 = CARTESIAN_POINT('',(-0.725,-0.25,2.E-02));
#8289 = DIRECTION('',(-0.,0.,-1.));
#8290 = DIRECTION('',(-4.669739647545E-16,-1.,0.));
#8291 = ORIENTED_EDGE('',*,*,#8263,.F.);
#8292 = ORIENTED_EDGE('',*,*,#8199,.T.);
#8293 = CYLINDRICAL_SURFACE('',#8294,0.125);
#8294 = AXIS2_PLACEMENT_3D('',#8295,#8296,#8297);
#8295 = CARTESIAN_POINT('',(-0.725,-0.25,0.));
#8296 = DIRECTION('',(0.,0.,-1.));
#8297 = DIRECTION('',(-4.669739647545E-16,-1.,-0.));
#8298 = ADVANCED_FACE('',(#8299),#8333,.F.);
#8299 = FACE_BOUND('',#8300,.F.);
#8300 = EDGE_LOOP('',(#8301,#8302,#8303,#8311,#8319,#8327));
#8301 = ORIENTED_EDGE('',*,*,#8208,.F.);
#8302 = ORIENTED_EDGE('',*,*,#8277,.T.);
#8303 = ORIENTED_EDGE('',*,*,#8304,.F.);
#8304 = EDGE_CURVE('',#8305,#8278,#8307,.T.);
#8305 = VERTEX_POINT('',#8306);
#8306 = CARTESIAN_POINT('',(-0.99,-0.125,2.E-02));
#8307 = LINE('',#8308,#8309);
#8308 = CARTESIAN_POINT('',(-0.8575,-0.125,2.E-02));
#8309 = VECTOR('',#8310,1.);
#8310 = DIRECTION('',(1.,-4.669739647545E-16,0.));
#8311 = ORIENTED_EDGE('',*,*,#8312,.F.);
#8312 = EDGE_CURVE('',#8313,#8305,#8315,.T.);
#8313 = VERTEX_POINT('',#8314);
#8314 = CARTESIAN_POINT('',(-0.99,-0.125,0.2));
#8315 = LINE('',#8316,#8317);
#8316 = CARTESIAN_POINT('',(-0.99,-0.125,1.E-02));
#8317 = VECTOR('',#8318,1.);
#8318 = DIRECTION('',(0.,-0.,-1.));
#8319 = ORIENTED_EDGE('',*,*,#8320,.T.);
#8320 = EDGE_CURVE('',#8313,#8321,#8323,.T.);
#8321 = VERTEX_POINT('',#8322);
#8322 = CARTESIAN_POINT('',(-1.,-0.125,0.2));
#8323 = LINE('',#8324,#8325);
#8324 = CARTESIAN_POINT('',(-0.725,-0.125,0.2));
#8325 = VECTOR('',#8326,1.);
#8326 = DIRECTION('',(-1.,4.669739647545E-16,0.));
#8327 = ORIENTED_EDGE('',*,*,#8328,.F.);
#8328 = EDGE_CURVE('',#8209,#8321,#8329,.T.);
#8329 = LINE('',#8330,#8331);
#8330 = CARTESIAN_POINT('',(-1.,-0.125,0.));
#8331 = VECTOR('',#8332,1.);
#8332 = DIRECTION('',(0.,0.,1.));
#8333 = PLANE('',#8334);
#8334 = AXIS2_PLACEMENT_3D('',#8335,#8336,#8337);
#8335 = CARTESIAN_POINT('',(-0.725,-0.125,0.));
#8336 = DIRECTION('',(-4.669739647545E-16,-1.,0.));
#8337 = DIRECTION('',(-1.,4.669739647545E-16,0.));
#8338 = ADVANCED_FACE('',(#8339),#8350,.F.);
#8339 = FACE_BOUND('',#8340,.F.);
#8340 = EDGE_LOOP('',(#8341,#8342,#8348,#8349));
#8341 = ORIENTED_EDGE('',*,*,#8328,.T.);
#8342 = ORIENTED_EDGE('',*,*,#8343,.T.);
#8343 = EDGE_CURVE('',#8321,#8232,#8344,.T.);
#8344 = LINE('',#8345,#8346);
#8345 = CARTESIAN_POINT('',(-1.,-0.125,0.2));
#8346 = VECTOR('',#8347,1.);
#8347 = DIRECTION('',(-4.669739647545E-16,-1.,0.));
#8348 = ORIENTED_EDGE('',*,*,#8231,.F.);
#8349 = ORIENTED_EDGE('',*,*,#8216,.F.);
#8350 = PLANE('',#8351);
#8351 = AXIS2_PLACEMENT_3D('',#8352,#8353,#8354);
#8352 = CARTESIAN_POINT('',(-1.,-0.125,0.));
#8353 = DIRECTION('',(1.,-4.669739647545E-16,0.));
#8354 = DIRECTION('',(-4.669739647545E-16,-1.,0.));
#8355 = ADVANCED_FACE('',(#8356,#8630),#8672,.F.);
#8356 = FACE_BOUND('',#8357,.F.);
#8357 = EDGE_LOOP('',(#8358,#8368,#8376,#8384,#8392,#8401,#8409,#8417,
    #8425,#8434,#8442,#8448,#8449,#8450,#8451,#8459,#8467,#8476,#8484,
    #8492,#8500,#8508,#8516,#8525,#8533,#8541,#8549,#8558,#8566,#8574,
    #8582,#8591,#8599,#8607,#8615,#8624));
#8358 = ORIENTED_EDGE('',*,*,#8359,.F.);
#8359 = EDGE_CURVE('',#8360,#8362,#8364,.T.);
#8360 = VERTEX_POINT('',#8361);
#8361 = CARTESIAN_POINT('',(0.99,1.49,2.E-02));
#8362 = VERTEX_POINT('',#8363);
#8363 = CARTESIAN_POINT('',(0.99,0.875,2.E-02));
#8364 = LINE('',#8365,#8366);
#8365 = CARTESIAN_POINT('',(0.99,1.49,2.E-02));
#8366 = VECTOR('',#8367,1.);
#8367 = DIRECTION('',(-2.22044604925E-16,-1.,0.));
#8368 = ORIENTED_EDGE('',*,*,#8369,.F.);
#8369 = EDGE_CURVE('',#8370,#8360,#8372,.T.);
#8370 = VERTEX_POINT('',#8371);
#8371 = CARTESIAN_POINT('',(-0.99,1.49,2.E-02));
#8372 = LINE('',#8373,#8374);
#8373 = CARTESIAN_POINT('',(-0.99,1.49,2.E-02));
#8374 = VECTOR('',#8375,1.);
#8375 = DIRECTION('',(1.,-2.22044604925E-16,0.));
#8376 = ORIENTED_EDGE('',*,*,#8377,.T.);
#8377 = EDGE_CURVE('',#8370,#8378,#8380,.T.);
#8378 = VERTEX_POINT('',#8379);
#8379 = CARTESIAN_POINT('',(-0.99,0.875,2.E-02));
#8380 = LINE('',#8381,#8382);
#8381 = CARTESIAN_POINT('',(-0.99,1.49,2.E-02));
#8382 = VECTOR('',#8383,1.);
#8383 = DIRECTION('',(-2.22044604925E-16,-1.,0.));
#8384 = ORIENTED_EDGE('',*,*,#8385,.T.);
#8385 = EDGE_CURVE('',#8378,#8386,#8388,.T.);
#8386 = VERTEX_POINT('',#8387);
#8387 = CARTESIAN_POINT('',(-0.725,0.875,2.E-02));
#8388 = LINE('',#8389,#8390);
#8389 = CARTESIAN_POINT('',(-0.8575,0.875,2.E-02));
#8390 = VECTOR('',#8391,1.);
#8391 = DIRECTION('',(1.,-4.669739647545E-16,0.));
#8392 = ORIENTED_EDGE('',*,*,#8393,.T.);
#8393 = EDGE_CURVE('',#8386,#8394,#8396,.T.);
#8394 = VERTEX_POINT('',#8395);
#8395 = CARTESIAN_POINT('',(-0.725,0.625,2.E-02));
#8396 = CIRCLE('',#8397,0.125);
#8397 = AXIS2_PLACEMENT_3D('',#8398,#8399,#8400);
#8398 = CARTESIAN_POINT('',(-0.725,0.75,2.E-02));
#8399 = DIRECTION('',(-0.,0.,-1.));
#8400 = DIRECTION('',(-4.669739647545E-16,-1.,0.));
#8401 = ORIENTED_EDGE('',*,*,#8402,.T.);
#8402 = EDGE_CURVE('',#8394,#8403,#8405,.T.);
#8403 = VERTEX_POINT('',#8404);
#8404 = CARTESIAN_POINT('',(-0.99,0.625,2.E-02));
#8405 = LINE('',#8406,#8407);
#8406 = CARTESIAN_POINT('',(-0.995,0.625,2.E-02));
#8407 = VECTOR('',#8408,1.);
#8408 = DIRECTION('',(-1.,4.669739647545E-16,0.));
#8409 = ORIENTED_EDGE('',*,*,#8410,.T.);
#8410 = EDGE_CURVE('',#8403,#8411,#8413,.T.);
#8411 = VERTEX_POINT('',#8412);
#8412 = CARTESIAN_POINT('',(-0.99,0.375,2.E-02));
#8413 = LINE('',#8414,#8415);
#8414 = CARTESIAN_POINT('',(-0.99,1.49,2.E-02));
#8415 = VECTOR('',#8416,1.);
#8416 = DIRECTION('',(-2.22044604925E-16,-1.,0.));
#8417 = ORIENTED_EDGE('',*,*,#8418,.T.);
#8418 = EDGE_CURVE('',#8411,#8419,#8421,.T.);
#8419 = VERTEX_POINT('',#8420);
#8420 = CARTESIAN_POINT('',(-0.725,0.375,2.E-02));
#8421 = LINE('',#8422,#8423);
#8422 = CARTESIAN_POINT('',(-0.8575,0.375,2.E-02));
#8423 = VECTOR('',#8424,1.);
#8424 = DIRECTION('',(1.,-4.669739647545E-16,0.));
#8425 = ORIENTED_EDGE('',*,*,#8426,.T.);
#8426 = EDGE_CURVE('',#8419,#8427,#8429,.T.);
#8427 = VERTEX_POINT('',#8428);
#8428 = CARTESIAN_POINT('',(-0.725,0.125,2.E-02));
#8429 = CIRCLE('',#8430,0.125);
#8430 = AXIS2_PLACEMENT_3D('',#8431,#8432,#8433);
#8431 = CARTESIAN_POINT('',(-0.725,0.25,2.E-02));
#8432 = DIRECTION('',(-0.,0.,-1.));
#8433 = DIRECTION('',(-4.669739647545E-16,-1.,0.));
#8434 = ORIENTED_EDGE('',*,*,#8435,.T.);
#8435 = EDGE_CURVE('',#8427,#8436,#8438,.T.);
#8436 = VERTEX_POINT('',#8437);
#8437 = CARTESIAN_POINT('',(-0.99,0.125,2.E-02));
#8438 = LINE('',#8439,#8440);
#8439 = CARTESIAN_POINT('',(-0.995,0.125,2.E-02));
#8440 = VECTOR('',#8441,1.);
#8441 = DIRECTION('',(-1.,4.669739647545E-16,0.));
#8442 = ORIENTED_EDGE('',*,*,#8443,.T.);
#8443 = EDGE_CURVE('',#8436,#8305,#8444,.T.);
#8444 = LINE('',#8445,#8446);
#8445 = CARTESIAN_POINT('',(-0.99,1.49,2.E-02));
#8446 = VECTOR('',#8447,1.);
#8447 = DIRECTION('',(-2.22044604925E-16,-1.,0.));
#8448 = ORIENTED_EDGE('',*,*,#8304,.T.);
#8449 = ORIENTED_EDGE('',*,*,#8285,.T.);
#8450 = ORIENTED_EDGE('',*,*,#8255,.T.);
#8451 = ORIENTED_EDGE('',*,*,#8452,.T.);
#8452 = EDGE_CURVE('',#8248,#8453,#8455,.T.);
#8453 = VERTEX_POINT('',#8454);
#8454 = CARTESIAN_POINT('',(-0.99,-0.625,2.E-02));
#8455 = LINE('',#8456,#8457);
#8456 = CARTESIAN_POINT('',(-0.99,1.49,2.E-02));
#8457 = VECTOR('',#8458,1.);
#8458 = DIRECTION('',(-2.22044604925E-16,-1.,0.));
#8459 = ORIENTED_EDGE('',*,*,#8460,.T.);
#8460 = EDGE_CURVE('',#8453,#8461,#8463,.T.);
#8461 = VERTEX_POINT('',#8462);
#8462 = CARTESIAN_POINT('',(-0.725,-0.625,2.E-02));
#8463 = LINE('',#8464,#8465);
#8464 = CARTESIAN_POINT('',(-0.8575,-0.625,2.E-02));
#8465 = VECTOR('',#8466,1.);
#8466 = DIRECTION('',(1.,-4.669739647545E-16,0.));
#8467 = ORIENTED_EDGE('',*,*,#8468,.T.);
#8468 = EDGE_CURVE('',#8461,#8469,#8471,.T.);
#8469 = VERTEX_POINT('',#8470);
#8470 = CARTESIAN_POINT('',(-0.725,-0.875,2.E-02));
#8471 = CIRCLE('',#8472,0.125);
#8472 = AXIS2_PLACEMENT_3D('',#8473,#8474,#8475);
#8473 = CARTESIAN_POINT('',(-0.725,-0.75,2.E-02));
#8474 = DIRECTION('',(-0.,0.,-1.));
#8475 = DIRECTION('',(-4.669739647545E-16,-1.,0.));
#8476 = ORIENTED_EDGE('',*,*,#8477,.T.);
#8477 = EDGE_CURVE('',#8469,#8478,#8480,.T.);
#8478 = VERTEX_POINT('',#8479);
#8479 = CARTESIAN_POINT('',(-0.99,-0.875,2.E-02));
#8480 = LINE('',#8481,#8482);
#8481 = CARTESIAN_POINT('',(-0.995,-0.875,2.E-02));
#8482 = VECTOR('',#8483,1.);
#8483 = DIRECTION('',(-1.,4.669739647545E-16,0.));
#8484 = ORIENTED_EDGE('',*,*,#8485,.T.);
#8485 = EDGE_CURVE('',#8478,#8486,#8488,.T.);
#8486 = VERTEX_POINT('',#8487);
#8487 = CARTESIAN_POINT('',(-0.99,-1.49,2.E-02));
#8488 = LINE('',#8489,#8490);
#8489 = CARTESIAN_POINT('',(-0.99,1.49,2.E-02));
#8490 = VECTOR('',#8491,1.);
#8491 = DIRECTION('',(-2.22044604925E-16,-1.,0.));
#8492 = ORIENTED_EDGE('',*,*,#8493,.T.);
#8493 = EDGE_CURVE('',#8486,#8494,#8496,.T.);
#8494 = VERTEX_POINT('',#8495);
#8495 = CARTESIAN_POINT('',(0.99,-1.49,2.E-02));
#8496 = LINE('',#8497,#8498);
#8497 = CARTESIAN_POINT('',(-0.99,-1.49,2.E-02));
#8498 = VECTOR('',#8499,1.);
#8499 = DIRECTION('',(1.,-2.22044604925E-16,0.));
#8500 = ORIENTED_EDGE('',*,*,#8501,.F.);
#8501 = EDGE_CURVE('',#8502,#8494,#8504,.T.);
#8502 = VERTEX_POINT('',#8503);
#8503 = CARTESIAN_POINT('',(0.99,-0.875,2.E-02));
#8504 = LINE('',#8505,#8506);
#8505 = CARTESIAN_POINT('',(0.99,1.49,2.E-02));
#8506 = VECTOR('',#8507,1.);
#8507 = DIRECTION('',(-2.22044604925E-16,-1.,0.));
#8508 = ORIENTED_EDGE('',*,*,#8509,.T.);
#8509 = EDGE_CURVE('',#8502,#8510,#8512,.T.);
#8510 = VERTEX_POINT('',#8511);
#8511 = CARTESIAN_POINT('',(0.725,-0.875,2.E-02));
#8512 = LINE('',#8513,#8514);
#8513 = CARTESIAN_POINT('',(-0.1325,-0.875,2.E-02));
#8514 = VECTOR('',#8515,1.);
#8515 = DIRECTION('',(-1.,3.445092848398E-16,0.));
#8516 = ORIENTED_EDGE('',*,*,#8517,.T.);
#8517 = EDGE_CURVE('',#8510,#8518,#8520,.T.);
#8518 = VERTEX_POINT('',#8519);
#8519 = CARTESIAN_POINT('',(0.725,-0.625,2.E-02));
#8520 = CIRCLE('',#8521,0.125);
#8521 = AXIS2_PLACEMENT_3D('',#8522,#8523,#8524);
#8522 = CARTESIAN_POINT('',(0.725,-0.75,2.E-02));
#8523 = DIRECTION('',(0.,0.,-1.));
#8524 = DIRECTION('',(3.445092848398E-16,1.,0.));
#8525 = ORIENTED_EDGE('',*,*,#8526,.T.);
#8526 = EDGE_CURVE('',#8518,#8527,#8529,.T.);
#8527 = VERTEX_POINT('',#8528);
#8528 = CARTESIAN_POINT('',(0.99,-0.625,2.E-02));
#8529 = LINE('',#8530,#8531);
#8530 = CARTESIAN_POINT('',(5.E-03,-0.625,2.E-02));
#8531 = VECTOR('',#8532,1.);
#8532 = DIRECTION('',(1.,-3.445092848398E-16,0.));
#8533 = ORIENTED_EDGE('',*,*,#8534,.F.);
#8534 = EDGE_CURVE('',#8535,#8527,#8537,.T.);
#8535 = VERTEX_POINT('',#8536);
#8536 = CARTESIAN_POINT('',(0.99,-0.375,2.E-02));
#8537 = LINE('',#8538,#8539);
#8538 = CARTESIAN_POINT('',(0.99,1.49,2.E-02));
#8539 = VECTOR('',#8540,1.);
#8540 = DIRECTION('',(-2.22044604925E-16,-1.,0.));
#8541 = ORIENTED_EDGE('',*,*,#8542,.T.);
#8542 = EDGE_CURVE('',#8535,#8543,#8545,.T.);
#8543 = VERTEX_POINT('',#8544);
#8544 = CARTESIAN_POINT('',(0.725,-0.375,2.E-02));
#8545 = LINE('',#8546,#8547);
#8546 = CARTESIAN_POINT('',(-0.1325,-0.375,2.E-02));
#8547 = VECTOR('',#8548,1.);
#8548 = DIRECTION('',(-1.,3.445092848398E-16,0.));
#8549 = ORIENTED_EDGE('',*,*,#8550,.T.);
#8550 = EDGE_CURVE('',#8543,#8551,#8553,.T.);
#8551 = VERTEX_POINT('',#8552);
#8552 = CARTESIAN_POINT('',(0.725,-0.125,2.E-02));
#8553 = CIRCLE('',#8554,0.125);
#8554 = AXIS2_PLACEMENT_3D('',#8555,#8556,#8557);
#8555 = CARTESIAN_POINT('',(0.725,-0.25,2.E-02));
#8556 = DIRECTION('',(0.,0.,-1.));
#8557 = DIRECTION('',(3.445092848398E-16,1.,0.));
#8558 = ORIENTED_EDGE('',*,*,#8559,.T.);
#8559 = EDGE_CURVE('',#8551,#8560,#8562,.T.);
#8560 = VERTEX_POINT('',#8561);
#8561 = CARTESIAN_POINT('',(0.99,-0.125,2.E-02));
#8562 = LINE('',#8563,#8564);
#8563 = CARTESIAN_POINT('',(5.E-03,-0.125,2.E-02));
#8564 = VECTOR('',#8565,1.);
#8565 = DIRECTION('',(1.,-3.445092848398E-16,0.));
#8566 = ORIENTED_EDGE('',*,*,#8567,.F.);
#8567 = EDGE_CURVE('',#8568,#8560,#8570,.T.);
#8568 = VERTEX_POINT('',#8569);
#8569 = CARTESIAN_POINT('',(0.99,0.125,2.E-02));
#8570 = LINE('',#8571,#8572);
#8571 = CARTESIAN_POINT('',(0.99,1.49,2.E-02));
#8572 = VECTOR('',#8573,1.);
#8573 = DIRECTION('',(-2.22044604925E-16,-1.,0.));
#8574 = ORIENTED_EDGE('',*,*,#8575,.T.);
#8575 = EDGE_CURVE('',#8568,#8576,#8578,.T.);
#8576 = VERTEX_POINT('',#8577);
#8577 = CARTESIAN_POINT('',(0.725,0.125,2.E-02));
#8578 = LINE('',#8579,#8580);
#8579 = CARTESIAN_POINT('',(-0.1325,0.125,2.E-02));
#8580 = VECTOR('',#8581,1.);
#8581 = DIRECTION('',(-1.,3.445092848398E-16,0.));
#8582 = ORIENTED_EDGE('',*,*,#8583,.T.);
#8583 = EDGE_CURVE('',#8576,#8584,#8586,.T.);
#8584 = VERTEX_POINT('',#8585);
#8585 = CARTESIAN_POINT('',(0.725,0.375,2.E-02));
#8586 = CIRCLE('',#8587,0.125);
#8587 = AXIS2_PLACEMENT_3D('',#8588,#8589,#8590);
#8588 = CARTESIAN_POINT('',(0.725,0.25,2.E-02));
#8589 = DIRECTION('',(0.,0.,-1.));
#8590 = DIRECTION('',(3.445092848398E-16,1.,0.));
#8591 = ORIENTED_EDGE('',*,*,#8592,.T.);
#8592 = EDGE_CURVE('',#8584,#8593,#8595,.T.);
#8593 = VERTEX_POINT('',#8594);
#8594 = CARTESIAN_POINT('',(0.99,0.375,2.E-02));
#8595 = LINE('',#8596,#8597);
#8596 = CARTESIAN_POINT('',(5.E-03,0.375,2.E-02));
#8597 = VECTOR('',#8598,1.);
#8598 = DIRECTION('',(1.,-3.445092848398E-16,0.));
#8599 = ORIENTED_EDGE('',*,*,#8600,.F.);
#8600 = EDGE_CURVE('',#8601,#8593,#8603,.T.);
#8601 = VERTEX_POINT('',#8602);
#8602 = CARTESIAN_POINT('',(0.99,0.625,2.E-02));
#8603 = LINE('',#8604,#8605);
#8604 = CARTESIAN_POINT('',(0.99,1.49,2.E-02));
#8605 = VECTOR('',#8606,1.);
#8606 = DIRECTION('',(-2.22044604925E-16,-1.,0.));
#8607 = ORIENTED_EDGE('',*,*,#8608,.T.);
#8608 = EDGE_CURVE('',#8601,#8609,#8611,.T.);
#8609 = VERTEX_POINT('',#8610);
#8610 = CARTESIAN_POINT('',(0.725,0.625,2.E-02));
#8611 = LINE('',#8612,#8613);
#8612 = CARTESIAN_POINT('',(-0.1325,0.625,2.E-02));
#8613 = VECTOR('',#8614,1.);
#8614 = DIRECTION('',(-1.,3.445092848398E-16,0.));
#8615 = ORIENTED_EDGE('',*,*,#8616,.T.);
#8616 = EDGE_CURVE('',#8609,#8617,#8619,.T.);
#8617 = VERTEX_POINT('',#8618);
#8618 = CARTESIAN_POINT('',(0.725,0.875,2.E-02));
#8619 = CIRCLE('',#8620,0.125);
#8620 = AXIS2_PLACEMENT_3D('',#8621,#8622,#8623);
#8621 = CARTESIAN_POINT('',(0.725,0.75,2.E-02));
#8622 = DIRECTION('',(0.,0.,-1.));
#8623 = DIRECTION('',(3.445092848398E-16,1.,0.));
#8624 = ORIENTED_EDGE('',*,*,#8625,.T.);
#8625 = EDGE_CURVE('',#8617,#8362,#8626,.T.);
#8626 = LINE('',#8627,#8628);
#8627 = CARTESIAN_POINT('',(5.E-03,0.875,2.E-02));
#8628 = VECTOR('',#8629,1.);
#8629 = DIRECTION('',(1.,-3.445092848398E-16,0.));
#8630 = FACE_BOUND('',#8631,.F.);
#8631 = EDGE_LOOP('',(#8632,#8642,#8650,#8658,#8666));
#8632 = ORIENTED_EDGE('',*,*,#8633,.F.);
#8633 = EDGE_CURVE('',#8634,#8636,#8638,.T.);
#8634 = VERTEX_POINT('',#8635);
#8635 = CARTESIAN_POINT('',(-0.28,0.875,2.E-02));
#8636 = VERTEX_POINT('',#8637);
#8637 = CARTESIAN_POINT('',(-0.28,-1.075,2.E-02));
#8638 = LINE('',#8639,#8640);
#8639 = CARTESIAN_POINT('',(-0.28,0.875,2.E-02));
#8640 = VECTOR('',#8641,1.);
#8641 = DIRECTION('',(-2.22044604925E-16,-1.,0.));
#8642 = ORIENTED_EDGE('',*,*,#8643,.F.);
#8643 = EDGE_CURVE('',#8644,#8634,#8646,.T.);
#8644 = VERTEX_POINT('',#8645);
#8645 = CARTESIAN_POINT('',(-8.E-02,1.075,2.E-02));
#8646 = LINE('',#8647,#8648);
#8647 = CARTESIAN_POINT('',(-8.E-02,1.075,2.E-02));
#8648 = VECTOR('',#8649,1.);
#8649 = DIRECTION('',(-0.707106781187,-0.707106781187,0.));
#8650 = ORIENTED_EDGE('',*,*,#8651,.F.);
#8651 = EDGE_CURVE('',#8652,#8644,#8654,.T.);
#8652 = VERTEX_POINT('',#8653);
#8653 = CARTESIAN_POINT('',(0.28,1.075,2.E-02));
#8654 = LINE('',#8655,#8656);
#8655 = CARTESIAN_POINT('',(0.28,1.075,2.E-02));
#8656 = VECTOR('',#8657,1.);
#8657 = DIRECTION('',(-1.,2.22044604925E-16,0.));
#8658 = ORIENTED_EDGE('',*,*,#8659,.F.);
#8659 = EDGE_CURVE('',#8660,#8652,#8662,.T.);
#8660 = VERTEX_POINT('',#8661);
#8661 = CARTESIAN_POINT('',(0.28,-1.075,2.E-02));
#8662 = LINE('',#8663,#8664);
#8663 = CARTESIAN_POINT('',(0.28,-1.075,2.E-02));
#8664 = VECTOR('',#8665,1.);
#8665 = DIRECTION('',(2.22044604925E-16,1.,0.));
#8666 = ORIENTED_EDGE('',*,*,#8667,.F.);
#8667 = EDGE_CURVE('',#8636,#8660,#8668,.T.);
#8668 = LINE('',#8669,#8670);
#8669 = CARTESIAN_POINT('',(-0.28,-1.075,2.E-02));
#8670 = VECTOR('',#8671,1.);
#8671 = DIRECTION('',(1.,-2.22044604925E-16,0.));
#8672 = PLANE('',#8673);
#8673 = AXIS2_PLACEMENT_3D('',#8674,#8675,#8676);
#8674 = CARTESIAN_POINT('',(-0.99,1.49,2.E-02));
#8675 = DIRECTION('',(0.,0.,1.));
#8676 = DIRECTION('',(-2.22044604925E-16,-1.,0.));
#8677 = ADVANCED_FACE('',(#8678),#8781,.F.);
#8678 = FACE_BOUND('',#8679,.F.);
#8679 = EDGE_LOOP('',(#8680,#8681,#8689,#8697,#8703,#8704,#8712,#8720,
    #8726,#8727,#8728,#8734,#8735,#8736,#8744,#8752,#8758,#8759,#8767,
    #8775));
#8680 = ORIENTED_EDGE('',*,*,#8377,.F.);
#8681 = ORIENTED_EDGE('',*,*,#8682,.T.);
#8682 = EDGE_CURVE('',#8370,#8683,#8685,.T.);
#8683 = VERTEX_POINT('',#8684);
#8684 = CARTESIAN_POINT('',(-0.99,1.49,0.77));
#8685 = LINE('',#8686,#8687);
#8686 = CARTESIAN_POINT('',(-0.99,1.49,2.E-02));
#8687 = VECTOR('',#8688,1.);
#8688 = DIRECTION('',(0.,0.,1.));
#8689 = ORIENTED_EDGE('',*,*,#8690,.T.);
#8690 = EDGE_CURVE('',#8683,#8691,#8693,.T.);
#8691 = VERTEX_POINT('',#8692);
#8692 = CARTESIAN_POINT('',(-0.99,-1.49,0.77));
#8693 = LINE('',#8694,#8695);
#8694 = CARTESIAN_POINT('',(-0.99,1.49,0.77));
#8695 = VECTOR('',#8696,1.);
#8696 = DIRECTION('',(-2.22044604925E-16,-1.,0.));
#8697 = ORIENTED_EDGE('',*,*,#8698,.F.);
#8698 = EDGE_CURVE('',#8486,#8691,#8699,.T.);
#8699 = LINE('',#8700,#8701);
#8700 = CARTESIAN_POINT('',(-0.99,-1.49,2.E-02));
#8701 = VECTOR('',#8702,1.);
#8702 = DIRECTION('',(0.,0.,1.));
#8703 = ORIENTED_EDGE('',*,*,#8485,.F.);
#8704 = ORIENTED_EDGE('',*,*,#8705,.T.);
#8705 = EDGE_CURVE('',#8478,#8706,#8708,.T.);
#8706 = VERTEX_POINT('',#8707);
#8707 = CARTESIAN_POINT('',(-0.99,-0.875,0.2));
#8708 = LINE('',#8709,#8710);
#8709 = CARTESIAN_POINT('',(-0.99,-0.875,1.E-02));
#8710 = VECTOR('',#8711,1.);
#8711 = DIRECTION('',(0.,0.,1.));
#8712 = ORIENTED_EDGE('',*,*,#8713,.T.);
#8713 = EDGE_CURVE('',#8706,#8714,#8716,.T.);
#8714 = VERTEX_POINT('',#8715);
#8715 = CARTESIAN_POINT('',(-0.99,-0.625,0.2));
#8716 = LINE('',#8717,#8718);
#8717 = CARTESIAN_POINT('',(-0.99,0.3075,0.2));
#8718 = VECTOR('',#8719,1.);
#8719 = DIRECTION('',(2.22044604925E-16,1.,0.));
#8720 = ORIENTED_EDGE('',*,*,#8721,.T.);
#8721 = EDGE_CURVE('',#8714,#8453,#8722,.T.);
#8722 = LINE('',#8723,#8724);
#8723 = CARTESIAN_POINT('',(-0.99,-0.625,1.E-02));
#8724 = VECTOR('',#8725,1.);
#8725 = DIRECTION('',(0.,-0.,-1.));
#8726 = ORIENTED_EDGE('',*,*,#8452,.F.);
#8727 = ORIENTED_EDGE('',*,*,#8247,.T.);
#8728 = ORIENTED_EDGE('',*,*,#8729,.T.);
#8729 = EDGE_CURVE('',#8240,#8313,#8730,.T.);
#8730 = LINE('',#8731,#8732);
#8731 = CARTESIAN_POINT('',(-0.99,0.5575,0.2));
#8732 = VECTOR('',#8733,1.);
#8733 = DIRECTION('',(2.22044604925E-16,1.,0.));
#8734 = ORIENTED_EDGE('',*,*,#8312,.T.);
#8735 = ORIENTED_EDGE('',*,*,#8443,.F.);
#8736 = ORIENTED_EDGE('',*,*,#8737,.T.);
#8737 = EDGE_CURVE('',#8436,#8738,#8740,.T.);
#8738 = VERTEX_POINT('',#8739);
#8739 = CARTESIAN_POINT('',(-0.99,0.125,0.2));
#8740 = LINE('',#8741,#8742);
#8741 = CARTESIAN_POINT('',(-0.99,0.125,1.E-02));
#8742 = VECTOR('',#8743,1.);
#8743 = DIRECTION('',(0.,0.,1.));
#8744 = ORIENTED_EDGE('',*,*,#8745,.T.);
#8745 = EDGE_CURVE('',#8738,#8746,#8748,.T.);
#8746 = VERTEX_POINT('',#8747);
#8747 = CARTESIAN_POINT('',(-0.99,0.375,0.2));
#8748 = LINE('',#8749,#8750);
#8749 = CARTESIAN_POINT('',(-0.99,0.8075,0.2));
#8750 = VECTOR('',#8751,1.);
#8751 = DIRECTION('',(2.22044604925E-16,1.,0.));
#8752 = ORIENTED_EDGE('',*,*,#8753,.T.);
#8753 = EDGE_CURVE('',#8746,#8411,#8754,.T.);
#8754 = LINE('',#8755,#8756);
#8755 = CARTESIAN_POINT('',(-0.99,0.375,1.E-02));
#8756 = VECTOR('',#8757,1.);
#8757 = DIRECTION('',(0.,-0.,-1.));
#8758 = ORIENTED_EDGE('',*,*,#8410,.F.);
#8759 = ORIENTED_EDGE('',*,*,#8760,.T.);
#8760 = EDGE_CURVE('',#8403,#8761,#8763,.T.);
#8761 = VERTEX_POINT('',#8762);
#8762 = CARTESIAN_POINT('',(-0.99,0.625,0.2));
#8763 = LINE('',#8764,#8765);
#8764 = CARTESIAN_POINT('',(-0.99,0.625,1.E-02));
#8765 = VECTOR('',#8766,1.);
#8766 = DIRECTION('',(0.,0.,1.));
#8767 = ORIENTED_EDGE('',*,*,#8768,.T.);
#8768 = EDGE_CURVE('',#8761,#8769,#8771,.T.);
#8769 = VERTEX_POINT('',#8770);
#8770 = CARTESIAN_POINT('',(-0.99,0.875,0.2));
#8771 = LINE('',#8772,#8773);
#8772 = CARTESIAN_POINT('',(-0.99,1.0575,0.2));
#8773 = VECTOR('',#8774,1.);
#8774 = DIRECTION('',(2.22044604925E-16,1.,0.));
#8775 = ORIENTED_EDGE('',*,*,#8776,.T.);
#8776 = EDGE_CURVE('',#8769,#8378,#8777,.T.);
#8777 = LINE('',#8778,#8779);
#8778 = CARTESIAN_POINT('',(-0.99,0.875,1.E-02));
#8779 = VECTOR('',#8780,1.);
#8780 = DIRECTION('',(0.,-0.,-1.));
#8781 = PLANE('',#8782);
#8782 = AXIS2_PLACEMENT_3D('',#8783,#8784,#8785);
#8783 = CARTESIAN_POINT('',(-0.99,1.49,2.E-02));
#8784 = DIRECTION('',(1.,-2.22044604925E-16,0.));
#8785 = DIRECTION('',(0.,0.,1.));
#8786 = ADVANCED_FACE('',(#8787),#8793,.F.);
#8787 = FACE_BOUND('',#8788,.F.);
#8788 = EDGE_LOOP('',(#8789,#8790,#8791,#8792));
#8789 = ORIENTED_EDGE('',*,*,#8239,.F.);
#8790 = ORIENTED_EDGE('',*,*,#8343,.F.);
#8791 = ORIENTED_EDGE('',*,*,#8320,.F.);
#8792 = ORIENTED_EDGE('',*,*,#8729,.F.);
#8793 = PLANE('',#8794);
#8794 = AXIS2_PLACEMENT_3D('',#8795,#8796,#8797);
#8795 = CARTESIAN_POINT('',(-1.,-0.375,0.2));
#8796 = DIRECTION('',(0.,-0.,-1.));
#8797 = DIRECTION('',(4.669739647545E-16,1.,0.));
#8798 = ADVANCED_FACE('',(#8799),#8916,.T.);
#8799 = FACE_BOUND('',#8800,.T.);
#8800 = EDGE_LOOP('',(#8801,#8802,#8810,#8818,#8824,#8825,#8833,#8841,
    #8847,#8848,#8856,#8864,#8870,#8871,#8879,#8887,#8893,#8894,#8902,
    #8910));
#8801 = ORIENTED_EDGE('',*,*,#8359,.F.);
#8802 = ORIENTED_EDGE('',*,*,#8803,.T.);
#8803 = EDGE_CURVE('',#8360,#8804,#8806,.T.);
#8804 = VERTEX_POINT('',#8805);
#8805 = CARTESIAN_POINT('',(0.99,1.49,0.77));
#8806 = LINE('',#8807,#8808);
#8807 = CARTESIAN_POINT('',(0.99,1.49,2.E-02));
#8808 = VECTOR('',#8809,1.);
#8809 = DIRECTION('',(0.,0.,1.));
#8810 = ORIENTED_EDGE('',*,*,#8811,.T.);
#8811 = EDGE_CURVE('',#8804,#8812,#8814,.T.);
#8812 = VERTEX_POINT('',#8813);
#8813 = CARTESIAN_POINT('',(0.99,-1.49,0.77));
#8814 = LINE('',#8815,#8816);
#8815 = CARTESIAN_POINT('',(0.99,1.49,0.77));
#8816 = VECTOR('',#8817,1.);
#8817 = DIRECTION('',(-2.22044604925E-16,-1.,0.));
#8818 = ORIENTED_EDGE('',*,*,#8819,.F.);
#8819 = EDGE_CURVE('',#8494,#8812,#8820,.T.);
#8820 = LINE('',#8821,#8822);
#8821 = CARTESIAN_POINT('',(0.99,-1.49,2.E-02));
#8822 = VECTOR('',#8823,1.);
#8823 = DIRECTION('',(0.,0.,1.));
#8824 = ORIENTED_EDGE('',*,*,#8501,.F.);
#8825 = ORIENTED_EDGE('',*,*,#8826,.T.);
#8826 = EDGE_CURVE('',#8502,#8827,#8829,.T.);
#8827 = VERTEX_POINT('',#8828);
#8828 = CARTESIAN_POINT('',(0.99,-0.875,0.2));
#8829 = LINE('',#8830,#8831);
#8830 = CARTESIAN_POINT('',(0.99,-0.875,1.E-02));
#8831 = VECTOR('',#8832,1.);
#8832 = DIRECTION('',(0.,0.,1.));
#8833 = ORIENTED_EDGE('',*,*,#8834,.T.);
#8834 = EDGE_CURVE('',#8827,#8835,#8837,.T.);
#8835 = VERTEX_POINT('',#8836);
#8836 = CARTESIAN_POINT('',(0.99,-0.625,0.2));
#8837 = LINE('',#8838,#8839);
#8838 = CARTESIAN_POINT('',(0.99,0.4325,0.2));
#8839 = VECTOR('',#8840,1.);
#8840 = DIRECTION('',(2.22044604925E-16,1.,0.));
#8841 = ORIENTED_EDGE('',*,*,#8842,.T.);
#8842 = EDGE_CURVE('',#8835,#8527,#8843,.T.);
#8843 = LINE('',#8844,#8845);
#8844 = CARTESIAN_POINT('',(0.99,-0.625,1.E-02));
#8845 = VECTOR('',#8846,1.);
#8846 = DIRECTION('',(0.,-0.,-1.));
#8847 = ORIENTED_EDGE('',*,*,#8534,.F.);
#8848 = ORIENTED_EDGE('',*,*,#8849,.T.);
#8849 = EDGE_CURVE('',#8535,#8850,#8852,.T.);
#8850 = VERTEX_POINT('',#8851);
#8851 = CARTESIAN_POINT('',(0.99,-0.375,0.2));
#8852 = LINE('',#8853,#8854);
#8853 = CARTESIAN_POINT('',(0.99,-0.375,1.E-02));
#8854 = VECTOR('',#8855,1.);
#8855 = DIRECTION('',(0.,0.,1.));
#8856 = ORIENTED_EDGE('',*,*,#8857,.T.);
#8857 = EDGE_CURVE('',#8850,#8858,#8860,.T.);
#8858 = VERTEX_POINT('',#8859);
#8859 = CARTESIAN_POINT('',(0.99,-0.125,0.2));
#8860 = LINE('',#8861,#8862);
#8861 = CARTESIAN_POINT('',(0.99,0.6825,0.2));
#8862 = VECTOR('',#8863,1.);
#8863 = DIRECTION('',(2.22044604925E-16,1.,0.));
#8864 = ORIENTED_EDGE('',*,*,#8865,.T.);
#8865 = EDGE_CURVE('',#8858,#8560,#8866,.T.);
#8866 = LINE('',#8867,#8868);
#8867 = CARTESIAN_POINT('',(0.99,-0.125,1.E-02));
#8868 = VECTOR('',#8869,1.);
#8869 = DIRECTION('',(0.,-0.,-1.));
#8870 = ORIENTED_EDGE('',*,*,#8567,.F.);
#8871 = ORIENTED_EDGE('',*,*,#8872,.T.);
#8872 = EDGE_CURVE('',#8568,#8873,#8875,.T.);
#8873 = VERTEX_POINT('',#8874);
#8874 = CARTESIAN_POINT('',(0.99,0.125,0.2));
#8875 = LINE('',#8876,#8877);
#8876 = CARTESIAN_POINT('',(0.99,0.125,1.E-02));
#8877 = VECTOR('',#8878,1.);
#8878 = DIRECTION('',(0.,0.,1.));
#8879 = ORIENTED_EDGE('',*,*,#8880,.T.);
#8880 = EDGE_CURVE('',#8873,#8881,#8883,.T.);
#8881 = VERTEX_POINT('',#8882);
#8882 = CARTESIAN_POINT('',(0.99,0.375,0.2));
#8883 = LINE('',#8884,#8885);
#8884 = CARTESIAN_POINT('',(0.99,0.9325,0.2));
#8885 = VECTOR('',#8886,1.);
#8886 = DIRECTION('',(2.22044604925E-16,1.,0.));
#8887 = ORIENTED_EDGE('',*,*,#8888,.T.);
#8888 = EDGE_CURVE('',#8881,#8593,#8889,.T.);
#8889 = LINE('',#8890,#8891);
#8890 = CARTESIAN_POINT('',(0.99,0.375,1.E-02));
#8891 = VECTOR('',#8892,1.);
#8892 = DIRECTION('',(0.,-0.,-1.));
#8893 = ORIENTED_EDGE('',*,*,#8600,.F.);
#8894 = ORIENTED_EDGE('',*,*,#8895,.T.);
#8895 = EDGE_CURVE('',#8601,#8896,#8898,.T.);
#8896 = VERTEX_POINT('',#8897);
#8897 = CARTESIAN_POINT('',(0.99,0.625,0.2));
#8898 = LINE('',#8899,#8900);
#8899 = CARTESIAN_POINT('',(0.99,0.625,1.E-02));
#8900 = VECTOR('',#8901,1.);
#8901 = DIRECTION('',(0.,0.,1.));
#8902 = ORIENTED_EDGE('',*,*,#8903,.T.);
#8903 = EDGE_CURVE('',#8896,#8904,#8906,.T.);
#8904 = VERTEX_POINT('',#8905);
#8905 = CARTESIAN_POINT('',(0.99,0.875,0.2));
#8906 = LINE('',#8907,#8908);
#8907 = CARTESIAN_POINT('',(0.99,1.1825,0.2));
#8908 = VECTOR('',#8909,1.);
#8909 = DIRECTION('',(2.22044604925E-16,1.,0.));
#8910 = ORIENTED_EDGE('',*,*,#8911,.T.);
#8911 = EDGE_CURVE('',#8904,#8362,#8912,.T.);
#8912 = LINE('',#8913,#8914);
#8913 = CARTESIAN_POINT('',(0.99,0.875,1.E-02));
#8914 = VECTOR('',#8915,1.);
#8915 = DIRECTION('',(0.,-0.,-1.));
#8916 = PLANE('',#8917);
#8917 = AXIS2_PLACEMENT_3D('',#8918,#8919,#8920);
#8918 = CARTESIAN_POINT('',(0.99,1.49,2.E-02));
#8919 = DIRECTION('',(1.,-2.22044604925E-16,0.));
#8920 = DIRECTION('',(0.,0.,1.));
#8921 = ADVANCED_FACE('',(#8922),#8933,.F.);
#8922 = FACE_BOUND('',#8923,.F.);
#8923 = EDGE_LOOP('',(#8924,#8925,#8926,#8927));
#8924 = ORIENTED_EDGE('',*,*,#8682,.F.);
#8925 = ORIENTED_EDGE('',*,*,#8369,.T.);
#8926 = ORIENTED_EDGE('',*,*,#8803,.T.);
#8927 = ORIENTED_EDGE('',*,*,#8928,.F.);
#8928 = EDGE_CURVE('',#8683,#8804,#8929,.T.);
#8929 = LINE('',#8930,#8931);
#8930 = CARTESIAN_POINT('',(-0.99,1.49,0.77));
#8931 = VECTOR('',#8932,1.);
#8932 = DIRECTION('',(1.,-2.22044604925E-16,0.));
#8933 = PLANE('',#8934);
#8934 = AXIS2_PLACEMENT_3D('',#8935,#8936,#8937);
#8935 = CARTESIAN_POINT('',(-0.99,1.49,2.E-02));
#8936 = DIRECTION('',(-2.22044604925E-16,-1.,0.));
#8937 = DIRECTION('',(0.,0.,1.));
#8938 = ADVANCED_FACE('',(#8939),#8973,.F.);
#8939 = FACE_BOUND('',#8940,.F.);
#8940 = EDGE_LOOP('',(#8941,#8951,#8959,#8965,#8966,#8967));
#8941 = ORIENTED_EDGE('',*,*,#8942,.F.);
#8942 = EDGE_CURVE('',#8943,#8945,#8947,.T.);
#8943 = VERTEX_POINT('',#8944);
#8944 = CARTESIAN_POINT('',(1.,0.875,0.));
#8945 = VERTEX_POINT('',#8946);
#8946 = CARTESIAN_POINT('',(0.725,0.875,0.));
#8947 = LINE('',#8948,#8949);
#8948 = CARTESIAN_POINT('',(1.,0.875,0.));
#8949 = VECTOR('',#8950,1.);
#8950 = DIRECTION('',(-1.,3.445092848398E-16,0.));
#8951 = ORIENTED_EDGE('',*,*,#8952,.T.);
#8952 = EDGE_CURVE('',#8943,#8953,#8955,.T.);
#8953 = VERTEX_POINT('',#8954);
#8954 = CARTESIAN_POINT('',(1.,0.875,0.2));
#8955 = LINE('',#8956,#8957);
#8956 = CARTESIAN_POINT('',(1.,0.875,0.));
#8957 = VECTOR('',#8958,1.);
#8958 = DIRECTION('',(0.,0.,1.));
#8959 = ORIENTED_EDGE('',*,*,#8960,.T.);
#8960 = EDGE_CURVE('',#8953,#8904,#8961,.T.);
#8961 = LINE('',#8962,#8963);
#8962 = CARTESIAN_POINT('',(1.,0.875,0.2));
#8963 = VECTOR('',#8964,1.);
#8964 = DIRECTION('',(-1.,3.445092848398E-16,0.));
#8965 = ORIENTED_EDGE('',*,*,#8911,.T.);
#8966 = ORIENTED_EDGE('',*,*,#8625,.F.);
#8967 = ORIENTED_EDGE('',*,*,#8968,.F.);
#8968 = EDGE_CURVE('',#8945,#8617,#8969,.T.);
#8969 = LINE('',#8970,#8971);
#8970 = CARTESIAN_POINT('',(0.725,0.875,0.));
#8971 = VECTOR('',#8972,1.);
#8972 = DIRECTION('',(0.,0.,1.));
#8973 = PLANE('',#8974);
#8974 = AXIS2_PLACEMENT_3D('',#8975,#8976,#8977);
#8975 = CARTESIAN_POINT('',(1.,0.875,0.));
#8976 = DIRECTION('',(-3.445092848398E-16,-1.,0.));
#8977 = DIRECTION('',(-1.,3.445092848398E-16,0.));
#8978 = ADVANCED_FACE('',(#8979),#8998,.T.);
#8979 = FACE_BOUND('',#8980,.T.);
#8980 = EDGE_LOOP('',(#8981,#8989,#8990,#8991));
#8981 = ORIENTED_EDGE('',*,*,#8982,.T.);
#8982 = EDGE_CURVE('',#8983,#8609,#8985,.T.);
#8983 = VERTEX_POINT('',#8984);
#8984 = CARTESIAN_POINT('',(0.725,0.625,0.));
#8985 = LINE('',#8986,#8987);
#8986 = CARTESIAN_POINT('',(0.725,0.625,0.));
#8987 = VECTOR('',#8988,1.);
#8988 = DIRECTION('',(0.,0.,1.));
#8989 = ORIENTED_EDGE('',*,*,#8616,.T.);
#8990 = ORIENTED_EDGE('',*,*,#8968,.F.);
#8991 = ORIENTED_EDGE('',*,*,#8992,.T.);
#8992 = EDGE_CURVE('',#8945,#8983,#8993,.T.);
#8993 = CIRCLE('',#8994,0.125);
#8994 = AXIS2_PLACEMENT_3D('',#8995,#8996,#8997);
#8995 = CARTESIAN_POINT('',(0.725,0.75,0.));
#8996 = DIRECTION('',(0.,-0.,1.));
#8997 = DIRECTION('',(3.445092848398E-16,1.,0.));
#8998 = CYLINDRICAL_SURFACE('',#8999,0.125);
#8999 = AXIS2_PLACEMENT_3D('',#9000,#9001,#9002);
#9000 = CARTESIAN_POINT('',(0.725,0.75,0.));
#9001 = DIRECTION('',(0.,-0.,-1.));
#9002 = DIRECTION('',(3.445092848398E-16,1.,0.));
#9003 = ADVANCED_FACE('',(#9004),#9038,.F.);
#9004 = FACE_BOUND('',#9005,.F.);
#9005 = EDGE_LOOP('',(#9006,#9016,#9022,#9023,#9024,#9032));
#9006 = ORIENTED_EDGE('',*,*,#9007,.F.);
#9007 = EDGE_CURVE('',#9008,#9010,#9012,.T.);
#9008 = VERTEX_POINT('',#9009);
#9009 = CARTESIAN_POINT('',(-0.725,0.875,0.));
#9010 = VERTEX_POINT('',#9011);
#9011 = CARTESIAN_POINT('',(-1.,0.875,0.));
#9012 = LINE('',#9013,#9014);
#9013 = CARTESIAN_POINT('',(-0.725,0.875,0.));
#9014 = VECTOR('',#9015,1.);
#9015 = DIRECTION('',(-1.,4.669739647545E-16,0.));
#9016 = ORIENTED_EDGE('',*,*,#9017,.T.);
#9017 = EDGE_CURVE('',#9008,#8386,#9018,.T.);
#9018 = LINE('',#9019,#9020);
#9019 = CARTESIAN_POINT('',(-0.725,0.875,0.));
#9020 = VECTOR('',#9021,1.);
#9021 = DIRECTION('',(0.,0.,1.));
#9022 = ORIENTED_EDGE('',*,*,#8385,.F.);
#9023 = ORIENTED_EDGE('',*,*,#8776,.F.);
#9024 = ORIENTED_EDGE('',*,*,#9025,.T.);
#9025 = EDGE_CURVE('',#8769,#9026,#9028,.T.);
#9026 = VERTEX_POINT('',#9027);
#9027 = CARTESIAN_POINT('',(-1.,0.875,0.2));
#9028 = LINE('',#9029,#9030);
#9029 = CARTESIAN_POINT('',(-0.725,0.875,0.2));
#9030 = VECTOR('',#9031,1.);
#9031 = DIRECTION('',(-1.,4.669739647545E-16,0.));
#9032 = ORIENTED_EDGE('',*,*,#9033,.F.);
#9033 = EDGE_CURVE('',#9010,#9026,#9034,.T.);
#9034 = LINE('',#9035,#9036);
#9035 = CARTESIAN_POINT('',(-1.,0.875,0.));
#9036 = VECTOR('',#9037,1.);
#9037 = DIRECTION('',(0.,0.,1.));
#9038 = PLANE('',#9039);
#9039 = AXIS2_PLACEMENT_3D('',#9040,#9041,#9042);
#9040 = CARTESIAN_POINT('',(-0.725,0.875,0.));
#9041 = DIRECTION('',(-4.669739647545E-16,-1.,0.));
#9042 = DIRECTION('',(-1.,4.669739647545E-16,0.));
#9043 = ADVANCED_FACE('',(#9044),#9071,.F.);
#9044 = FACE_BOUND('',#9045,.F.);
#9045 = EDGE_LOOP('',(#9046,#9054,#9055,#9056,#9057,#9065));
#9046 = ORIENTED_EDGE('',*,*,#9047,.F.);
#9047 = EDGE_CURVE('',#8983,#9048,#9050,.T.);
#9048 = VERTEX_POINT('',#9049);
#9049 = CARTESIAN_POINT('',(1.,0.625,0.));
#9050 = LINE('',#9051,#9052);
#9051 = CARTESIAN_POINT('',(0.725,0.625,0.));
#9052 = VECTOR('',#9053,1.);
#9053 = DIRECTION('',(1.,-3.445092848398E-16,0.));
#9054 = ORIENTED_EDGE('',*,*,#8982,.T.);
#9055 = ORIENTED_EDGE('',*,*,#8608,.F.);
#9056 = ORIENTED_EDGE('',*,*,#8895,.T.);
#9057 = ORIENTED_EDGE('',*,*,#9058,.T.);
#9058 = EDGE_CURVE('',#8896,#9059,#9061,.T.);
#9059 = VERTEX_POINT('',#9060);
#9060 = CARTESIAN_POINT('',(1.,0.625,0.2));
#9061 = LINE('',#9062,#9063);
#9062 = CARTESIAN_POINT('',(0.725,0.625,0.2));
#9063 = VECTOR('',#9064,1.);
#9064 = DIRECTION('',(1.,-3.445092848398E-16,0.));
#9065 = ORIENTED_EDGE('',*,*,#9066,.F.);
#9066 = EDGE_CURVE('',#9048,#9059,#9067,.T.);
#9067 = LINE('',#9068,#9069);
#9068 = CARTESIAN_POINT('',(1.,0.625,0.));
#9069 = VECTOR('',#9070,1.);
#9070 = DIRECTION('',(0.,0.,1.));
#9071 = PLANE('',#9072);
#9072 = AXIS2_PLACEMENT_3D('',#9073,#9074,#9075);
#9073 = CARTESIAN_POINT('',(0.725,0.625,0.));
#9074 = DIRECTION('',(3.445092848398E-16,1.,0.));
#9075 = DIRECTION('',(1.,-3.445092848398E-16,0.));
#9076 = ADVANCED_FACE('',(#9077),#9096,.T.);
#9077 = FACE_BOUND('',#9078,.T.);
#9078 = EDGE_LOOP('',(#9079,#9080,#9081,#9089));
#9079 = ORIENTED_EDGE('',*,*,#9017,.T.);
#9080 = ORIENTED_EDGE('',*,*,#8393,.T.);
#9081 = ORIENTED_EDGE('',*,*,#9082,.F.);
#9082 = EDGE_CURVE('',#9083,#8394,#9085,.T.);
#9083 = VERTEX_POINT('',#9084);
#9084 = CARTESIAN_POINT('',(-0.725,0.625,0.));
#9085 = LINE('',#9086,#9087);
#9086 = CARTESIAN_POINT('',(-0.725,0.625,0.));
#9087 = VECTOR('',#9088,1.);
#9088 = DIRECTION('',(0.,0.,1.));
#9089 = ORIENTED_EDGE('',*,*,#9090,.T.);
#9090 = EDGE_CURVE('',#9083,#9008,#9091,.T.);
#9091 = CIRCLE('',#9092,0.125);
#9092 = AXIS2_PLACEMENT_3D('',#9093,#9094,#9095);
#9093 = CARTESIAN_POINT('',(-0.725,0.75,0.));
#9094 = DIRECTION('',(0.,0.,1.));
#9095 = DIRECTION('',(-4.669739647545E-16,-1.,0.));
#9096 = CYLINDRICAL_SURFACE('',#9097,0.125);
#9097 = AXIS2_PLACEMENT_3D('',#9098,#9099,#9100);
#9098 = CARTESIAN_POINT('',(-0.725,0.75,0.));
#9099 = DIRECTION('',(0.,0.,-1.));
#9100 = DIRECTION('',(-4.669739647545E-16,-1.,-0.));
#9101 = ADVANCED_FACE('',(#9102),#9129,.F.);
#9102 = FACE_BOUND('',#9103,.F.);
#9103 = EDGE_LOOP('',(#9104,#9112,#9120,#9126,#9127,#9128));
#9104 = ORIENTED_EDGE('',*,*,#9105,.F.);
#9105 = EDGE_CURVE('',#9106,#9083,#9108,.T.);
#9106 = VERTEX_POINT('',#9107);
#9107 = CARTESIAN_POINT('',(-1.,0.625,0.));
#9108 = LINE('',#9109,#9110);
#9109 = CARTESIAN_POINT('',(-1.,0.625,0.));
#9110 = VECTOR('',#9111,1.);
#9111 = DIRECTION('',(1.,-4.669739647545E-16,0.));
#9112 = ORIENTED_EDGE('',*,*,#9113,.T.);
#9113 = EDGE_CURVE('',#9106,#9114,#9116,.T.);
#9114 = VERTEX_POINT('',#9115);
#9115 = CARTESIAN_POINT('',(-1.,0.625,0.2));
#9116 = LINE('',#9117,#9118);
#9117 = CARTESIAN_POINT('',(-1.,0.625,0.));
#9118 = VECTOR('',#9119,1.);
#9119 = DIRECTION('',(0.,0.,1.));
#9120 = ORIENTED_EDGE('',*,*,#9121,.T.);
#9121 = EDGE_CURVE('',#9114,#8761,#9122,.T.);
#9122 = LINE('',#9123,#9124);
#9123 = CARTESIAN_POINT('',(-1.,0.625,0.2));
#9124 = VECTOR('',#9125,1.);
#9125 = DIRECTION('',(1.,-4.669739647545E-16,0.));
#9126 = ORIENTED_EDGE('',*,*,#8760,.F.);
#9127 = ORIENTED_EDGE('',*,*,#8402,.F.);
#9128 = ORIENTED_EDGE('',*,*,#9082,.F.);
#9129 = PLANE('',#9130);
#9130 = AXIS2_PLACEMENT_3D('',#9131,#9132,#9133);
#9131 = CARTESIAN_POINT('',(-1.,0.625,0.));
#9132 = DIRECTION('',(4.669739647545E-16,1.,0.));
#9133 = DIRECTION('',(1.,-4.669739647545E-16,0.));
#9134 = ADVANCED_FACE('',(#9135),#9169,.F.);
#9135 = FACE_BOUND('',#9136,.F.);
#9136 = EDGE_LOOP('',(#9137,#9147,#9155,#9161,#9162,#9163));
#9137 = ORIENTED_EDGE('',*,*,#9138,.F.);
#9138 = EDGE_CURVE('',#9139,#9141,#9143,.T.);
#9139 = VERTEX_POINT('',#9140);
#9140 = CARTESIAN_POINT('',(1.,0.375,0.));
#9141 = VERTEX_POINT('',#9142);
#9142 = CARTESIAN_POINT('',(0.725,0.375,0.));
#9143 = LINE('',#9144,#9145);
#9144 = CARTESIAN_POINT('',(1.,0.375,0.));
#9145 = VECTOR('',#9146,1.);
#9146 = DIRECTION('',(-1.,3.445092848398E-16,0.));
#9147 = ORIENTED_EDGE('',*,*,#9148,.T.);
#9148 = EDGE_CURVE('',#9139,#9149,#9151,.T.);
#9149 = VERTEX_POINT('',#9150);
#9150 = CARTESIAN_POINT('',(1.,0.375,0.2));
#9151 = LINE('',#9152,#9153);
#9152 = CARTESIAN_POINT('',(1.,0.375,0.));
#9153 = VECTOR('',#9154,1.);
#9154 = DIRECTION('',(0.,0.,1.));
#9155 = ORIENTED_EDGE('',*,*,#9156,.T.);
#9156 = EDGE_CURVE('',#9149,#8881,#9157,.T.);
#9157 = LINE('',#9158,#9159);
#9158 = CARTESIAN_POINT('',(1.,0.375,0.2));
#9159 = VECTOR('',#9160,1.);
#9160 = DIRECTION('',(-1.,3.445092848398E-16,0.));
#9161 = ORIENTED_EDGE('',*,*,#8888,.T.);
#9162 = ORIENTED_EDGE('',*,*,#8592,.F.);
#9163 = ORIENTED_EDGE('',*,*,#9164,.F.);
#9164 = EDGE_CURVE('',#9141,#8584,#9165,.T.);
#9165 = LINE('',#9166,#9167);
#9166 = CARTESIAN_POINT('',(0.725,0.375,0.));
#9167 = VECTOR('',#9168,1.);
#9168 = DIRECTION('',(0.,0.,1.));
#9169 = PLANE('',#9170);
#9170 = AXIS2_PLACEMENT_3D('',#9171,#9172,#9173);
#9171 = CARTESIAN_POINT('',(1.,0.375,0.));
#9172 = DIRECTION('',(-3.445092848398E-16,-1.,0.));
#9173 = DIRECTION('',(-1.,3.445092848398E-16,0.));
#9174 = ADVANCED_FACE('',(#9175),#9194,.T.);
#9175 = FACE_BOUND('',#9176,.T.);
#9176 = EDGE_LOOP('',(#9177,#9185,#9186,#9187));
#9177 = ORIENTED_EDGE('',*,*,#9178,.T.);
#9178 = EDGE_CURVE('',#9179,#8576,#9181,.T.);
#9179 = VERTEX_POINT('',#9180);
#9180 = CARTESIAN_POINT('',(0.725,0.125,0.));
#9181 = LINE('',#9182,#9183);
#9182 = CARTESIAN_POINT('',(0.725,0.125,0.));
#9183 = VECTOR('',#9184,1.);
#9184 = DIRECTION('',(0.,0.,1.));
#9185 = ORIENTED_EDGE('',*,*,#8583,.T.);
#9186 = ORIENTED_EDGE('',*,*,#9164,.F.);
#9187 = ORIENTED_EDGE('',*,*,#9188,.T.);
#9188 = EDGE_CURVE('',#9141,#9179,#9189,.T.);
#9189 = CIRCLE('',#9190,0.125);
#9190 = AXIS2_PLACEMENT_3D('',#9191,#9192,#9193);
#9191 = CARTESIAN_POINT('',(0.725,0.25,0.));
#9192 = DIRECTION('',(0.,-0.,1.));
#9193 = DIRECTION('',(3.445092848398E-16,1.,0.));
#9194 = CYLINDRICAL_SURFACE('',#9195,0.125);
#9195 = AXIS2_PLACEMENT_3D('',#9196,#9197,#9198);
#9196 = CARTESIAN_POINT('',(0.725,0.25,0.));
#9197 = DIRECTION('',(0.,-0.,-1.));
#9198 = DIRECTION('',(3.445092848398E-16,1.,0.));
#9199 = ADVANCED_FACE('',(#9200),#9234,.F.);
#9200 = FACE_BOUND('',#9201,.F.);
#9201 = EDGE_LOOP('',(#9202,#9212,#9218,#9219,#9220,#9228));
#9202 = ORIENTED_EDGE('',*,*,#9203,.F.);
#9203 = EDGE_CURVE('',#9204,#9206,#9208,.T.);
#9204 = VERTEX_POINT('',#9205);
#9205 = CARTESIAN_POINT('',(-0.725,0.375,0.));
#9206 = VERTEX_POINT('',#9207);
#9207 = CARTESIAN_POINT('',(-1.,0.375,0.));
#9208 = LINE('',#9209,#9210);
#9209 = CARTESIAN_POINT('',(-0.725,0.375,0.));
#9210 = VECTOR('',#9211,1.);
#9211 = DIRECTION('',(-1.,4.669739647545E-16,0.));
#9212 = ORIENTED_EDGE('',*,*,#9213,.T.);
#9213 = EDGE_CURVE('',#9204,#8419,#9214,.T.);
#9214 = LINE('',#9215,#9216);
#9215 = CARTESIAN_POINT('',(-0.725,0.375,0.));
#9216 = VECTOR('',#9217,1.);
#9217 = DIRECTION('',(0.,0.,1.));
#9218 = ORIENTED_EDGE('',*,*,#8418,.F.);
#9219 = ORIENTED_EDGE('',*,*,#8753,.F.);
#9220 = ORIENTED_EDGE('',*,*,#9221,.T.);
#9221 = EDGE_CURVE('',#8746,#9222,#9224,.T.);
#9222 = VERTEX_POINT('',#9223);
#9223 = CARTESIAN_POINT('',(-1.,0.375,0.2));
#9224 = LINE('',#9225,#9226);
#9225 = CARTESIAN_POINT('',(-0.725,0.375,0.2));
#9226 = VECTOR('',#9227,1.);
#9227 = DIRECTION('',(-1.,4.669739647545E-16,0.));
#9228 = ORIENTED_EDGE('',*,*,#9229,.F.);
#9229 = EDGE_CURVE('',#9206,#9222,#9230,.T.);
#9230 = LINE('',#9231,#9232);
#9231 = CARTESIAN_POINT('',(-1.,0.375,0.));
#9232 = VECTOR('',#9233,1.);
#9233 = DIRECTION('',(0.,0.,1.));
#9234 = PLANE('',#9235);
#9235 = AXIS2_PLACEMENT_3D('',#9236,#9237,#9238);
#9236 = CARTESIAN_POINT('',(-0.725,0.375,0.));
#9237 = DIRECTION('',(-4.669739647545E-16,-1.,0.));
#9238 = DIRECTION('',(-1.,4.669739647545E-16,0.));
#9239 = ADVANCED_FACE('',(#9240),#9267,.F.);
#9240 = FACE_BOUND('',#9241,.F.);
#9241 = EDGE_LOOP('',(#9242,#9250,#9251,#9252,#9253,#9261));
#9242 = ORIENTED_EDGE('',*,*,#9243,.F.);
#9243 = EDGE_CURVE('',#9179,#9244,#9246,.T.);
#9244 = VERTEX_POINT('',#9245);
#9245 = CARTESIAN_POINT('',(1.,0.125,0.));
#9246 = LINE('',#9247,#9248);
#9247 = CARTESIAN_POINT('',(0.725,0.125,0.));
#9248 = VECTOR('',#9249,1.);
#9249 = DIRECTION('',(1.,-3.445092848398E-16,0.));
#9250 = ORIENTED_EDGE('',*,*,#9178,.T.);
#9251 = ORIENTED_EDGE('',*,*,#8575,.F.);
#9252 = ORIENTED_EDGE('',*,*,#8872,.T.);
#9253 = ORIENTED_EDGE('',*,*,#9254,.T.);
#9254 = EDGE_CURVE('',#8873,#9255,#9257,.T.);
#9255 = VERTEX_POINT('',#9256);
#9256 = CARTESIAN_POINT('',(1.,0.125,0.2));
#9257 = LINE('',#9258,#9259);
#9258 = CARTESIAN_POINT('',(0.725,0.125,0.2));
#9259 = VECTOR('',#9260,1.);
#9260 = DIRECTION('',(1.,-3.445092848398E-16,0.));
#9261 = ORIENTED_EDGE('',*,*,#9262,.F.);
#9262 = EDGE_CURVE('',#9244,#9255,#9263,.T.);
#9263 = LINE('',#9264,#9265);
#9264 = CARTESIAN_POINT('',(1.,0.125,0.));
#9265 = VECTOR('',#9266,1.);
#9266 = DIRECTION('',(0.,0.,1.));
#9267 = PLANE('',#9268);
#9268 = AXIS2_PLACEMENT_3D('',#9269,#9270,#9271);
#9269 = CARTESIAN_POINT('',(0.725,0.125,0.));
#9270 = DIRECTION('',(3.445092848398E-16,1.,0.));
#9271 = DIRECTION('',(1.,-3.445092848398E-16,0.));
#9272 = ADVANCED_FACE('',(#9273),#9292,.T.);
#9273 = FACE_BOUND('',#9274,.T.);
#9274 = EDGE_LOOP('',(#9275,#9276,#9277,#9285));
#9275 = ORIENTED_EDGE('',*,*,#9213,.T.);
#9276 = ORIENTED_EDGE('',*,*,#8426,.T.);
#9277 = ORIENTED_EDGE('',*,*,#9278,.F.);
#9278 = EDGE_CURVE('',#9279,#8427,#9281,.T.);
#9279 = VERTEX_POINT('',#9280);
#9280 = CARTESIAN_POINT('',(-0.725,0.125,0.));
#9281 = LINE('',#9282,#9283);
#9282 = CARTESIAN_POINT('',(-0.725,0.125,0.));
#9283 = VECTOR('',#9284,1.);
#9284 = DIRECTION('',(0.,0.,1.));
#9285 = ORIENTED_EDGE('',*,*,#9286,.T.);
#9286 = EDGE_CURVE('',#9279,#9204,#9287,.T.);
#9287 = CIRCLE('',#9288,0.125);
#9288 = AXIS2_PLACEMENT_3D('',#9289,#9290,#9291);
#9289 = CARTESIAN_POINT('',(-0.725,0.25,0.));
#9290 = DIRECTION('',(0.,0.,1.));
#9291 = DIRECTION('',(-4.669739647545E-16,-1.,0.));
#9292 = CYLINDRICAL_SURFACE('',#9293,0.125);
#9293 = AXIS2_PLACEMENT_3D('',#9294,#9295,#9296);
#9294 = CARTESIAN_POINT('',(-0.725,0.25,0.));
#9295 = DIRECTION('',(0.,0.,-1.));
#9296 = DIRECTION('',(-4.669739647545E-16,-1.,-0.));
#9297 = ADVANCED_FACE('',(#9298),#9325,.F.);
#9298 = FACE_BOUND('',#9299,.F.);
#9299 = EDGE_LOOP('',(#9300,#9308,#9316,#9322,#9323,#9324));
#9300 = ORIENTED_EDGE('',*,*,#9301,.F.);
#9301 = EDGE_CURVE('',#9302,#9279,#9304,.T.);
#9302 = VERTEX_POINT('',#9303);
#9303 = CARTESIAN_POINT('',(-1.,0.125,0.));
#9304 = LINE('',#9305,#9306);
#9305 = CARTESIAN_POINT('',(-1.,0.125,0.));
#9306 = VECTOR('',#9307,1.);
#9307 = DIRECTION('',(1.,-4.669739647545E-16,0.));
#9308 = ORIENTED_EDGE('',*,*,#9309,.T.);
#9309 = EDGE_CURVE('',#9302,#9310,#9312,.T.);
#9310 = VERTEX_POINT('',#9311);
#9311 = CARTESIAN_POINT('',(-1.,0.125,0.2));
#9312 = LINE('',#9313,#9314);
#9313 = CARTESIAN_POINT('',(-1.,0.125,0.));
#9314 = VECTOR('',#9315,1.);
#9315 = DIRECTION('',(0.,0.,1.));
#9316 = ORIENTED_EDGE('',*,*,#9317,.T.);
#9317 = EDGE_CURVE('',#9310,#8738,#9318,.T.);
#9318 = LINE('',#9319,#9320);
#9319 = CARTESIAN_POINT('',(-1.,0.125,0.2));
#9320 = VECTOR('',#9321,1.);
#9321 = DIRECTION('',(1.,-4.669739647545E-16,0.));
#9322 = ORIENTED_EDGE('',*,*,#8737,.F.);
#9323 = ORIENTED_EDGE('',*,*,#8435,.F.);
#9324 = ORIENTED_EDGE('',*,*,#9278,.F.);
#9325 = PLANE('',#9326);
#9326 = AXIS2_PLACEMENT_3D('',#9327,#9328,#9329);
#9327 = CARTESIAN_POINT('',(-1.,0.125,0.));
#9328 = DIRECTION('',(4.669739647545E-16,1.,0.));
#9329 = DIRECTION('',(1.,-4.669739647545E-16,0.));
#9330 = ADVANCED_FACE('',(#9331),#9365,.F.);
#9331 = FACE_BOUND('',#9332,.F.);
#9332 = EDGE_LOOP('',(#9333,#9343,#9351,#9357,#9358,#9359));
#9333 = ORIENTED_EDGE('',*,*,#9334,.F.);
#9334 = EDGE_CURVE('',#9335,#9337,#9339,.T.);
#9335 = VERTEX_POINT('',#9336);
#9336 = CARTESIAN_POINT('',(1.,-0.125,0.));
#9337 = VERTEX_POINT('',#9338);
#9338 = CARTESIAN_POINT('',(0.725,-0.125,0.));
#9339 = LINE('',#9340,#9341);
#9340 = CARTESIAN_POINT('',(1.,-0.125,0.));
#9341 = VECTOR('',#9342,1.);
#9342 = DIRECTION('',(-1.,3.445092848398E-16,0.));
#9343 = ORIENTED_EDGE('',*,*,#9344,.T.);
#9344 = EDGE_CURVE('',#9335,#9345,#9347,.T.);
#9345 = VERTEX_POINT('',#9346);
#9346 = CARTESIAN_POINT('',(1.,-0.125,0.2));
#9347 = LINE('',#9348,#9349);
#9348 = CARTESIAN_POINT('',(1.,-0.125,0.));
#9349 = VECTOR('',#9350,1.);
#9350 = DIRECTION('',(0.,0.,1.));
#9351 = ORIENTED_EDGE('',*,*,#9352,.T.);
#9352 = EDGE_CURVE('',#9345,#8858,#9353,.T.);
#9353 = LINE('',#9354,#9355);
#9354 = CARTESIAN_POINT('',(1.,-0.125,0.2));
#9355 = VECTOR('',#9356,1.);
#9356 = DIRECTION('',(-1.,3.445092848398E-16,0.));
#9357 = ORIENTED_EDGE('',*,*,#8865,.T.);
#9358 = ORIENTED_EDGE('',*,*,#8559,.F.);
#9359 = ORIENTED_EDGE('',*,*,#9360,.F.);
#9360 = EDGE_CURVE('',#9337,#8551,#9361,.T.);
#9361 = LINE('',#9362,#9363);
#9362 = CARTESIAN_POINT('',(0.725,-0.125,0.));
#9363 = VECTOR('',#9364,1.);
#9364 = DIRECTION('',(0.,0.,1.));
#9365 = PLANE('',#9366);
#9366 = AXIS2_PLACEMENT_3D('',#9367,#9368,#9369);
#9367 = CARTESIAN_POINT('',(1.,-0.125,0.));
#9368 = DIRECTION('',(-3.445092848398E-16,-1.,0.));
#9369 = DIRECTION('',(-1.,3.445092848398E-16,0.));
#9370 = ADVANCED_FACE('',(#9371),#9390,.T.);
#9371 = FACE_BOUND('',#9372,.T.);
#9372 = EDGE_LOOP('',(#9373,#9381,#9382,#9383));
#9373 = ORIENTED_EDGE('',*,*,#9374,.T.);
#9374 = EDGE_CURVE('',#9375,#8543,#9377,.T.);
#9375 = VERTEX_POINT('',#9376);
#9376 = CARTESIAN_POINT('',(0.725,-0.375,0.));
#9377 = LINE('',#9378,#9379);
#9378 = CARTESIAN_POINT('',(0.725,-0.375,0.));
#9379 = VECTOR('',#9380,1.);
#9380 = DIRECTION('',(0.,0.,1.));
#9381 = ORIENTED_EDGE('',*,*,#8550,.T.);
#9382 = ORIENTED_EDGE('',*,*,#9360,.F.);
#9383 = ORIENTED_EDGE('',*,*,#9384,.T.);
#9384 = EDGE_CURVE('',#9337,#9375,#9385,.T.);
#9385 = CIRCLE('',#9386,0.125);
#9386 = AXIS2_PLACEMENT_3D('',#9387,#9388,#9389);
#9387 = CARTESIAN_POINT('',(0.725,-0.25,0.));
#9388 = DIRECTION('',(0.,-0.,1.));
#9389 = DIRECTION('',(3.445092848398E-16,1.,0.));
#9390 = CYLINDRICAL_SURFACE('',#9391,0.125);
#9391 = AXIS2_PLACEMENT_3D('',#9392,#9393,#9394);
#9392 = CARTESIAN_POINT('',(0.725,-0.25,0.));
#9393 = DIRECTION('',(0.,-0.,-1.));
#9394 = DIRECTION('',(3.445092848398E-16,1.,0.));
#9395 = ADVANCED_FACE('',(#9396),#9423,.F.);
#9396 = FACE_BOUND('',#9397,.F.);
#9397 = EDGE_LOOP('',(#9398,#9406,#9407,#9408,#9409,#9417));
#9398 = ORIENTED_EDGE('',*,*,#9399,.F.);
#9399 = EDGE_CURVE('',#9375,#9400,#9402,.T.);
#9400 = VERTEX_POINT('',#9401);
#9401 = CARTESIAN_POINT('',(1.,-0.375,0.));
#9402 = LINE('',#9403,#9404);
#9403 = CARTESIAN_POINT('',(0.725,-0.375,0.));
#9404 = VECTOR('',#9405,1.);
#9405 = DIRECTION('',(1.,-3.445092848398E-16,0.));
#9406 = ORIENTED_EDGE('',*,*,#9374,.T.);
#9407 = ORIENTED_EDGE('',*,*,#8542,.F.);
#9408 = ORIENTED_EDGE('',*,*,#8849,.T.);
#9409 = ORIENTED_EDGE('',*,*,#9410,.T.);
#9410 = EDGE_CURVE('',#8850,#9411,#9413,.T.);
#9411 = VERTEX_POINT('',#9412);
#9412 = CARTESIAN_POINT('',(1.,-0.375,0.2));
#9413 = LINE('',#9414,#9415);
#9414 = CARTESIAN_POINT('',(0.725,-0.375,0.2));
#9415 = VECTOR('',#9416,1.);
#9416 = DIRECTION('',(1.,-3.445092848398E-16,0.));
#9417 = ORIENTED_EDGE('',*,*,#9418,.F.);
#9418 = EDGE_CURVE('',#9400,#9411,#9419,.T.);
#9419 = LINE('',#9420,#9421);
#9420 = CARTESIAN_POINT('',(1.,-0.375,0.));
#9421 = VECTOR('',#9422,1.);
#9422 = DIRECTION('',(0.,0.,1.));
#9423 = PLANE('',#9424);
#9424 = AXIS2_PLACEMENT_3D('',#9425,#9426,#9427);
#9425 = CARTESIAN_POINT('',(0.725,-0.375,0.));
#9426 = DIRECTION('',(3.445092848398E-16,1.,0.));
#9427 = DIRECTION('',(1.,-3.445092848398E-16,0.));
#9428 = ADVANCED_FACE('',(#9429),#9463,.F.);
#9429 = FACE_BOUND('',#9430,.F.);
#9430 = EDGE_LOOP('',(#9431,#9441,#9449,#9455,#9456,#9457));
#9431 = ORIENTED_EDGE('',*,*,#9432,.F.);
#9432 = EDGE_CURVE('',#9433,#9435,#9437,.T.);
#9433 = VERTEX_POINT('',#9434);
#9434 = CARTESIAN_POINT('',(1.,-0.625,0.));
#9435 = VERTEX_POINT('',#9436);
#9436 = CARTESIAN_POINT('',(0.725,-0.625,0.));
#9437 = LINE('',#9438,#9439);
#9438 = CARTESIAN_POINT('',(1.,-0.625,0.));
#9439 = VECTOR('',#9440,1.);
#9440 = DIRECTION('',(-1.,3.445092848398E-16,0.));
#9441 = ORIENTED_EDGE('',*,*,#9442,.T.);
#9442 = EDGE_CURVE('',#9433,#9443,#9445,.T.);
#9443 = VERTEX_POINT('',#9444);
#9444 = CARTESIAN_POINT('',(1.,-0.625,0.2));
#9445 = LINE('',#9446,#9447);
#9446 = CARTESIAN_POINT('',(1.,-0.625,0.));
#9447 = VECTOR('',#9448,1.);
#9448 = DIRECTION('',(0.,0.,1.));
#9449 = ORIENTED_EDGE('',*,*,#9450,.T.);
#9450 = EDGE_CURVE('',#9443,#8835,#9451,.T.);
#9451 = LINE('',#9452,#9453);
#9452 = CARTESIAN_POINT('',(1.,-0.625,0.2));
#9453 = VECTOR('',#9454,1.);
#9454 = DIRECTION('',(-1.,3.445092848398E-16,0.));
#9455 = ORIENTED_EDGE('',*,*,#8842,.T.);
#9456 = ORIENTED_EDGE('',*,*,#8526,.F.);
#9457 = ORIENTED_EDGE('',*,*,#9458,.F.);
#9458 = EDGE_CURVE('',#9435,#8518,#9459,.T.);
#9459 = LINE('',#9460,#9461);
#9460 = CARTESIAN_POINT('',(0.725,-0.625,0.));
#9461 = VECTOR('',#9462,1.);
#9462 = DIRECTION('',(0.,0.,1.));
#9463 = PLANE('',#9464);
#9464 = AXIS2_PLACEMENT_3D('',#9465,#9466,#9467);
#9465 = CARTESIAN_POINT('',(1.,-0.625,0.));
#9466 = DIRECTION('',(-3.445092848398E-16,-1.,0.));
#9467 = DIRECTION('',(-1.,3.445092848398E-16,0.));
#9468 = ADVANCED_FACE('',(#9469),#9488,.T.);
#9469 = FACE_BOUND('',#9470,.T.);
#9470 = EDGE_LOOP('',(#9471,#9479,#9480,#9481));
#9471 = ORIENTED_EDGE('',*,*,#9472,.T.);
#9472 = EDGE_CURVE('',#9473,#8510,#9475,.T.);
#9473 = VERTEX_POINT('',#9474);
#9474 = CARTESIAN_POINT('',(0.725,-0.875,0.));
#9475 = LINE('',#9476,#9477);
#9476 = CARTESIAN_POINT('',(0.725,-0.875,0.));
#9477 = VECTOR('',#9478,1.);
#9478 = DIRECTION('',(0.,0.,1.));
#9479 = ORIENTED_EDGE('',*,*,#8517,.T.);
#9480 = ORIENTED_EDGE('',*,*,#9458,.F.);
#9481 = ORIENTED_EDGE('',*,*,#9482,.T.);
#9482 = EDGE_CURVE('',#9435,#9473,#9483,.T.);
#9483 = CIRCLE('',#9484,0.125);
#9484 = AXIS2_PLACEMENT_3D('',#9485,#9486,#9487);
#9485 = CARTESIAN_POINT('',(0.725,-0.75,0.));
#9486 = DIRECTION('',(0.,-0.,1.));
#9487 = DIRECTION('',(3.445092848398E-16,1.,0.));
#9488 = CYLINDRICAL_SURFACE('',#9489,0.125);
#9489 = AXIS2_PLACEMENT_3D('',#9490,#9491,#9492);
#9490 = CARTESIAN_POINT('',(0.725,-0.75,0.));
#9491 = DIRECTION('',(0.,-0.,-1.));
#9492 = DIRECTION('',(3.445092848398E-16,1.,0.));
#9493 = ADVANCED_FACE('',(#9494),#9528,.F.);
#9494 = FACE_BOUND('',#9495,.F.);
#9495 = EDGE_LOOP('',(#9496,#9506,#9512,#9513,#9514,#9522));
#9496 = ORIENTED_EDGE('',*,*,#9497,.F.);
#9497 = EDGE_CURVE('',#9498,#9500,#9502,.T.);
#9498 = VERTEX_POINT('',#9499);
#9499 = CARTESIAN_POINT('',(-0.725,-0.625,0.));
#9500 = VERTEX_POINT('',#9501);
#9501 = CARTESIAN_POINT('',(-1.,-0.625,0.));
#9502 = LINE('',#9503,#9504);
#9503 = CARTESIAN_POINT('',(-0.725,-0.625,0.));
#9504 = VECTOR('',#9505,1.);
#9505 = DIRECTION('',(-1.,4.669739647545E-16,0.));
#9506 = ORIENTED_EDGE('',*,*,#9507,.T.);
#9507 = EDGE_CURVE('',#9498,#8461,#9508,.T.);
#9508 = LINE('',#9509,#9510);
#9509 = CARTESIAN_POINT('',(-0.725,-0.625,0.));
#9510 = VECTOR('',#9511,1.);
#9511 = DIRECTION('',(0.,0.,1.));
#9512 = ORIENTED_EDGE('',*,*,#8460,.F.);
#9513 = ORIENTED_EDGE('',*,*,#8721,.F.);
#9514 = ORIENTED_EDGE('',*,*,#9515,.T.);
#9515 = EDGE_CURVE('',#8714,#9516,#9518,.T.);
#9516 = VERTEX_POINT('',#9517);
#9517 = CARTESIAN_POINT('',(-1.,-0.625,0.2));
#9518 = LINE('',#9519,#9520);
#9519 = CARTESIAN_POINT('',(-0.725,-0.625,0.2));
#9520 = VECTOR('',#9521,1.);
#9521 = DIRECTION('',(-1.,4.669739647545E-16,0.));
#9522 = ORIENTED_EDGE('',*,*,#9523,.F.);
#9523 = EDGE_CURVE('',#9500,#9516,#9524,.T.);
#9524 = LINE('',#9525,#9526);
#9525 = CARTESIAN_POINT('',(-1.,-0.625,0.));
#9526 = VECTOR('',#9527,1.);
#9527 = DIRECTION('',(0.,0.,1.));
#9528 = PLANE('',#9529);
#9529 = AXIS2_PLACEMENT_3D('',#9530,#9531,#9532);
#9530 = CARTESIAN_POINT('',(-0.725,-0.625,0.));
#9531 = DIRECTION('',(-4.669739647545E-16,-1.,0.));
#9532 = DIRECTION('',(-1.,4.669739647545E-16,0.));
#9533 = ADVANCED_FACE('',(#9534),#9561,.F.);
#9534 = FACE_BOUND('',#9535,.F.);
#9535 = EDGE_LOOP('',(#9536,#9544,#9545,#9546,#9547,#9555));
#9536 = ORIENTED_EDGE('',*,*,#9537,.F.);
#9537 = EDGE_CURVE('',#9473,#9538,#9540,.T.);
#9538 = VERTEX_POINT('',#9539);
#9539 = CARTESIAN_POINT('',(1.,-0.875,0.));
#9540 = LINE('',#9541,#9542);
#9541 = CARTESIAN_POINT('',(0.725,-0.875,0.));
#9542 = VECTOR('',#9543,1.);
#9543 = DIRECTION('',(1.,-3.445092848398E-16,0.));
#9544 = ORIENTED_EDGE('',*,*,#9472,.T.);
#9545 = ORIENTED_EDGE('',*,*,#8509,.F.);
#9546 = ORIENTED_EDGE('',*,*,#8826,.T.);
#9547 = ORIENTED_EDGE('',*,*,#9548,.T.);
#9548 = EDGE_CURVE('',#8827,#9549,#9551,.T.);
#9549 = VERTEX_POINT('',#9550);
#9550 = CARTESIAN_POINT('',(1.,-0.875,0.2));
#9551 = LINE('',#9552,#9553);
#9552 = CARTESIAN_POINT('',(0.725,-0.875,0.2));
#9553 = VECTOR('',#9554,1.);
#9554 = DIRECTION('',(1.,-3.445092848398E-16,0.));
#9555 = ORIENTED_EDGE('',*,*,#9556,.F.);
#9556 = EDGE_CURVE('',#9538,#9549,#9557,.T.);
#9557 = LINE('',#9558,#9559);
#9558 = CARTESIAN_POINT('',(1.,-0.875,0.));
#9559 = VECTOR('',#9560,1.);
#9560 = DIRECTION('',(0.,0.,1.));
#9561 = PLANE('',#9562);
#9562 = AXIS2_PLACEMENT_3D('',#9563,#9564,#9565);
#9563 = CARTESIAN_POINT('',(0.725,-0.875,0.));
#9564 = DIRECTION('',(3.445092848398E-16,1.,0.));
#9565 = DIRECTION('',(1.,-3.445092848398E-16,0.));
#9566 = ADVANCED_FACE('',(#9567),#9586,.T.);
#9567 = FACE_BOUND('',#9568,.T.);
#9568 = EDGE_LOOP('',(#9569,#9570,#9571,#9579));
#9569 = ORIENTED_EDGE('',*,*,#9507,.T.);
#9570 = ORIENTED_EDGE('',*,*,#8468,.T.);
#9571 = ORIENTED_EDGE('',*,*,#9572,.F.);
#9572 = EDGE_CURVE('',#9573,#8469,#9575,.T.);
#9573 = VERTEX_POINT('',#9574);
#9574 = CARTESIAN_POINT('',(-0.725,-0.875,0.));
#9575 = LINE('',#9576,#9577);
#9576 = CARTESIAN_POINT('',(-0.725,-0.875,0.));
#9577 = VECTOR('',#9578,1.);
#9578 = DIRECTION('',(0.,0.,1.));
#9579 = ORIENTED_EDGE('',*,*,#9580,.T.);
#9580 = EDGE_CURVE('',#9573,#9498,#9581,.T.);
#9581 = CIRCLE('',#9582,0.125);
#9582 = AXIS2_PLACEMENT_3D('',#9583,#9584,#9585);
#9583 = CARTESIAN_POINT('',(-0.725,-0.75,0.));
#9584 = DIRECTION('',(0.,0.,1.));
#9585 = DIRECTION('',(-4.669739647545E-16,-1.,0.));
#9586 = CYLINDRICAL_SURFACE('',#9587,0.125);
#9587 = AXIS2_PLACEMENT_3D('',#9588,#9589,#9590);
#9588 = CARTESIAN_POINT('',(-0.725,-0.75,0.));
#9589 = DIRECTION('',(0.,0.,-1.));
#9590 = DIRECTION('',(-4.669739647545E-16,-1.,-0.));
#9591 = ADVANCED_FACE('',(#9592),#9619,.F.);
#9592 = FACE_BOUND('',#9593,.F.);
#9593 = EDGE_LOOP('',(#9594,#9602,#9610,#9616,#9617,#9618));
#9594 = ORIENTED_EDGE('',*,*,#9595,.F.);
#9595 = EDGE_CURVE('',#9596,#9573,#9598,.T.);
#9596 = VERTEX_POINT('',#9597);
#9597 = CARTESIAN_POINT('',(-1.,-0.875,0.));
#9598 = LINE('',#9599,#9600);
#9599 = CARTESIAN_POINT('',(-1.,-0.875,0.));
#9600 = VECTOR('',#9601,1.);
#9601 = DIRECTION('',(1.,-4.669739647545E-16,0.));
#9602 = ORIENTED_EDGE('',*,*,#9603,.T.);
#9603 = EDGE_CURVE('',#9596,#9604,#9606,.T.);
#9604 = VERTEX_POINT('',#9605);
#9605 = CARTESIAN_POINT('',(-1.,-0.875,0.2));
#9606 = LINE('',#9607,#9608);
#9607 = CARTESIAN_POINT('',(-1.,-0.875,0.));
#9608 = VECTOR('',#9609,1.);
#9609 = DIRECTION('',(0.,0.,1.));
#9610 = ORIENTED_EDGE('',*,*,#9611,.T.);
#9611 = EDGE_CURVE('',#9604,#8706,#9612,.T.);
#9612 = LINE('',#9613,#9614);
#9613 = CARTESIAN_POINT('',(-1.,-0.875,0.2));
#9614 = VECTOR('',#9615,1.);
#9615 = DIRECTION('',(1.,-4.669739647545E-16,0.));
#9616 = ORIENTED_EDGE('',*,*,#8705,.F.);
#9617 = ORIENTED_EDGE('',*,*,#8477,.F.);
#9618 = ORIENTED_EDGE('',*,*,#9572,.F.);
#9619 = PLANE('',#9620);
#9620 = AXIS2_PLACEMENT_3D('',#9621,#9622,#9623);
#9621 = CARTESIAN_POINT('',(-1.,-0.875,0.));
#9622 = DIRECTION('',(4.669739647545E-16,1.,0.));
#9623 = DIRECTION('',(1.,-4.669739647545E-16,0.));
#9624 = ADVANCED_FACE('',(#9625),#9636,.T.);
#9625 = FACE_BOUND('',#9626,.T.);
#9626 = EDGE_LOOP('',(#9627,#9628,#9629,#9630));
#9627 = ORIENTED_EDGE('',*,*,#8698,.F.);
#9628 = ORIENTED_EDGE('',*,*,#8493,.T.);
#9629 = ORIENTED_EDGE('',*,*,#8819,.T.);
#9630 = ORIENTED_EDGE('',*,*,#9631,.F.);
#9631 = EDGE_CURVE('',#8691,#8812,#9632,.T.);
#9632 = LINE('',#9633,#9634);
#9633 = CARTESIAN_POINT('',(-0.99,-1.49,0.77));
#9634 = VECTOR('',#9635,1.);
#9635 = DIRECTION('',(1.,-2.22044604925E-16,0.));
#9636 = PLANE('',#9637);
#9637 = AXIS2_PLACEMENT_3D('',#9638,#9639,#9640);
#9638 = CARTESIAN_POINT('',(-0.99,-1.49,2.E-02));
#9639 = DIRECTION('',(-2.22044604925E-16,-1.,0.));
#9640 = DIRECTION('',(0.,0.,1.));
#9641 = ADVANCED_FACE('',(#9642),#9667,.F.);
#9642 = FACE_BOUND('',#9643,.F.);
#9643 = EDGE_LOOP('',(#9644,#9652,#9653,#9661));
#9644 = ORIENTED_EDGE('',*,*,#9645,.T.);
#9645 = EDGE_CURVE('',#9646,#8634,#9648,.T.);
#9646 = VERTEX_POINT('',#9647);
#9647 = CARTESIAN_POINT('',(-0.28,0.875,0.));
#9648 = LINE('',#9649,#9650);
#9649 = CARTESIAN_POINT('',(-0.28,0.875,0.));
#9650 = VECTOR('',#9651,1.);
#9651 = DIRECTION('',(0.,0.,1.));
#9652 = ORIENTED_EDGE('',*,*,#8633,.T.);
#9653 = ORIENTED_EDGE('',*,*,#9654,.F.);
#9654 = EDGE_CURVE('',#9655,#8636,#9657,.T.);
#9655 = VERTEX_POINT('',#9656);
#9656 = CARTESIAN_POINT('',(-0.28,-1.075,0.));
#9657 = LINE('',#9658,#9659);
#9658 = CARTESIAN_POINT('',(-0.28,-1.075,0.));
#9659 = VECTOR('',#9660,1.);
#9660 = DIRECTION('',(0.,0.,1.));
#9661 = ORIENTED_EDGE('',*,*,#9662,.F.);
#9662 = EDGE_CURVE('',#9646,#9655,#9663,.T.);
#9663 = LINE('',#9664,#9665);
#9664 = CARTESIAN_POINT('',(-0.28,0.875,0.));
#9665 = VECTOR('',#9666,1.);
#9666 = DIRECTION('',(-2.22044604925E-16,-1.,0.));
#9667 = PLANE('',#9668);
#9668 = AXIS2_PLACEMENT_3D('',#9669,#9670,#9671);
#9669 = CARTESIAN_POINT('',(-0.28,0.875,0.));
#9670 = DIRECTION('',(1.,-2.22044604925E-16,0.));
#9671 = DIRECTION('',(-2.22044604925E-16,-1.,0.));
#9672 = ADVANCED_FACE('',(#9673),#9691,.F.);
#9673 = FACE_BOUND('',#9674,.F.);
#9674 = EDGE_LOOP('',(#9675,#9676,#9677,#9685));
#9675 = ORIENTED_EDGE('',*,*,#9654,.T.);
#9676 = ORIENTED_EDGE('',*,*,#8667,.T.);
#9677 = ORIENTED_EDGE('',*,*,#9678,.F.);
#9678 = EDGE_CURVE('',#9679,#8660,#9681,.T.);
#9679 = VERTEX_POINT('',#9680);
#9680 = CARTESIAN_POINT('',(0.28,-1.075,0.));
#9681 = LINE('',#9682,#9683);
#9682 = CARTESIAN_POINT('',(0.28,-1.075,0.));
#9683 = VECTOR('',#9684,1.);
#9684 = DIRECTION('',(0.,0.,1.));
#9685 = ORIENTED_EDGE('',*,*,#9686,.F.);
#9686 = EDGE_CURVE('',#9655,#9679,#9687,.T.);
#9687 = LINE('',#9688,#9689);
#9688 = CARTESIAN_POINT('',(-0.28,-1.075,0.));
#9689 = VECTOR('',#9690,1.);
#9690 = DIRECTION('',(1.,-2.22044604925E-16,0.));
#9691 = PLANE('',#9692);
#9692 = AXIS2_PLACEMENT_3D('',#9693,#9694,#9695);
#9693 = CARTESIAN_POINT('',(-0.28,-1.075,0.));
#9694 = DIRECTION('',(2.22044604925E-16,1.,0.));
#9695 = DIRECTION('',(1.,-2.22044604925E-16,0.));
#9696 = ADVANCED_FACE('',(#9697),#9715,.F.);
#9697 = FACE_BOUND('',#9698,.F.);
#9698 = EDGE_LOOP('',(#9699,#9700,#9701,#9709));
#9699 = ORIENTED_EDGE('',*,*,#9678,.T.);
#9700 = ORIENTED_EDGE('',*,*,#8659,.T.);
#9701 = ORIENTED_EDGE('',*,*,#9702,.F.);
#9702 = EDGE_CURVE('',#9703,#8652,#9705,.T.);
#9703 = VERTEX_POINT('',#9704);
#9704 = CARTESIAN_POINT('',(0.28,1.075,0.));
#9705 = LINE('',#9706,#9707);
#9706 = CARTESIAN_POINT('',(0.28,1.075,0.));
#9707 = VECTOR('',#9708,1.);
#9708 = DIRECTION('',(0.,0.,1.));
#9709 = ORIENTED_EDGE('',*,*,#9710,.F.);
#9710 = EDGE_CURVE('',#9679,#9703,#9711,.T.);
#9711 = LINE('',#9712,#9713);
#9712 = CARTESIAN_POINT('',(0.28,-1.075,0.));
#9713 = VECTOR('',#9714,1.);
#9714 = DIRECTION('',(2.22044604925E-16,1.,0.));
#9715 = PLANE('',#9716);
#9716 = AXIS2_PLACEMENT_3D('',#9717,#9718,#9719);
#9717 = CARTESIAN_POINT('',(0.28,-1.075,0.));
#9718 = DIRECTION('',(-1.,2.22044604925E-16,0.));
#9719 = DIRECTION('',(2.22044604925E-16,1.,0.));
#9720 = ADVANCED_FACE('',(#9721),#9739,.F.);
#9721 = FACE_BOUND('',#9722,.F.);
#9722 = EDGE_LOOP('',(#9723,#9724,#9725,#9733));
#9723 = ORIENTED_EDGE('',*,*,#9702,.T.);
#9724 = ORIENTED_EDGE('',*,*,#8651,.T.);
#9725 = ORIENTED_EDGE('',*,*,#9726,.F.);
#9726 = EDGE_CURVE('',#9727,#8644,#9729,.T.);
#9727 = VERTEX_POINT('',#9728);
#9728 = CARTESIAN_POINT('',(-8.E-02,1.075,0.));
#9729 = LINE('',#9730,#9731);
#9730 = CARTESIAN_POINT('',(-8.E-02,1.075,0.));
#9731 = VECTOR('',#9732,1.);
#9732 = DIRECTION('',(0.,0.,1.));
#9733 = ORIENTED_EDGE('',*,*,#9734,.F.);
#9734 = EDGE_CURVE('',#9703,#9727,#9735,.T.);
#9735 = LINE('',#9736,#9737);
#9736 = CARTESIAN_POINT('',(0.28,1.075,0.));
#9737 = VECTOR('',#9738,1.);
#9738 = DIRECTION('',(-1.,2.22044604925E-16,0.));
#9739 = PLANE('',#9740);
#9740 = AXIS2_PLACEMENT_3D('',#9741,#9742,#9743);
#9741 = CARTESIAN_POINT('',(0.28,1.075,0.));
#9742 = DIRECTION('',(-2.22044604925E-16,-1.,0.));
#9743 = DIRECTION('',(-1.,2.22044604925E-16,0.));
#9744 = ADVANCED_FACE('',(#9745),#9756,.F.);
#9745 = FACE_BOUND('',#9746,.F.);
#9746 = EDGE_LOOP('',(#9747,#9748,#9749,#9750));
#9747 = ORIENTED_EDGE('',*,*,#9726,.T.);
#9748 = ORIENTED_EDGE('',*,*,#8643,.T.);
#9749 = ORIENTED_EDGE('',*,*,#9645,.F.);
#9750 = ORIENTED_EDGE('',*,*,#9751,.F.);
#9751 = EDGE_CURVE('',#9727,#9646,#9752,.T.);
#9752 = LINE('',#9753,#9754);
#9753 = CARTESIAN_POINT('',(-8.E-02,1.075,0.));
#9754 = VECTOR('',#9755,1.);
#9755 = DIRECTION('',(-0.707106781187,-0.707106781187,0.));
#9756 = PLANE('',#9757);
#9757 = AXIS2_PLACEMENT_3D('',#9758,#9759,#9760);
#9758 = CARTESIAN_POINT('',(-8.E-02,1.075,0.));
#9759 = DIRECTION('',(0.707106781187,-0.707106781187,0.));
#9760 = DIRECTION('',(-0.707106781187,-0.707106781187,0.));
#9761 = ADVANCED_FACE('',(#9762,#9768),#9779,.T.);
#9762 = FACE_BOUND('',#9763,.T.);
#9763 = EDGE_LOOP('',(#9764,#9765,#9766,#9767));
#9764 = ORIENTED_EDGE('',*,*,#8928,.F.);
#9765 = ORIENTED_EDGE('',*,*,#8690,.T.);
#9766 = ORIENTED_EDGE('',*,*,#9631,.T.);
#9767 = ORIENTED_EDGE('',*,*,#8811,.F.);
#9768 = FACE_BOUND('',#9769,.T.);
#9769 = EDGE_LOOP('',(#9770));
#9770 = ORIENTED_EDGE('',*,*,#9771,.T.);
#9771 = EDGE_CURVE('',#9772,#9772,#9774,.T.);
#9772 = VERTEX_POINT('',#9773);
#9773 = CARTESIAN_POINT('',(-0.52,0.82,0.77));
#9774 = CIRCLE('',#9775,0.2);
#9775 = AXIS2_PLACEMENT_3D('',#9776,#9777,#9778);
#9776 = CARTESIAN_POINT('',(-0.52,1.02,0.77));
#9777 = DIRECTION('',(-0.,0.,-1.));
#9778 = DIRECTION('',(-2.22044604925E-16,-1.,0.));
#9779 = PLANE('',#9780);
#9780 = AXIS2_PLACEMENT_3D('',#9781,#9782,#9783);
#9781 = CARTESIAN_POINT('',(-0.99,1.49,0.77));
#9782 = DIRECTION('',(0.,0.,1.));
#9783 = DIRECTION('',(-2.22044604925E-16,-1.,0.));
#9784 = ADVANCED_FACE('',(#9785),#9796,.F.);
#9785 = FACE_BOUND('',#9786,.F.);
#9786 = EDGE_LOOP('',(#9787,#9788,#9794,#9795));
#9787 = ORIENTED_EDGE('',*,*,#9121,.F.);
#9788 = ORIENTED_EDGE('',*,*,#9789,.F.);
#9789 = EDGE_CURVE('',#9026,#9114,#9790,.T.);
#9790 = LINE('',#9791,#9792);
#9791 = CARTESIAN_POINT('',(-1.,0.875,0.2));
#9792 = VECTOR('',#9793,1.);
#9793 = DIRECTION('',(-4.669739647545E-16,-1.,0.));
#9794 = ORIENTED_EDGE('',*,*,#9025,.F.);
#9795 = ORIENTED_EDGE('',*,*,#8768,.F.);
#9796 = PLANE('',#9797);
#9797 = AXIS2_PLACEMENT_3D('',#9798,#9799,#9800);
#9798 = CARTESIAN_POINT('',(-1.,0.625,0.2));
#9799 = DIRECTION('',(0.,-0.,-1.));
#9800 = DIRECTION('',(4.669739647545E-16,1.,0.));
#9801 = ADVANCED_FACE('',(#9802),#9813,.F.);
#9802 = FACE_BOUND('',#9803,.F.);
#9803 = EDGE_LOOP('',(#9804,#9805,#9811,#9812));
#9804 = ORIENTED_EDGE('',*,*,#9611,.F.);
#9805 = ORIENTED_EDGE('',*,*,#9806,.F.);
#9806 = EDGE_CURVE('',#9516,#9604,#9807,.T.);
#9807 = LINE('',#9808,#9809);
#9808 = CARTESIAN_POINT('',(-1.,-0.625,0.2));
#9809 = VECTOR('',#9810,1.);
#9810 = DIRECTION('',(-4.669739647545E-16,-1.,0.));
#9811 = ORIENTED_EDGE('',*,*,#9515,.F.);
#9812 = ORIENTED_EDGE('',*,*,#8713,.F.);
#9813 = PLANE('',#9814);
#9814 = AXIS2_PLACEMENT_3D('',#9815,#9816,#9817);
#9815 = CARTESIAN_POINT('',(-1.,-0.875,0.2));
#9816 = DIRECTION('',(0.,-0.,-1.));
#9817 = DIRECTION('',(4.669739647545E-16,1.,0.));
#9818 = ADVANCED_FACE('',(#9819),#9830,.F.);
#9819 = FACE_BOUND('',#9820,.F.);
#9820 = EDGE_LOOP('',(#9821,#9822,#9828,#9829));
#9821 = ORIENTED_EDGE('',*,*,#9317,.F.);
#9822 = ORIENTED_EDGE('',*,*,#9823,.F.);
#9823 = EDGE_CURVE('',#9222,#9310,#9824,.T.);
#9824 = LINE('',#9825,#9826);
#9825 = CARTESIAN_POINT('',(-1.,0.375,0.2));
#9826 = VECTOR('',#9827,1.);
#9827 = DIRECTION('',(-4.669739647545E-16,-1.,0.));
#9828 = ORIENTED_EDGE('',*,*,#9221,.F.);
#9829 = ORIENTED_EDGE('',*,*,#8745,.F.);
#9830 = PLANE('',#9831);
#9831 = AXIS2_PLACEMENT_3D('',#9832,#9833,#9834);
#9832 = CARTESIAN_POINT('',(-1.,0.125,0.2));
#9833 = DIRECTION('',(0.,-0.,-1.));
#9834 = DIRECTION('',(4.669739647545E-16,1.,0.));
#9835 = ADVANCED_FACE('',(#9836),#9847,.F.);
#9836 = FACE_BOUND('',#9837,.F.);
#9837 = EDGE_LOOP('',(#9838,#9839,#9845,#9846));
#9838 = ORIENTED_EDGE('',*,*,#8960,.F.);
#9839 = ORIENTED_EDGE('',*,*,#9840,.F.);
#9840 = EDGE_CURVE('',#9059,#8953,#9841,.T.);
#9841 = LINE('',#9842,#9843);
#9842 = CARTESIAN_POINT('',(1.,0.625,0.2));
#9843 = VECTOR('',#9844,1.);
#9844 = DIRECTION('',(3.445092848398E-16,1.,0.));
#9845 = ORIENTED_EDGE('',*,*,#9058,.F.);
#9846 = ORIENTED_EDGE('',*,*,#8903,.T.);
#9847 = PLANE('',#9848);
#9848 = AXIS2_PLACEMENT_3D('',#9849,#9850,#9851);
#9849 = CARTESIAN_POINT('',(1.,0.875,0.2));
#9850 = DIRECTION('',(0.,0.,-1.));
#9851 = DIRECTION('',(-3.445092848398E-16,-1.,-0.));
#9852 = ADVANCED_FACE('',(#9853),#9864,.F.);
#9853 = FACE_BOUND('',#9854,.F.);
#9854 = EDGE_LOOP('',(#9855,#9856,#9862,#9863));
#9855 = ORIENTED_EDGE('',*,*,#9450,.F.);
#9856 = ORIENTED_EDGE('',*,*,#9857,.F.);
#9857 = EDGE_CURVE('',#9549,#9443,#9858,.T.);
#9858 = LINE('',#9859,#9860);
#9859 = CARTESIAN_POINT('',(1.,-0.875,0.2));
#9860 = VECTOR('',#9861,1.);
#9861 = DIRECTION('',(3.445092848398E-16,1.,0.));
#9862 = ORIENTED_EDGE('',*,*,#9548,.F.);
#9863 = ORIENTED_EDGE('',*,*,#8834,.T.);
#9864 = PLANE('',#9865);
#9865 = AXIS2_PLACEMENT_3D('',#9866,#9867,#9868);
#9866 = CARTESIAN_POINT('',(1.,-0.625,0.2));
#9867 = DIRECTION('',(0.,0.,-1.));
#9868 = DIRECTION('',(-3.445092848398E-16,-1.,-0.));
#9869 = ADVANCED_FACE('',(#9870),#9881,.F.);
#9870 = FACE_BOUND('',#9871,.F.);
#9871 = EDGE_LOOP('',(#9872,#9873,#9879,#9880));
#9872 = ORIENTED_EDGE('',*,*,#9156,.F.);
#9873 = ORIENTED_EDGE('',*,*,#9874,.F.);
#9874 = EDGE_CURVE('',#9255,#9149,#9875,.T.);
#9875 = LINE('',#9876,#9877);
#9876 = CARTESIAN_POINT('',(1.,0.125,0.2));
#9877 = VECTOR('',#9878,1.);
#9878 = DIRECTION('',(3.445092848398E-16,1.,0.));
#9879 = ORIENTED_EDGE('',*,*,#9254,.F.);
#9880 = ORIENTED_EDGE('',*,*,#8880,.T.);
#9881 = PLANE('',#9882);
#9882 = AXIS2_PLACEMENT_3D('',#9883,#9884,#9885);
#9883 = CARTESIAN_POINT('',(1.,0.375,0.2));
#9884 = DIRECTION('',(0.,0.,-1.));
#9885 = DIRECTION('',(-3.445092848398E-16,-1.,-0.));
#9886 = ADVANCED_FACE('',(#9887),#9898,.F.);
#9887 = FACE_BOUND('',#9888,.F.);
#9888 = EDGE_LOOP('',(#9889,#9890,#9896,#9897));
#9889 = ORIENTED_EDGE('',*,*,#9352,.F.);
#9890 = ORIENTED_EDGE('',*,*,#9891,.F.);
#9891 = EDGE_CURVE('',#9411,#9345,#9892,.T.);
#9892 = LINE('',#9893,#9894);
#9893 = CARTESIAN_POINT('',(1.,-0.375,0.2));
#9894 = VECTOR('',#9895,1.);
#9895 = DIRECTION('',(3.445092848398E-16,1.,0.));
#9896 = ORIENTED_EDGE('',*,*,#9410,.F.);
#9897 = ORIENTED_EDGE('',*,*,#8857,.T.);
#9898 = PLANE('',#9899);
#9899 = AXIS2_PLACEMENT_3D('',#9900,#9901,#9902);
#9900 = CARTESIAN_POINT('',(1.,-0.125,0.2));
#9901 = DIRECTION('',(0.,0.,-1.));
#9902 = DIRECTION('',(-3.445092848398E-16,-1.,-0.));
#9903 = ADVANCED_FACE('',(#9904),#9915,.T.);
#9904 = FACE_BOUND('',#9905,.F.);
#9905 = EDGE_LOOP('',(#9906,#9907,#9908,#9909));
#9906 = ORIENTED_EDGE('',*,*,#8942,.T.);
#9907 = ORIENTED_EDGE('',*,*,#8992,.T.);
#9908 = ORIENTED_EDGE('',*,*,#9047,.T.);
#9909 = ORIENTED_EDGE('',*,*,#9910,.T.);
#9910 = EDGE_CURVE('',#9048,#8943,#9911,.T.);
#9911 = LINE('',#9912,#9913);
#9912 = CARTESIAN_POINT('',(1.,0.625,0.));
#9913 = VECTOR('',#9914,1.);
#9914 = DIRECTION('',(3.445092848398E-16,1.,0.));
#9915 = PLANE('',#9916);
#9916 = AXIS2_PLACEMENT_3D('',#9917,#9918,#9919);
#9917 = CARTESIAN_POINT('',(1.,0.875,0.));
#9918 = DIRECTION('',(0.,0.,-1.));
#9919 = DIRECTION('',(-3.445092848398E-16,-1.,-0.));
#9920 = ADVANCED_FACE('',(#9921),#9927,.F.);
#9921 = FACE_BOUND('',#9922,.F.);
#9922 = EDGE_LOOP('',(#9923,#9924,#9925,#9926));
#9923 = ORIENTED_EDGE('',*,*,#9066,.T.);
#9924 = ORIENTED_EDGE('',*,*,#9840,.T.);
#9925 = ORIENTED_EDGE('',*,*,#8952,.F.);
#9926 = ORIENTED_EDGE('',*,*,#9910,.F.);
#9927 = PLANE('',#9928);
#9928 = AXIS2_PLACEMENT_3D('',#9929,#9930,#9931);
#9929 = CARTESIAN_POINT('',(1.,0.625,0.));
#9930 = DIRECTION('',(-1.,3.445092848398E-16,0.));
#9931 = DIRECTION('',(3.445092848398E-16,1.,0.));
#9932 = ADVANCED_FACE('',(#9933),#9944,.T.);
#9933 = FACE_BOUND('',#9934,.F.);
#9934 = EDGE_LOOP('',(#9935,#9936,#9937,#9938));
#9935 = ORIENTED_EDGE('',*,*,#9105,.T.);
#9936 = ORIENTED_EDGE('',*,*,#9090,.T.);
#9937 = ORIENTED_EDGE('',*,*,#9007,.T.);
#9938 = ORIENTED_EDGE('',*,*,#9939,.T.);
#9939 = EDGE_CURVE('',#9010,#9106,#9940,.T.);
#9940 = LINE('',#9941,#9942);
#9941 = CARTESIAN_POINT('',(-1.,0.875,0.));
#9942 = VECTOR('',#9943,1.);
#9943 = DIRECTION('',(-4.669739647545E-16,-1.,0.));
#9944 = PLANE('',#9945);
#9945 = AXIS2_PLACEMENT_3D('',#9946,#9947,#9948);
#9946 = CARTESIAN_POINT('',(-1.,0.625,0.));
#9947 = DIRECTION('',(0.,-0.,-1.));
#9948 = DIRECTION('',(4.669739647545E-16,1.,0.));
#9949 = ADVANCED_FACE('',(#9950),#9956,.F.);
#9950 = FACE_BOUND('',#9951,.F.);
#9951 = EDGE_LOOP('',(#9952,#9953,#9954,#9955));
#9952 = ORIENTED_EDGE('',*,*,#9033,.T.);
#9953 = ORIENTED_EDGE('',*,*,#9789,.T.);
#9954 = ORIENTED_EDGE('',*,*,#9113,.F.);
#9955 = ORIENTED_EDGE('',*,*,#9939,.F.);
#9956 = PLANE('',#9957);
#9957 = AXIS2_PLACEMENT_3D('',#9958,#9959,#9960);
#9958 = CARTESIAN_POINT('',(-1.,0.875,0.));
#9959 = DIRECTION('',(1.,-4.669739647545E-16,0.));
#9960 = DIRECTION('',(-4.669739647545E-16,-1.,0.));
#9961 = ADVANCED_FACE('',(#9962),#9973,.T.);
#9962 = FACE_BOUND('',#9963,.F.);
#9963 = EDGE_LOOP('',(#9964,#9965,#9966,#9967));
#9964 = ORIENTED_EDGE('',*,*,#9138,.T.);
#9965 = ORIENTED_EDGE('',*,*,#9188,.T.);
#9966 = ORIENTED_EDGE('',*,*,#9243,.T.);
#9967 = ORIENTED_EDGE('',*,*,#9968,.T.);
#9968 = EDGE_CURVE('',#9244,#9139,#9969,.T.);
#9969 = LINE('',#9970,#9971);
#9970 = CARTESIAN_POINT('',(1.,0.125,0.));
#9971 = VECTOR('',#9972,1.);
#9972 = DIRECTION('',(3.445092848398E-16,1.,0.));
#9973 = PLANE('',#9974);
#9974 = AXIS2_PLACEMENT_3D('',#9975,#9976,#9977);
#9975 = CARTESIAN_POINT('',(1.,0.375,0.));
#9976 = DIRECTION('',(0.,0.,-1.));
#9977 = DIRECTION('',(-3.445092848398E-16,-1.,-0.));
#9978 = ADVANCED_FACE('',(#9979),#9985,.F.);
#9979 = FACE_BOUND('',#9980,.F.);
#9980 = EDGE_LOOP('',(#9981,#9982,#9983,#9984));
#9981 = ORIENTED_EDGE('',*,*,#9262,.T.);
#9982 = ORIENTED_EDGE('',*,*,#9874,.T.);
#9983 = ORIENTED_EDGE('',*,*,#9148,.F.);
#9984 = ORIENTED_EDGE('',*,*,#9968,.F.);
#9985 = PLANE('',#9986);
#9986 = AXIS2_PLACEMENT_3D('',#9987,#9988,#9989);
#9987 = CARTESIAN_POINT('',(1.,0.125,0.));
#9988 = DIRECTION('',(-1.,3.445092848398E-16,0.));
#9989 = DIRECTION('',(3.445092848398E-16,1.,0.));
#9990 = ADVANCED_FACE('',(#9991),#10002,.T.);
#9991 = FACE_BOUND('',#9992,.F.);
#9992 = EDGE_LOOP('',(#9993,#9994,#9995,#9996));
#9993 = ORIENTED_EDGE('',*,*,#9301,.T.);
#9994 = ORIENTED_EDGE('',*,*,#9286,.T.);
#9995 = ORIENTED_EDGE('',*,*,#9203,.T.);
#9996 = ORIENTED_EDGE('',*,*,#9997,.T.);
#9997 = EDGE_CURVE('',#9206,#9302,#9998,.T.);
#9998 = LINE('',#9999,#10000);
#9999 = CARTESIAN_POINT('',(-1.,0.375,0.));
#10000 = VECTOR('',#10001,1.);
#10001 = DIRECTION('',(-4.669739647545E-16,-1.,0.));
#10002 = PLANE('',#10003);
#10003 = AXIS2_PLACEMENT_3D('',#10004,#10005,#10006);
#10004 = CARTESIAN_POINT('',(-1.,0.125,0.));
#10005 = DIRECTION('',(0.,-0.,-1.));
#10006 = DIRECTION('',(4.669739647545E-16,1.,0.));
#10007 = ADVANCED_FACE('',(#10008),#10014,.F.);
#10008 = FACE_BOUND('',#10009,.F.);
#10009 = EDGE_LOOP('',(#10010,#10011,#10012,#10013));
#10010 = ORIENTED_EDGE('',*,*,#9229,.T.);
#10011 = ORIENTED_EDGE('',*,*,#9823,.T.);
#10012 = ORIENTED_EDGE('',*,*,#9309,.F.);
#10013 = ORIENTED_EDGE('',*,*,#9997,.F.);
#10014 = PLANE('',#10015);
#10015 = AXIS2_PLACEMENT_3D('',#10016,#10017,#10018);
#10016 = CARTESIAN_POINT('',(-1.,0.375,0.));
#10017 = DIRECTION('',(1.,-4.669739647545E-16,0.));
#10018 = DIRECTION('',(-4.669739647545E-16,-1.,0.));
#10019 = ADVANCED_FACE('',(#10020),#10031,.T.);
#10020 = FACE_BOUND('',#10021,.F.);
#10021 = EDGE_LOOP('',(#10022,#10023,#10024,#10025));
#10022 = ORIENTED_EDGE('',*,*,#9334,.T.);
#10023 = ORIENTED_EDGE('',*,*,#9384,.T.);
#10024 = ORIENTED_EDGE('',*,*,#9399,.T.);
#10025 = ORIENTED_EDGE('',*,*,#10026,.T.);
#10026 = EDGE_CURVE('',#9400,#9335,#10027,.T.);
#10027 = LINE('',#10028,#10029);
#10028 = CARTESIAN_POINT('',(1.,-0.375,0.));
#10029 = VECTOR('',#10030,1.);
#10030 = DIRECTION('',(3.445092848398E-16,1.,0.));
#10031 = PLANE('',#10032);
#10032 = AXIS2_PLACEMENT_3D('',#10033,#10034,#10035);
#10033 = CARTESIAN_POINT('',(1.,-0.125,0.));
#10034 = DIRECTION('',(0.,0.,-1.));
#10035 = DIRECTION('',(-3.445092848398E-16,-1.,-0.));
#10036 = ADVANCED_FACE('',(#10037),#10043,.F.);
#10037 = FACE_BOUND('',#10038,.F.);
#10038 = EDGE_LOOP('',(#10039,#10040,#10041,#10042));
#10039 = ORIENTED_EDGE('',*,*,#9418,.T.);
#10040 = ORIENTED_EDGE('',*,*,#9891,.T.);
#10041 = ORIENTED_EDGE('',*,*,#9344,.F.);
#10042 = ORIENTED_EDGE('',*,*,#10026,.F.);
#10043 = PLANE('',#10044);
#10044 = AXIS2_PLACEMENT_3D('',#10045,#10046,#10047);
#10045 = CARTESIAN_POINT('',(1.,-0.375,0.));
#10046 = DIRECTION('',(-1.,3.445092848398E-16,0.));
#10047 = DIRECTION('',(3.445092848398E-16,1.,0.));
#10048 = ADVANCED_FACE('',(#10049),#10060,.T.);
#10049 = FACE_BOUND('',#10050,.F.);
#10050 = EDGE_LOOP('',(#10051,#10052,#10053,#10054));
#10051 = ORIENTED_EDGE('',*,*,#9432,.T.);
#10052 = ORIENTED_EDGE('',*,*,#9482,.T.);
#10053 = ORIENTED_EDGE('',*,*,#9537,.T.);
#10054 = ORIENTED_EDGE('',*,*,#10055,.T.);
#10055 = EDGE_CURVE('',#9538,#9433,#10056,.T.);
#10056 = LINE('',#10057,#10058);
#10057 = CARTESIAN_POINT('',(1.,-0.875,0.));
#10058 = VECTOR('',#10059,1.);
#10059 = DIRECTION('',(3.445092848398E-16,1.,0.));
#10060 = PLANE('',#10061);
#10061 = AXIS2_PLACEMENT_3D('',#10062,#10063,#10064);
#10062 = CARTESIAN_POINT('',(1.,-0.625,0.));
#10063 = DIRECTION('',(0.,0.,-1.));
#10064 = DIRECTION('',(-3.445092848398E-16,-1.,-0.));
#10065 = ADVANCED_FACE('',(#10066),#10072,.F.);
#10066 = FACE_BOUND('',#10067,.F.);
#10067 = EDGE_LOOP('',(#10068,#10069,#10070,#10071));
#10068 = ORIENTED_EDGE('',*,*,#9556,.T.);
#10069 = ORIENTED_EDGE('',*,*,#9857,.T.);
#10070 = ORIENTED_EDGE('',*,*,#9442,.F.);
#10071 = ORIENTED_EDGE('',*,*,#10055,.F.);
#10072 = PLANE('',#10073);
#10073 = AXIS2_PLACEMENT_3D('',#10074,#10075,#10076);
#10074 = CARTESIAN_POINT('',(1.,-0.875,0.));
#10075 = DIRECTION('',(-1.,3.445092848398E-16,0.));
#10076 = DIRECTION('',(3.445092848398E-16,1.,0.));
#10077 = ADVANCED_FACE('',(#10078),#10089,.T.);
#10078 = FACE_BOUND('',#10079,.F.);
#10079 = EDGE_LOOP('',(#10080,#10081,#10082,#10083));
#10080 = ORIENTED_EDGE('',*,*,#9595,.T.);
#10081 = ORIENTED_EDGE('',*,*,#9580,.T.);
#10082 = ORIENTED_EDGE('',*,*,#9497,.T.);
#10083 = ORIENTED_EDGE('',*,*,#10084,.T.);
#10084 = EDGE_CURVE('',#9500,#9596,#10085,.T.);
#10085 = LINE('',#10086,#10087);
#10086 = CARTESIAN_POINT('',(-1.,-0.625,0.));
#10087 = VECTOR('',#10088,1.);
#10088 = DIRECTION('',(-4.669739647545E-16,-1.,0.));
#10089 = PLANE('',#10090);
#10090 = AXIS2_PLACEMENT_3D('',#10091,#10092,#10093);
#10091 = CARTESIAN_POINT('',(-1.,-0.875,0.));
#10092 = DIRECTION('',(0.,-0.,-1.));
#10093 = DIRECTION('',(4.669739647545E-16,1.,0.));
#10094 = ADVANCED_FACE('',(#10095),#10101,.F.);
#10095 = FACE_BOUND('',#10096,.F.);
#10096 = EDGE_LOOP('',(#10097,#10098,#10099,#10100));
#10097 = ORIENTED_EDGE('',*,*,#9523,.T.);
#10098 = ORIENTED_EDGE('',*,*,#9806,.T.);
#10099 = ORIENTED_EDGE('',*,*,#9603,.F.);
#10100 = ORIENTED_EDGE('',*,*,#10084,.F.);
#10101 = PLANE('',#10102);
#10102 = AXIS2_PLACEMENT_3D('',#10103,#10104,#10105);
#10103 = CARTESIAN_POINT('',(-1.,-0.625,0.));
#10104 = DIRECTION('',(1.,-4.669739647545E-16,0.));
#10105 = DIRECTION('',(-4.669739647545E-16,-1.,0.));
#10106 = ADVANCED_FACE('',(#10107),#10114,.T.);
#10107 = FACE_BOUND('',#10108,.F.);
#10108 = EDGE_LOOP('',(#10109,#10110,#10111,#10112,#10113));
#10109 = ORIENTED_EDGE('',*,*,#9662,.T.);
#10110 = ORIENTED_EDGE('',*,*,#9686,.T.);
#10111 = ORIENTED_EDGE('',*,*,#9710,.T.);
#10112 = ORIENTED_EDGE('',*,*,#9734,.T.);
#10113 = ORIENTED_EDGE('',*,*,#9751,.T.);
#10114 = PLANE('',#10115);
#10115 = AXIS2_PLACEMENT_3D('',#10116,#10117,#10118);
#10116 = CARTESIAN_POINT('',(-0.28,0.875,0.));
#10117 = DIRECTION('',(0.,-0.,-1.));
#10118 = DIRECTION('',(2.22044604925E-16,1.,0.));
#10119 = ADVANCED_FACE('',(#10120),#10139,.F.);
#10120 = FACE_BOUND('',#10121,.F.);
#10121 = EDGE_LOOP('',(#10122,#10130,#10137,#10138));
#10122 = ORIENTED_EDGE('',*,*,#10123,.T.);
#10123 = EDGE_CURVE('',#9772,#10124,#10126,.T.);
#10124 = VERTEX_POINT('',#10125);
#10125 = CARTESIAN_POINT('',(-0.52,0.82,0.76));
#10126 = LINE('',#10127,#10128);
#10127 = CARTESIAN_POINT('',(-0.52,0.82,0.78));
#10128 = VECTOR('',#10129,1.);
#10129 = DIRECTION('',(-0.,0.,-1.));
#10130 = ORIENTED_EDGE('',*,*,#10131,.T.);
#10131 = EDGE_CURVE('',#10124,#10124,#10132,.T.);
#10132 = CIRCLE('',#10133,0.2);
#10133 = AXIS2_PLACEMENT_3D('',#10134,#10135,#10136);
#10134 = CARTESIAN_POINT('',(-0.52,1.02,0.76));
#10135 = DIRECTION('',(0.,0.,1.));
#10136 = DIRECTION('',(-2.22044604925E-16,-1.,0.));
#10137 = ORIENTED_EDGE('',*,*,#10123,.F.);
#10138 = ORIENTED_EDGE('',*,*,#9771,.T.);
#10139 = CYLINDRICAL_SURFACE('',#10140,0.2);
#10140 = AXIS2_PLACEMENT_3D('',#10141,#10142,#10143);
#10141 = CARTESIAN_POINT('',(-0.52,1.02,0.78));
#10142 = DIRECTION('',(0.,0.,-1.));
#10143 = DIRECTION('',(-2.22044604925E-16,-1.,-0.));
#10144 = ADVANCED_FACE('',(#10145),#10148,.T.);
#10145 = FACE_BOUND('',#10146,.T.);
#10146 = EDGE_LOOP('',(#10147));
#10147 = ORIENTED_EDGE('',*,*,#10131,.T.);
#10148 = PLANE('',#10149);
#10149 = AXIS2_PLACEMENT_3D('',#10150,#10151,#10152);
#10150 = CARTESIAN_POINT('',(-0.52,1.02,0.76));
#10151 = DIRECTION('',(0.,0.,1.));
#10152 = DIRECTION('',(-2.22044604925E-16,-1.,0.));
#10153 = ( GEOMETRIC_REPRESENTATION_CONTEXT(3) 
GLOBAL_UNCERTAINTY_ASSIGNED_CONTEXT((#10157)) 
GLOBAL_UNIT_ASSIGNED_CONTEXT((#10154,#10155,#10156)) 
REPRESENTATION_CONTEXT('Context #1',
  '3D Context with UNIT and UNCERTAINTY') );
#10154 = ( LENGTH_UNIT() NAMED_UNIT(*) SI_UNIT(.MILLI.,.METRE.) );
#10155 = ( NAMED_UNIT(*) PLANE_ANGLE_UNIT() SI_UNIT($,.RADIAN.) );
#10156 = ( NAMED_UNIT(*) SI_UNIT($,.STERADIAN.) SOLID_ANGLE_UNIT() );
#10157 = UNCERTAINTY_MEASURE_WITH_UNIT(LENGTH_MEASURE(1.E-07),#10154,
  'distance_accuracy_value','confusion accuracy');
#10158 = CONTEXT_DEPENDENT_SHAPE_REPRESENTATION(#10159,#10161);
#10159 = ( REPRESENTATION_RELATIONSHIP('','',#8182,#8159) 
REPRESENTATION_RELATIONSHIP_WITH_TRANSFORMATION(#10160) 
SHAPE_REPRESENTATION_RELATIONSHIP() );
#10160 = ITEM_DEFINED_TRANSFORMATION('','',#11,#8160);
#10161 = PRODUCT_DEFINITION_SHAPE('Placement','Placement of an item',
  #10162);
#10162 = NEXT_ASSEMBLY_USAGE_OCCURRENCE('29','=>[0:1:1:19]','',#8154,
  #8177,$);
#10163 = PRODUCT_RELATED_PRODUCT_CATEGORY('part',$,(#8179));
#10164 = CONTEXT_DEPENDENT_SHAPE_REPRESENTATION(#10165,#10167);
#10165 = ( REPRESENTATION_RELATIONSHIP('','',#5505,#10) 
REPRESENTATION_RELATIONSHIP_WITH_TRANSFORMATION(#10166) 
SHAPE_REPRESENTATION_RELATIONSHIP() );
#10166 = ITEM_DEFINED_TRANSFORMATION('','',#11,#99);
#10167 = PRODUCT_DEFINITION_SHAPE('Placement','Placement of an item',
  #10168);
#10168 = NEXT_ASSEMBLY_USAGE_OCCURRENCE('31','C11','',#5,#5500,$);
#10169 = CONTEXT_DEPENDENT_SHAPE_REPRESENTATION(#10170,#10172);
#10170 = ( REPRESENTATION_RELATIONSHIP('','',#5505,#10) 
REPRESENTATION_RELATIONSHIP_WITH_TRANSFORMATION(#10171) 
SHAPE_REPRESENTATION_RELATIONSHIP() );
#10171 = ITEM_DEFINED_TRANSFORMATION('','',#11,#103);
#10172 = PRODUCT_DEFINITION_SHAPE('Placement','Placement of an item',
  #10173);
#10173 = NEXT_ASSEMBLY_USAGE_OCCURRENCE('32','C4','',#5,#5500,$);
#10174 = SHAPE_DEFINITION_REPRESENTATION(#10175,#10181);
#10175 = PRODUCT_DEFINITION_SHAPE('','',#10176);
#10176 = PRODUCT_DEFINITION('design','',#10177,#10180);
#10177 = PRODUCT_DEFINITION_FORMATION('','',#10178);
#10178 = PRODUCT('STM32C011_UFQFPN20_envelope',
  'STM32C011_UFQFPN20_envelope','',(#10179));
#10179 = PRODUCT_CONTEXT('',#2,'mechanical');
#10180 = PRODUCT_DEFINITION_CONTEXT('part definition',#2,'design');
#10181 = SHAPE_REPRESENTATION('',(#11,#10182),#10186);
#10182 = AXIS2_PLACEMENT_3D('',#10183,#10184,#10185);
#10183 = CARTESIAN_POINT('',(0.,0.,0.));
#10184 = DIRECTION('',(0.,0.,1.));
#10185 = DIRECTION('',(1.,0.,-0.));
#10186 = ( GEOMETRIC_REPRESENTATION_CONTEXT(3) 
GLOBAL_UNCERTAINTY_ASSIGNED_CONTEXT((#10190)) 
GLOBAL_UNIT_ASSIGNED_CONTEXT((#10187,#10188,#10189)) 
REPRESENTATION_CONTEXT('Context #1',
  '3D Context with UNIT and UNCERTAINTY') );
#10187 = ( LENGTH_UNIT() NAMED_UNIT(*) SI_UNIT(.MILLI.,.METRE.) );
#10188 = ( NAMED_UNIT(*) PLANE_ANGLE_UNIT() SI_UNIT($,.RADIAN.) );
#10189 = ( NAMED_UNIT(*) SI_UNIT($,.STERADIAN.) SOLID_ANGLE_UNIT() );
#10190 = UNCERTAINTY_MEASURE_WITH_UNIT(LENGTH_MEASURE(1.E-07),#10187,
  'distance_accuracy_value','confusion accuracy');
#10191 = CONTEXT_DEPENDENT_SHAPE_REPRESENTATION(#10192,#10194);
#10192 = ( REPRESENTATION_RELATIONSHIP('','',#10181,#10) 
REPRESENTATION_RELATIONSHIP_WITH_TRANSFORMATION(#10193) 
SHAPE_REPRESENTATION_RELATIONSHIP() );
#10193 = ITEM_DEFINED_TRANSFORMATION('','',#11,#107);
#10194 = PRODUCT_DEFINITION_SHAPE('Placement','Placement of an item',
  #10195);
#10195 = NEXT_ASSEMBLY_USAGE_OCCURRENCE('34','U2','',#5,#10176,$);
#10196 = PRODUCT_RELATED_PRODUCT_CATEGORY('part',$,(#10178));
#10197 = SHAPE_DEFINITION_REPRESENTATION(#10198,#10204);
#10198 = PRODUCT_DEFINITION_SHAPE('','',#10199);
#10199 = PRODUCT_DEFINITION('design','',#10200,#10203);
#10200 = PRODUCT_DEFINITION_FORMATION('','',#10201);
#10201 = PRODUCT('Open CASCADE STEP translator 7.8 1',
  'Open CASCADE STEP translator 7.8 1','',(#10202));
#10202 = PRODUCT_CONTEXT('',#2,'mechanical');
#10203 = PRODUCT_DEFINITION_CONTEXT('part definition',#2,'design');
#10204 = ADVANCED_BREP_SHAPE_REPRESENTATION('',(#11,#10205),#10355);
#10205 = MANIFOLD_SOLID_BREP('',#10206);
#10206 = CLOSED_SHELL('',(#10207,#10247,#10287,#10309,#10331,#10343));
#10207 = ADVANCED_FACE('',(#10208),#10242,.F.);
#10208 = FACE_BOUND('',#10209,.F.);
#10209 = EDGE_LOOP('',(#10210,#10220,#10228,#10236));
#10210 = ORIENTED_EDGE('',*,*,#10211,.F.);
#10211 = EDGE_CURVE('',#10212,#10214,#10216,.T.);
#10212 = VERTEX_POINT('',#10213);
#10213 = CARTESIAN_POINT('',(-1.5,-1.5,0.));
#10214 = VERTEX_POINT('',#10215);
#10215 = CARTESIAN_POINT('',(-1.5,-1.5,0.6));
#10216 = LINE('',#10217,#10218);
#10217 = CARTESIAN_POINT('',(-1.5,-1.5,0.));
#10218 = VECTOR('',#10219,1.);
#10219 = DIRECTION('',(0.,0.,1.));
#10220 = ORIENTED_EDGE('',*,*,#10221,.T.);
#10221 = EDGE_CURVE('',#10212,#10222,#10224,.T.);
#10222 = VERTEX_POINT('',#10223);
#10223 = CARTESIAN_POINT('',(-1.5,1.5,0.));
#10224 = LINE('',#10225,#10226);
#10225 = CARTESIAN_POINT('',(-1.5,-1.5,0.));
#10226 = VECTOR('',#10227,1.);
#10227 = DIRECTION('',(-0.,1.,0.));
#10228 = ORIENTED_EDGE('',*,*,#10229,.T.);
#10229 = EDGE_CURVE('',#10222,#10230,#10232,.T.);
#10230 = VERTEX_POINT('',#10231);
#10231 = CARTESIAN_POINT('',(-1.5,1.5,0.6));
#10232 = LINE('',#10233,#10234);
#10233 = CARTESIAN_POINT('',(-1.5,1.5,0.));
#10234 = VECTOR('',#10235,1.);
#10235 = DIRECTION('',(0.,0.,1.));
#10236 = ORIENTED_EDGE('',*,*,#10237,.F.);
#10237 = EDGE_CURVE('',#10214,#10230,#10238,.T.);
#10238 = LINE('',#10239,#10240);
#10239 = CARTESIAN_POINT('',(-1.5,-1.5,0.6));
#10240 = VECTOR('',#10241,1.);
#10241 = DIRECTION('',(-0.,1.,0.));
#10242 = PLANE('',#10243);
#10243 = AXIS2_PLACEMENT_3D('',#10244,#10245,#10246);
#10244 = CARTESIAN_POINT('',(-1.5,-1.5,0.));
#10245 = DIRECTION('',(1.,0.,-0.));
#10246 = DIRECTION('',(0.,0.,1.));
#10247 = ADVANCED_FACE('',(#10248),#10282,.T.);
#10248 = FACE_BOUND('',#10249,.T.);
#10249 = EDGE_LOOP('',(#10250,#10260,#10268,#10276));
#10250 = ORIENTED_EDGE('',*,*,#10251,.F.);
#10251 = EDGE_CURVE('',#10252,#10254,#10256,.T.);
#10252 = VERTEX_POINT('',#10253);
#10253 = CARTESIAN_POINT('',(1.5,-1.5,0.));
#10254 = VERTEX_POINT('',#10255);
#10255 = CARTESIAN_POINT('',(1.5,-1.5,0.6));
#10256 = LINE('',#10257,#10258);
#10257 = CARTESIAN_POINT('',(1.5,-1.5,0.));
#10258 = VECTOR('',#10259,1.);
#10259 = DIRECTION('',(0.,0.,1.));
#10260 = ORIENTED_EDGE('',*,*,#10261,.T.);
#10261 = EDGE_CURVE('',#10252,#10262,#10264,.T.);
#10262 = VERTEX_POINT('',#10263);
#10263 = CARTESIAN_POINT('',(1.5,1.5,0.));
#10264 = LINE('',#10265,#10266);
#10265 = CARTESIAN_POINT('',(1.5,-1.5,0.));
#10266 = VECTOR('',#10267,1.);
#10267 = DIRECTION('',(-0.,1.,0.));
#10268 = ORIENTED_EDGE('',*,*,#10269,.T.);
#10269 = EDGE_CURVE('',#10262,#10270,#10272,.T.);
#10270 = VERTEX_POINT('',#10271);
#10271 = CARTESIAN_POINT('',(1.5,1.5,0.6));
#10272 = LINE('',#10273,#10274);
#10273 = CARTESIAN_POINT('',(1.5,1.5,0.));
#10274 = VECTOR('',#10275,1.);
#10275 = DIRECTION('',(0.,0.,1.));
#10276 = ORIENTED_EDGE('',*,*,#10277,.F.);
#10277 = EDGE_CURVE('',#10254,#10270,#10278,.T.);
#10278 = LINE('',#10279,#10280);
#10279 = CARTESIAN_POINT('',(1.5,-1.5,0.6));
#10280 = VECTOR('',#10281,1.);
#10281 = DIRECTION('',(-0.,1.,0.));
#10282 = PLANE('',#10283);
#10283 = AXIS2_PLACEMENT_3D('',#10284,#10285,#10286);
#10284 = CARTESIAN_POINT('',(1.5,-1.5,0.));
#10285 = DIRECTION('',(1.,0.,-0.));
#10286 = DIRECTION('',(0.,0.,1.));
#10287 = ADVANCED_FACE('',(#10288),#10304,.F.);
#10288 = FACE_BOUND('',#10289,.F.);
#10289 = EDGE_LOOP('',(#10290,#10296,#10297,#10303));
#10290 = ORIENTED_EDGE('',*,*,#10291,.F.);
#10291 = EDGE_CURVE('',#10212,#10252,#10292,.T.);
#10292 = LINE('',#10293,#10294);
#10293 = CARTESIAN_POINT('',(-1.5,-1.5,0.));
#10294 = VECTOR('',#10295,1.);
#10295 = DIRECTION('',(1.,0.,-0.));
#10296 = ORIENTED_EDGE('',*,*,#10211,.T.);
#10297 = ORIENTED_EDGE('',*,*,#10298,.T.);
#10298 = EDGE_CURVE('',#10214,#10254,#10299,.T.);
#10299 = LINE('',#10300,#10301);
#10300 = CARTESIAN_POINT('',(-1.5,-1.5,0.6));
#10301 = VECTOR('',#10302,1.);
#10302 = DIRECTION('',(1.,0.,-0.));
#10303 = ORIENTED_EDGE('',*,*,#10251,.F.);
#10304 = PLANE('',#10305);
#10305 = AXIS2_PLACEMENT_3D('',#10306,#10307,#10308);
#10306 = CARTESIAN_POINT('',(-1.5,-1.5,0.));
#10307 = DIRECTION('',(-0.,1.,0.));
#10308 = DIRECTION('',(0.,0.,1.));
#10309 = ADVANCED_FACE('',(#10310),#10326,.T.);
#10310 = FACE_BOUND('',#10311,.T.);
#10311 = EDGE_LOOP('',(#10312,#10318,#10319,#10325));
#10312 = ORIENTED_EDGE('',*,*,#10313,.F.);
#10313 = EDGE_CURVE('',#10222,#10262,#10314,.T.);
#10314 = LINE('',#10315,#10316);
#10315 = CARTESIAN_POINT('',(-1.5,1.5,0.));
#10316 = VECTOR('',#10317,1.);
#10317 = DIRECTION('',(1.,0.,-0.));
#10318 = ORIENTED_EDGE('',*,*,#10229,.T.);
#10319 = ORIENTED_EDGE('',*,*,#10320,.T.);
#10320 = EDGE_CURVE('',#10230,#10270,#10321,.T.);
#10321 = LINE('',#10322,#10323);
#10322 = CARTESIAN_POINT('',(-1.5,1.5,0.6));
#10323 = VECTOR('',#10324,1.);
#10324 = DIRECTION('',(1.,0.,-0.));
#10325 = ORIENTED_EDGE('',*,*,#10269,.F.);
#10326 = PLANE('',#10327);
#10327 = AXIS2_PLACEMENT_3D('',#10328,#10329,#10330);
#10328 = CARTESIAN_POINT('',(-1.5,1.5,0.));
#10329 = DIRECTION('',(-0.,1.,0.));
#10330 = DIRECTION('',(0.,0.,1.));
#10331 = ADVANCED_FACE('',(#10332),#10338,.F.);
#10332 = FACE_BOUND('',#10333,.F.);
#10333 = EDGE_LOOP('',(#10334,#10335,#10336,#10337));
#10334 = ORIENTED_EDGE('',*,*,#10221,.F.);
#10335 = ORIENTED_EDGE('',*,*,#10291,.T.);
#10336 = ORIENTED_EDGE('',*,*,#10261,.T.);
#10337 = ORIENTED_EDGE('',*,*,#10313,.F.);
#10338 = PLANE('',#10339);
#10339 = AXIS2_PLACEMENT_3D('',#10340,#10341,#10342);
#10340 = CARTESIAN_POINT('',(-1.5,-1.5,0.));
#10341 = DIRECTION('',(0.,0.,1.));
#10342 = DIRECTION('',(1.,0.,-0.));
#10343 = ADVANCED_FACE('',(#10344),#10350,.T.);
#10344 = FACE_BOUND('',#10345,.T.);
#10345 = EDGE_LOOP('',(#10346,#10347,#10348,#10349));
#10346 = ORIENTED_EDGE('',*,*,#10237,.F.);
#10347 = ORIENTED_EDGE('',*,*,#10298,.T.);
#10348 = ORIENTED_EDGE('',*,*,#10277,.T.);
#10349 = ORIENTED_EDGE('',*,*,#10320,.F.);
#10350 = PLANE('',#10351);
#10351 = AXIS2_PLACEMENT_3D('',#10352,#10353,#10354);
#10352 = CARTESIAN_POINT('',(-1.5,-1.5,0.6));
#10353 = DIRECTION('',(0.,0.,1.));
#10354 = DIRECTION('',(1.,0.,-0.));
#10355 = ( GEOMETRIC_REPRESENTATION_CONTEXT(3) 
GLOBAL_UNCERTAINTY_ASSIGNED_CONTEXT((#10359)) 
GLOBAL_UNIT_ASSIGNED_CONTEXT((#10356,#10357,#10358)) 
REPRESENTATION_CONTEXT('Context #1',
  '3D Context with UNIT and UNCERTAINTY') );
#10356 = ( LENGTH_UNIT() NAMED_UNIT(*) SI_UNIT(.MILLI.,.METRE.) );
#10357 = ( NAMED_UNIT(*) PLANE_ANGLE_UNIT() SI_UNIT($,.RADIAN.) );
#10358 = ( NAMED_UNIT(*) SI_UNIT($,.STERADIAN.) SOLID_ANGLE_UNIT() );
#10359 = UNCERTAINTY_MEASURE_WITH_UNIT(LENGTH_MEASURE(1.E-07),#10356,
  'distance_accuracy_value','confusion accuracy');
#10360 = CONTEXT_DEPENDENT_SHAPE_REPRESENTATION(#10361,#10363);
#10361 = ( REPRESENTATION_RELATIONSHIP('','',#10204,#10181) 
REPRESENTATION_RELATIONSHIP_WITH_TRANSFORMATION(#10362) 
SHAPE_REPRESENTATION_RELATIONSHIP() );
#10362 = ITEM_DEFINED_TRANSFORMATION('','',#11,#10182);
#10363 = PRODUCT_DEFINITION_SHAPE('Placement','Placement of an item',
  #10364);
#10364 = NEXT_ASSEMBLY_USAGE_OCCURRENCE('33','=>[0:1:1:21]','',#10176,
  #10199,$);
#10365 = PRODUCT_RELATED_PRODUCT_CATEGORY('part',$,(#10201));
#10366 = CONTEXT_DEPENDENT_SHAPE_REPRESENTATION(#10367,#10369);
#10367 = ( REPRESENTATION_RELATIONSHIP('','',#8159,#10) 
REPRESENTATION_RELATIONSHIP_WITH_TRANSFORMATION(#10368) 
SHAPE_REPRESENTATION_RELATIONSHIP() );
#10368 = ITEM_DEFINED_TRANSFORMATION('','',#11,#111);
#10369 = PRODUCT_DEFINITION_SHAPE('Placement','Placement of an item',
  #10370);
#10370 = NEXT_ASSEMBLY_USAGE_OCCURRENCE('35','U5','',#5,#8154,$);
#10371 = CONTEXT_DEPENDENT_SHAPE_REPRESENTATION(#10372,#10374);
#10372 = ( REPRESENTATION_RELATIONSHIP('','',#5505,#10) 
REPRESENTATION_RELATIONSHIP_WITH_TRANSFORMATION(#10373) 
SHAPE_REPRESENTATION_RELATIONSHIP() );
#10373 = ITEM_DEFINED_TRANSFORMATION('','',#11,#115);
#10374 = PRODUCT_DEFINITION_SHAPE('Placement','Placement of an item',
  #10375);
#10375 = NEXT_ASSEMBLY_USAGE_OCCURRENCE('36','C5','',#5,#5500,$);
#10376 = SHAPE_DEFINITION_REPRESENTATION(#10377,#10383);
#10377 = PRODUCT_DEFINITION_SHAPE('','',#10378);
#10378 = PRODUCT_DEFINITION('design','',#10379,#10382);
#10379 = PRODUCT_DEFINITION_FORMATION('','',#10380);
#10380 = PRODUCT('ppg_pcb_v08_PCB','ppg_pcb_v08_PCB','',(#10381));
#10381 = PRODUCT_CONTEXT('',#2,'mechanical');
#10382 = PRODUCT_DEFINITION_CONTEXT('part definition',#2,'design');
#10383 = ADVANCED_BREP_SHAPE_REPRESENTATION('',(#11,#10384),#10437);
#10384 = MANIFOLD_SOLID_BREP('',#10385);
#10385 = CLOSED_SHELL('',(#10386,#10419,#10428));
#10386 = ADVANCED_FACE('',(#10387),#10414,.T.);
#10387 = FACE_BOUND('',#10388,.F.);
#10388 = EDGE_LOOP('',(#10389,#10399,#10406,#10407));
#10389 = ORIENTED_EDGE('',*,*,#10390,.T.);
#10390 = EDGE_CURVE('',#10391,#10393,#10395,.T.);
#10391 = VERTEX_POINT('',#10392);
#10392 = CARTESIAN_POINT('',(6.75,0.,0.));
#10393 = VERTEX_POINT('',#10394);
#10394 = CARTESIAN_POINT('',(6.75,0.,0.709999));
#10395 = LINE('',#10396,#10397);
#10396 = CARTESIAN_POINT('',(6.75,0.,0.));
#10397 = VECTOR('',#10398,1.);
#10398 = DIRECTION('',(0.,0.,1.));
#10399 = ORIENTED_EDGE('',*,*,#10400,.T.);
#10400 = EDGE_CURVE('',#10393,#10393,#10401,.T.);
#10401 = CIRCLE('',#10402,6.75);
#10402 = AXIS2_PLACEMENT_3D('',#10403,#10404,#10405);
#10403 = CARTESIAN_POINT('',(0.,0.,0.709999));
#10404 = DIRECTION('',(0.,0.,1.));
#10405 = DIRECTION('',(1.,0.,-0.));
#10406 = ORIENTED_EDGE('',*,*,#10390,.F.);
#10407 = ORIENTED_EDGE('',*,*,#10408,.F.);
#10408 = EDGE_CURVE('',#10391,#10391,#10409,.T.);
#10409 = CIRCLE('',#10410,6.75);
#10410 = AXIS2_PLACEMENT_3D('',#10411,#10412,#10413);
#10411 = CARTESIAN_POINT('',(0.,-0.,0.));
#10412 = DIRECTION('',(0.,0.,1.));
#10413 = DIRECTION('',(1.,0.,-0.));
#10414 = CYLINDRICAL_SURFACE('',#10415,6.75);
#10415 = AXIS2_PLACEMENT_3D('',#10416,#10417,#10418);
#10416 = CARTESIAN_POINT('',(0.,-0.,0.));
#10417 = DIRECTION('',(-0.,-0.,-1.));
#10418 = DIRECTION('',(1.,0.,-0.));
#10419 = ADVANCED_FACE('',(#10420),#10423,.F.);
#10420 = FACE_BOUND('',#10421,.F.);
#10421 = EDGE_LOOP('',(#10422));
#10422 = ORIENTED_EDGE('',*,*,#10408,.T.);
#10423 = PLANE('',#10424);
#10424 = AXIS2_PLACEMENT_3D('',#10425,#10426,#10427);
#10425 = CARTESIAN_POINT('',(0.,0.,0.));
#10426 = DIRECTION('',(0.,0.,1.));
#10427 = DIRECTION('',(1.,0.,-0.));
#10428 = ADVANCED_FACE('',(#10429),#10432,.T.);
#10429 = FACE_BOUND('',#10430,.T.);
#10430 = EDGE_LOOP('',(#10431));
#10431 = ORIENTED_EDGE('',*,*,#10400,.T.);
#10432 = PLANE('',#10433);
#10433 = AXIS2_PLACEMENT_3D('',#10434,#10435,#10436);
#10434 = CARTESIAN_POINT('',(0.,0.,0.709999));
#10435 = DIRECTION('',(0.,0.,1.));
#10436 = DIRECTION('',(1.,0.,-0.));
#10437 = ( GEOMETRIC_REPRESENTATION_CONTEXT(3) 
GLOBAL_UNCERTAINTY_ASSIGNED_CONTEXT((#10441)) 
GLOBAL_UNIT_ASSIGNED_CONTEXT((#10438,#10439,#10440)) 
REPRESENTATION_CONTEXT('Context #1',
  '3D Context with UNIT and UNCERTAINTY') );
#10438 = ( LENGTH_UNIT() NAMED_UNIT(*) SI_UNIT(.MILLI.,.METRE.) );
#10439 = ( NAMED_UNIT(*) PLANE_ANGLE_UNIT() SI_UNIT($,.RADIAN.) );
#10440 = ( NAMED_UNIT(*) SI_UNIT($,.STERADIAN.) SOLID_ANGLE_UNIT() );
#10441 = UNCERTAINTY_MEASURE_WITH_UNIT(LENGTH_MEASURE(1.E-07),#10438,
  'distance_accuracy_value','confusion accuracy');
#10442 = CONTEXT_DEPENDENT_SHAPE_REPRESENTATION(#10443,#10445);
#10443 = ( REPRESENTATION_RELATIONSHIP('','',#10383,#10) 
REPRESENTATION_RELATIONSHIP_WITH_TRANSFORMATION(#10444) 
SHAPE_REPRESENTATION_RELATIONSHIP() );
#10444 = ITEM_DEFINED_TRANSFORMATION('','',#11,#119);
#10445 = PRODUCT_DEFINITION_SHAPE('Placement','Placement of an item',
  #10446);
#10446 = NEXT_ASSEMBLY_USAGE_OCCURRENCE('37','=>[0:1:1:22]','',#5,#10378
  ,$);
#10447 = PRODUCT_RELATED_PRODUCT_CATEGORY('part',$,(#10380));
#10448 = MECHANICAL_DESIGN_GEOMETRIC_PRESENTATION_REPRESENTATION('',(
    #10449,#10459,#10468,#10477,#10486,#10495,#10504,#10513,#10523,
    #10532,#10541,#10550,#10559,#10568,#10577,#10586,#10596,#10605,
    #10614,#10623,#10632,#10641,#10650,#10659,#10668),#2159);
#10449 = STYLED_ITEM('color',(#10450),#1633);
#10450 = PRESENTATION_STYLE_ASSIGNMENT((#10451,#10457));
#10451 = SURFACE_STYLE_USAGE(.BOTH.,#10452);
#10452 = SURFACE_SIDE_STYLE('',(#10453));
#10453 = SURFACE_STYLE_FILL_AREA(#10454);
#10454 = FILL_AREA_STYLE('',(#10455));
#10455 = FILL_AREA_STYLE_COLOUR('',#10456);
#10456 = COLOUR_RGB('',0.690999998585,0.664000007176,0.597999987832);
#10457 = CURVE_STYLE('',#10458,POSITIVE_LENGTH_MEASURE(0.1),#10456);
#10458 = DRAUGHTING_PRE_DEFINED_CURVE_FONT('continuous');
#10459 = OVER_RIDING_STYLED_ITEM('overriding color',(#10460),#1646,
  #10449);
#10460 = PRESENTATION_STYLE_ASSIGNMENT((#10461,#10466));
#10461 = SURFACE_STYLE_USAGE(.BOTH.,#10462);
#10462 = SURFACE_SIDE_STYLE('',(#10463));
#10463 = SURFACE_STYLE_FILL_AREA(#10464);
#10464 = FILL_AREA_STYLE('',(#10465));
#10465 = FILL_AREA_STYLE_COLOUR('',#10456);
#10466 = CURVE_STYLE('',#10467,POSITIVE_LENGTH_MEASURE(0.1),#10456);
#10467 = DRAUGHTING_PRE_DEFINED_CURVE_FONT('continuous');
#10468 = STYLED_ITEM('color',(#10469),#1669);
#10469 = PRESENTATION_STYLE_ASSIGNMENT((#10470,#10475));
#10470 = SURFACE_STYLE_USAGE(.BOTH.,#10471);
#10471 = SURFACE_SIDE_STYLE('',(#10472));
#10472 = SURFACE_STYLE_FILL_AREA(#10473);
#10473 = FILL_AREA_STYLE('',(#10474));
#10474 = FILL_AREA_STYLE_COLOUR('',#10456);
#10475 = CURVE_STYLE('',#10476,POSITIVE_LENGTH_MEASURE(0.1),#10456);
#10476 = DRAUGHTING_PRE_DEFINED_CURVE_FONT('continuous');
#10477 = OVER_RIDING_STYLED_ITEM('overriding color',(#10478),#1682,
  #10468);
#10478 = PRESENTATION_STYLE_ASSIGNMENT((#10479,#10484));
#10479 = SURFACE_STYLE_USAGE(.BOTH.,#10480);
#10480 = SURFACE_SIDE_STYLE('',(#10481));
#10481 = SURFACE_STYLE_FILL_AREA(#10482);
#10482 = FILL_AREA_STYLE('',(#10483));
#10483 = FILL_AREA_STYLE_COLOUR('',#10456);
#10484 = CURVE_STYLE('',#10485,POSITIVE_LENGTH_MEASURE(0.1),#10456);
#10485 = DRAUGHTING_PRE_DEFINED_CURVE_FONT('continuous');
#10486 = STYLED_ITEM('color',(#10487),#1697);
#10487 = PRESENTATION_STYLE_ASSIGNMENT((#10488,#10493));
#10488 = SURFACE_STYLE_USAGE(.BOTH.,#10489);
#10489 = SURFACE_SIDE_STYLE('',(#10490));
#10490 = SURFACE_STYLE_FILL_AREA(#10491);
#10491 = FILL_AREA_STYLE('',(#10492));
#10492 = FILL_AREA_STYLE_COLOUR('',#10456);
#10493 = CURVE_STYLE('',#10494,POSITIVE_LENGTH_MEASURE(0.1),#10456);
#10494 = DRAUGHTING_PRE_DEFINED_CURVE_FONT('continuous');
#10495 = STYLED_ITEM('color',(#10496),#1719);
#10496 = PRESENTATION_STYLE_ASSIGNMENT((#10497,#10502));
#10497 = SURFACE_STYLE_USAGE(.BOTH.,#10498);
#10498 = SURFACE_SIDE_STYLE('',(#10499));
#10499 = SURFACE_STYLE_FILL_AREA(#10500);
#10500 = FILL_AREA_STYLE('',(#10501));
#10501 = FILL_AREA_STYLE_COLOUR('',#10456);
#10502 = CURVE_STYLE('',#10503,POSITIVE_LENGTH_MEASURE(0.1),#10456);
#10503 = DRAUGHTING_PRE_DEFINED_CURVE_FONT('continuous');
#10504 = OVER_RIDING_STYLED_ITEM('overriding color',(#10505),#1730,
  #10495);
#10505 = PRESENTATION_STYLE_ASSIGNMENT((#10506,#10511));
#10506 = SURFACE_STYLE_USAGE(.BOTH.,#10507);
#10507 = SURFACE_SIDE_STYLE('',(#10508));
#10508 = SURFACE_STYLE_FILL_AREA(#10509);
#10509 = FILL_AREA_STYLE('',(#10510));
#10510 = FILL_AREA_STYLE_COLOUR('',#10456);
#10511 = CURVE_STYLE('',#10512,POSITIVE_LENGTH_MEASURE(0.1),#10456);
#10512 = DRAUGHTING_PRE_DEFINED_CURVE_FONT('continuous');
#10513 = STYLED_ITEM('color',(#10514),#1741);
#10514 = PRESENTATION_STYLE_ASSIGNMENT((#10515,#10521));
#10515 = SURFACE_STYLE_USAGE(.BOTH.,#10516);
#10516 = SURFACE_SIDE_STYLE('',(#10517));
#10517 = SURFACE_STYLE_FILL_AREA(#10518);
#10518 = FILL_AREA_STYLE('',(#10519));
#10519 = FILL_AREA_STYLE_COLOUR('',#10520);
#10520 = COLOUR_RGB('',0.147999998088,0.145000001626,0.145000001626);
#10521 = CURVE_STYLE('',#10522,POSITIVE_LENGTH_MEASURE(0.1),#10520);
#10522 = DRAUGHTING_PRE_DEFINED_CURVE_FONT('continuous');
#10523 = OVER_RIDING_STYLED_ITEM('overriding color',(#10524),#1778,
  #10513);
#10524 = PRESENTATION_STYLE_ASSIGNMENT((#10525,#10530));
#10525 = SURFACE_STYLE_USAGE(.BOTH.,#10526);
#10526 = SURFACE_SIDE_STYLE('',(#10527));
#10527 = SURFACE_STYLE_FILL_AREA(#10528);
#10528 = FILL_AREA_STYLE('',(#10529));
#10529 = FILL_AREA_STYLE_COLOUR('',#10456);
#10530 = CURVE_STYLE('',#10531,POSITIVE_LENGTH_MEASURE(0.1),#10456);
#10531 = DRAUGHTING_PRE_DEFINED_CURVE_FONT('continuous');
#10532 = STYLED_ITEM('color',(#10533),#1787);
#10533 = PRESENTATION_STYLE_ASSIGNMENT((#10534,#10539));
#10534 = SURFACE_STYLE_USAGE(.BOTH.,#10535);
#10535 = SURFACE_SIDE_STYLE('',(#10536));
#10536 = SURFACE_STYLE_FILL_AREA(#10537);
#10537 = FILL_AREA_STYLE('',(#10538));
#10538 = FILL_AREA_STYLE_COLOUR('',#10456);
#10539 = CURVE_STYLE('',#10540,POSITIVE_LENGTH_MEASURE(0.1),#10456);
#10540 = DRAUGHTING_PRE_DEFINED_CURVE_FONT('continuous');
#10541 = STYLED_ITEM('color',(#10542),#1799);
#10542 = PRESENTATION_STYLE_ASSIGNMENT((#10543,#10548));
#10543 = SURFACE_STYLE_USAGE(.BOTH.,#10544);
#10544 = SURFACE_SIDE_STYLE('',(#10545));
#10545 = SURFACE_STYLE_FILL_AREA(#10546);
#10546 = FILL_AREA_STYLE('',(#10547));
#10547 = FILL_AREA_STYLE_COLOUR('',#10520);
#10548 = CURVE_STYLE('',#10549,POSITIVE_LENGTH_MEASURE(0.1),#10520);
#10549 = DRAUGHTING_PRE_DEFINED_CURVE_FONT('continuous');
#10550 = STYLED_ITEM('color',(#10551),#1827);
#10551 = PRESENTATION_STYLE_ASSIGNMENT((#10552,#10557));
#10552 = SURFACE_STYLE_USAGE(.BOTH.,#10553);
#10553 = SURFACE_SIDE_STYLE('',(#10554));
#10554 = SURFACE_STYLE_FILL_AREA(#10555);
#10555 = FILL_AREA_STYLE('',(#10556));
#10556 = FILL_AREA_STYLE_COLOUR('',#10520);
#10557 = CURVE_STYLE('',#10558,POSITIVE_LENGTH_MEASURE(0.1),#10520);
#10558 = DRAUGHTING_PRE_DEFINED_CURVE_FONT('continuous');
#10559 = STYLED_ITEM('color',(#10560),#1849);
#10560 = PRESENTATION_STYLE_ASSIGNMENT((#10561,#10566));
#10561 = SURFACE_STYLE_USAGE(.BOTH.,#10562);
#10562 = SURFACE_SIDE_STYLE('',(#10563));
#10563 = SURFACE_STYLE_FILL_AREA(#10564);
#10564 = FILL_AREA_STYLE('',(#10565));
#10565 = FILL_AREA_STYLE_COLOUR('',#10520);
#10566 = CURVE_STYLE('',#10567,POSITIVE_LENGTH_MEASURE(0.1),#10520);
#10567 = DRAUGHTING_PRE_DEFINED_CURVE_FONT('continuous');
#10568 = STYLED_ITEM('color',(#10569),#1871);
#10569 = PRESENTATION_STYLE_ASSIGNMENT((#10570,#10575));
#10570 = SURFACE_STYLE_USAGE(.BOTH.,#10571);
#10571 = SURFACE_SIDE_STYLE('',(#10572));
#10572 = SURFACE_STYLE_FILL_AREA(#10573);
#10573 = FILL_AREA_STYLE('',(#10574));
#10574 = FILL_AREA_STYLE_COLOUR('',#10520);
#10575 = CURVE_STYLE('',#10576,POSITIVE_LENGTH_MEASURE(0.1),#10520);
#10576 = DRAUGHTING_PRE_DEFINED_CURVE_FONT('continuous');
#10577 = STYLED_ITEM('color',(#10578),#1887);
#10578 = PRESENTATION_STYLE_ASSIGNMENT((#10579,#10584));
#10579 = SURFACE_STYLE_USAGE(.BOTH.,#10580);
#10580 = SURFACE_SIDE_STYLE('',(#10581));
#10581 = SURFACE_STYLE_FILL_AREA(#10582);
#10582 = FILL_AREA_STYLE('',(#10583));
#10583 = FILL_AREA_STYLE_COLOUR('',#10520);
#10584 = CURVE_STYLE('',#10585,POSITIVE_LENGTH_MEASURE(0.1),#10520);
#10585 = DRAUGHTING_PRE_DEFINED_CURVE_FONT('continuous');
#10586 = STYLED_ITEM('color',(#10587),#1959);
#10587 = PRESENTATION_STYLE_ASSIGNMENT((#10588,#10594));
#10588 = SURFACE_STYLE_USAGE(.BOTH.,#10589);
#10589 = SURFACE_SIDE_STYLE('',(#10590));
#10590 = SURFACE_STYLE_FILL_AREA(#10591);
#10591 = FILL_AREA_STYLE('',(#10592));
#10592 = FILL_AREA_STYLE_COLOUR('',#10593);
#10593 = COLOUR_RGB('',0.823999987314,0.819999987296,0.781000009244);
#10594 = CURVE_STYLE('',#10595,POSITIVE_LENGTH_MEASURE(0.1),#10593);
#10595 = DRAUGHTING_PRE_DEFINED_CURVE_FONT('continuous');
#10596 = STYLED_ITEM('color',(#10597),#1987);
#10597 = PRESENTATION_STYLE_ASSIGNMENT((#10598,#10603));
#10598 = SURFACE_STYLE_USAGE(.BOTH.,#10599);
#10599 = SURFACE_SIDE_STYLE('',(#10600));
#10600 = SURFACE_STYLE_FILL_AREA(#10601);
#10601 = FILL_AREA_STYLE('',(#10602));
#10602 = FILL_AREA_STYLE_COLOUR('',#10593);
#10603 = CURVE_STYLE('',#10604,POSITIVE_LENGTH_MEASURE(0.1),#10593);
#10604 = DRAUGHTING_PRE_DEFINED_CURVE_FONT('continuous');
#10605 = STYLED_ITEM('color',(#10606),#2009);
#10606 = PRESENTATION_STYLE_ASSIGNMENT((#10607,#10612));
#10607 = SURFACE_STYLE_USAGE(.BOTH.,#10608);
#10608 = SURFACE_SIDE_STYLE('',(#10609));
#10609 = SURFACE_STYLE_FILL_AREA(#10610);
#10610 = FILL_AREA_STYLE('',(#10611));
#10611 = FILL_AREA_STYLE_COLOUR('',#10593);
#10612 = CURVE_STYLE('',#10613,POSITIVE_LENGTH_MEASURE(0.1),#10593);
#10613 = DRAUGHTING_PRE_DEFINED_CURVE_FONT('continuous');
#10614 = STYLED_ITEM('color',(#10615),#2031);
#10615 = PRESENTATION_STYLE_ASSIGNMENT((#10616,#10621));
#10616 = SURFACE_STYLE_USAGE(.BOTH.,#10617);
#10617 = SURFACE_SIDE_STYLE('',(#10618));
#10618 = SURFACE_STYLE_FILL_AREA(#10619);
#10619 = FILL_AREA_STYLE('',(#10620));
#10620 = FILL_AREA_STYLE_COLOUR('',#10593);
#10621 = CURVE_STYLE('',#10622,POSITIVE_LENGTH_MEASURE(0.1),#10593);
#10622 = DRAUGHTING_PRE_DEFINED_CURVE_FONT('continuous');
#10623 = STYLED_ITEM('color',(#10624),#2047);
#10624 = PRESENTATION_STYLE_ASSIGNMENT((#10625,#10630));
#10625 = SURFACE_STYLE_USAGE(.BOTH.,#10626);
#10626 = SURFACE_SIDE_STYLE('',(#10627));
#10627 = SURFACE_STYLE_FILL_AREA(#10628);
#10628 = FILL_AREA_STYLE('',(#10629));
#10629 = FILL_AREA_STYLE_COLOUR('',#10593);
#10630 = CURVE_STYLE('',#10631,POSITIVE_LENGTH_MEASURE(0.1),#10593);
#10631 = DRAUGHTING_PRE_DEFINED_CURVE_FONT('continuous');
#10632 = STYLED_ITEM('color',(#10633),#2075);
#10633 = PRESENTATION_STYLE_ASSIGNMENT((#10634,#10639));
#10634 = SURFACE_STYLE_USAGE(.BOTH.,#10635);
#10635 = SURFACE_SIDE_STYLE('',(#10636));
#10636 = SURFACE_STYLE_FILL_AREA(#10637);
#10637 = FILL_AREA_STYLE('',(#10638));
#10638 = FILL_AREA_STYLE_COLOUR('',#10593);
#10639 = CURVE_STYLE('',#10640,POSITIVE_LENGTH_MEASURE(0.1),#10593);
#10640 = DRAUGHTING_PRE_DEFINED_CURVE_FONT('continuous');
#10641 = STYLED_ITEM('color',(#10642),#2097);
#10642 = PRESENTATION_STYLE_ASSIGNMENT((#10643,#10648));
#10643 = SURFACE_STYLE_USAGE(.BOTH.,#10644);
#10644 = SURFACE_SIDE_STYLE('',(#10645));
#10645 = SURFACE_STYLE_FILL_AREA(#10646);
#10646 = FILL_AREA_STYLE('',(#10647));
#10647 = FILL_AREA_STYLE_COLOUR('',#10593);
#10648 = CURVE_STYLE('',#10649,POSITIVE_LENGTH_MEASURE(0.1),#10593);
#10649 = DRAUGHTING_PRE_DEFINED_CURVE_FONT('continuous');
#10650 = STYLED_ITEM('color',(#10651),#2119);
#10651 = PRESENTATION_STYLE_ASSIGNMENT((#10652,#10657));
#10652 = SURFACE_STYLE_USAGE(.BOTH.,#10653);
#10653 = SURFACE_SIDE_STYLE('',(#10654));
#10654 = SURFACE_STYLE_FILL_AREA(#10655);
#10655 = FILL_AREA_STYLE('',(#10656));
#10656 = FILL_AREA_STYLE_COLOUR('',#10593);
#10657 = CURVE_STYLE('',#10658,POSITIVE_LENGTH_MEASURE(0.1),#10593);
#10658 = DRAUGHTING_PRE_DEFINED_CURVE_FONT('continuous');
#10659 = STYLED_ITEM('color',(#10660),#2135);
#10660 = PRESENTATION_STYLE_ASSIGNMENT((#10661,#10666));
#10661 = SURFACE_STYLE_USAGE(.BOTH.,#10662);
#10662 = SURFACE_SIDE_STYLE('',(#10663));
#10663 = SURFACE_STYLE_FILL_AREA(#10664);
#10664 = FILL_AREA_STYLE('',(#10665));
#10665 = FILL_AREA_STYLE_COLOUR('',#10593);
#10666 = CURVE_STYLE('',#10667,POSITIVE_LENGTH_MEASURE(0.1),#10593);
#10667 = DRAUGHTING_PRE_DEFINED_CURVE_FONT('continuous');
#10668 = STYLED_ITEM('color',(#10669),#2147);
#10669 = PRESENTATION_STYLE_ASSIGNMENT((#10670,#10675));
#10670 = SURFACE_STYLE_USAGE(.BOTH.,#10671);
#10671 = SURFACE_SIDE_STYLE('',(#10672));
#10672 = SURFACE_STYLE_FILL_AREA(#10673);
#10673 = FILL_AREA_STYLE('',(#10674));
#10674 = FILL_AREA_STYLE_COLOUR('',#10593);
#10675 = CURVE_STYLE('',#10676,POSITIVE_LENGTH_MEASURE(0.1),#10593);
#10676 = DRAUGHTING_PRE_DEFINED_CURVE_FONT('continuous');
#10677 = MECHANICAL_DESIGN_GEOMETRIC_PRESENTATION_REPRESENTATION('',(
    #10678,#10685,#10692,#10699,#10706,#10713,#10720,#10727,#10734,
    #10741,#10748,#10756,#10763,#10770,#10777,#10784,#10791,#10798,
    #10805,#10812,#10819,#10826,#10833,#10840,#10847,#10854,#10861,
    #10868),#8126);
#10678 = STYLED_ITEM('color',(#10679),#7274);
#10679 = PRESENTATION_STYLE_ASSIGNMENT((#10680));
#10680 = SURFACE_STYLE_USAGE(.BOTH.,#10681);
#10681 = SURFACE_SIDE_STYLE('',(#10682));
#10682 = SURFACE_STYLE_FILL_AREA(#10683);
#10683 = FILL_AREA_STYLE('',(#10684));
#10684 = FILL_AREA_STYLE_COLOUR('',#10593);
#10685 = STYLED_ITEM('color',(#10686),#7350);
#10686 = PRESENTATION_STYLE_ASSIGNMENT((#10687));
#10687 = SURFACE_STYLE_USAGE(.BOTH.,#10688);
#10688 = SURFACE_SIDE_STYLE('',(#10689));
#10689 = SURFACE_STYLE_FILL_AREA(#10690);
#10690 = FILL_AREA_STYLE('',(#10691));
#10691 = FILL_AREA_STYLE_COLOUR('',#10593);
#10692 = STYLED_ITEM('color',(#10693),#7381);
#10693 = PRESENTATION_STYLE_ASSIGNMENT((#10694));
#10694 = SURFACE_STYLE_USAGE(.BOTH.,#10695);
#10695 = SURFACE_SIDE_STYLE('',(#10696));
#10696 = SURFACE_STYLE_FILL_AREA(#10697);
#10697 = FILL_AREA_STYLE('',(#10698));
#10698 = FILL_AREA_STYLE_COLOUR('',#10593);
#10699 = STYLED_ITEM('color',(#10700),#7406);
#10700 = PRESENTATION_STYLE_ASSIGNMENT((#10701));
#10701 = SURFACE_STYLE_USAGE(.BOTH.,#10702);
#10702 = SURFACE_SIDE_STYLE('',(#10703));
#10703 = SURFACE_STYLE_FILL_AREA(#10704);
#10704 = FILL_AREA_STYLE('',(#10705));
#10705 = FILL_AREA_STYLE_COLOUR('',#10593);
#10706 = STYLED_ITEM('color',(#10707),#7431);
#10707 = PRESENTATION_STYLE_ASSIGNMENT((#10708));
#10708 = SURFACE_STYLE_USAGE(.BOTH.,#10709);
#10709 = SURFACE_SIDE_STYLE('',(#10710));
#10710 = SURFACE_STYLE_FILL_AREA(#10711);
#10711 = FILL_AREA_STYLE('',(#10712));
#10712 = FILL_AREA_STYLE_COLOUR('',#10593);
#10713 = STYLED_ITEM('color',(#10714),#7455);
#10714 = PRESENTATION_STYLE_ASSIGNMENT((#10715));
#10715 = SURFACE_STYLE_USAGE(.BOTH.,#10716);
#10716 = SURFACE_SIDE_STYLE('',(#10717));
#10717 = SURFACE_STYLE_FILL_AREA(#10718);
#10718 = FILL_AREA_STYLE('',(#10719));
#10719 = FILL_AREA_STYLE_COLOUR('',#10593);
#10720 = STYLED_ITEM('color',(#10721),#7479);
#10721 = PRESENTATION_STYLE_ASSIGNMENT((#10722));
#10722 = SURFACE_STYLE_USAGE(.BOTH.,#10723);
#10723 = SURFACE_SIDE_STYLE('',(#10724));
#10724 = SURFACE_STYLE_FILL_AREA(#10725);
#10725 = FILL_AREA_STYLE('',(#10726));
#10726 = FILL_AREA_STYLE_COLOUR('',#10593);
#10727 = STYLED_ITEM('color',(#10728),#7504);
#10728 = PRESENTATION_STYLE_ASSIGNMENT((#10729));
#10729 = SURFACE_STYLE_USAGE(.BOTH.,#10730);
#10730 = SURFACE_SIDE_STYLE('',(#10731));
#10731 = SURFACE_STYLE_FILL_AREA(#10732);
#10732 = FILL_AREA_STYLE('',(#10733));
#10733 = FILL_AREA_STYLE_COLOUR('',#10593);
#10734 = STYLED_ITEM('color',(#10735),#7529);
#10735 = PRESENTATION_STYLE_ASSIGNMENT((#10736));
#10736 = SURFACE_STYLE_USAGE(.BOTH.,#10737);
#10737 = SURFACE_SIDE_STYLE('',(#10738));
#10738 = SURFACE_STYLE_FILL_AREA(#10739);
#10739 = FILL_AREA_STYLE('',(#10740));
#10740 = FILL_AREA_STYLE_COLOUR('',#10593);
#10741 = STYLED_ITEM('color',(#10742),#7546);
#10742 = PRESENTATION_STYLE_ASSIGNMENT((#10743));
#10743 = SURFACE_STYLE_USAGE(.BOTH.,#10744);
#10744 = SURFACE_SIDE_STYLE('',(#10745));
#10745 = SURFACE_STYLE_FILL_AREA(#10746);
#10746 = FILL_AREA_STYLE('',(#10747));
#10747 = FILL_AREA_STYLE_COLOUR('',#10593);
#10748 = STYLED_ITEM('color',(#10749),#7632);
#10749 = PRESENTATION_STYLE_ASSIGNMENT((#10750));
#10750 = SURFACE_STYLE_USAGE(.BOTH.,#10751);
#10751 = SURFACE_SIDE_STYLE('',(#10752));
#10752 = SURFACE_STYLE_FILL_AREA(#10753);
#10753 = FILL_AREA_STYLE('',(#10754));
#10754 = FILL_AREA_STYLE_COLOUR('',#10755);
#10755 = COLOUR_RGB('',0.379000005575,0.270000008848,0.214999999939);
#10756 = STYLED_ITEM('color',(#10757),#7664);
#10757 = PRESENTATION_STYLE_ASSIGNMENT((#10758));
#10758 = SURFACE_STYLE_USAGE(.BOTH.,#10759);
#10759 = SURFACE_SIDE_STYLE('',(#10760));
#10760 = SURFACE_STYLE_FILL_AREA(#10761);
#10761 = FILL_AREA_STYLE('',(#10762));
#10762 = FILL_AREA_STYLE_COLOUR('',#10755);
#10763 = STYLED_ITEM('color',(#10764),#7688);
#10764 = PRESENTATION_STYLE_ASSIGNMENT((#10765));
#10765 = SURFACE_STYLE_USAGE(.BOTH.,#10766);
#10766 = SURFACE_SIDE_STYLE('',(#10767));
#10767 = SURFACE_STYLE_FILL_AREA(#10768);
#10768 = FILL_AREA_STYLE('',(#10769));
#10769 = FILL_AREA_STYLE_COLOUR('',#10755);
#10770 = STYLED_ITEM('color',(#10771),#7713);
#10771 = PRESENTATION_STYLE_ASSIGNMENT((#10772));
#10772 = SURFACE_STYLE_USAGE(.BOTH.,#10773);
#10773 = SURFACE_SIDE_STYLE('',(#10774));
#10774 = SURFACE_STYLE_FILL_AREA(#10775);
#10775 = FILL_AREA_STYLE('',(#10776));
#10776 = FILL_AREA_STYLE_COLOUR('',#10755);
#10777 = STYLED_ITEM('color',(#10778),#7737);
#10778 = PRESENTATION_STYLE_ASSIGNMENT((#10779));
#10779 = SURFACE_STYLE_USAGE(.BOTH.,#10780);
#10780 = SURFACE_SIDE_STYLE('',(#10781));
#10781 = SURFACE_STYLE_FILL_AREA(#10782);
#10782 = FILL_AREA_STYLE('',(#10783));
#10783 = FILL_AREA_STYLE_COLOUR('',#10755);
#10784 = STYLED_ITEM('color',(#10785),#7762);
#10785 = PRESENTATION_STYLE_ASSIGNMENT((#10786));
#10786 = SURFACE_STYLE_USAGE(.BOTH.,#10787);
#10787 = SURFACE_SIDE_STYLE('',(#10788));
#10788 = SURFACE_STYLE_FILL_AREA(#10789);
#10789 = FILL_AREA_STYLE('',(#10790));
#10790 = FILL_AREA_STYLE_COLOUR('',#10755);
#10791 = STYLED_ITEM('color',(#10792),#7786);
#10792 = PRESENTATION_STYLE_ASSIGNMENT((#10793));
#10793 = SURFACE_STYLE_USAGE(.BOTH.,#10794);
#10794 = SURFACE_SIDE_STYLE('',(#10795));
#10795 = SURFACE_STYLE_FILL_AREA(#10796);
#10796 = FILL_AREA_STYLE('',(#10797));
#10797 = FILL_AREA_STYLE_COLOUR('',#10755);
#10798 = STYLED_ITEM('color',(#10799),#7811);
#10799 = PRESENTATION_STYLE_ASSIGNMENT((#10800));
#10800 = SURFACE_STYLE_USAGE(.BOTH.,#10801);
#10801 = SURFACE_SIDE_STYLE('',(#10802));
#10802 = SURFACE_STYLE_FILL_AREA(#10803);
#10803 = FILL_AREA_STYLE('',(#10804));
#10804 = FILL_AREA_STYLE_COLOUR('',#10755);
#10805 = STYLED_ITEM('color',(#10806),#7828);
#10806 = PRESENTATION_STYLE_ASSIGNMENT((#10807));
#10807 = SURFACE_STYLE_USAGE(.BOTH.,#10808);
#10808 = SURFACE_SIDE_STYLE('',(#10809));
#10809 = SURFACE_STYLE_FILL_AREA(#10810);
#10810 = FILL_AREA_STYLE('',(#10811));
#10811 = FILL_AREA_STYLE_COLOUR('',#10593);
#10812 = STYLED_ITEM('color',(#10813),#7914);
#10813 = PRESENTATION_STYLE_ASSIGNMENT((#10814));
#10814 = SURFACE_STYLE_USAGE(.BOTH.,#10815);
#10815 = SURFACE_SIDE_STYLE('',(#10816));
#10816 = SURFACE_STYLE_FILL_AREA(#10817);
#10817 = FILL_AREA_STYLE('',(#10818));
#10818 = FILL_AREA_STYLE_COLOUR('',#10593);
#10819 = STYLED_ITEM('color',(#10820),#7945);
#10820 = PRESENTATION_STYLE_ASSIGNMENT((#10821));
#10821 = SURFACE_STYLE_USAGE(.BOTH.,#10822);
#10822 = SURFACE_SIDE_STYLE('',(#10823));
#10823 = SURFACE_STYLE_FILL_AREA(#10824);
#10824 = FILL_AREA_STYLE('',(#10825));
#10825 = FILL_AREA_STYLE_COLOUR('',#10593);
#10826 = STYLED_ITEM('color',(#10827),#7970);
#10827 = PRESENTATION_STYLE_ASSIGNMENT((#10828));
#10828 = SURFACE_STYLE_USAGE(.BOTH.,#10829);
#10829 = SURFACE_SIDE_STYLE('',(#10830));
#10830 = SURFACE_STYLE_FILL_AREA(#10831);
#10831 = FILL_AREA_STYLE('',(#10832));
#10832 = FILL_AREA_STYLE_COLOUR('',#10593);
#10833 = STYLED_ITEM('color',(#10834),#7995);
#10834 = PRESENTATION_STYLE_ASSIGNMENT((#10835));
#10835 = SURFACE_STYLE_USAGE(.BOTH.,#10836);
#10836 = SURFACE_SIDE_STYLE('',(#10837));
#10837 = SURFACE_STYLE_FILL_AREA(#10838);
#10838 = FILL_AREA_STYLE('',(#10839));
#10839 = FILL_AREA_STYLE_COLOUR('',#10593);
#10840 = STYLED_ITEM('color',(#10841),#8019);
#10841 = PRESENTATION_STYLE_ASSIGNMENT((#10842));
#10842 = SURFACE_STYLE_USAGE(.BOTH.,#10843);
#10843 = SURFACE_SIDE_STYLE('',(#10844));
#10844 = SURFACE_STYLE_FILL_AREA(#10845);
#10845 = FILL_AREA_STYLE('',(#10846));
#10846 = FILL_AREA_STYLE_COLOUR('',#10593);
#10847 = STYLED_ITEM('color',(#10848),#8043);
#10848 = PRESENTATION_STYLE_ASSIGNMENT((#10849));
#10849 = SURFACE_STYLE_USAGE(.BOTH.,#10850);
#10850 = SURFACE_SIDE_STYLE('',(#10851));
#10851 = SURFACE_STYLE_FILL_AREA(#10852);
#10852 = FILL_AREA_STYLE('',(#10853));
#10853 = FILL_AREA_STYLE_COLOUR('',#10593);
#10854 = STYLED_ITEM('color',(#10855),#8068);
#10855 = PRESENTATION_STYLE_ASSIGNMENT((#10856));
#10856 = SURFACE_STYLE_USAGE(.BOTH.,#10857);
#10857 = SURFACE_SIDE_STYLE('',(#10858));
#10858 = SURFACE_STYLE_FILL_AREA(#10859);
#10859 = FILL_AREA_STYLE('',(#10860));
#10860 = FILL_AREA_STYLE_COLOUR('',#10593);
#10861 = STYLED_ITEM('color',(#10862),#8093);
#10862 = PRESENTATION_STYLE_ASSIGNMENT((#10863));
#10863 = SURFACE_STYLE_USAGE(.BOTH.,#10864);
#10864 = SURFACE_SIDE_STYLE('',(#10865));
#10865 = SURFACE_STYLE_FILL_AREA(#10866);
#10866 = FILL_AREA_STYLE('',(#10867));
#10867 = FILL_AREA_STYLE_COLOUR('',#10593);
#10868 = STYLED_ITEM('color',(#10869),#8110);
#10869 = PRESENTATION_STYLE_ASSIGNMENT((#10870));
#10870 = SURFACE_STYLE_USAGE(.BOTH.,#10871);
#10871 = SURFACE_SIDE_STYLE('',(#10872));
#10872 = SURFACE_STYLE_FILL_AREA(#10873);
#10873 = FILL_AREA_STYLE('',(#10874));
#10874 = FILL_AREA_STYLE_COLOUR('',#10593);
#10875 = MECHANICAL_DESIGN_GEOMETRIC_PRESENTATION_REPRESENTATION('',(
    #10876,#10883,#10890,#10897,#10904,#10911,#10918,#10925,#10933,
    #10940,#10947,#10954,#10961,#10968,#10976,#10983,#10990,#10997,
    #11004,#11011,#11018,#11025,#11032,#11039,#11046,#11053),#7215);
#10876 = STYLED_ITEM('color',(#10877),#6427);
#10877 = PRESENTATION_STYLE_ASSIGNMENT((#10878));
#10878 = SURFACE_STYLE_USAGE(.BOTH.,#10879);
#10879 = SURFACE_SIDE_STYLE('',(#10880));
#10880 = SURFACE_STYLE_FILL_AREA(#10881);
#10881 = FILL_AREA_STYLE('',(#10882));
#10882 = FILL_AREA_STYLE_COLOUR('',#10593);
#10883 = STYLED_ITEM('color',(#10884),#6467);
#10884 = PRESENTATION_STYLE_ASSIGNMENT((#10885));
#10885 = SURFACE_STYLE_USAGE(.BOTH.,#10886);
#10886 = SURFACE_SIDE_STYLE('',(#10887));
#10887 = SURFACE_STYLE_FILL_AREA(#10888);
#10888 = FILL_AREA_STYLE('',(#10889));
#10889 = FILL_AREA_STYLE_COLOUR('',#10593);
#10890 = STYLED_ITEM('color',(#10891),#6550);
#10891 = PRESENTATION_STYLE_ASSIGNMENT((#10892));
#10892 = SURFACE_STYLE_USAGE(.BOTH.,#10893);
#10893 = SURFACE_SIDE_STYLE('',(#10894));
#10894 = SURFACE_STYLE_FILL_AREA(#10895);
#10895 = FILL_AREA_STYLE('',(#10896));
#10896 = FILL_AREA_STYLE_COLOUR('',#10593);
#10897 = STYLED_ITEM('color',(#10898),#6575);
#10898 = PRESENTATION_STYLE_ASSIGNMENT((#10899));
#10899 = SURFACE_STYLE_USAGE(.BOTH.,#10900);
#10900 = SURFACE_SIDE_STYLE('',(#10901));
#10901 = SURFACE_STYLE_FILL_AREA(#10902);
#10902 = FILL_AREA_STYLE('',(#10903));
#10903 = FILL_AREA_STYLE_COLOUR('',#10593);
#10904 = STYLED_ITEM('color',(#10905),#6600);
#10905 = PRESENTATION_STYLE_ASSIGNMENT((#10906));
#10906 = SURFACE_STYLE_USAGE(.BOTH.,#10907);
#10907 = SURFACE_SIDE_STYLE('',(#10908));
#10908 = SURFACE_STYLE_FILL_AREA(#10909);
#10909 = FILL_AREA_STYLE('',(#10910));
#10910 = FILL_AREA_STYLE_COLOUR('',#10593);
#10911 = STYLED_ITEM('color',(#10912),#6667);
#10912 = PRESENTATION_STYLE_ASSIGNMENT((#10913));
#10913 = SURFACE_STYLE_USAGE(.BOTH.,#10914);
#10914 = SURFACE_SIDE_STYLE('',(#10915));
#10915 = SURFACE_STYLE_FILL_AREA(#10916);
#10916 = FILL_AREA_STYLE('',(#10917));
#10917 = FILL_AREA_STYLE_COLOUR('',#10593);
#10918 = STYLED_ITEM('color',(#10919),#6684);
#10919 = PRESENTATION_STYLE_ASSIGNMENT((#10920));
#10920 = SURFACE_STYLE_USAGE(.BOTH.,#10921);
#10921 = SURFACE_SIDE_STYLE('',(#10922));
#10922 = SURFACE_STYLE_FILL_AREA(#10923);
#10923 = FILL_AREA_STYLE('',(#10924));
#10924 = FILL_AREA_STYLE_COLOUR('',#10593);
#10925 = STYLED_ITEM('color',(#10926),#6701);
#10926 = PRESENTATION_STYLE_ASSIGNMENT((#10927));
#10927 = SURFACE_STYLE_USAGE(.BOTH.,#10928);
#10928 = SURFACE_SIDE_STYLE('',(#10929));
#10929 = SURFACE_STYLE_FILL_AREA(#10930);
#10930 = FILL_AREA_STYLE('',(#10931));
#10931 = FILL_AREA_STYLE_COLOUR('',#10932);
#10932 = COLOUR_RGB('',0.894999966383,0.890999961016,0.813000030345);
#10933 = STYLED_ITEM('color',(#10934),#6750);
#10934 = PRESENTATION_STYLE_ASSIGNMENT((#10935));
#10935 = SURFACE_STYLE_USAGE(.BOTH.,#10936);
#10936 = SURFACE_SIDE_STYLE('',(#10937));
#10937 = SURFACE_STYLE_FILL_AREA(#10938);
#10938 = FILL_AREA_STYLE('',(#10939));
#10939 = FILL_AREA_STYLE_COLOUR('',#10593);
#10940 = STYLED_ITEM('color',(#10941),#6767);
#10941 = PRESENTATION_STYLE_ASSIGNMENT((#10942));
#10942 = SURFACE_STYLE_USAGE(.BOTH.,#10943);
#10943 = SURFACE_SIDE_STYLE('',(#10944));
#10944 = SURFACE_STYLE_FILL_AREA(#10945);
#10945 = FILL_AREA_STYLE('',(#10946));
#10946 = FILL_AREA_STYLE_COLOUR('',#10593);
#10947 = STYLED_ITEM('color',(#10948),#6784);
#10948 = PRESENTATION_STYLE_ASSIGNMENT((#10949));
#10949 = SURFACE_STYLE_USAGE(.BOTH.,#10950);
#10950 = SURFACE_SIDE_STYLE('',(#10951));
#10951 = SURFACE_STYLE_FILL_AREA(#10952);
#10952 = FILL_AREA_STYLE('',(#10953));
#10953 = FILL_AREA_STYLE_COLOUR('',#10932);
#10954 = STYLED_ITEM('color',(#10955),#6833);
#10955 = PRESENTATION_STYLE_ASSIGNMENT((#10956));
#10956 = SURFACE_STYLE_USAGE(.BOTH.,#10957);
#10957 = SURFACE_SIDE_STYLE('',(#10958));
#10958 = SURFACE_STYLE_FILL_AREA(#10959);
#10959 = FILL_AREA_STYLE('',(#10960));
#10960 = FILL_AREA_STYLE_COLOUR('',#10932);
#10961 = STYLED_ITEM('color',(#10962),#6850);
#10962 = PRESENTATION_STYLE_ASSIGNMENT((#10963));
#10963 = SURFACE_STYLE_USAGE(.BOTH.,#10964);
#10964 = SURFACE_SIDE_STYLE('',(#10965));
#10965 = SURFACE_STYLE_FILL_AREA(#10966);
#10966 = FILL_AREA_STYLE('',(#10967));
#10967 = FILL_AREA_STYLE_COLOUR('',#10593);
#10968 = STYLED_ITEM('color',(#10969),#6919);
#10969 = PRESENTATION_STYLE_ASSIGNMENT((#10970));
#10970 = SURFACE_STYLE_USAGE(.BOTH.,#10971);
#10971 = SURFACE_SIDE_STYLE('',(#10972));
#10972 = SURFACE_STYLE_FILL_AREA(#10973);
#10973 = FILL_AREA_STYLE('',(#10974));
#10974 = FILL_AREA_STYLE_COLOUR('',#10975);
#10975 = COLOUR_RGB('',8.200000279077E-02,8.600000121357E-02,
  9.399999706163E-02);
#10976 = STYLED_ITEM('color',(#10977),#6950);
#10977 = PRESENTATION_STYLE_ASSIGNMENT((#10978));
#10978 = SURFACE_STYLE_USAGE(.BOTH.,#10979);
#10979 = SURFACE_SIDE_STYLE('',(#10980));
#10980 = SURFACE_STYLE_FILL_AREA(#10981);
#10981 = FILL_AREA_STYLE('',(#10982));
#10982 = FILL_AREA_STYLE_COLOUR('',#10975);
#10983 = STYLED_ITEM('color',(#10984),#6974);
#10984 = PRESENTATION_STYLE_ASSIGNMENT((#10985));
#10985 = SURFACE_STYLE_USAGE(.BOTH.,#10986);
#10986 = SURFACE_SIDE_STYLE('',(#10987));
#10987 = SURFACE_STYLE_FILL_AREA(#10988);
#10988 = FILL_AREA_STYLE('',(#10989));
#10989 = FILL_AREA_STYLE_COLOUR('',#10593);
#10990 = STYLED_ITEM('color',(#10991),#7043);
#10991 = PRESENTATION_STYLE_ASSIGNMENT((#10992));
#10992 = SURFACE_STYLE_USAGE(.BOTH.,#10993);
#10993 = SURFACE_SIDE_STYLE('',(#10994));
#10994 = SURFACE_STYLE_FILL_AREA(#10995);
#10995 = FILL_AREA_STYLE('',(#10996));
#10996 = FILL_AREA_STYLE_COLOUR('',#10975);
#10997 = STYLED_ITEM('color',(#10998),#7067);
#10998 = PRESENTATION_STYLE_ASSIGNMENT((#10999));
#10999 = SURFACE_STYLE_USAGE(.BOTH.,#11000);
#11000 = SURFACE_SIDE_STYLE('',(#11001));
#11001 = SURFACE_STYLE_FILL_AREA(#11002);
#11002 = FILL_AREA_STYLE('',(#11003));
#11003 = FILL_AREA_STYLE_COLOUR('',#10593);
#11004 = STYLED_ITEM('color',(#11005),#7084);
#11005 = PRESENTATION_STYLE_ASSIGNMENT((#11006));
#11006 = SURFACE_STYLE_USAGE(.BOTH.,#11007);
#11007 = SURFACE_SIDE_STYLE('',(#11008));
#11008 = SURFACE_STYLE_FILL_AREA(#11009);
#11009 = FILL_AREA_STYLE('',(#11010));
#11010 = FILL_AREA_STYLE_COLOUR('',#10593);
#11011 = STYLED_ITEM('color',(#11012),#7101);
#11012 = PRESENTATION_STYLE_ASSIGNMENT((#11013));
#11013 = SURFACE_STYLE_USAGE(.BOTH.,#11014);
#11014 = SURFACE_SIDE_STYLE('',(#11015));
#11015 = SURFACE_STYLE_FILL_AREA(#11016);
#11016 = FILL_AREA_STYLE('',(#11017));
#11017 = FILL_AREA_STYLE_COLOUR('',#10593);
#11018 = STYLED_ITEM('color',(#11019),#7118);
#11019 = PRESENTATION_STYLE_ASSIGNMENT((#11020));
#11020 = SURFACE_STYLE_USAGE(.BOTH.,#11021);
#11021 = SURFACE_SIDE_STYLE('',(#11022));
#11022 = SURFACE_STYLE_FILL_AREA(#11023);
#11023 = FILL_AREA_STYLE('',(#11024));
#11024 = FILL_AREA_STYLE_COLOUR('',#10593);
#11025 = STYLED_ITEM('color',(#11026),#7135);
#11026 = PRESENTATION_STYLE_ASSIGNMENT((#11027));
#11027 = SURFACE_STYLE_USAGE(.BOTH.,#11028);
#11028 = SURFACE_SIDE_STYLE('',(#11029));
#11029 = SURFACE_STYLE_FILL_AREA(#11030);
#11030 = FILL_AREA_STYLE('',(#11031));
#11031 = FILL_AREA_STYLE_COLOUR('',#10593);
#11032 = STYLED_ITEM('color',(#11033),#7152);
#11033 = PRESENTATION_STYLE_ASSIGNMENT((#11034));
#11034 = SURFACE_STYLE_USAGE(.BOTH.,#11035);
#11035 = SURFACE_SIDE_STYLE('',(#11036));
#11036 = SURFACE_STYLE_FILL_AREA(#11037);
#11037 = FILL_AREA_STYLE('',(#11038));
#11038 = FILL_AREA_STYLE_COLOUR('',#10593);
#11039 = STYLED_ITEM('color',(#11040),#7169);
#11040 = PRESENTATION_STYLE_ASSIGNMENT((#11041));
#11041 = SURFACE_STYLE_USAGE(.BOTH.,#11042);
#11042 = SURFACE_SIDE_STYLE('',(#11043));
#11043 = SURFACE_STYLE_FILL_AREA(#11044);
#11044 = FILL_AREA_STYLE('',(#11045));
#11045 = FILL_AREA_STYLE_COLOUR('',#10593);
#11046 = STYLED_ITEM('color',(#11047),#7186);
#11047 = PRESENTATION_STYLE_ASSIGNMENT((#11048));
#11048 = SURFACE_STYLE_USAGE(.BOTH.,#11049);
#11049 = SURFACE_SIDE_STYLE('',(#11050));
#11050 = SURFACE_STYLE_FILL_AREA(#11051);
#11051 = FILL_AREA_STYLE('',(#11052));
#11052 = FILL_AREA_STYLE_COLOUR('',#10975);
#11053 = STYLED_ITEM('color',(#11054),#7203);
#11054 = PRESENTATION_STYLE_ASSIGNMENT((#11055));
#11055 = SURFACE_STYLE_USAGE(.BOTH.,#11056);
#11056 = SURFACE_SIDE_STYLE('',(#11057));
#11057 = SURFACE_STYLE_FILL_AREA(#11058);
#11058 = FILL_AREA_STYLE('',(#11059));
#11059 = FILL_AREA_STYLE_COLOUR('',#10975);
#11060 = MECHANICAL_DESIGN_GEOMETRIC_PRESENTATION_REPRESENTATION('',(
    #11061,#11068,#11075,#11082,#11089,#11096,#11103,#11110,#11117,
    #11124,#11131,#11138,#11145,#11152,#11159,#11166,#11173,#11180,
    #11187,#11194,#11201,#11208,#11215,#11222,#11229,#11236,#11243,
    #11250,#11257,#11264,#11271,#11278,#11285,#11292,#11299,#11306,
    #11313,#11320,#11327,#11334,#11341,#11348,#11355,#11362,#11369,
    #11376,#11383,#11390,#11397,#11404,#11411,#11418,#11425,#11432,
    #11439,#11446,#11453,#11460,#11467,#11474,#11481,#11488),#10153);
#11061 = STYLED_ITEM('color',(#11062),#8185);
#11062 = PRESENTATION_STYLE_ASSIGNMENT((#11063));
#11063 = SURFACE_STYLE_USAGE(.BOTH.,#11064);
#11064 = SURFACE_SIDE_STYLE('',(#11065));
#11065 = SURFACE_STYLE_FILL_AREA(#11066);
#11066 = FILL_AREA_STYLE('',(#11067));
#11067 = FILL_AREA_STYLE_COLOUR('',#10593);
#11068 = STYLED_ITEM('color',(#11069),#8226);
#11069 = PRESENTATION_STYLE_ASSIGNMENT((#11070));
#11070 = SURFACE_STYLE_USAGE(.BOTH.,#11071);
#11071 = SURFACE_SIDE_STYLE('',(#11072));
#11072 = SURFACE_STYLE_FILL_AREA(#11073);
#11073 = FILL_AREA_STYLE('',(#11074));
#11074 = FILL_AREA_STYLE_COLOUR('',#10593);
#11075 = STYLED_ITEM('color',(#11076),#8273);
#11076 = PRESENTATION_STYLE_ASSIGNMENT((#11077));
#11077 = SURFACE_STYLE_USAGE(.BOTH.,#11078);
#11078 = SURFACE_SIDE_STYLE('',(#11079));
#11079 = SURFACE_STYLE_FILL_AREA(#11080);
#11080 = FILL_AREA_STYLE('',(#11081));
#11081 = FILL_AREA_STYLE_COLOUR('',#10593);
#11082 = STYLED_ITEM('color',(#11083),#8298);
#11083 = PRESENTATION_STYLE_ASSIGNMENT((#11084));
#11084 = SURFACE_STYLE_USAGE(.BOTH.,#11085);
#11085 = SURFACE_SIDE_STYLE('',(#11086));
#11086 = SURFACE_STYLE_FILL_AREA(#11087);
#11087 = FILL_AREA_STYLE('',(#11088));
#11088 = FILL_AREA_STYLE_COLOUR('',#10593);
#11089 = STYLED_ITEM('color',(#11090),#8338);
#11090 = PRESENTATION_STYLE_ASSIGNMENT((#11091));
#11091 = SURFACE_STYLE_USAGE(.BOTH.,#11092);
#11092 = SURFACE_SIDE_STYLE('',(#11093));
#11093 = SURFACE_STYLE_FILL_AREA(#11094);
#11094 = FILL_AREA_STYLE('',(#11095));
#11095 = FILL_AREA_STYLE_COLOUR('',#10593);
#11096 = STYLED_ITEM('color',(#11097),#8355);
#11097 = PRESENTATION_STYLE_ASSIGNMENT((#11098));
#11098 = SURFACE_STYLE_USAGE(.BOTH.,#11099);
#11099 = SURFACE_SIDE_STYLE('',(#11100));
#11100 = SURFACE_STYLE_FILL_AREA(#11101);
#11101 = FILL_AREA_STYLE('',(#11102));
#11102 = FILL_AREA_STYLE_COLOUR('',#10520);
#11103 = STYLED_ITEM('color',(#11104),#8677);
#11104 = PRESENTATION_STYLE_ASSIGNMENT((#11105));
#11105 = SURFACE_STYLE_USAGE(.BOTH.,#11106);
#11106 = SURFACE_SIDE_STYLE('',(#11107));
#11107 = SURFACE_STYLE_FILL_AREA(#11108);
#11108 = FILL_AREA_STYLE('',(#11109));
#11109 = FILL_AREA_STYLE_COLOUR('',#10520);
#11110 = STYLED_ITEM('color',(#11111),#8786);
#11111 = PRESENTATION_STYLE_ASSIGNMENT((#11112));
#11112 = SURFACE_STYLE_USAGE(.BOTH.,#11113);
#11113 = SURFACE_SIDE_STYLE('',(#11114));
#11114 = SURFACE_STYLE_FILL_AREA(#11115);
#11115 = FILL_AREA_STYLE('',(#11116));
#11116 = FILL_AREA_STYLE_COLOUR('',#10593);
#11117 = STYLED_ITEM('color',(#11118),#8798);
#11118 = PRESENTATION_STYLE_ASSIGNMENT((#11119));
#11119 = SURFACE_STYLE_USAGE(.BOTH.,#11120);
#11120 = SURFACE_SIDE_STYLE('',(#11121));
#11121 = SURFACE_STYLE_FILL_AREA(#11122);
#11122 = FILL_AREA_STYLE('',(#11123));
#11123 = FILL_AREA_STYLE_COLOUR('',#10520);
#11124 = STYLED_ITEM('color',(#11125),#8921);
#11125 = PRESENTATION_STYLE_ASSIGNMENT((#11126));
#11126 = SURFACE_STYLE_USAGE(.BOTH.,#11127);
#11127 = SURFACE_SIDE_STYLE('',(#11128));
#11128 = SURFACE_STYLE_FILL_AREA(#11129);
#11129 = FILL_AREA_STYLE('',(#11130));
#11130 = FILL_AREA_STYLE_COLOUR('',#10520);
#11131 = STYLED_ITEM('color',(#11132),#8938);
#11132 = PRESENTATION_STYLE_ASSIGNMENT((#11133));
#11133 = SURFACE_STYLE_USAGE(.BOTH.,#11134);
#11134 = SURFACE_SIDE_STYLE('',(#11135));
#11135 = SURFACE_STYLE_FILL_AREA(#11136);
#11136 = FILL_AREA_STYLE('',(#11137));
#11137 = FILL_AREA_STYLE_COLOUR('',#10593);
#11138 = STYLED_ITEM('color',(#11139),#8978);
#11139 = PRESENTATION_STYLE_ASSIGNMENT((#11140));
#11140 = SURFACE_STYLE_USAGE(.BOTH.,#11141);
#11141 = SURFACE_SIDE_STYLE('',(#11142));
#11142 = SURFACE_STYLE_FILL_AREA(#11143);
#11143 = FILL_AREA_STYLE('',(#11144));
#11144 = FILL_AREA_STYLE_COLOUR('',#10593);
#11145 = STYLED_ITEM('color',(#11146),#9003);
#11146 = PRESENTATION_STYLE_ASSIGNMENT((#11147));
#11147 = SURFACE_STYLE_USAGE(.BOTH.,#11148);
#11148 = SURFACE_SIDE_STYLE('',(#11149));
#11149 = SURFACE_STYLE_FILL_AREA(#11150);
#11150 = FILL_AREA_STYLE('',(#11151));
#11151 = FILL_AREA_STYLE_COLOUR('',#10593);
#11152 = STYLED_ITEM('color',(#11153),#9043);
#11153 = PRESENTATION_STYLE_ASSIGNMENT((#11154));
#11154 = SURFACE_STYLE_USAGE(.BOTH.,#11155);
#11155 = SURFACE_SIDE_STYLE('',(#11156));
#11156 = SURFACE_STYLE_FILL_AREA(#11157);
#11157 = FILL_AREA_STYLE('',(#11158));
#11158 = FILL_AREA_STYLE_COLOUR('',#10593);
#11159 = STYLED_ITEM('color',(#11160),#9076);
#11160 = PRESENTATION_STYLE_ASSIGNMENT((#11161));
#11161 = SURFACE_STYLE_USAGE(.BOTH.,#11162);
#11162 = SURFACE_SIDE_STYLE('',(#11163));
#11163 = SURFACE_STYLE_FILL_AREA(#11164);
#11164 = FILL_AREA_STYLE('',(#11165));
#11165 = FILL_AREA_STYLE_COLOUR('',#10593);
#11166 = STYLED_ITEM('color',(#11167),#9101);
#11167 = PRESENTATION_STYLE_ASSIGNMENT((#11168));
#11168 = SURFACE_STYLE_USAGE(.BOTH.,#11169);
#11169 = SURFACE_SIDE_STYLE('',(#11170));
#11170 = SURFACE_STYLE_FILL_AREA(#11171);
#11171 = FILL_AREA_STYLE('',(#11172));
#11172 = FILL_AREA_STYLE_COLOUR('',#10593);
#11173 = STYLED_ITEM('color',(#11174),#9134);
#11174 = PRESENTATION_STYLE_ASSIGNMENT((#11175));
#11175 = SURFACE_STYLE_USAGE(.BOTH.,#11176);
#11176 = SURFACE_SIDE_STYLE('',(#11177));
#11177 = SURFACE_STYLE_FILL_AREA(#11178);
#11178 = FILL_AREA_STYLE('',(#11179));
#11179 = FILL_AREA_STYLE_COLOUR('',#10593);
#11180 = STYLED_ITEM('color',(#11181),#9174);
#11181 = PRESENTATION_STYLE_ASSIGNMENT((#11182));
#11182 = SURFACE_STYLE_USAGE(.BOTH.,#11183);
#11183 = SURFACE_SIDE_STYLE('',(#11184));
#11184 = SURFACE_STYLE_FILL_AREA(#11185);
#11185 = FILL_AREA_STYLE('',(#11186));
#11186 = FILL_AREA_STYLE_COLOUR('',#10593);
#11187 = STYLED_ITEM('color',(#11188),#9199);
#11188 = PRESENTATION_STYLE_ASSIGNMENT((#11189));
#11189 = SURFACE_STYLE_USAGE(.BOTH.,#11190);
#11190 = SURFACE_SIDE_STYLE('',(#11191));
#11191 = SURFACE_STYLE_FILL_AREA(#11192);
#11192 = FILL_AREA_STYLE('',(#11193));
#11193 = FILL_AREA_STYLE_COLOUR('',#10593);
#11194 = STYLED_ITEM('color',(#11195),#9239);
#11195 = PRESENTATION_STYLE_ASSIGNMENT((#11196));
#11196 = SURFACE_STYLE_USAGE(.BOTH.,#11197);
#11197 = SURFACE_SIDE_STYLE('',(#11198));
#11198 = SURFACE_STYLE_FILL_AREA(#11199);
#11199 = FILL_AREA_STYLE('',(#11200));
#11200 = FILL_AREA_STYLE_COLOUR('',#10593);
#11201 = STYLED_ITEM('color',(#11202),#9272);
#11202 = PRESENTATION_STYLE_ASSIGNMENT((#11203));
#11203 = SURFACE_STYLE_USAGE(.BOTH.,#11204);
#11204 = SURFACE_SIDE_STYLE('',(#11205));
#11205 = SURFACE_STYLE_FILL_AREA(#11206);
#11206 = FILL_AREA_STYLE('',(#11207));
#11207 = FILL_AREA_STYLE_COLOUR('',#10593);
#11208 = STYLED_ITEM('color',(#11209),#9297);
#11209 = PRESENTATION_STYLE_ASSIGNMENT((#11210));
#11210 = SURFACE_STYLE_USAGE(.BOTH.,#11211);
#11211 = SURFACE_SIDE_STYLE('',(#11212));
#11212 = SURFACE_STYLE_FILL_AREA(#11213);
#11213 = FILL_AREA_STYLE('',(#11214));
#11214 = FILL_AREA_STYLE_COLOUR('',#10593);
#11215 = STYLED_ITEM('color',(#11216),#9330);
#11216 = PRESENTATION_STYLE_ASSIGNMENT((#11217));
#11217 = SURFACE_STYLE_USAGE(.BOTH.,#11218);
#11218 = SURFACE_SIDE_STYLE('',(#11219));
#11219 = SURFACE_STYLE_FILL_AREA(#11220);
#11220 = FILL_AREA_STYLE('',(#11221));
#11221 = FILL_AREA_STYLE_COLOUR('',#10593);
#11222 = STYLED_ITEM('color',(#11223),#9370);
#11223 = PRESENTATION_STYLE_ASSIGNMENT((#11224));
#11224 = SURFACE_STYLE_USAGE(.BOTH.,#11225);
#11225 = SURFACE_SIDE_STYLE('',(#11226));
#11226 = SURFACE_STYLE_FILL_AREA(#11227);
#11227 = FILL_AREA_STYLE('',(#11228));
#11228 = FILL_AREA_STYLE_COLOUR('',#10593);
#11229 = STYLED_ITEM('color',(#11230),#9395);
#11230 = PRESENTATION_STYLE_ASSIGNMENT((#11231));
#11231 = SURFACE_STYLE_USAGE(.BOTH.,#11232);
#11232 = SURFACE_SIDE_STYLE('',(#11233));
#11233 = SURFACE_STYLE_FILL_AREA(#11234);
#11234 = FILL_AREA_STYLE('',(#11235));
#11235 = FILL_AREA_STYLE_COLOUR('',#10593);
#11236 = STYLED_ITEM('color',(#11237),#9428);
#11237 = PRESENTATION_STYLE_ASSIGNMENT((#11238));
#11238 = SURFACE_STYLE_USAGE(.BOTH.,#11239);
#11239 = SURFACE_SIDE_STYLE('',(#11240));
#11240 = SURFACE_STYLE_FILL_AREA(#11241);
#11241 = FILL_AREA_STYLE('',(#11242));
#11242 = FILL_AREA_STYLE_COLOUR('',#10593);
#11243 = STYLED_ITEM('color',(#11244),#9468);
#11244 = PRESENTATION_STYLE_ASSIGNMENT((#11245));
#11245 = SURFACE_STYLE_USAGE(.BOTH.,#11246);
#11246 = SURFACE_SIDE_STYLE('',(#11247));
#11247 = SURFACE_STYLE_FILL_AREA(#11248);
#11248 = FILL_AREA_STYLE('',(#11249));
#11249 = FILL_AREA_STYLE_COLOUR('',#10593);
#11250 = STYLED_ITEM('color',(#11251),#9493);
#11251 = PRESENTATION_STYLE_ASSIGNMENT((#11252));
#11252 = SURFACE_STYLE_USAGE(.BOTH.,#11253);
#11253 = SURFACE_SIDE_STYLE('',(#11254));
#11254 = SURFACE_STYLE_FILL_AREA(#11255);
#11255 = FILL_AREA_STYLE('',(#11256));
#11256 = FILL_AREA_STYLE_COLOUR('',#10593);
#11257 = STYLED_ITEM('color',(#11258),#9533);
#11258 = PRESENTATION_STYLE_ASSIGNMENT((#11259));
#11259 = SURFACE_STYLE_USAGE(.BOTH.,#11260);
#11260 = SURFACE_SIDE_STYLE('',(#11261));
#11261 = SURFACE_STYLE_FILL_AREA(#11262);
#11262 = FILL_AREA_STYLE('',(#11263));
#11263 = FILL_AREA_STYLE_COLOUR('',#10593);
#11264 = STYLED_ITEM('color',(#11265),#9566);
#11265 = PRESENTATION_STYLE_ASSIGNMENT((#11266));
#11266 = SURFACE_STYLE_USAGE(.BOTH.,#11267);
#11267 = SURFACE_SIDE_STYLE('',(#11268));
#11268 = SURFACE_STYLE_FILL_AREA(#11269);
#11269 = FILL_AREA_STYLE('',(#11270));
#11270 = FILL_AREA_STYLE_COLOUR('',#10593);
#11271 = STYLED_ITEM('color',(#11272),#9591);
#11272 = PRESENTATION_STYLE_ASSIGNMENT((#11273));
#11273 = SURFACE_STYLE_USAGE(.BOTH.,#11274);
#11274 = SURFACE_SIDE_STYLE('',(#11275));
#11275 = SURFACE_STYLE_FILL_AREA(#11276);
#11276 = FILL_AREA_STYLE('',(#11277));
#11277 = FILL_AREA_STYLE_COLOUR('',#10593);
#11278 = STYLED_ITEM('color',(#11279),#9624);
#11279 = PRESENTATION_STYLE_ASSIGNMENT((#11280));
#11280 = SURFACE_STYLE_USAGE(.BOTH.,#11281);
#11281 = SURFACE_SIDE_STYLE('',(#11282));
#11282 = SURFACE_STYLE_FILL_AREA(#11283);
#11283 = FILL_AREA_STYLE('',(#11284));
#11284 = FILL_AREA_STYLE_COLOUR('',#10520);
#11285 = STYLED_ITEM('color',(#11286),#9641);
#11286 = PRESENTATION_STYLE_ASSIGNMENT((#11287));
#11287 = SURFACE_STYLE_USAGE(.BOTH.,#11288);
#11288 = SURFACE_SIDE_STYLE('',(#11289));
#11289 = SURFACE_STYLE_FILL_AREA(#11290);
#11290 = FILL_AREA_STYLE('',(#11291));
#11291 = FILL_AREA_STYLE_COLOUR('',#10593);
#11292 = STYLED_ITEM('color',(#11293),#9672);
#11293 = PRESENTATION_STYLE_ASSIGNMENT((#11294));
#11294 = SURFACE_STYLE_USAGE(.BOTH.,#11295);
#11295 = SURFACE_SIDE_STYLE('',(#11296));
#11296 = SURFACE_STYLE_FILL_AREA(#11297);
#11297 = FILL_AREA_STYLE('',(#11298));
#11298 = FILL_AREA_STYLE_COLOUR('',#10593);
#11299 = STYLED_ITEM('color',(#11300),#9696);
#11300 = PRESENTATION_STYLE_ASSIGNMENT((#11301));
#11301 = SURFACE_STYLE_USAGE(.BOTH.,#11302);
#11302 = SURFACE_SIDE_STYLE('',(#11303));
#11303 = SURFACE_STYLE_FILL_AREA(#11304);
#11304 = FILL_AREA_STYLE('',(#11305));
#11305 = FILL_AREA_STYLE_COLOUR('',#10593);
#11306 = STYLED_ITEM('color',(#11307),#9720);
#11307 = PRESENTATION_STYLE_ASSIGNMENT((#11308));
#11308 = SURFACE_STYLE_USAGE(.BOTH.,#11309);
#11309 = SURFACE_SIDE_STYLE('',(#11310));
#11310 = SURFACE_STYLE_FILL_AREA(#11311);
#11311 = FILL_AREA_STYLE('',(#11312));
#11312 = FILL_AREA_STYLE_COLOUR('',#10593);
#11313 = STYLED_ITEM('color',(#11314),#9744);
#11314 = PRESENTATION_STYLE_ASSIGNMENT((#11315));
#11315 = SURFACE_STYLE_USAGE(.BOTH.,#11316);
#11316 = SURFACE_SIDE_STYLE('',(#11317));
#11317 = SURFACE_STYLE_FILL_AREA(#11318);
#11318 = FILL_AREA_STYLE('',(#11319));
#11319 = FILL_AREA_STYLE_COLOUR('',#10593);
#11320 = STYLED_ITEM('color',(#11321),#9761);
#11321 = PRESENTATION_STYLE_ASSIGNMENT((#11322));
#11322 = SURFACE_STYLE_USAGE(.BOTH.,#11323);
#11323 = SURFACE_SIDE_STYLE('',(#11324));
#11324 = SURFACE_STYLE_FILL_AREA(#11325);
#11325 = FILL_AREA_STYLE('',(#11326));
#11326 = FILL_AREA_STYLE_COLOUR('',#10520);
#11327 = STYLED_ITEM('color',(#11328),#9784);
#11328 = PRESENTATION_STYLE_ASSIGNMENT((#11329));
#11329 = SURFACE_STYLE_USAGE(.BOTH.,#11330);
#11330 = SURFACE_SIDE_STYLE('',(#11331));
#11331 = SURFACE_STYLE_FILL_AREA(#11332);
#11332 = FILL_AREA_STYLE('',(#11333));
#11333 = FILL_AREA_STYLE_COLOUR('',#10593);
#11334 = STYLED_ITEM('color',(#11335),#9801);
#11335 = PRESENTATION_STYLE_ASSIGNMENT((#11336));
#11336 = SURFACE_STYLE_USAGE(.BOTH.,#11337);
#11337 = SURFACE_SIDE_STYLE('',(#11338));
#11338 = SURFACE_STYLE_FILL_AREA(#11339);
#11339 = FILL_AREA_STYLE('',(#11340));
#11340 = FILL_AREA_STYLE_COLOUR('',#10593);
#11341 = STYLED_ITEM('color',(#11342),#9818);
#11342 = PRESENTATION_STYLE_ASSIGNMENT((#11343));
#11343 = SURFACE_STYLE_USAGE(.BOTH.,#11344);
#11344 = SURFACE_SIDE_STYLE('',(#11345));
#11345 = SURFACE_STYLE_FILL_AREA(#11346);
#11346 = FILL_AREA_STYLE('',(#11347));
#11347 = FILL_AREA_STYLE_COLOUR('',#10593);
#11348 = STYLED_ITEM('color',(#11349),#9835);
#11349 = PRESENTATION_STYLE_ASSIGNMENT((#11350));
#11350 = SURFACE_STYLE_USAGE(.BOTH.,#11351);
#11351 = SURFACE_SIDE_STYLE('',(#11352));
#11352 = SURFACE_STYLE_FILL_AREA(#11353);
#11353 = FILL_AREA_STYLE('',(#11354));
#11354 = FILL_AREA_STYLE_COLOUR('',#10593);
#11355 = STYLED_ITEM('color',(#11356),#9852);
#11356 = PRESENTATION_STYLE_ASSIGNMENT((#11357));
#11357 = SURFACE_STYLE_USAGE(.BOTH.,#11358);
#11358 = SURFACE_SIDE_STYLE('',(#11359));
#11359 = SURFACE_STYLE_FILL_AREA(#11360);
#11360 = FILL_AREA_STYLE('',(#11361));
#11361 = FILL_AREA_STYLE_COLOUR('',#10593);
#11362 = STYLED_ITEM('color',(#11363),#9869);
#11363 = PRESENTATION_STYLE_ASSIGNMENT((#11364));
#11364 = SURFACE_STYLE_USAGE(.BOTH.,#11365);
#11365 = SURFACE_SIDE_STYLE('',(#11366));
#11366 = SURFACE_STYLE_FILL_AREA(#11367);
#11367 = FILL_AREA_STYLE('',(#11368));
#11368 = FILL_AREA_STYLE_COLOUR('',#10593);
#11369 = STYLED_ITEM('color',(#11370),#9886);
#11370 = PRESENTATION_STYLE_ASSIGNMENT((#11371));
#11371 = SURFACE_STYLE_USAGE(.BOTH.,#11372);
#11372 = SURFACE_SIDE_STYLE('',(#11373));
#11373 = SURFACE_STYLE_FILL_AREA(#11374);
#11374 = FILL_AREA_STYLE('',(#11375));
#11375 = FILL_AREA_STYLE_COLOUR('',#10593);
#11376 = STYLED_ITEM('color',(#11377),#9903);
#11377 = PRESENTATION_STYLE_ASSIGNMENT((#11378));
#11378 = SURFACE_STYLE_USAGE(.BOTH.,#11379);
#11379 = SURFACE_SIDE_STYLE('',(#11380));
#11380 = SURFACE_STYLE_FILL_AREA(#11381);
#11381 = FILL_AREA_STYLE('',(#11382));
#11382 = FILL_AREA_STYLE_COLOUR('',#10593);
#11383 = STYLED_ITEM('color',(#11384),#9920);
#11384 = PRESENTATION_STYLE_ASSIGNMENT((#11385));
#11385 = SURFACE_STYLE_USAGE(.BOTH.,#11386);
#11386 = SURFACE_SIDE_STYLE('',(#11387));
#11387 = SURFACE_STYLE_FILL_AREA(#11388);
#11388 = FILL_AREA_STYLE('',(#11389));
#11389 = FILL_AREA_STYLE_COLOUR('',#10593);
#11390 = STYLED_ITEM('color',(#11391),#9932);
#11391 = PRESENTATION_STYLE_ASSIGNMENT((#11392));
#11392 = SURFACE_STYLE_USAGE(.BOTH.,#11393);
#11393 = SURFACE_SIDE_STYLE('',(#11394));
#11394 = SURFACE_STYLE_FILL_AREA(#11395);
#11395 = FILL_AREA_STYLE('',(#11396));
#11396 = FILL_AREA_STYLE_COLOUR('',#10593);
#11397 = STYLED_ITEM('color',(#11398),#9949);
#11398 = PRESENTATION_STYLE_ASSIGNMENT((#11399));
#11399 = SURFACE_STYLE_USAGE(.BOTH.,#11400);
#11400 = SURFACE_SIDE_STYLE('',(#11401));
#11401 = SURFACE_STYLE_FILL_AREA(#11402);
#11402 = FILL_AREA_STYLE('',(#11403));
#11403 = FILL_AREA_STYLE_COLOUR('',#10593);
#11404 = STYLED_ITEM('color',(#11405),#9961);
#11405 = PRESENTATION_STYLE_ASSIGNMENT((#11406));
#11406 = SURFACE_STYLE_USAGE(.BOTH.,#11407);
#11407 = SURFACE_SIDE_STYLE('',(#11408));
#11408 = SURFACE_STYLE_FILL_AREA(#11409);
#11409 = FILL_AREA_STYLE('',(#11410));
#11410 = FILL_AREA_STYLE_COLOUR('',#10593);
#11411 = STYLED_ITEM('color',(#11412),#9978);
#11412 = PRESENTATION_STYLE_ASSIGNMENT((#11413));
#11413 = SURFACE_STYLE_USAGE(.BOTH.,#11414);
#11414 = SURFACE_SIDE_STYLE('',(#11415));
#11415 = SURFACE_STYLE_FILL_AREA(#11416);
#11416 = FILL_AREA_STYLE('',(#11417));
#11417 = FILL_AREA_STYLE_COLOUR('',#10593);
#11418 = STYLED_ITEM('color',(#11419),#9990);
#11419 = PRESENTATION_STYLE_ASSIGNMENT((#11420));
#11420 = SURFACE_STYLE_USAGE(.BOTH.,#11421);
#11421 = SURFACE_SIDE_STYLE('',(#11422));
#11422 = SURFACE_STYLE_FILL_AREA(#11423);
#11423 = FILL_AREA_STYLE('',(#11424));
#11424 = FILL_AREA_STYLE_COLOUR('',#10593);
#11425 = STYLED_ITEM('color',(#11426),#10007);
#11426 = PRESENTATION_STYLE_ASSIGNMENT((#11427));
#11427 = SURFACE_STYLE_USAGE(.BOTH.,#11428);
#11428 = SURFACE_SIDE_STYLE('',(#11429));
#11429 = SURFACE_STYLE_FILL_AREA(#11430);
#11430 = FILL_AREA_STYLE('',(#11431));
#11431 = FILL_AREA_STYLE_COLOUR('',#10593);
#11432 = STYLED_ITEM('color',(#11433),#10019);
#11433 = PRESENTATION_STYLE_ASSIGNMENT((#11434));
#11434 = SURFACE_STYLE_USAGE(.BOTH.,#11435);
#11435 = SURFACE_SIDE_STYLE('',(#11436));
#11436 = SURFACE_STYLE_FILL_AREA(#11437);
#11437 = FILL_AREA_STYLE('',(#11438));
#11438 = FILL_AREA_STYLE_COLOUR('',#10593);
#11439 = STYLED_ITEM('color',(#11440),#10036);
#11440 = PRESENTATION_STYLE_ASSIGNMENT((#11441));
#11441 = SURFACE_STYLE_USAGE(.BOTH.,#11442);
#11442 = SURFACE_SIDE_STYLE('',(#11443));
#11443 = SURFACE_STYLE_FILL_AREA(#11444);
#11444 = FILL_AREA_STYLE('',(#11445));
#11445 = FILL_AREA_STYLE_COLOUR('',#10593);
#11446 = STYLED_ITEM('color',(#11447),#10048);
#11447 = PRESENTATION_STYLE_ASSIGNMENT((#11448));
#11448 = SURFACE_STYLE_USAGE(.BOTH.,#11449);
#11449 = SURFACE_SIDE_STYLE('',(#11450));
#11450 = SURFACE_STYLE_FILL_AREA(#11451);
#11451 = FILL_AREA_STYLE('',(#11452));
#11452 = FILL_AREA_STYLE_COLOUR('',#10593);
#11453 = STYLED_ITEM('color',(#11454),#10065);
#11454 = PRESENTATION_STYLE_ASSIGNMENT((#11455));
#11455 = SURFACE_STYLE_USAGE(.BOTH.,#11456);
#11456 = SURFACE_SIDE_STYLE('',(#11457));
#11457 = SURFACE_STYLE_FILL_AREA(#11458);
#11458 = FILL_AREA_STYLE('',(#11459));
#11459 = FILL_AREA_STYLE_COLOUR('',#10593);
#11460 = STYLED_ITEM('color',(#11461),#10077);
#11461 = PRESENTATION_STYLE_ASSIGNMENT((#11462));
#11462 = SURFACE_STYLE_USAGE(.BOTH.,#11463);
#11463 = SURFACE_SIDE_STYLE('',(#11464));
#11464 = SURFACE_STYLE_FILL_AREA(#11465);
#11465 = FILL_AREA_STYLE('',(#11466));
#11466 = FILL_AREA_STYLE_COLOUR('',#10593);
#11467 = STYLED_ITEM('color',(#11468),#10094);
#11468 = PRESENTATION_STYLE_ASSIGNMENT((#11469));
#11469 = SURFACE_STYLE_USAGE(.BOTH.,#11470);
#11470 = SURFACE_SIDE_STYLE('',(#11471));
#11471 = SURFACE_STYLE_FILL_AREA(#11472);
#11472 = FILL_AREA_STYLE('',(#11473));
#11473 = FILL_AREA_STYLE_COLOUR('',#10593);
#11474 = STYLED_ITEM('color',(#11475),#10106);
#11475 = PRESENTATION_STYLE_ASSIGNMENT((#11476));
#11476 = SURFACE_STYLE_USAGE(.BOTH.,#11477);
#11477 = SURFACE_SIDE_STYLE('',(#11478));
#11478 = SURFACE_STYLE_FILL_AREA(#11479);
#11479 = FILL_AREA_STYLE('',(#11480));
#11480 = FILL_AREA_STYLE_COLOUR('',#10593);
#11481 = STYLED_ITEM('color',(#11482),#10119);
#11482 = PRESENTATION_STYLE_ASSIGNMENT((#11483));
#11483 = SURFACE_STYLE_USAGE(.BOTH.,#11484);
#11484 = SURFACE_SIDE_STYLE('',(#11485));
#11485 = SURFACE_STYLE_FILL_AREA(#11486);
#11486 = FILL_AREA_STYLE('',(#11487));
#11487 = FILL_AREA_STYLE_COLOUR('',#10456);
#11488 = STYLED_ITEM('color',(#11489),#10144);
#11489 = PRESENTATION_STYLE_ASSIGNMENT((#11490));
#11490 = SURFACE_STYLE_USAGE(.BOTH.,#11491);
#11491 = SURFACE_SIDE_STYLE('',(#11492));
#11492 = SURFACE_STYLE_FILL_AREA(#11493);
#11493 = FILL_AREA_STYLE('',(#11494));
#11494 = FILL_AREA_STYLE_COLOUR('',#10456);
#11495 = MECHANICAL_DESIGN_GEOMETRIC_PRESENTATION_REPRESENTATION('',(
    #11496),#10437);
#11496 = STYLED_ITEM('color',(#11497),#10384);
#11497 = PRESENTATION_STYLE_ASSIGNMENT((#11498));
#11498 = SURFACE_STYLE_USAGE(.BOTH.,#11499);
#11499 = SURFACE_SIDE_STYLE('',(#11500));
#11500 = SURFACE_STYLE_FILL_AREA(#11501);
#11501 = FILL_AREA_STYLE('',(#11502));
#11502 = FILL_AREA_STYLE_COLOUR('',#11503);
#11503 = COLOUR_RGB('',0.313304153717,0.484529207832,0.410020903123);
#11504 = MECHANICAL_DESIGN_GEOMETRIC_PRESENTATION_REPRESENTATION('',(
    #11505,#11512,#11519,#11526,#11533,#11540,#11547,#11554,#11561,
    #11568,#11575,#11582,#11589,#11596,#11603,#11610,#11617,#11624,
    #11631,#11638,#11645,#11652,#11659,#11666,#11673,#11680,#11687,
    #11694),#6383);
#11505 = STYLED_ITEM('color',(#11506),#5531);
#11506 = PRESENTATION_STYLE_ASSIGNMENT((#11507));
#11507 = SURFACE_STYLE_USAGE(.BOTH.,#11508);
#11508 = SURFACE_SIDE_STYLE('',(#11509));
#11509 = SURFACE_STYLE_FILL_AREA(#11510);
#11510 = FILL_AREA_STYLE('',(#11511));
#11511 = FILL_AREA_STYLE_COLOUR('',#10593);
#11512 = STYLED_ITEM('color',(#11513),#5607);
#11513 = PRESENTATION_STYLE_ASSIGNMENT((#11514));
#11514 = SURFACE_STYLE_USAGE(.BOTH.,#11515);
#11515 = SURFACE_SIDE_STYLE('',(#11516));
#11516 = SURFACE_STYLE_FILL_AREA(#11517);
#11517 = FILL_AREA_STYLE('',(#11518));
#11518 = FILL_AREA_STYLE_COLOUR('',#10593);
#11519 = STYLED_ITEM('color',(#11520),#5638);
#11520 = PRESENTATION_STYLE_ASSIGNMENT((#11521));
#11521 = SURFACE_STYLE_USAGE(.BOTH.,#11522);
#11522 = SURFACE_SIDE_STYLE('',(#11523));
#11523 = SURFACE_STYLE_FILL_AREA(#11524);
#11524 = FILL_AREA_STYLE('',(#11525));
#11525 = FILL_AREA_STYLE_COLOUR('',#10593);
#11526 = STYLED_ITEM('color',(#11527),#5663);
#11527 = PRESENTATION_STYLE_ASSIGNMENT((#11528));
#11528 = SURFACE_STYLE_USAGE(.BOTH.,#11529);
#11529 = SURFACE_SIDE_STYLE('',(#11530));
#11530 = SURFACE_STYLE_FILL_AREA(#11531);
#11531 = FILL_AREA_STYLE('',(#11532));
#11532 = FILL_AREA_STYLE_COLOUR('',#10593);
#11533 = STYLED_ITEM('color',(#11534),#5688);
#11534 = PRESENTATION_STYLE_ASSIGNMENT((#11535));
#11535 = SURFACE_STYLE_USAGE(.BOTH.,#11536);
#11536 = SURFACE_SIDE_STYLE('',(#11537));
#11537 = SURFACE_STYLE_FILL_AREA(#11538);
#11538 = FILL_AREA_STYLE('',(#11539));
#11539 = FILL_AREA_STYLE_COLOUR('',#10593);
#11540 = STYLED_ITEM('color',(#11541),#5712);
#11541 = PRESENTATION_STYLE_ASSIGNMENT((#11542));
#11542 = SURFACE_STYLE_USAGE(.BOTH.,#11543);
#11543 = SURFACE_SIDE_STYLE('',(#11544));
#11544 = SURFACE_STYLE_FILL_AREA(#11545);
#11545 = FILL_AREA_STYLE('',(#11546));
#11546 = FILL_AREA_STYLE_COLOUR('',#10593);
#11547 = STYLED_ITEM('color',(#11548),#5736);
#11548 = PRESENTATION_STYLE_ASSIGNMENT((#11549));
#11549 = SURFACE_STYLE_USAGE(.BOTH.,#11550);
#11550 = SURFACE_SIDE_STYLE('',(#11551));
#11551 = SURFACE_STYLE_FILL_AREA(#11552);
#11552 = FILL_AREA_STYLE('',(#11553));
#11553 = FILL_AREA_STYLE_COLOUR('',#10593);
#11554 = STYLED_ITEM('color',(#11555),#5761);
#11555 = PRESENTATION_STYLE_ASSIGNMENT((#11556));
#11556 = SURFACE_STYLE_USAGE(.BOTH.,#11557);
#11557 = SURFACE_SIDE_STYLE('',(#11558));
#11558 = SURFACE_STYLE_FILL_AREA(#11559);
#11559 = FILL_AREA_STYLE('',(#11560));
#11560 = FILL_AREA_STYLE_COLOUR('',#10593);
#11561 = STYLED_ITEM('color',(#11562),#5786);
#11562 = PRESENTATION_STYLE_ASSIGNMENT((#11563));
#11563 = SURFACE_STYLE_USAGE(.BOTH.,#11564);
#11564 = SURFACE_SIDE_STYLE('',(#11565));
#11565 = SURFACE_STYLE_FILL_AREA(#11566);
#11566 = FILL_AREA_STYLE('',(#11567));
#11567 = FILL_AREA_STYLE_COLOUR('',#10593);
#11568 = STYLED_ITEM('color',(#11569),#5803);
#11569 = PRESENTATION_STYLE_ASSIGNMENT((#11570));
#11570 = SURFACE_STYLE_USAGE(.BOTH.,#11571);
#11571 = SURFACE_SIDE_STYLE('',(#11572));
#11572 = SURFACE_STYLE_FILL_AREA(#11573);
#11573 = FILL_AREA_STYLE('',(#11574));
#11574 = FILL_AREA_STYLE_COLOUR('',#10593);
#11575 = STYLED_ITEM('color',(#11576),#5889);
#11576 = PRESENTATION_STYLE_ASSIGNMENT((#11577));
#11577 = SURFACE_STYLE_USAGE(.BOTH.,#11578);
#11578 = SURFACE_SIDE_STYLE('',(#11579));
#11579 = SURFACE_STYLE_FILL_AREA(#11580);
#11580 = FILL_AREA_STYLE('',(#11581));
#11581 = FILL_AREA_STYLE_COLOUR('',#10755);
#11582 = STYLED_ITEM('color',(#11583),#5921);
#11583 = PRESENTATION_STYLE_ASSIGNMENT((#11584));
#11584 = SURFACE_STYLE_USAGE(.BOTH.,#11585);
#11585 = SURFACE_SIDE_STYLE('',(#11586));
#11586 = SURFACE_STYLE_FILL_AREA(#11587);
#11587 = FILL_AREA_STYLE('',(#11588));
#11588 = FILL_AREA_STYLE_COLOUR('',#10755);
#11589 = STYLED_ITEM('color',(#11590),#5945);
#11590 = PRESENTATION_STYLE_ASSIGNMENT((#11591));
#11591 = SURFACE_STYLE_USAGE(.BOTH.,#11592);
#11592 = SURFACE_SIDE_STYLE('',(#11593));
#11593 = SURFACE_STYLE_FILL_AREA(#11594);
#11594 = FILL_AREA_STYLE('',(#11595));
#11595 = FILL_AREA_STYLE_COLOUR('',#10755);
#11596 = STYLED_ITEM('color',(#11597),#5970);
#11597 = PRESENTATION_STYLE_ASSIGNMENT((#11598));
#11598 = SURFACE_STYLE_USAGE(.BOTH.,#11599);
#11599 = SURFACE_SIDE_STYLE('',(#11600));
#11600 = SURFACE_STYLE_FILL_AREA(#11601);
#11601 = FILL_AREA_STYLE('',(#11602));
#11602 = FILL_AREA_STYLE_COLOUR('',#10755);
#11603 = STYLED_ITEM('color',(#11604),#5994);
#11604 = PRESENTATION_STYLE_ASSIGNMENT((#11605));
#11605 = SURFACE_STYLE_USAGE(.BOTH.,#11606);
#11606 = SURFACE_SIDE_STYLE('',(#11607));
#11607 = SURFACE_STYLE_FILL_AREA(#11608);
#11608 = FILL_AREA_STYLE('',(#11609));
#11609 = FILL_AREA_STYLE_COLOUR('',#10755);
#11610 = STYLED_ITEM('color',(#11611),#6019);
#11611 = PRESENTATION_STYLE_ASSIGNMENT((#11612));
#11612 = SURFACE_STYLE_USAGE(.BOTH.,#11613);
#11613 = SURFACE_SIDE_STYLE('',(#11614));
#11614 = SURFACE_STYLE_FILL_AREA(#11615);
#11615 = FILL_AREA_STYLE('',(#11616));
#11616 = FILL_AREA_STYLE_COLOUR('',#10755);
#11617 = STYLED_ITEM('color',(#11618),#6043);
#11618 = PRESENTATION_STYLE_ASSIGNMENT((#11619));
#11619 = SURFACE_STYLE_USAGE(.BOTH.,#11620);
#11620 = SURFACE_SIDE_STYLE('',(#11621));
#11621 = SURFACE_STYLE_FILL_AREA(#11622);
#11622 = FILL_AREA_STYLE('',(#11623));
#11623 = FILL_AREA_STYLE_COLOUR('',#10755);
#11624 = STYLED_ITEM('color',(#11625),#6068);
#11625 = PRESENTATION_STYLE_ASSIGNMENT((#11626));
#11626 = SURFACE_STYLE_USAGE(.BOTH.,#11627);
#11627 = SURFACE_SIDE_STYLE('',(#11628));
#11628 = SURFACE_STYLE_FILL_AREA(#11629);
#11629 = FILL_AREA_STYLE('',(#11630));
#11630 = FILL_AREA_STYLE_COLOUR('',#10755);
#11631 = STYLED_ITEM('color',(#11632),#6085);
#11632 = PRESENTATION_STYLE_ASSIGNMENT((#11633));
#11633 = SURFACE_STYLE_USAGE(.BOTH.,#11634);
#11634 = SURFACE_SIDE_STYLE('',(#11635));
#11635 = SURFACE_STYLE_FILL_AREA(#11636);
#11636 = FILL_AREA_STYLE('',(#11637));
#11637 = FILL_AREA_STYLE_COLOUR('',#10593);
#11638 = STYLED_ITEM('color',(#11639),#6171);
#11639 = PRESENTATION_STYLE_ASSIGNMENT((#11640));
#11640 = SURFACE_STYLE_USAGE(.BOTH.,#11641);
#11641 = SURFACE_SIDE_STYLE('',(#11642));
#11642 = SURFACE_STYLE_FILL_AREA(#11643);
#11643 = FILL_AREA_STYLE('',(#11644));
#11644 = FILL_AREA_STYLE_COLOUR('',#10593);
#11645 = STYLED_ITEM('color',(#11646),#6202);
#11646 = PRESENTATION_STYLE_ASSIGNMENT((#11647));
#11647 = SURFACE_STYLE_USAGE(.BOTH.,#11648);
#11648 = SURFACE_SIDE_STYLE('',(#11649));
#11649 = SURFACE_STYLE_FILL_AREA(#11650);
#11650 = FILL_AREA_STYLE('',(#11651));
#11651 = FILL_AREA_STYLE_COLOUR('',#10593);
#11652 = STYLED_ITEM('color',(#11653),#6227);
#11653 = PRESENTATION_STYLE_ASSIGNMENT((#11654));
#11654 = SURFACE_STYLE_USAGE(.BOTH.,#11655);
#11655 = SURFACE_SIDE_STYLE('',(#11656));
#11656 = SURFACE_STYLE_FILL_AREA(#11657);
#11657 = FILL_AREA_STYLE('',(#11658));
#11658 = FILL_AREA_STYLE_COLOUR('',#10593);
#11659 = STYLED_ITEM('color',(#11660),#6252);
#11660 = PRESENTATION_STYLE_ASSIGNMENT((#11661));
#11661 = SURFACE_STYLE_USAGE(.BOTH.,#11662);
#11662 = SURFACE_SIDE_STYLE('',(#11663));
#11663 = SURFACE_STYLE_FILL_AREA(#11664);
#11664 = FILL_AREA_STYLE('',(#11665));
#11665 = FILL_AREA_STYLE_COLOUR('',#10593);
#11666 = STYLED_ITEM('color',(#11667),#6276);
#11667 = PRESENTATION_STYLE_ASSIGNMENT((#11668));
#11668 = SURFACE_STYLE_USAGE(.BOTH.,#11669);
#11669 = SURFACE_SIDE_STYLE('',(#11670));
#11670 = SURFACE_STYLE_FILL_AREA(#11671);
#11671 = FILL_AREA_STYLE('',(#11672));
#11672 = FILL_AREA_STYLE_COLOUR('',#10593);
#11673 = STYLED_ITEM('color',(#11674),#6300);
#11674 = PRESENTATION_STYLE_ASSIGNMENT((#11675));
#11675 = SURFACE_STYLE_USAGE(.BOTH.,#11676);
#11676 = SURFACE_SIDE_STYLE('',(#11677));
#11677 = SURFACE_STYLE_FILL_AREA(#11678);
#11678 = FILL_AREA_STYLE('',(#11679));
#11679 = FILL_AREA_STYLE_COLOUR('',#10593);
#11680 = STYLED_ITEM('color',(#11681),#6325);
#11681 = PRESENTATION_STYLE_ASSIGNMENT((#11682));
#11682 = SURFACE_STYLE_USAGE(.BOTH.,#11683);
#11683 = SURFACE_SIDE_STYLE('',(#11684));
#11684 = SURFACE_STYLE_FILL_AREA(#11685);
#11685 = FILL_AREA_STYLE('',(#11686));
#11686 = FILL_AREA_STYLE_COLOUR('',#10593);
#11687 = STYLED_ITEM('color',(#11688),#6350);
#11688 = PRESENTATION_STYLE_ASSIGNMENT((#11689));
#11689 = SURFACE_STYLE_USAGE(.BOTH.,#11690);
#11690 = SURFACE_SIDE_STYLE('',(#11691));
#11691 = SURFACE_STYLE_FILL_AREA(#11692);
#11692 = FILL_AREA_STYLE('',(#11693));
#11693 = FILL_AREA_STYLE_COLOUR('',#10593);
#11694 = STYLED_ITEM('color',(#11695),#6367);
#11695 = PRESENTATION_STYLE_ASSIGNMENT((#11696));
#11696 = SURFACE_STYLE_USAGE(.BOTH.,#11697);
#11697 = SURFACE_SIDE_STYLE('',(#11698));
#11698 = SURFACE_STYLE_FILL_AREA(#11699);
#11699 = FILL_AREA_STYLE('',(#11700));
#11700 = FILL_AREA_STYLE_COLOUR('',#10593);
#11701 = MECHANICAL_DESIGN_GEOMETRIC_PRESENTATION_REPRESENTATION('',(
    #11702,#11711,#11720,#11729,#11738,#11747,#11756,#11765,#11774,
    #11783,#11792,#11801,#11810,#11819,#11828,#11837,#11846,#11855,
    #11864,#11873,#11882,#11891,#11900,#11909,#11918,#11927,#11936,
    #11945,#11954,#11963,#11972,#11981,#11990,#11999,#12008,#12017,
    #12026,#12035,#12044,#12053,#12062,#12071,#12080,#12089,#12098,
    #12107,#12116,#12125,#12134,#12143,#12152,#12161,#12170,#12179,
    #12188,#12197,#12206,#12215,#12224,#12233,#12242,#12251,#12260,
    #12269,#12278,#12287,#12296,#12305,#12314,#12323,#12332,#12341,
    #12350,#12359,#12368,#12377,#12386,#12395,#12404,#12413,#12422,
    #12431,#12440,#12449,#12458,#12467,#12476,#12485,#12494,#12503,
    #12512,#12521,#12530,#12539,#12548,#12557,#12566,#12575,#12584,
    #12593,#12602,#12611),#5487);
#11702 = STYLED_ITEM('color',(#11703),#2420);
#11703 = PRESENTATION_STYLE_ASSIGNMENT((#11704,#11709));
#11704 = SURFACE_STYLE_USAGE(.BOTH.,#11705);
#11705 = SURFACE_SIDE_STYLE('',(#11706));
#11706 = SURFACE_STYLE_FILL_AREA(#11707);
#11707 = FILL_AREA_STYLE('',(#11708));
#11708 = FILL_AREA_STYLE_COLOUR('',#10520);
#11709 = CURVE_STYLE('',#11710,POSITIVE_LENGTH_MEASURE(0.1),#10520);
#11710 = DRAUGHTING_PRE_DEFINED_CURVE_FONT('continuous');
#11711 = STYLED_ITEM('color',(#11712),#2458);
#11712 = PRESENTATION_STYLE_ASSIGNMENT((#11713,#11718));
#11713 = SURFACE_STYLE_USAGE(.BOTH.,#11714);
#11714 = SURFACE_SIDE_STYLE('',(#11715));
#11715 = SURFACE_STYLE_FILL_AREA(#11716);
#11716 = FILL_AREA_STYLE('',(#11717));
#11717 = FILL_AREA_STYLE_COLOUR('',#10520);
#11718 = CURVE_STYLE('',#11719,POSITIVE_LENGTH_MEASURE(0.1),#10520);
#11719 = DRAUGHTING_PRE_DEFINED_CURVE_FONT('continuous');
#11720 = STYLED_ITEM('color',(#11721),#2521);
#11721 = PRESENTATION_STYLE_ASSIGNMENT((#11722,#11727));
#11722 = SURFACE_STYLE_USAGE(.BOTH.,#11723);
#11723 = SURFACE_SIDE_STYLE('',(#11724));
#11724 = SURFACE_STYLE_FILL_AREA(#11725);
#11725 = FILL_AREA_STYLE('',(#11726));
#11726 = FILL_AREA_STYLE_COLOUR('',#10520);
#11727 = CURVE_STYLE('',#11728,POSITIVE_LENGTH_MEASURE(0.1),#10520);
#11728 = DRAUGHTING_PRE_DEFINED_CURVE_FONT('continuous');
#11729 = STYLED_ITEM('color',(#11730),#2544);
#11730 = PRESENTATION_STYLE_ASSIGNMENT((#11731,#11736));
#11731 = SURFACE_STYLE_USAGE(.BOTH.,#11732);
#11732 = SURFACE_SIDE_STYLE('',(#11733));
#11733 = SURFACE_STYLE_FILL_AREA(#11734);
#11734 = FILL_AREA_STYLE('',(#11735));
#11735 = FILL_AREA_STYLE_COLOUR('',#10520);
#11736 = CURVE_STYLE('',#11737,POSITIVE_LENGTH_MEASURE(0.1),#10520);
#11737 = DRAUGHTING_PRE_DEFINED_CURVE_FONT('continuous');
#11738 = STYLED_ITEM('color',(#11739),#2573);
#11739 = PRESENTATION_STYLE_ASSIGNMENT((#11740,#11745));
#11740 = SURFACE_STYLE_USAGE(.BOTH.,#11741);
#11741 = SURFACE_SIDE_STYLE('',(#11742));
#11742 = SURFACE_STYLE_FILL_AREA(#11743);
#11743 = FILL_AREA_STYLE('',(#11744));
#11744 = FILL_AREA_STYLE_COLOUR('',#10520);
#11745 = CURVE_STYLE('',#11746,POSITIVE_LENGTH_MEASURE(0.1),#10520);
#11746 = DRAUGHTING_PRE_DEFINED_CURVE_FONT('continuous');
#11747 = STYLED_ITEM('color',(#11748),#2596);
#11748 = PRESENTATION_STYLE_ASSIGNMENT((#11749,#11754));
#11749 = SURFACE_STYLE_USAGE(.BOTH.,#11750);
#11750 = SURFACE_SIDE_STYLE('',(#11751));
#11751 = SURFACE_STYLE_FILL_AREA(#11752);
#11752 = FILL_AREA_STYLE('',(#11753));
#11753 = FILL_AREA_STYLE_COLOUR('',#10520);
#11754 = CURVE_STYLE('',#11755,POSITIVE_LENGTH_MEASURE(0.1),#10520);
#11755 = DRAUGHTING_PRE_DEFINED_CURVE_FONT('continuous');
#11756 = STYLED_ITEM('color',(#11757),#2667);
#11757 = PRESENTATION_STYLE_ASSIGNMENT((#11758,#11763));
#11758 = SURFACE_STYLE_USAGE(.BOTH.,#11759);
#11759 = SURFACE_SIDE_STYLE('',(#11760));
#11760 = SURFACE_STYLE_FILL_AREA(#11761);
#11761 = FILL_AREA_STYLE('',(#11762));
#11762 = FILL_AREA_STYLE_COLOUR('',#10520);
#11763 = CURVE_STYLE('',#11764,POSITIVE_LENGTH_MEASURE(0.1),#10520);
#11764 = DRAUGHTING_PRE_DEFINED_CURVE_FONT('continuous');
#11765 = STYLED_ITEM('color',(#11766),#2722);
#11766 = PRESENTATION_STYLE_ASSIGNMENT((#11767,#11772));
#11767 = SURFACE_STYLE_USAGE(.BOTH.,#11768);
#11768 = SURFACE_SIDE_STYLE('',(#11769));
#11769 = SURFACE_STYLE_FILL_AREA(#11770);
#11770 = FILL_AREA_STYLE('',(#11771));
#11771 = FILL_AREA_STYLE_COLOUR('',#10520);
#11772 = CURVE_STYLE('',#11773,POSITIVE_LENGTH_MEASURE(0.1),#10520);
#11773 = DRAUGHTING_PRE_DEFINED_CURVE_FONT('continuous');
#11774 = STYLED_ITEM('color',(#11775),#2745);
#11775 = PRESENTATION_STYLE_ASSIGNMENT((#11776,#11781));
#11776 = SURFACE_STYLE_USAGE(.BOTH.,#11777);
#11777 = SURFACE_SIDE_STYLE('',(#11778));
#11778 = SURFACE_STYLE_FILL_AREA(#11779);
#11779 = FILL_AREA_STYLE('',(#11780));
#11780 = FILL_AREA_STYLE_COLOUR('',#10520);
#11781 = CURVE_STYLE('',#11782,POSITIVE_LENGTH_MEASURE(0.1),#10520);
#11782 = DRAUGHTING_PRE_DEFINED_CURVE_FONT('continuous');
#11783 = STYLED_ITEM('color',(#11784),#2768);
#11784 = PRESENTATION_STYLE_ASSIGNMENT((#11785,#11790));
#11785 = SURFACE_STYLE_USAGE(.BOTH.,#11786);
#11786 = SURFACE_SIDE_STYLE('',(#11787));
#11787 = SURFACE_STYLE_FILL_AREA(#11788);
#11788 = FILL_AREA_STYLE('',(#11789));
#11789 = FILL_AREA_STYLE_COLOUR('',#10520);
#11790 = CURVE_STYLE('',#11791,POSITIVE_LENGTH_MEASURE(0.1),#10520);
#11791 = DRAUGHTING_PRE_DEFINED_CURVE_FONT('continuous');
#11792 = STYLED_ITEM('color',(#11793),#2785);
#11793 = PRESENTATION_STYLE_ASSIGNMENT((#11794,#11799));
#11794 = SURFACE_STYLE_USAGE(.BOTH.,#11795);
#11795 = SURFACE_SIDE_STYLE('',(#11796));
#11796 = SURFACE_STYLE_FILL_AREA(#11797);
#11797 = FILL_AREA_STYLE('',(#11798));
#11798 = FILL_AREA_STYLE_COLOUR('',#10520);
#11799 = CURVE_STYLE('',#11800,POSITIVE_LENGTH_MEASURE(0.1),#10520);
#11800 = DRAUGHTING_PRE_DEFINED_CURVE_FONT('continuous');
#11801 = STYLED_ITEM('color',(#11802),#2808);
#11802 = PRESENTATION_STYLE_ASSIGNMENT((#11803,#11808));
#11803 = SURFACE_STYLE_USAGE(.BOTH.,#11804);
#11804 = SURFACE_SIDE_STYLE('',(#11805));
#11805 = SURFACE_STYLE_FILL_AREA(#11806);
#11806 = FILL_AREA_STYLE('',(#11807));
#11807 = FILL_AREA_STYLE_COLOUR('',#10520);
#11808 = CURVE_STYLE('',#11809,POSITIVE_LENGTH_MEASURE(0.1),#10520);
#11809 = DRAUGHTING_PRE_DEFINED_CURVE_FONT('continuous');
#11810 = STYLED_ITEM('color',(#11811),#2896);
#11811 = PRESENTATION_STYLE_ASSIGNMENT((#11812,#11817));
#11812 = SURFACE_STYLE_USAGE(.BOTH.,#11813);
#11813 = SURFACE_SIDE_STYLE('',(#11814));
#11814 = SURFACE_STYLE_FILL_AREA(#11815);
#11815 = FILL_AREA_STYLE('',(#11816));
#11816 = FILL_AREA_STYLE_COLOUR('',#10520);
#11817 = CURVE_STYLE('',#11818,POSITIVE_LENGTH_MEASURE(0.1),#10520);
#11818 = DRAUGHTING_PRE_DEFINED_CURVE_FONT('continuous');
#11819 = STYLED_ITEM('color',(#11820),#2912);
#11820 = PRESENTATION_STYLE_ASSIGNMENT((#11821,#11826));
#11821 = SURFACE_STYLE_USAGE(.BOTH.,#11822);
#11822 = SURFACE_SIDE_STYLE('',(#11823));
#11823 = SURFACE_STYLE_FILL_AREA(#11824);
#11824 = FILL_AREA_STYLE('',(#11825));
#11825 = FILL_AREA_STYLE_COLOUR('',#10520);
#11826 = CURVE_STYLE('',#11827,POSITIVE_LENGTH_MEASURE(0.1),#10520);
#11827 = DRAUGHTING_PRE_DEFINED_CURVE_FONT('continuous');
#11828 = STYLED_ITEM('color',(#11829),#2942);
#11829 = PRESENTATION_STYLE_ASSIGNMENT((#11830,#11835));
#11830 = SURFACE_STYLE_USAGE(.BOTH.,#11831);
#11831 = SURFACE_SIDE_STYLE('',(#11832));
#11832 = SURFACE_STYLE_FILL_AREA(#11833);
#11833 = FILL_AREA_STYLE('',(#11834));
#11834 = FILL_AREA_STYLE_COLOUR('',#10593);
#11835 = CURVE_STYLE('',#11836,POSITIVE_LENGTH_MEASURE(0.1),#10593);
#11836 = DRAUGHTING_PRE_DEFINED_CURVE_FONT('continuous');
#11837 = STYLED_ITEM('color',(#11838),#2973);
#11838 = PRESENTATION_STYLE_ASSIGNMENT((#11839,#11844));
#11839 = SURFACE_STYLE_USAGE(.BOTH.,#11840);
#11840 = SURFACE_SIDE_STYLE('',(#11841));
#11841 = SURFACE_STYLE_FILL_AREA(#11842);
#11842 = FILL_AREA_STYLE('',(#11843));
#11843 = FILL_AREA_STYLE_COLOUR('',#10520);
#11844 = CURVE_STYLE('',#11845,POSITIVE_LENGTH_MEASURE(0.1),#10520);
#11845 = DRAUGHTING_PRE_DEFINED_CURVE_FONT('continuous');
#11846 = STYLED_ITEM('color',(#11847),#3004);
#11847 = PRESENTATION_STYLE_ASSIGNMENT((#11848,#11853));
#11848 = SURFACE_STYLE_USAGE(.BOTH.,#11849);
#11849 = SURFACE_SIDE_STYLE('',(#11850));
#11850 = SURFACE_STYLE_FILL_AREA(#11851);
#11851 = FILL_AREA_STYLE('',(#11852));
#11852 = FILL_AREA_STYLE_COLOUR('',#10593);
#11853 = CURVE_STYLE('',#11854,POSITIVE_LENGTH_MEASURE(0.1),#10593);
#11854 = DRAUGHTING_PRE_DEFINED_CURVE_FONT('continuous');
#11855 = STYLED_ITEM('color',(#11856),#3035);
#11856 = PRESENTATION_STYLE_ASSIGNMENT((#11857,#11862));
#11857 = SURFACE_STYLE_USAGE(.BOTH.,#11858);
#11858 = SURFACE_SIDE_STYLE('',(#11859));
#11859 = SURFACE_STYLE_FILL_AREA(#11860);
#11860 = FILL_AREA_STYLE('',(#11861));
#11861 = FILL_AREA_STYLE_COLOUR('',#10520);
#11862 = CURVE_STYLE('',#11863,POSITIVE_LENGTH_MEASURE(0.1),#10520);
#11863 = DRAUGHTING_PRE_DEFINED_CURVE_FONT('continuous');
#11864 = STYLED_ITEM('color',(#11865),#3066);
#11865 = PRESENTATION_STYLE_ASSIGNMENT((#11866,#11871));
#11866 = SURFACE_STYLE_USAGE(.BOTH.,#11867);
#11867 = SURFACE_SIDE_STYLE('',(#11868));
#11868 = SURFACE_STYLE_FILL_AREA(#11869);
#11869 = FILL_AREA_STYLE('',(#11870));
#11870 = FILL_AREA_STYLE_COLOUR('',#10593);
#11871 = CURVE_STYLE('',#11872,POSITIVE_LENGTH_MEASURE(0.1),#10593);
#11872 = DRAUGHTING_PRE_DEFINED_CURVE_FONT('continuous');
#11873 = STYLED_ITEM('color',(#11874),#3097);
#11874 = PRESENTATION_STYLE_ASSIGNMENT((#11875,#11880));
#11875 = SURFACE_STYLE_USAGE(.BOTH.,#11876);
#11876 = SURFACE_SIDE_STYLE('',(#11877));
#11877 = SURFACE_STYLE_FILL_AREA(#11878);
#11878 = FILL_AREA_STYLE('',(#11879));
#11879 = FILL_AREA_STYLE_COLOUR('',#10520);
#11880 = CURVE_STYLE('',#11881,POSITIVE_LENGTH_MEASURE(0.1),#10520);
#11881 = DRAUGHTING_PRE_DEFINED_CURVE_FONT('continuous');
#11882 = STYLED_ITEM('color',(#11883),#3114);
#11883 = PRESENTATION_STYLE_ASSIGNMENT((#11884,#11889));
#11884 = SURFACE_STYLE_USAGE(.BOTH.,#11885);
#11885 = SURFACE_SIDE_STYLE('',(#11886));
#11886 = SURFACE_STYLE_FILL_AREA(#11887);
#11887 = FILL_AREA_STYLE('',(#11888));
#11888 = FILL_AREA_STYLE_COLOUR('',#10520);
#11889 = CURVE_STYLE('',#11890,POSITIVE_LENGTH_MEASURE(0.1),#10520);
#11890 = DRAUGHTING_PRE_DEFINED_CURVE_FONT('continuous');
#11891 = STYLED_ITEM('color',(#11892),#3131);
#11892 = PRESENTATION_STYLE_ASSIGNMENT((#11893,#11898));
#11893 = SURFACE_STYLE_USAGE(.BOTH.,#11894);
#11894 = SURFACE_SIDE_STYLE('',(#11895));
#11895 = SURFACE_STYLE_FILL_AREA(#11896);
#11896 = FILL_AREA_STYLE('',(#11897));
#11897 = FILL_AREA_STYLE_COLOUR('',#10593);
#11898 = CURVE_STYLE('',#11899,POSITIVE_LENGTH_MEASURE(0.1),#10593);
#11899 = DRAUGHTING_PRE_DEFINED_CURVE_FONT('continuous');
#11900 = STYLED_ITEM('color',(#11901),#3162);
#11901 = PRESENTATION_STYLE_ASSIGNMENT((#11902,#11907));
#11902 = SURFACE_STYLE_USAGE(.BOTH.,#11903);
#11903 = SURFACE_SIDE_STYLE('',(#11904));
#11904 = SURFACE_STYLE_FILL_AREA(#11905);
#11905 = FILL_AREA_STYLE('',(#11906));
#11906 = FILL_AREA_STYLE_COLOUR('',#10520);
#11907 = CURVE_STYLE('',#11908,POSITIVE_LENGTH_MEASURE(0.1),#10520);
#11908 = DRAUGHTING_PRE_DEFINED_CURVE_FONT('continuous');
#11909 = STYLED_ITEM('color',(#11910),#3193);
#11910 = PRESENTATION_STYLE_ASSIGNMENT((#11911,#11916));
#11911 = SURFACE_STYLE_USAGE(.BOTH.,#11912);
#11912 = SURFACE_SIDE_STYLE('',(#11913));
#11913 = SURFACE_STYLE_FILL_AREA(#11914);
#11914 = FILL_AREA_STYLE('',(#11915));
#11915 = FILL_AREA_STYLE_COLOUR('',#10593);
#11916 = CURVE_STYLE('',#11917,POSITIVE_LENGTH_MEASURE(0.1),#10593);
#11917 = DRAUGHTING_PRE_DEFINED_CURVE_FONT('continuous');
#11918 = STYLED_ITEM('color',(#11919),#3224);
#11919 = PRESENTATION_STYLE_ASSIGNMENT((#11920,#11925));
#11920 = SURFACE_STYLE_USAGE(.BOTH.,#11921);
#11921 = SURFACE_SIDE_STYLE('',(#11922));
#11922 = SURFACE_STYLE_FILL_AREA(#11923);
#11923 = FILL_AREA_STYLE('',(#11924));
#11924 = FILL_AREA_STYLE_COLOUR('',#10520);
#11925 = CURVE_STYLE('',#11926,POSITIVE_LENGTH_MEASURE(0.1),#10520);
#11926 = DRAUGHTING_PRE_DEFINED_CURVE_FONT('continuous');
#11927 = STYLED_ITEM('color',(#11928),#3254);
#11928 = PRESENTATION_STYLE_ASSIGNMENT((#11929,#11934));
#11929 = SURFACE_STYLE_USAGE(.BOTH.,#11930);
#11930 = SURFACE_SIDE_STYLE('',(#11931));
#11931 = SURFACE_STYLE_FILL_AREA(#11932);
#11932 = FILL_AREA_STYLE('',(#11933));
#11933 = FILL_AREA_STYLE_COLOUR('',#10520);
#11934 = CURVE_STYLE('',#11935,POSITIVE_LENGTH_MEASURE(0.1),#10520);
#11935 = DRAUGHTING_PRE_DEFINED_CURVE_FONT('continuous');
#11936 = STYLED_ITEM('color',(#11937),#3277);
#11937 = PRESENTATION_STYLE_ASSIGNMENT((#11938,#11943));
#11938 = SURFACE_STYLE_USAGE(.BOTH.,#11939);
#11939 = SURFACE_SIDE_STYLE('',(#11940));
#11940 = SURFACE_STYLE_FILL_AREA(#11941);
#11941 = FILL_AREA_STYLE('',(#11942));
#11942 = FILL_AREA_STYLE_COLOUR('',#10520);
#11943 = CURVE_STYLE('',#11944,POSITIVE_LENGTH_MEASURE(0.1),#10520);
#11944 = DRAUGHTING_PRE_DEFINED_CURVE_FONT('continuous');
#11945 = STYLED_ITEM('color',(#11946),#3300);
#11946 = PRESENTATION_STYLE_ASSIGNMENT((#11947,#11952));
#11947 = SURFACE_STYLE_USAGE(.BOTH.,#11948);
#11948 = SURFACE_SIDE_STYLE('',(#11949));
#11949 = SURFACE_STYLE_FILL_AREA(#11950);
#11950 = FILL_AREA_STYLE('',(#11951));
#11951 = FILL_AREA_STYLE_COLOUR('',#10520);
#11952 = CURVE_STYLE('',#11953,POSITIVE_LENGTH_MEASURE(0.1),#10520);
#11953 = DRAUGHTING_PRE_DEFINED_CURVE_FONT('continuous');
#11954 = STYLED_ITEM('color',(#11955),#3317);
#11955 = PRESENTATION_STYLE_ASSIGNMENT((#11956,#11961));
#11956 = SURFACE_STYLE_USAGE(.BOTH.,#11957);
#11957 = SURFACE_SIDE_STYLE('',(#11958));
#11958 = SURFACE_STYLE_FILL_AREA(#11959);
#11959 = FILL_AREA_STYLE('',(#11960));
#11960 = FILL_AREA_STYLE_COLOUR('',#10593);
#11961 = CURVE_STYLE('',#11962,POSITIVE_LENGTH_MEASURE(0.1),#10593);
#11962 = DRAUGHTING_PRE_DEFINED_CURVE_FONT('continuous');
#11963 = STYLED_ITEM('color',(#11964),#3362);
#11964 = PRESENTATION_STYLE_ASSIGNMENT((#11965,#11970));
#11965 = SURFACE_STYLE_USAGE(.BOTH.,#11966);
#11966 = SURFACE_SIDE_STYLE('',(#11967));
#11967 = SURFACE_STYLE_FILL_AREA(#11968);
#11968 = FILL_AREA_STYLE('',(#11969));
#11969 = FILL_AREA_STYLE_COLOUR('',#10520);
#11970 = CURVE_STYLE('',#11971,POSITIVE_LENGTH_MEASURE(0.1),#10520);
#11971 = DRAUGHTING_PRE_DEFINED_CURVE_FONT('continuous');
#11972 = STYLED_ITEM('color',(#11973),#3432);
#11973 = PRESENTATION_STYLE_ASSIGNMENT((#11974,#11979));
#11974 = SURFACE_STYLE_USAGE(.BOTH.,#11975);
#11975 = SURFACE_SIDE_STYLE('',(#11976));
#11976 = SURFACE_STYLE_FILL_AREA(#11977);
#11977 = FILL_AREA_STYLE('',(#11978));
#11978 = FILL_AREA_STYLE_COLOUR('',#10520);
#11979 = CURVE_STYLE('',#11980,POSITIVE_LENGTH_MEASURE(0.1),#10520);
#11980 = DRAUGHTING_PRE_DEFINED_CURVE_FONT('continuous');
#11981 = STYLED_ITEM('color',(#11982),#3455);
#11982 = PRESENTATION_STYLE_ASSIGNMENT((#11983,#11988));
#11983 = SURFACE_STYLE_USAGE(.BOTH.,#11984);
#11984 = SURFACE_SIDE_STYLE('',(#11985));
#11985 = SURFACE_STYLE_FILL_AREA(#11986);
#11986 = FILL_AREA_STYLE('',(#11987));
#11987 = FILL_AREA_STYLE_COLOUR('',#10520);
#11988 = CURVE_STYLE('',#11989,POSITIVE_LENGTH_MEASURE(0.1),#10520);
#11989 = DRAUGHTING_PRE_DEFINED_CURVE_FONT('continuous');
#11990 = STYLED_ITEM('color',(#11991),#3478);
#11991 = PRESENTATION_STYLE_ASSIGNMENT((#11992,#11997));
#11992 = SURFACE_STYLE_USAGE(.BOTH.,#11993);
#11993 = SURFACE_SIDE_STYLE('',(#11994));
#11994 = SURFACE_STYLE_FILL_AREA(#11995);
#11995 = FILL_AREA_STYLE('',(#11996));
#11996 = FILL_AREA_STYLE_COLOUR('',#10520);
#11997 = CURVE_STYLE('',#11998,POSITIVE_LENGTH_MEASURE(0.1),#10520);
#11998 = DRAUGHTING_PRE_DEFINED_CURVE_FONT('continuous');
#11999 = STYLED_ITEM('color',(#12000),#3501);
#12000 = PRESENTATION_STYLE_ASSIGNMENT((#12001,#12006));
#12001 = SURFACE_STYLE_USAGE(.BOTH.,#12002);
#12002 = SURFACE_SIDE_STYLE('',(#12003));
#12003 = SURFACE_STYLE_FILL_AREA(#12004);
#12004 = FILL_AREA_STYLE('',(#12005));
#12005 = FILL_AREA_STYLE_COLOUR('',#10520);
#12006 = CURVE_STYLE('',#12007,POSITIVE_LENGTH_MEASURE(0.1),#10520);
#12007 = DRAUGHTING_PRE_DEFINED_CURVE_FONT('continuous');
#12008 = STYLED_ITEM('color',(#12009),#3556);
#12009 = PRESENTATION_STYLE_ASSIGNMENT((#12010,#12015));
#12010 = SURFACE_STYLE_USAGE(.BOTH.,#12011);
#12011 = SURFACE_SIDE_STYLE('',(#12012));
#12012 = SURFACE_STYLE_FILL_AREA(#12013);
#12013 = FILL_AREA_STYLE('',(#12014));
#12014 = FILL_AREA_STYLE_COLOUR('',#10593);
#12015 = CURVE_STYLE('',#12016,POSITIVE_LENGTH_MEASURE(0.1),#10593);
#12016 = DRAUGHTING_PRE_DEFINED_CURVE_FONT('continuous');
#12017 = STYLED_ITEM('color',(#12018),#3594);
#12018 = PRESENTATION_STYLE_ASSIGNMENT((#12019,#12024));
#12019 = SURFACE_STYLE_USAGE(.BOTH.,#12020);
#12020 = SURFACE_SIDE_STYLE('',(#12021));
#12021 = SURFACE_STYLE_FILL_AREA(#12022);
#12022 = FILL_AREA_STYLE('',(#12023));
#12023 = FILL_AREA_STYLE_COLOUR('',#10520);
#12024 = CURVE_STYLE('',#12025,POSITIVE_LENGTH_MEASURE(0.1),#10520);
#12025 = DRAUGHTING_PRE_DEFINED_CURVE_FONT('continuous');
#12026 = STYLED_ITEM('color',(#12027),#3643);
#12027 = PRESENTATION_STYLE_ASSIGNMENT((#12028,#12033));
#12028 = SURFACE_STYLE_USAGE(.BOTH.,#12029);
#12029 = SURFACE_SIDE_STYLE('',(#12030));
#12030 = SURFACE_STYLE_FILL_AREA(#12031);
#12031 = FILL_AREA_STYLE('',(#12032));
#12032 = FILL_AREA_STYLE_COLOUR('',#10593);
#12033 = CURVE_STYLE('',#12034,POSITIVE_LENGTH_MEASURE(0.1),#10593);
#12034 = DRAUGHTING_PRE_DEFINED_CURVE_FONT('continuous');
#12035 = STYLED_ITEM('color',(#12036),#3735);
#12036 = PRESENTATION_STYLE_ASSIGNMENT((#12037,#12042));
#12037 = SURFACE_STYLE_USAGE(.BOTH.,#12038);
#12038 = SURFACE_SIDE_STYLE('',(#12039));
#12039 = SURFACE_STYLE_FILL_AREA(#12040);
#12040 = FILL_AREA_STYLE('',(#12041));
#12041 = FILL_AREA_STYLE_COLOUR('',#10593);
#12042 = CURVE_STYLE('',#12043,POSITIVE_LENGTH_MEASURE(0.1),#10593);
#12043 = DRAUGHTING_PRE_DEFINED_CURVE_FONT('continuous');
#12044 = STYLED_ITEM('color',(#12045),#3760);
#12045 = PRESENTATION_STYLE_ASSIGNMENT((#12046,#12051));
#12046 = SURFACE_STYLE_USAGE(.BOTH.,#12047);
#12047 = SURFACE_SIDE_STYLE('',(#12048));
#12048 = SURFACE_STYLE_FILL_AREA(#12049);
#12049 = FILL_AREA_STYLE('',(#12050));
#12050 = FILL_AREA_STYLE_COLOUR('',#10593);
#12051 = CURVE_STYLE('',#12052,POSITIVE_LENGTH_MEASURE(0.1),#10593);
#12052 = DRAUGHTING_PRE_DEFINED_CURVE_FONT('continuous');
#12053 = STYLED_ITEM('color',(#12054),#3844);
#12054 = PRESENTATION_STYLE_ASSIGNMENT((#12055,#12060));
#12055 = SURFACE_STYLE_USAGE(.BOTH.,#12056);
#12056 = SURFACE_SIDE_STYLE('',(#12057));
#12057 = SURFACE_STYLE_FILL_AREA(#12058);
#12058 = FILL_AREA_STYLE('',(#12059));
#12059 = FILL_AREA_STYLE_COLOUR('',#10520);
#12060 = CURVE_STYLE('',#12061,POSITIVE_LENGTH_MEASURE(0.1),#10520);
#12061 = DRAUGHTING_PRE_DEFINED_CURVE_FONT('continuous');
#12062 = STYLED_ITEM('color',(#12063),#3866);
#12063 = PRESENTATION_STYLE_ASSIGNMENT((#12064,#12069));
#12064 = SURFACE_STYLE_USAGE(.BOTH.,#12065);
#12065 = SURFACE_SIDE_STYLE('',(#12066));
#12066 = SURFACE_STYLE_FILL_AREA(#12067);
#12067 = FILL_AREA_STYLE('',(#12068));
#12068 = FILL_AREA_STYLE_COLOUR('',#10593);
#12069 = CURVE_STYLE('',#12070,POSITIVE_LENGTH_MEASURE(0.1),#10593);
#12070 = DRAUGHTING_PRE_DEFINED_CURVE_FONT('continuous');
#12071 = STYLED_ITEM('color',(#12072),#3958);
#12072 = PRESENTATION_STYLE_ASSIGNMENT((#12073,#12078));
#12073 = SURFACE_STYLE_USAGE(.BOTH.,#12074);
#12074 = SURFACE_SIDE_STYLE('',(#12075));
#12075 = SURFACE_STYLE_FILL_AREA(#12076);
#12076 = FILL_AREA_STYLE('',(#12077));
#12077 = FILL_AREA_STYLE_COLOUR('',#10593);
#12078 = CURVE_STYLE('',#12079,POSITIVE_LENGTH_MEASURE(0.1),#10593);
#12079 = DRAUGHTING_PRE_DEFINED_CURVE_FONT('continuous');
#12080 = STYLED_ITEM('color',(#12081),#3983);
#12081 = PRESENTATION_STYLE_ASSIGNMENT((#12082,#12087));
#12082 = SURFACE_STYLE_USAGE(.BOTH.,#12083);
#12083 = SURFACE_SIDE_STYLE('',(#12084));
#12084 = SURFACE_STYLE_FILL_AREA(#12085);
#12085 = FILL_AREA_STYLE('',(#12086));
#12086 = FILL_AREA_STYLE_COLOUR('',#10593);
#12087 = CURVE_STYLE('',#12088,POSITIVE_LENGTH_MEASURE(0.1),#10593);
#12088 = DRAUGHTING_PRE_DEFINED_CURVE_FONT('continuous');
#12089 = STYLED_ITEM('color',(#12090),#4067);
#12090 = PRESENTATION_STYLE_ASSIGNMENT((#12091,#12096));
#12091 = SURFACE_STYLE_USAGE(.BOTH.,#12092);
#12092 = SURFACE_SIDE_STYLE('',(#12093));
#12093 = SURFACE_STYLE_FILL_AREA(#12094);
#12094 = FILL_AREA_STYLE('',(#12095));
#12095 = FILL_AREA_STYLE_COLOUR('',#10520);
#12096 = CURVE_STYLE('',#12097,POSITIVE_LENGTH_MEASURE(0.1),#10520);
#12097 = DRAUGHTING_PRE_DEFINED_CURVE_FONT('continuous');
#12098 = STYLED_ITEM('color',(#12099),#4084);
#12099 = PRESENTATION_STYLE_ASSIGNMENT((#12100,#12105));
#12100 = SURFACE_STYLE_USAGE(.BOTH.,#12101);
#12101 = SURFACE_SIDE_STYLE('',(#12102));
#12102 = SURFACE_STYLE_FILL_AREA(#12103);
#12103 = FILL_AREA_STYLE('',(#12104));
#12104 = FILL_AREA_STYLE_COLOUR('',#10593);
#12105 = CURVE_STYLE('',#12106,POSITIVE_LENGTH_MEASURE(0.1),#10593);
#12106 = DRAUGHTING_PRE_DEFINED_CURVE_FONT('continuous');
#12107 = STYLED_ITEM('color',(#12108),#4169);
#12108 = PRESENTATION_STYLE_ASSIGNMENT((#12109,#12114));
#12109 = SURFACE_STYLE_USAGE(.BOTH.,#12110);
#12110 = SURFACE_SIDE_STYLE('',(#12111));
#12111 = SURFACE_STYLE_FILL_AREA(#12112);
#12112 = FILL_AREA_STYLE('',(#12113));
#12113 = FILL_AREA_STYLE_COLOUR('',#10593);
#12114 = CURVE_STYLE('',#12115,POSITIVE_LENGTH_MEASURE(0.1),#10593);
#12115 = DRAUGHTING_PRE_DEFINED_CURVE_FONT('continuous');
#12116 = STYLED_ITEM('color',(#12117),#4194);
#12117 = PRESENTATION_STYLE_ASSIGNMENT((#12118,#12123));
#12118 = SURFACE_STYLE_USAGE(.BOTH.,#12119);
#12119 = SURFACE_SIDE_STYLE('',(#12120));
#12120 = SURFACE_STYLE_FILL_AREA(#12121);
#12121 = FILL_AREA_STYLE('',(#12122));
#12122 = FILL_AREA_STYLE_COLOUR('',#10593);
#12123 = CURVE_STYLE('',#12124,POSITIVE_LENGTH_MEASURE(0.1),#10593);
#12124 = DRAUGHTING_PRE_DEFINED_CURVE_FONT('continuous');
#12125 = STYLED_ITEM('color',(#12126),#4271);
#12126 = PRESENTATION_STYLE_ASSIGNMENT((#12127,#12132));
#12127 = SURFACE_STYLE_USAGE(.BOTH.,#12128);
#12128 = SURFACE_SIDE_STYLE('',(#12129));
#12129 = SURFACE_STYLE_FILL_AREA(#12130);
#12130 = FILL_AREA_STYLE('',(#12131));
#12131 = FILL_AREA_STYLE_COLOUR('',#10593);
#12132 = CURVE_STYLE('',#12133,POSITIVE_LENGTH_MEASURE(0.1),#10593);
#12133 = DRAUGHTING_PRE_DEFINED_CURVE_FONT('continuous');
#12134 = STYLED_ITEM('color',(#12135),#4356);
#12135 = PRESENTATION_STYLE_ASSIGNMENT((#12136,#12141));
#12136 = SURFACE_STYLE_USAGE(.BOTH.,#12137);
#12137 = SURFACE_SIDE_STYLE('',(#12138));
#12138 = SURFACE_STYLE_FILL_AREA(#12139);
#12139 = FILL_AREA_STYLE('',(#12140));
#12140 = FILL_AREA_STYLE_COLOUR('',#10593);
#12141 = CURVE_STYLE('',#12142,POSITIVE_LENGTH_MEASURE(0.1),#10593);
#12142 = DRAUGHTING_PRE_DEFINED_CURVE_FONT('continuous');
#12143 = STYLED_ITEM('color',(#12144),#4381);
#12144 = PRESENTATION_STYLE_ASSIGNMENT((#12145,#12150));
#12145 = SURFACE_STYLE_USAGE(.BOTH.,#12146);
#12146 = SURFACE_SIDE_STYLE('',(#12147));
#12147 = SURFACE_STYLE_FILL_AREA(#12148);
#12148 = FILL_AREA_STYLE('',(#12149));
#12149 = FILL_AREA_STYLE_COLOUR('',#10593);
#12150 = CURVE_STYLE('',#12151,POSITIVE_LENGTH_MEASURE(0.1),#10593);
#12151 = DRAUGHTING_PRE_DEFINED_CURVE_FONT('continuous');
#12152 = STYLED_ITEM('color',(#12153),#4458);
#12153 = PRESENTATION_STYLE_ASSIGNMENT((#12154,#12159));
#12154 = SURFACE_STYLE_USAGE(.BOTH.,#12155);
#12155 = SURFACE_SIDE_STYLE('',(#12156));
#12156 = SURFACE_STYLE_FILL_AREA(#12157);
#12157 = FILL_AREA_STYLE('',(#12158));
#12158 = FILL_AREA_STYLE_COLOUR('',#10520);
#12159 = CURVE_STYLE('',#12160,POSITIVE_LENGTH_MEASURE(0.1),#10520);
#12160 = DRAUGHTING_PRE_DEFINED_CURVE_FONT('continuous');
#12161 = STYLED_ITEM('color',(#12162),#4475);
#12162 = PRESENTATION_STYLE_ASSIGNMENT((#12163,#12168));
#12163 = SURFACE_STYLE_USAGE(.BOTH.,#12164);
#12164 = SURFACE_SIDE_STYLE('',(#12165));
#12165 = SURFACE_STYLE_FILL_AREA(#12166);
#12166 = FILL_AREA_STYLE('',(#12167));
#12167 = FILL_AREA_STYLE_COLOUR('',#10593);
#12168 = CURVE_STYLE('',#12169,POSITIVE_LENGTH_MEASURE(0.1),#10593);
#12169 = DRAUGHTING_PRE_DEFINED_CURVE_FONT('continuous');
#12170 = STYLED_ITEM('color',(#12171),#4567);
#12171 = PRESENTATION_STYLE_ASSIGNMENT((#12172,#12177));
#12172 = SURFACE_STYLE_USAGE(.BOTH.,#12173);
#12173 = SURFACE_SIDE_STYLE('',(#12174));
#12174 = SURFACE_STYLE_FILL_AREA(#12175);
#12175 = FILL_AREA_STYLE('',(#12176));
#12176 = FILL_AREA_STYLE_COLOUR('',#10593);
#12177 = CURVE_STYLE('',#12178,POSITIVE_LENGTH_MEASURE(0.1),#10593);
#12178 = DRAUGHTING_PRE_DEFINED_CURVE_FONT('continuous');
#12179 = STYLED_ITEM('color',(#12180),#4592);
#12180 = PRESENTATION_STYLE_ASSIGNMENT((#12181,#12186));
#12181 = SURFACE_STYLE_USAGE(.BOTH.,#12182);
#12182 = SURFACE_SIDE_STYLE('',(#12183));
#12183 = SURFACE_STYLE_FILL_AREA(#12184);
#12184 = FILL_AREA_STYLE('',(#12185));
#12185 = FILL_AREA_STYLE_COLOUR('',#10593);
#12186 = CURVE_STYLE('',#12187,POSITIVE_LENGTH_MEASURE(0.1),#10593);
#12187 = DRAUGHTING_PRE_DEFINED_CURVE_FONT('continuous');
#12188 = STYLED_ITEM('color',(#12189),#4676);
#12189 = PRESENTATION_STYLE_ASSIGNMENT((#12190,#12195));
#12190 = SURFACE_STYLE_USAGE(.BOTH.,#12191);
#12191 = SURFACE_SIDE_STYLE('',(#12192));
#12192 = SURFACE_STYLE_FILL_AREA(#12193);
#12193 = FILL_AREA_STYLE('',(#12194));
#12194 = FILL_AREA_STYLE_COLOUR('',#10593);
#12195 = CURVE_STYLE('',#12196,POSITIVE_LENGTH_MEASURE(0.1),#10593);
#12196 = DRAUGHTING_PRE_DEFINED_CURVE_FONT('continuous');
#12197 = STYLED_ITEM('color',(#12198),#4693);
#12198 = PRESENTATION_STYLE_ASSIGNMENT((#12199,#12204));
#12199 = SURFACE_STYLE_USAGE(.BOTH.,#12200);
#12200 = SURFACE_SIDE_STYLE('',(#12201));
#12201 = SURFACE_STYLE_FILL_AREA(#12202);
#12202 = FILL_AREA_STYLE('',(#12203));
#12203 = FILL_AREA_STYLE_COLOUR('',#10593);
#12204 = CURVE_STYLE('',#12205,POSITIVE_LENGTH_MEASURE(0.1),#10593);
#12205 = DRAUGHTING_PRE_DEFINED_CURVE_FONT('continuous');
#12206 = STYLED_ITEM('color',(#12207),#4712);
#12207 = PRESENTATION_STYLE_ASSIGNMENT((#12208,#12213));
#12208 = SURFACE_STYLE_USAGE(.BOTH.,#12209);
#12209 = SURFACE_SIDE_STYLE('',(#12210));
#12210 = SURFACE_STYLE_FILL_AREA(#12211);
#12211 = FILL_AREA_STYLE('',(#12212));
#12212 = FILL_AREA_STYLE_COLOUR('',#10593);
#12213 = CURVE_STYLE('',#12214,POSITIVE_LENGTH_MEASURE(0.1),#10593);
#12214 = DRAUGHTING_PRE_DEFINED_CURVE_FONT('continuous');
#12215 = STYLED_ITEM('color',(#12216),#4731);
#12216 = PRESENTATION_STYLE_ASSIGNMENT((#12217,#12222));
#12217 = SURFACE_STYLE_USAGE(.BOTH.,#12218);
#12218 = SURFACE_SIDE_STYLE('',(#12219));
#12219 = SURFACE_STYLE_FILL_AREA(#12220);
#12220 = FILL_AREA_STYLE('',(#12221));
#12221 = FILL_AREA_STYLE_COLOUR('',#10520);
#12222 = CURVE_STYLE('',#12223,POSITIVE_LENGTH_MEASURE(0.1),#10520);
#12223 = DRAUGHTING_PRE_DEFINED_CURVE_FONT('continuous');
#12224 = STYLED_ITEM('color',(#12225),#4777);
#12225 = PRESENTATION_STYLE_ASSIGNMENT((#12226,#12231));
#12226 = SURFACE_STYLE_USAGE(.BOTH.,#12227);
#12227 = SURFACE_SIDE_STYLE('',(#12228));
#12228 = SURFACE_STYLE_FILL_AREA(#12229);
#12229 = FILL_AREA_STYLE('',(#12230));
#12230 = FILL_AREA_STYLE_COLOUR('',#10520);
#12231 = CURVE_STYLE('',#12232,POSITIVE_LENGTH_MEASURE(0.1),#10520);
#12232 = DRAUGHTING_PRE_DEFINED_CURVE_FONT('continuous');
#12233 = STYLED_ITEM('color',(#12234),#4793);
#12234 = PRESENTATION_STYLE_ASSIGNMENT((#12235,#12240));
#12235 = SURFACE_STYLE_USAGE(.BOTH.,#12236);
#12236 = SURFACE_SIDE_STYLE('',(#12237));
#12237 = SURFACE_STYLE_FILL_AREA(#12238);
#12238 = FILL_AREA_STYLE('',(#12239));
#12239 = FILL_AREA_STYLE_COLOUR('',#10593);
#12240 = CURVE_STYLE('',#12241,POSITIVE_LENGTH_MEASURE(0.1),#10593);
#12241 = DRAUGHTING_PRE_DEFINED_CURVE_FONT('continuous');
#12242 = STYLED_ITEM('color',(#12243),#4812);
#12243 = PRESENTATION_STYLE_ASSIGNMENT((#12244,#12249));
#12244 = SURFACE_STYLE_USAGE(.BOTH.,#12245);
#12245 = SURFACE_SIDE_STYLE('',(#12246));
#12246 = SURFACE_STYLE_FILL_AREA(#12247);
#12247 = FILL_AREA_STYLE('',(#12248));
#12248 = FILL_AREA_STYLE_COLOUR('',#10520);
#12249 = CURVE_STYLE('',#12250,POSITIVE_LENGTH_MEASURE(0.1),#10520);
#12250 = DRAUGHTING_PRE_DEFINED_CURVE_FONT('continuous');
#12251 = STYLED_ITEM('color',(#12252),#4828);
#12252 = PRESENTATION_STYLE_ASSIGNMENT((#12253,#12258));
#12253 = SURFACE_STYLE_USAGE(.BOTH.,#12254);
#12254 = SURFACE_SIDE_STYLE('',(#12255));
#12255 = SURFACE_STYLE_FILL_AREA(#12256);
#12256 = FILL_AREA_STYLE('',(#12257));
#12257 = FILL_AREA_STYLE_COLOUR('',#10593);
#12258 = CURVE_STYLE('',#12259,POSITIVE_LENGTH_MEASURE(0.1),#10593);
#12259 = DRAUGHTING_PRE_DEFINED_CURVE_FONT('continuous');
#12260 = STYLED_ITEM('color',(#12261),#4845);
#12261 = PRESENTATION_STYLE_ASSIGNMENT((#12262,#12267));
#12262 = SURFACE_STYLE_USAGE(.BOTH.,#12263);
#12263 = SURFACE_SIDE_STYLE('',(#12264));
#12264 = SURFACE_STYLE_FILL_AREA(#12265);
#12265 = FILL_AREA_STYLE('',(#12266));
#12266 = FILL_AREA_STYLE_COLOUR('',#10520);
#12267 = CURVE_STYLE('',#12268,POSITIVE_LENGTH_MEASURE(0.1),#10520);
#12268 = DRAUGHTING_PRE_DEFINED_CURVE_FONT('continuous');
#12269 = STYLED_ITEM('color',(#12270),#4857);
#12270 = PRESENTATION_STYLE_ASSIGNMENT((#12271,#12276));
#12271 = SURFACE_STYLE_USAGE(.BOTH.,#12272);
#12272 = SURFACE_SIDE_STYLE('',(#12273));
#12273 = SURFACE_STYLE_FILL_AREA(#12274);
#12274 = FILL_AREA_STYLE('',(#12275));
#12275 = FILL_AREA_STYLE_COLOUR('',#10593);
#12276 = CURVE_STYLE('',#12277,POSITIVE_LENGTH_MEASURE(0.1),#10593);
#12277 = DRAUGHTING_PRE_DEFINED_CURVE_FONT('continuous');
#12278 = STYLED_ITEM('color',(#12279),#4874);
#12279 = PRESENTATION_STYLE_ASSIGNMENT((#12280,#12285));
#12280 = SURFACE_STYLE_USAGE(.BOTH.,#12281);
#12281 = SURFACE_SIDE_STYLE('',(#12282));
#12282 = SURFACE_STYLE_FILL_AREA(#12283);
#12283 = FILL_AREA_STYLE('',(#12284));
#12284 = FILL_AREA_STYLE_COLOUR('',#10593);
#12285 = CURVE_STYLE('',#12286,POSITIVE_LENGTH_MEASURE(0.1),#10593);
#12286 = DRAUGHTING_PRE_DEFINED_CURVE_FONT('continuous');
#12287 = STYLED_ITEM('color',(#12288),#4891);
#12288 = PRESENTATION_STYLE_ASSIGNMENT((#12289,#12294));
#12289 = SURFACE_STYLE_USAGE(.BOTH.,#12290);
#12290 = SURFACE_SIDE_STYLE('',(#12291));
#12291 = SURFACE_STYLE_FILL_AREA(#12292);
#12292 = FILL_AREA_STYLE('',(#12293));
#12293 = FILL_AREA_STYLE_COLOUR('',#10593);
#12294 = CURVE_STYLE('',#12295,POSITIVE_LENGTH_MEASURE(0.1),#10593);
#12295 = DRAUGHTING_PRE_DEFINED_CURVE_FONT('continuous');
#12296 = STYLED_ITEM('color',(#12297),#4908);
#12297 = PRESENTATION_STYLE_ASSIGNMENT((#12298,#12303));
#12298 = SURFACE_STYLE_USAGE(.BOTH.,#12299);
#12299 = SURFACE_SIDE_STYLE('',(#12300));
#12300 = SURFACE_STYLE_FILL_AREA(#12301);
#12301 = FILL_AREA_STYLE('',(#12302));
#12302 = FILL_AREA_STYLE_COLOUR('',#10593);
#12303 = CURVE_STYLE('',#12304,POSITIVE_LENGTH_MEASURE(0.1),#10593);
#12304 = DRAUGHTING_PRE_DEFINED_CURVE_FONT('continuous');
#12305 = STYLED_ITEM('color',(#12306),#4925);
#12306 = PRESENTATION_STYLE_ASSIGNMENT((#12307,#12312));
#12307 = SURFACE_STYLE_USAGE(.BOTH.,#12308);
#12308 = SURFACE_SIDE_STYLE('',(#12309));
#12309 = SURFACE_STYLE_FILL_AREA(#12310);
#12310 = FILL_AREA_STYLE('',(#12311));
#12311 = FILL_AREA_STYLE_COLOUR('',#10593);
#12312 = CURVE_STYLE('',#12313,POSITIVE_LENGTH_MEASURE(0.1),#10593);
#12313 = DRAUGHTING_PRE_DEFINED_CURVE_FONT('continuous');
#12314 = STYLED_ITEM('color',(#12315),#4942);
#12315 = PRESENTATION_STYLE_ASSIGNMENT((#12316,#12321));
#12316 = SURFACE_STYLE_USAGE(.BOTH.,#12317);
#12317 = SURFACE_SIDE_STYLE('',(#12318));
#12318 = SURFACE_STYLE_FILL_AREA(#12319);
#12319 = FILL_AREA_STYLE('',(#12320));
#12320 = FILL_AREA_STYLE_COLOUR('',#10593);
#12321 = CURVE_STYLE('',#12322,POSITIVE_LENGTH_MEASURE(0.1),#10593);
#12322 = DRAUGHTING_PRE_DEFINED_CURVE_FONT('continuous');
#12323 = STYLED_ITEM('color',(#12324),#4959);
#12324 = PRESENTATION_STYLE_ASSIGNMENT((#12325,#12330));
#12325 = SURFACE_STYLE_USAGE(.BOTH.,#12326);
#12326 = SURFACE_SIDE_STYLE('',(#12327));
#12327 = SURFACE_STYLE_FILL_AREA(#12328);
#12328 = FILL_AREA_STYLE('',(#12329));
#12329 = FILL_AREA_STYLE_COLOUR('',#10593);
#12330 = CURVE_STYLE('',#12331,POSITIVE_LENGTH_MEASURE(0.1),#10593);
#12331 = DRAUGHTING_PRE_DEFINED_CURVE_FONT('continuous');
#12332 = STYLED_ITEM('color',(#12333),#4976);
#12333 = PRESENTATION_STYLE_ASSIGNMENT((#12334,#12339));
#12334 = SURFACE_STYLE_USAGE(.BOTH.,#12335);
#12335 = SURFACE_SIDE_STYLE('',(#12336));
#12336 = SURFACE_STYLE_FILL_AREA(#12337);
#12337 = FILL_AREA_STYLE('',(#12338));
#12338 = FILL_AREA_STYLE_COLOUR('',#10593);
#12339 = CURVE_STYLE('',#12340,POSITIVE_LENGTH_MEASURE(0.1),#10593);
#12340 = DRAUGHTING_PRE_DEFINED_CURVE_FONT('continuous');
#12341 = STYLED_ITEM('color',(#12342),#4988);
#12342 = PRESENTATION_STYLE_ASSIGNMENT((#12343,#12348));
#12343 = SURFACE_STYLE_USAGE(.BOTH.,#12344);
#12344 = SURFACE_SIDE_STYLE('',(#12345));
#12345 = SURFACE_STYLE_FILL_AREA(#12346);
#12346 = FILL_AREA_STYLE('',(#12347));
#12347 = FILL_AREA_STYLE_COLOUR('',#10593);
#12348 = CURVE_STYLE('',#12349,POSITIVE_LENGTH_MEASURE(0.1),#10593);
#12349 = DRAUGHTING_PRE_DEFINED_CURVE_FONT('continuous');
#12350 = STYLED_ITEM('color',(#12351),#5005);
#12351 = PRESENTATION_STYLE_ASSIGNMENT((#12352,#12357));
#12352 = SURFACE_STYLE_USAGE(.BOTH.,#12353);
#12353 = SURFACE_SIDE_STYLE('',(#12354));
#12354 = SURFACE_STYLE_FILL_AREA(#12355);
#12355 = FILL_AREA_STYLE('',(#12356));
#12356 = FILL_AREA_STYLE_COLOUR('',#10593);
#12357 = CURVE_STYLE('',#12358,POSITIVE_LENGTH_MEASURE(0.1),#10593);
#12358 = DRAUGHTING_PRE_DEFINED_CURVE_FONT('continuous');
#12359 = STYLED_ITEM('color',(#12360),#5022);
#12360 = PRESENTATION_STYLE_ASSIGNMENT((#12361,#12366));
#12361 = SURFACE_STYLE_USAGE(.BOTH.,#12362);
#12362 = SURFACE_SIDE_STYLE('',(#12363));
#12363 = SURFACE_STYLE_FILL_AREA(#12364);
#12364 = FILL_AREA_STYLE('',(#12365));
#12365 = FILL_AREA_STYLE_COLOUR('',#10593);
#12366 = CURVE_STYLE('',#12367,POSITIVE_LENGTH_MEASURE(0.1),#10593);
#12367 = DRAUGHTING_PRE_DEFINED_CURVE_FONT('continuous');
#12368 = STYLED_ITEM('color',(#12369),#5039);
#12369 = PRESENTATION_STYLE_ASSIGNMENT((#12370,#12375));
#12370 = SURFACE_STYLE_USAGE(.BOTH.,#12371);
#12371 = SURFACE_SIDE_STYLE('',(#12372));
#12372 = SURFACE_STYLE_FILL_AREA(#12373);
#12373 = FILL_AREA_STYLE('',(#12374));
#12374 = FILL_AREA_STYLE_COLOUR('',#10593);
#12375 = CURVE_STYLE('',#12376,POSITIVE_LENGTH_MEASURE(0.1),#10593);
#12376 = DRAUGHTING_PRE_DEFINED_CURVE_FONT('continuous');
#12377 = STYLED_ITEM('color',(#12378),#5056);
#12378 = PRESENTATION_STYLE_ASSIGNMENT((#12379,#12384));
#12379 = SURFACE_STYLE_USAGE(.BOTH.,#12380);
#12380 = SURFACE_SIDE_STYLE('',(#12381));
#12381 = SURFACE_STYLE_FILL_AREA(#12382);
#12382 = FILL_AREA_STYLE('',(#12383));
#12383 = FILL_AREA_STYLE_COLOUR('',#10593);
#12384 = CURVE_STYLE('',#12385,POSITIVE_LENGTH_MEASURE(0.1),#10593);
#12385 = DRAUGHTING_PRE_DEFINED_CURVE_FONT('continuous');
#12386 = STYLED_ITEM('color',(#12387),#5073);
#12387 = PRESENTATION_STYLE_ASSIGNMENT((#12388,#12393));
#12388 = SURFACE_STYLE_USAGE(.BOTH.,#12389);
#12389 = SURFACE_SIDE_STYLE('',(#12390));
#12390 = SURFACE_STYLE_FILL_AREA(#12391);
#12391 = FILL_AREA_STYLE('',(#12392));
#12392 = FILL_AREA_STYLE_COLOUR('',#10593);
#12393 = CURVE_STYLE('',#12394,POSITIVE_LENGTH_MEASURE(0.1),#10593);
#12394 = DRAUGHTING_PRE_DEFINED_CURVE_FONT('continuous');
#12395 = STYLED_ITEM('color',(#12396),#5090);
#12396 = PRESENTATION_STYLE_ASSIGNMENT((#12397,#12402));
#12397 = SURFACE_STYLE_USAGE(.BOTH.,#12398);
#12398 = SURFACE_SIDE_STYLE('',(#12399));
#12399 = SURFACE_STYLE_FILL_AREA(#12400);
#12400 = FILL_AREA_STYLE('',(#12401));
#12401 = FILL_AREA_STYLE_COLOUR('',#10593);
#12402 = CURVE_STYLE('',#12403,POSITIVE_LENGTH_MEASURE(0.1),#10593);
#12403 = DRAUGHTING_PRE_DEFINED_CURVE_FONT('continuous');
#12404 = STYLED_ITEM('color',(#12405),#5107);
#12405 = PRESENTATION_STYLE_ASSIGNMENT((#12406,#12411));
#12406 = SURFACE_STYLE_USAGE(.BOTH.,#12407);
#12407 = SURFACE_SIDE_STYLE('',(#12408));
#12408 = SURFACE_STYLE_FILL_AREA(#12409);
#12409 = FILL_AREA_STYLE('',(#12410));
#12410 = FILL_AREA_STYLE_COLOUR('',#10593);
#12411 = CURVE_STYLE('',#12412,POSITIVE_LENGTH_MEASURE(0.1),#10593);
#12412 = DRAUGHTING_PRE_DEFINED_CURVE_FONT('continuous');
#12413 = STYLED_ITEM('color',(#12414),#5119);
#12414 = PRESENTATION_STYLE_ASSIGNMENT((#12415,#12420));
#12415 = SURFACE_STYLE_USAGE(.BOTH.,#12416);
#12416 = SURFACE_SIDE_STYLE('',(#12417));
#12417 = SURFACE_STYLE_FILL_AREA(#12418);
#12418 = FILL_AREA_STYLE('',(#12419));
#12419 = FILL_AREA_STYLE_COLOUR('',#10593);
#12420 = CURVE_STYLE('',#12421,POSITIVE_LENGTH_MEASURE(0.1),#10593);
#12421 = DRAUGHTING_PRE_DEFINED_CURVE_FONT('continuous');
#12422 = STYLED_ITEM('color',(#12423),#5136);
#12423 = PRESENTATION_STYLE_ASSIGNMENT((#12424,#12429));
#12424 = SURFACE_STYLE_USAGE(.BOTH.,#12425);
#12425 = SURFACE_SIDE_STYLE('',(#12426));
#12426 = SURFACE_STYLE_FILL_AREA(#12427);
#12427 = FILL_AREA_STYLE('',(#12428));
#12428 = FILL_AREA_STYLE_COLOUR('',#10593);
#12429 = CURVE_STYLE('',#12430,POSITIVE_LENGTH_MEASURE(0.1),#10593);
#12430 = DRAUGHTING_PRE_DEFINED_CURVE_FONT('continuous');
#12431 = STYLED_ITEM('color',(#12432),#5153);
#12432 = PRESENTATION_STYLE_ASSIGNMENT((#12433,#12438));
#12433 = SURFACE_STYLE_USAGE(.BOTH.,#12434);
#12434 = SURFACE_SIDE_STYLE('',(#12435));
#12435 = SURFACE_STYLE_FILL_AREA(#12436);
#12436 = FILL_AREA_STYLE('',(#12437));
#12437 = FILL_AREA_STYLE_COLOUR('',#10593);
#12438 = CURVE_STYLE('',#12439,POSITIVE_LENGTH_MEASURE(0.1),#10593);
#12439 = DRAUGHTING_PRE_DEFINED_CURVE_FONT('continuous');
#12440 = STYLED_ITEM('color',(#12441),#5170);
#12441 = PRESENTATION_STYLE_ASSIGNMENT((#12442,#12447));
#12442 = SURFACE_STYLE_USAGE(.BOTH.,#12443);
#12443 = SURFACE_SIDE_STYLE('',(#12444));
#12444 = SURFACE_STYLE_FILL_AREA(#12445);
#12445 = FILL_AREA_STYLE('',(#12446));
#12446 = FILL_AREA_STYLE_COLOUR('',#10593);
#12447 = CURVE_STYLE('',#12448,POSITIVE_LENGTH_MEASURE(0.1),#10593);
#12448 = DRAUGHTING_PRE_DEFINED_CURVE_FONT('continuous');
#12449 = STYLED_ITEM('color',(#12450),#5187);
#12450 = PRESENTATION_STYLE_ASSIGNMENT((#12451,#12456));
#12451 = SURFACE_STYLE_USAGE(.BOTH.,#12452);
#12452 = SURFACE_SIDE_STYLE('',(#12453));
#12453 = SURFACE_STYLE_FILL_AREA(#12454);
#12454 = FILL_AREA_STYLE('',(#12455));
#12455 = FILL_AREA_STYLE_COLOUR('',#10593);
#12456 = CURVE_STYLE('',#12457,POSITIVE_LENGTH_MEASURE(0.1),#10593);
#12457 = DRAUGHTING_PRE_DEFINED_CURVE_FONT('continuous');
#12458 = STYLED_ITEM('color',(#12459),#5204);
#12459 = PRESENTATION_STYLE_ASSIGNMENT((#12460,#12465));
#12460 = SURFACE_STYLE_USAGE(.BOTH.,#12461);
#12461 = SURFACE_SIDE_STYLE('',(#12462));
#12462 = SURFACE_STYLE_FILL_AREA(#12463);
#12463 = FILL_AREA_STYLE('',(#12464));
#12464 = FILL_AREA_STYLE_COLOUR('',#10593);
#12465 = CURVE_STYLE('',#12466,POSITIVE_LENGTH_MEASURE(0.1),#10593);
#12466 = DRAUGHTING_PRE_DEFINED_CURVE_FONT('continuous');
#12467 = STYLED_ITEM('color',(#12468),#5221);
#12468 = PRESENTATION_STYLE_ASSIGNMENT((#12469,#12474));
#12469 = SURFACE_STYLE_USAGE(.BOTH.,#12470);
#12470 = SURFACE_SIDE_STYLE('',(#12471));
#12471 = SURFACE_STYLE_FILL_AREA(#12472);
#12472 = FILL_AREA_STYLE('',(#12473));
#12473 = FILL_AREA_STYLE_COLOUR('',#10593);
#12474 = CURVE_STYLE('',#12475,POSITIVE_LENGTH_MEASURE(0.1),#10593);
#12475 = DRAUGHTING_PRE_DEFINED_CURVE_FONT('continuous');
#12476 = STYLED_ITEM('color',(#12477),#5233);
#12477 = PRESENTATION_STYLE_ASSIGNMENT((#12478,#12483));
#12478 = SURFACE_STYLE_USAGE(.BOTH.,#12479);
#12479 = SURFACE_SIDE_STYLE('',(#12480));
#12480 = SURFACE_STYLE_FILL_AREA(#12481);
#12481 = FILL_AREA_STYLE('',(#12482));
#12482 = FILL_AREA_STYLE_COLOUR('',#10593);
#12483 = CURVE_STYLE('',#12484,POSITIVE_LENGTH_MEASURE(0.1),#10593);
#12484 = DRAUGHTING_PRE_DEFINED_CURVE_FONT('continuous');
#12485 = STYLED_ITEM('color',(#12486),#5250);
#12486 = PRESENTATION_STYLE_ASSIGNMENT((#12487,#12492));
#12487 = SURFACE_STYLE_USAGE(.BOTH.,#12488);
#12488 = SURFACE_SIDE_STYLE('',(#12489));
#12489 = SURFACE_STYLE_FILL_AREA(#12490);
#12490 = FILL_AREA_STYLE('',(#12491));
#12491 = FILL_AREA_STYLE_COLOUR('',#10593);
#12492 = CURVE_STYLE('',#12493,POSITIVE_LENGTH_MEASURE(0.1),#10593);
#12493 = DRAUGHTING_PRE_DEFINED_CURVE_FONT('continuous');
#12494 = STYLED_ITEM('color',(#12495),#5267);
#12495 = PRESENTATION_STYLE_ASSIGNMENT((#12496,#12501));
#12496 = SURFACE_STYLE_USAGE(.BOTH.,#12497);
#12497 = SURFACE_SIDE_STYLE('',(#12498));
#12498 = SURFACE_STYLE_FILL_AREA(#12499);
#12499 = FILL_AREA_STYLE('',(#12500));
#12500 = FILL_AREA_STYLE_COLOUR('',#10593);
#12501 = CURVE_STYLE('',#12502,POSITIVE_LENGTH_MEASURE(0.1),#10593);
#12502 = DRAUGHTING_PRE_DEFINED_CURVE_FONT('continuous');
#12503 = STYLED_ITEM('color',(#12504),#5284);
#12504 = PRESENTATION_STYLE_ASSIGNMENT((#12505,#12510));
#12505 = SURFACE_STYLE_USAGE(.BOTH.,#12506);
#12506 = SURFACE_SIDE_STYLE('',(#12507));
#12507 = SURFACE_STYLE_FILL_AREA(#12508);
#12508 = FILL_AREA_STYLE('',(#12509));
#12509 = FILL_AREA_STYLE_COLOUR('',#10593);
#12510 = CURVE_STYLE('',#12511,POSITIVE_LENGTH_MEASURE(0.1),#10593);
#12511 = DRAUGHTING_PRE_DEFINED_CURVE_FONT('continuous');
#12512 = STYLED_ITEM('color',(#12513),#5301);
#12513 = PRESENTATION_STYLE_ASSIGNMENT((#12514,#12519));
#12514 = SURFACE_STYLE_USAGE(.BOTH.,#12515);
#12515 = SURFACE_SIDE_STYLE('',(#12516));
#12516 = SURFACE_STYLE_FILL_AREA(#12517);
#12517 = FILL_AREA_STYLE('',(#12518));
#12518 = FILL_AREA_STYLE_COLOUR('',#10593);
#12519 = CURVE_STYLE('',#12520,POSITIVE_LENGTH_MEASURE(0.1),#10593);
#12520 = DRAUGHTING_PRE_DEFINED_CURVE_FONT('continuous');
#12521 = STYLED_ITEM('color',(#12522),#5318);
#12522 = PRESENTATION_STYLE_ASSIGNMENT((#12523,#12528));
#12523 = SURFACE_STYLE_USAGE(.BOTH.,#12524);
#12524 = SURFACE_SIDE_STYLE('',(#12525));
#12525 = SURFACE_STYLE_FILL_AREA(#12526);
#12526 = FILL_AREA_STYLE('',(#12527));
#12527 = FILL_AREA_STYLE_COLOUR('',#10593);
#12528 = CURVE_STYLE('',#12529,POSITIVE_LENGTH_MEASURE(0.1),#10593);
#12529 = DRAUGHTING_PRE_DEFINED_CURVE_FONT('continuous');
#12530 = STYLED_ITEM('color',(#12531),#5335);
#12531 = PRESENTATION_STYLE_ASSIGNMENT((#12532,#12537));
#12532 = SURFACE_STYLE_USAGE(.BOTH.,#12533);
#12533 = SURFACE_SIDE_STYLE('',(#12534));
#12534 = SURFACE_STYLE_FILL_AREA(#12535);
#12535 = FILL_AREA_STYLE('',(#12536));
#12536 = FILL_AREA_STYLE_COLOUR('',#10593);
#12537 = CURVE_STYLE('',#12538,POSITIVE_LENGTH_MEASURE(0.1),#10593);
#12538 = DRAUGHTING_PRE_DEFINED_CURVE_FONT('continuous');
#12539 = STYLED_ITEM('color',(#12540),#5347);
#12540 = PRESENTATION_STYLE_ASSIGNMENT((#12541,#12546));
#12541 = SURFACE_STYLE_USAGE(.BOTH.,#12542);
#12542 = SURFACE_SIDE_STYLE('',(#12543));
#12543 = SURFACE_STYLE_FILL_AREA(#12544);
#12544 = FILL_AREA_STYLE('',(#12545));
#12545 = FILL_AREA_STYLE_COLOUR('',#10593);
#12546 = CURVE_STYLE('',#12547,POSITIVE_LENGTH_MEASURE(0.1),#10593);
#12547 = DRAUGHTING_PRE_DEFINED_CURVE_FONT('continuous');
#12548 = STYLED_ITEM('color',(#12549),#5364);
#12549 = PRESENTATION_STYLE_ASSIGNMENT((#12550,#12555));
#12550 = SURFACE_STYLE_USAGE(.BOTH.,#12551);
#12551 = SURFACE_SIDE_STYLE('',(#12552));
#12552 = SURFACE_STYLE_FILL_AREA(#12553);
#12553 = FILL_AREA_STYLE('',(#12554));
#12554 = FILL_AREA_STYLE_COLOUR('',#10593);
#12555 = CURVE_STYLE('',#12556,POSITIVE_LENGTH_MEASURE(0.1),#10593);
#12556 = DRAUGHTING_PRE_DEFINED_CURVE_FONT('continuous');
#12557 = STYLED_ITEM('color',(#12558),#5381);
#12558 = PRESENTATION_STYLE_ASSIGNMENT((#12559,#12564));
#12559 = SURFACE_STYLE_USAGE(.BOTH.,#12560);
#12560 = SURFACE_SIDE_STYLE('',(#12561));
#12561 = SURFACE_STYLE_FILL_AREA(#12562);
#12562 = FILL_AREA_STYLE('',(#12563));
#12563 = FILL_AREA_STYLE_COLOUR('',#10593);
#12564 = CURVE_STYLE('',#12565,POSITIVE_LENGTH_MEASURE(0.1),#10593);
#12565 = DRAUGHTING_PRE_DEFINED_CURVE_FONT('continuous');
#12566 = STYLED_ITEM('color',(#12567),#5398);
#12567 = PRESENTATION_STYLE_ASSIGNMENT((#12568,#12573));
#12568 = SURFACE_STYLE_USAGE(.BOTH.,#12569);
#12569 = SURFACE_SIDE_STYLE('',(#12570));
#12570 = SURFACE_STYLE_FILL_AREA(#12571);
#12571 = FILL_AREA_STYLE('',(#12572));
#12572 = FILL_AREA_STYLE_COLOUR('',#10593);
#12573 = CURVE_STYLE('',#12574,POSITIVE_LENGTH_MEASURE(0.1),#10593);
#12574 = DRAUGHTING_PRE_DEFINED_CURVE_FONT('continuous');
#12575 = STYLED_ITEM('color',(#12576),#5415);
#12576 = PRESENTATION_STYLE_ASSIGNMENT((#12577,#12582));
#12577 = SURFACE_STYLE_USAGE(.BOTH.,#12578);
#12578 = SURFACE_SIDE_STYLE('',(#12579));
#12579 = SURFACE_STYLE_FILL_AREA(#12580);
#12580 = FILL_AREA_STYLE('',(#12581));
#12581 = FILL_AREA_STYLE_COLOUR('',#10593);
#12582 = CURVE_STYLE('',#12583,POSITIVE_LENGTH_MEASURE(0.1),#10593);
#12583 = DRAUGHTING_PRE_DEFINED_CURVE_FONT('continuous');
#12584 = STYLED_ITEM('color',(#12585),#5432);
#12585 = PRESENTATION_STYLE_ASSIGNMENT((#12586,#12591));
#12586 = SURFACE_STYLE_USAGE(.BOTH.,#12587);
#12587 = SURFACE_SIDE_STYLE('',(#12588));
#12588 = SURFACE_STYLE_FILL_AREA(#12589);
#12589 = FILL_AREA_STYLE('',(#12590));
#12590 = FILL_AREA_STYLE_COLOUR('',#10593);
#12591 = CURVE_STYLE('',#12592,POSITIVE_LENGTH_MEASURE(0.1),#10593);
#12592 = DRAUGHTING_PRE_DEFINED_CURVE_FONT('continuous');
#12593 = STYLED_ITEM('color',(#12594),#5449);
#12594 = PRESENTATION_STYLE_ASSIGNMENT((#12595,#12600));
#12595 = SURFACE_STYLE_USAGE(.BOTH.,#12596);
#12596 = SURFACE_SIDE_STYLE('',(#12597));
#12597 = SURFACE_STYLE_FILL_AREA(#12598);
#12598 = FILL_AREA_STYLE('',(#12599));
#12599 = FILL_AREA_STYLE_COLOUR('',#10593);
#12600 = CURVE_STYLE('',#12601,POSITIVE_LENGTH_MEASURE(0.1),#10593);
#12601 = DRAUGHTING_PRE_DEFINED_CURVE_FONT('continuous');
#12602 = STYLED_ITEM('color',(#12603),#5466);
#12603 = PRESENTATION_STYLE_ASSIGNMENT((#12604,#12609));
#12604 = SURFACE_STYLE_USAGE(.BOTH.,#12605);
#12605 = SURFACE_SIDE_STYLE('',(#12606));
#12606 = SURFACE_STYLE_FILL_AREA(#12607);
#12607 = FILL_AREA_STYLE('',(#12608));
#12608 = FILL_AREA_STYLE_COLOUR('',#10593);
#12609 = CURVE_STYLE('',#12610,POSITIVE_LENGTH_MEASURE(0.1),#10593);
#12610 = DRAUGHTING_PRE_DEFINED_CURVE_FONT('continuous');
#12611 = STYLED_ITEM('color',(#12612),#5478);
#12612 = PRESENTATION_STYLE_ASSIGNMENT((#12613,#12618));
#12613 = SURFACE_STYLE_USAGE(.BOTH.,#12614);
#12614 = SURFACE_SIDE_STYLE('',(#12615));
#12615 = SURFACE_STYLE_FILL_AREA(#12616);
#12616 = FILL_AREA_STYLE('',(#12617));
#12617 = FILL_AREA_STYLE_COLOUR('',#10456);
#12618 = CURVE_STYLE('',#12619,POSITIVE_LENGTH_MEASURE(0.1),#10456);
#12619 = DRAUGHTING_PRE_DEFINED_CURVE_FONT('continuous');
#12620 = MECHANICAL_DESIGN_GEOMETRIC_PRESENTATION_REPRESENTATION('',(
    #12621,#12630,#12639,#12648,#12657,#12666,#12675,#12684,#12693,
    #12702,#12711,#12720,#12729,#12738,#12747,#12756,#12765,#12774,
    #12783,#12792,#12801,#12810,#12819,#12828,#12837),#688);
#12621 = STYLED_ITEM('color',(#12622),#162);
#12622 = PRESENTATION_STYLE_ASSIGNMENT((#12623,#12628));
#12623 = SURFACE_STYLE_USAGE(.BOTH.,#12624);
#12624 = SURFACE_SIDE_STYLE('',(#12625));
#12625 = SURFACE_STYLE_FILL_AREA(#12626);
#12626 = FILL_AREA_STYLE('',(#12627));
#12627 = FILL_AREA_STYLE_COLOUR('',#10456);
#12628 = CURVE_STYLE('',#12629,POSITIVE_LENGTH_MEASURE(0.1),#10456);
#12629 = DRAUGHTING_PRE_DEFINED_CURVE_FONT('continuous');
#12630 = OVER_RIDING_STYLED_ITEM('overriding color',(#12631),#175,#12621
  );
#12631 = PRESENTATION_STYLE_ASSIGNMENT((#12632,#12637));
#12632 = SURFACE_STYLE_USAGE(.BOTH.,#12633);
#12633 = SURFACE_SIDE_STYLE('',(#12634));
#12634 = SURFACE_STYLE_FILL_AREA(#12635);
#12635 = FILL_AREA_STYLE('',(#12636));
#12636 = FILL_AREA_STYLE_COLOUR('',#10456);
#12637 = CURVE_STYLE('',#12638,POSITIVE_LENGTH_MEASURE(0.1),#10456);
#12638 = DRAUGHTING_PRE_DEFINED_CURVE_FONT('continuous');
#12639 = STYLED_ITEM('color',(#12640),#198);
#12640 = PRESENTATION_STYLE_ASSIGNMENT((#12641,#12646));
#12641 = SURFACE_STYLE_USAGE(.BOTH.,#12642);
#12642 = SURFACE_SIDE_STYLE('',(#12643));
#12643 = SURFACE_STYLE_FILL_AREA(#12644);
#12644 = FILL_AREA_STYLE('',(#12645));
#12645 = FILL_AREA_STYLE_COLOUR('',#10456);
#12646 = CURVE_STYLE('',#12647,POSITIVE_LENGTH_MEASURE(0.1),#10456);
#12647 = DRAUGHTING_PRE_DEFINED_CURVE_FONT('continuous');
#12648 = OVER_RIDING_STYLED_ITEM('overriding color',(#12649),#211,#12639
  );
#12649 = PRESENTATION_STYLE_ASSIGNMENT((#12650,#12655));
#12650 = SURFACE_STYLE_USAGE(.BOTH.,#12651);
#12651 = SURFACE_SIDE_STYLE('',(#12652));
#12652 = SURFACE_STYLE_FILL_AREA(#12653);
#12653 = FILL_AREA_STYLE('',(#12654));
#12654 = FILL_AREA_STYLE_COLOUR('',#10456);
#12655 = CURVE_STYLE('',#12656,POSITIVE_LENGTH_MEASURE(0.1),#10456);
#12656 = DRAUGHTING_PRE_DEFINED_CURVE_FONT('continuous');
#12657 = STYLED_ITEM('color',(#12658),#226);
#12658 = PRESENTATION_STYLE_ASSIGNMENT((#12659,#12664));
#12659 = SURFACE_STYLE_USAGE(.BOTH.,#12660);
#12660 = SURFACE_SIDE_STYLE('',(#12661));
#12661 = SURFACE_STYLE_FILL_AREA(#12662);
#12662 = FILL_AREA_STYLE('',(#12663));
#12663 = FILL_AREA_STYLE_COLOUR('',#10456);
#12664 = CURVE_STYLE('',#12665,POSITIVE_LENGTH_MEASURE(0.1),#10456);
#12665 = DRAUGHTING_PRE_DEFINED_CURVE_FONT('continuous');
#12666 = STYLED_ITEM('color',(#12667),#248);
#12667 = PRESENTATION_STYLE_ASSIGNMENT((#12668,#12673));
#12668 = SURFACE_STYLE_USAGE(.BOTH.,#12669);
#12669 = SURFACE_SIDE_STYLE('',(#12670));
#12670 = SURFACE_STYLE_FILL_AREA(#12671);
#12671 = FILL_AREA_STYLE('',(#12672));
#12672 = FILL_AREA_STYLE_COLOUR('',#10456);
#12673 = CURVE_STYLE('',#12674,POSITIVE_LENGTH_MEASURE(0.1),#10456);
#12674 = DRAUGHTING_PRE_DEFINED_CURVE_FONT('continuous');
#12675 = OVER_RIDING_STYLED_ITEM('overriding color',(#12676),#259,#12666
  );
#12676 = PRESENTATION_STYLE_ASSIGNMENT((#12677,#12682));
#12677 = SURFACE_STYLE_USAGE(.BOTH.,#12678);
#12678 = SURFACE_SIDE_STYLE('',(#12679));
#12679 = SURFACE_STYLE_FILL_AREA(#12680);
#12680 = FILL_AREA_STYLE('',(#12681));
#12681 = FILL_AREA_STYLE_COLOUR('',#10456);
#12682 = CURVE_STYLE('',#12683,POSITIVE_LENGTH_MEASURE(0.1),#10456);
#12683 = DRAUGHTING_PRE_DEFINED_CURVE_FONT('continuous');
#12684 = STYLED_ITEM('color',(#12685),#270);
#12685 = PRESENTATION_STYLE_ASSIGNMENT((#12686,#12691));
#12686 = SURFACE_STYLE_USAGE(.BOTH.,#12687);
#12687 = SURFACE_SIDE_STYLE('',(#12688));
#12688 = SURFACE_STYLE_FILL_AREA(#12689);
#12689 = FILL_AREA_STYLE('',(#12690));
#12690 = FILL_AREA_STYLE_COLOUR('',#10520);
#12691 = CURVE_STYLE('',#12692,POSITIVE_LENGTH_MEASURE(0.1),#10520);
#12692 = DRAUGHTING_PRE_DEFINED_CURVE_FONT('continuous');
#12693 = OVER_RIDING_STYLED_ITEM('overriding color',(#12694),#307,#12684
  );
#12694 = PRESENTATION_STYLE_ASSIGNMENT((#12695,#12700));
#12695 = SURFACE_STYLE_USAGE(.BOTH.,#12696);
#12696 = SURFACE_SIDE_STYLE('',(#12697));
#12697 = SURFACE_STYLE_FILL_AREA(#12698);
#12698 = FILL_AREA_STYLE('',(#12699));
#12699 = FILL_AREA_STYLE_COLOUR('',#10456);
#12700 = CURVE_STYLE('',#12701,POSITIVE_LENGTH_MEASURE(0.1),#10456);
#12701 = DRAUGHTING_PRE_DEFINED_CURVE_FONT('continuous');
#12702 = STYLED_ITEM('color',(#12703),#316);
#12703 = PRESENTATION_STYLE_ASSIGNMENT((#12704,#12709));
#12704 = SURFACE_STYLE_USAGE(.BOTH.,#12705);
#12705 = SURFACE_SIDE_STYLE('',(#12706));
#12706 = SURFACE_STYLE_FILL_AREA(#12707);
#12707 = FILL_AREA_STYLE('',(#12708));
#12708 = FILL_AREA_STYLE_COLOUR('',#10456);
#12709 = CURVE_STYLE('',#12710,POSITIVE_LENGTH_MEASURE(0.1),#10456);
#12710 = DRAUGHTING_PRE_DEFINED_CURVE_FONT('continuous');
#12711 = STYLED_ITEM('color',(#12712),#328);
#12712 = PRESENTATION_STYLE_ASSIGNMENT((#12713,#12718));
#12713 = SURFACE_STYLE_USAGE(.BOTH.,#12714);
#12714 = SURFACE_SIDE_STYLE('',(#12715));
#12715 = SURFACE_STYLE_FILL_AREA(#12716);
#12716 = FILL_AREA_STYLE('',(#12717));
#12717 = FILL_AREA_STYLE_COLOUR('',#10520);
#12718 = CURVE_STYLE('',#12719,POSITIVE_LENGTH_MEASURE(0.1),#10520);
#12719 = DRAUGHTING_PRE_DEFINED_CURVE_FONT('continuous');
#12720 = STYLED_ITEM('color',(#12721),#356);
#12721 = PRESENTATION_STYLE_ASSIGNMENT((#12722,#12727));
#12722 = SURFACE_STYLE_USAGE(.BOTH.,#12723);
#12723 = SURFACE_SIDE_STYLE('',(#12724));
#12724 = SURFACE_STYLE_FILL_AREA(#12725);
#12725 = FILL_AREA_STYLE('',(#12726));
#12726 = FILL_AREA_STYLE_COLOUR('',#10520);
#12727 = CURVE_STYLE('',#12728,POSITIVE_LENGTH_MEASURE(0.1),#10520);
#12728 = DRAUGHTING_PRE_DEFINED_CURVE_FONT('continuous');
#12729 = STYLED_ITEM('color',(#12730),#378);
#12730 = PRESENTATION_STYLE_ASSIGNMENT((#12731,#12736));
#12731 = SURFACE_STYLE_USAGE(.BOTH.,#12732);
#12732 = SURFACE_SIDE_STYLE('',(#12733));
#12733 = SURFACE_STYLE_FILL_AREA(#12734);
#12734 = FILL_AREA_STYLE('',(#12735));
#12735 = FILL_AREA_STYLE_COLOUR('',#10520);
#12736 = CURVE_STYLE('',#12737,POSITIVE_LENGTH_MEASURE(0.1),#10520);
#12737 = DRAUGHTING_PRE_DEFINED_CURVE_FONT('continuous');
#12738 = STYLED_ITEM('color',(#12739),#400);
#12739 = PRESENTATION_STYLE_ASSIGNMENT((#12740,#12745));
#12740 = SURFACE_STYLE_USAGE(.BOTH.,#12741);
#12741 = SURFACE_SIDE_STYLE('',(#12742));
#12742 = SURFACE_STYLE_FILL_AREA(#12743);
#12743 = FILL_AREA_STYLE('',(#12744));
#12744 = FILL_AREA_STYLE_COLOUR('',#10520);
#12745 = CURVE_STYLE('',#12746,POSITIVE_LENGTH_MEASURE(0.1),#10520);
#12746 = DRAUGHTING_PRE_DEFINED_CURVE_FONT('continuous');
#12747 = STYLED_ITEM('color',(#12748),#416);
#12748 = PRESENTATION_STYLE_ASSIGNMENT((#12749,#12754));
#12749 = SURFACE_STYLE_USAGE(.BOTH.,#12750);
#12750 = SURFACE_SIDE_STYLE('',(#12751));
#12751 = SURFACE_STYLE_FILL_AREA(#12752);
#12752 = FILL_AREA_STYLE('',(#12753));
#12753 = FILL_AREA_STYLE_COLOUR('',#10520);
#12754 = CURVE_STYLE('',#12755,POSITIVE_LENGTH_MEASURE(0.1),#10520);
#12755 = DRAUGHTING_PRE_DEFINED_CURVE_FONT('continuous');
#12756 = STYLED_ITEM('color',(#12757),#488);
#12757 = PRESENTATION_STYLE_ASSIGNMENT((#12758,#12763));
#12758 = SURFACE_STYLE_USAGE(.BOTH.,#12759);
#12759 = SURFACE_SIDE_STYLE('',(#12760));
#12760 = SURFACE_STYLE_FILL_AREA(#12761);
#12761 = FILL_AREA_STYLE('',(#12762));
#12762 = FILL_AREA_STYLE_COLOUR('',#10593);
#12763 = CURVE_STYLE('',#12764,POSITIVE_LENGTH_MEASURE(0.1),#10593);
#12764 = DRAUGHTING_PRE_DEFINED_CURVE_FONT('continuous');
#12765 = STYLED_ITEM('color',(#12766),#516);
#12766 = PRESENTATION_STYLE_ASSIGNMENT((#12767,#12772));
#12767 = SURFACE_STYLE_USAGE(.BOTH.,#12768);
#12768 = SURFACE_SIDE_STYLE('',(#12769));
#12769 = SURFACE_STYLE_FILL_AREA(#12770);
#12770 = FILL_AREA_STYLE('',(#12771));
#12771 = FILL_AREA_STYLE_COLOUR('',#10593);
#12772 = CURVE_STYLE('',#12773,POSITIVE_LENGTH_MEASURE(0.1),#10593);
#12773 = DRAUGHTING_PRE_DEFINED_CURVE_FONT('continuous');
#12774 = STYLED_ITEM('color',(#12775),#538);
#12775 = PRESENTATION_STYLE_ASSIGNMENT((#12776,#12781));
#12776 = SURFACE_STYLE_USAGE(.BOTH.,#12777);
#12777 = SURFACE_SIDE_STYLE('',(#12778));
#12778 = SURFACE_STYLE_FILL_AREA(#12779);
#12779 = FILL_AREA_STYLE('',(#12780));
#12780 = FILL_AREA_STYLE_COLOUR('',#10593);
#12781 = CURVE_STYLE('',#12782,POSITIVE_LENGTH_MEASURE(0.1),#10593);
#12782 = DRAUGHTING_PRE_DEFINED_CURVE_FONT('continuous');
#12783 = STYLED_ITEM('color',(#12784),#560);
#12784 = PRESENTATION_STYLE_ASSIGNMENT((#12785,#12790));
#12785 = SURFACE_STYLE_USAGE(.BOTH.,#12786);
#12786 = SURFACE_SIDE_STYLE('',(#12787));
#12787 = SURFACE_STYLE_FILL_AREA(#12788);
#12788 = FILL_AREA_STYLE('',(#12789));
#12789 = FILL_AREA_STYLE_COLOUR('',#10593);
#12790 = CURVE_STYLE('',#12791,POSITIVE_LENGTH_MEASURE(0.1),#10593);
#12791 = DRAUGHTING_PRE_DEFINED_CURVE_FONT('continuous');
#12792 = STYLED_ITEM('color',(#12793),#576);
#12793 = PRESENTATION_STYLE_ASSIGNMENT((#12794,#12799));
#12794 = SURFACE_STYLE_USAGE(.BOTH.,#12795);
#12795 = SURFACE_SIDE_STYLE('',(#12796));
#12796 = SURFACE_STYLE_FILL_AREA(#12797);
#12797 = FILL_AREA_STYLE('',(#12798));
#12798 = FILL_AREA_STYLE_COLOUR('',#10593);
#12799 = CURVE_STYLE('',#12800,POSITIVE_LENGTH_MEASURE(0.1),#10593);
#12800 = DRAUGHTING_PRE_DEFINED_CURVE_FONT('continuous');
#12801 = STYLED_ITEM('color',(#12802),#604);
#12802 = PRESENTATION_STYLE_ASSIGNMENT((#12803,#12808));
#12803 = SURFACE_STYLE_USAGE(.BOTH.,#12804);
#12804 = SURFACE_SIDE_STYLE('',(#12805));
#12805 = SURFACE_STYLE_FILL_AREA(#12806);
#12806 = FILL_AREA_STYLE('',(#12807));
#12807 = FILL_AREA_STYLE_COLOUR('',#10593);
#12808 = CURVE_STYLE('',#12809,POSITIVE_LENGTH_MEASURE(0.1),#10593);
#12809 = DRAUGHTING_PRE_DEFINED_CURVE_FONT('continuous');
#12810 = STYLED_ITEM('color',(#12811),#626);
#12811 = PRESENTATION_STYLE_ASSIGNMENT((#12812,#12817));
#12812 = SURFACE_STYLE_USAGE(.BOTH.,#12813);
#12813 = SURFACE_SIDE_STYLE('',(#12814));
#12814 = SURFACE_STYLE_FILL_AREA(#12815);
#12815 = FILL_AREA_STYLE('',(#12816));
#12816 = FILL_AREA_STYLE_COLOUR('',#10593);
#12817 = CURVE_STYLE('',#12818,POSITIVE_LENGTH_MEASURE(0.1),#10593);
#12818 = DRAUGHTING_PRE_DEFINED_CURVE_FONT('continuous');
#12819 = STYLED_ITEM('color',(#12820),#648);
#12820 = PRESENTATION_STYLE_ASSIGNMENT((#12821,#12826));
#12821 = SURFACE_STYLE_USAGE(.BOTH.,#12822);
#12822 = SURFACE_SIDE_STYLE('',(#12823));
#12823 = SURFACE_STYLE_FILL_AREA(#12824);
#12824 = FILL_AREA_STYLE('',(#12825));
#12825 = FILL_AREA_STYLE_COLOUR('',#10593);
#12826 = CURVE_STYLE('',#12827,POSITIVE_LENGTH_MEASURE(0.1),#10593);
#12827 = DRAUGHTING_PRE_DEFINED_CURVE_FONT('continuous');
#12828 = STYLED_ITEM('color',(#12829),#664);
#12829 = PRESENTATION_STYLE_ASSIGNMENT((#12830,#12835));
#12830 = SURFACE_STYLE_USAGE(.BOTH.,#12831);
#12831 = SURFACE_SIDE_STYLE('',(#12832));
#12832 = SURFACE_STYLE_FILL_AREA(#12833);
#12833 = FILL_AREA_STYLE('',(#12834));
#12834 = FILL_AREA_STYLE_COLOUR('',#10593);
#12835 = CURVE_STYLE('',#12836,POSITIVE_LENGTH_MEASURE(0.1),#10593);
#12836 = DRAUGHTING_PRE_DEFINED_CURVE_FONT('continuous');
#12837 = STYLED_ITEM('color',(#12838),#676);
#12838 = PRESENTATION_STYLE_ASSIGNMENT((#12839,#12844));
#12839 = SURFACE_STYLE_USAGE(.BOTH.,#12840);
#12840 = SURFACE_SIDE_STYLE('',(#12841));
#12841 = SURFACE_STYLE_FILL_AREA(#12842);
#12842 = FILL_AREA_STYLE('',(#12843));
#12843 = FILL_AREA_STYLE_COLOUR('',#10593);
#12844 = CURVE_STYLE('',#12845,POSITIVE_LENGTH_MEASURE(0.1),#10593);
#12845 = DRAUGHTING_PRE_DEFINED_CURVE_FONT('continuous');
#12846 = MECHANICAL_DESIGN_GEOMETRIC_PRESENTATION_REPRESENTATION('',(
    #12847,#12854,#12861,#12868,#12875,#12882,#12889,#12896,#12903,
    #12910,#12917,#12925,#12932,#12939,#12946,#12953,#12960,#12967,
    #12974,#12981,#12988,#12995,#13002,#13009,#13016,#13023,#13030,
    #13037),#1589);
#12847 = STYLED_ITEM('color',(#12848),#737);
#12848 = PRESENTATION_STYLE_ASSIGNMENT((#12849));
#12849 = SURFACE_STYLE_USAGE(.BOTH.,#12850);
#12850 = SURFACE_SIDE_STYLE('',(#12851));
#12851 = SURFACE_STYLE_FILL_AREA(#12852);
#12852 = FILL_AREA_STYLE('',(#12853));
#12853 = FILL_AREA_STYLE_COLOUR('',#10593);
#12854 = STYLED_ITEM('color',(#12855),#813);
#12855 = PRESENTATION_STYLE_ASSIGNMENT((#12856));
#12856 = SURFACE_STYLE_USAGE(.BOTH.,#12857);
#12857 = SURFACE_SIDE_STYLE('',(#12858));
#12858 = SURFACE_STYLE_FILL_AREA(#12859);
#12859 = FILL_AREA_STYLE('',(#12860));
#12860 = FILL_AREA_STYLE_COLOUR('',#10593);
#12861 = STYLED_ITEM('color',(#12862),#844);
#12862 = PRESENTATION_STYLE_ASSIGNMENT((#12863));
#12863 = SURFACE_STYLE_USAGE(.BOTH.,#12864);
#12864 = SURFACE_SIDE_STYLE('',(#12865));
#12865 = SURFACE_STYLE_FILL_AREA(#12866);
#12866 = FILL_AREA_STYLE('',(#12867));
#12867 = FILL_AREA_STYLE_COLOUR('',#10593);
#12868 = STYLED_ITEM('color',(#12869),#869);
#12869 = PRESENTATION_STYLE_ASSIGNMENT((#12870));
#12870 = SURFACE_STYLE_USAGE(.BOTH.,#12871);
#12871 = SURFACE_SIDE_STYLE('',(#12872));
#12872 = SURFACE_STYLE_FILL_AREA(#12873);
#12873 = FILL_AREA_STYLE('',(#12874));
#12874 = FILL_AREA_STYLE_COLOUR('',#10593);
#12875 = STYLED_ITEM('color',(#12876),#894);
#12876 = PRESENTATION_STYLE_ASSIGNMENT((#12877));
#12877 = SURFACE_STYLE_USAGE(.BOTH.,#12878);
#12878 = SURFACE_SIDE_STYLE('',(#12879));
#12879 = SURFACE_STYLE_FILL_AREA(#12880);
#12880 = FILL_AREA_STYLE('',(#12881));
#12881 = FILL_AREA_STYLE_COLOUR('',#10593);
#12882 = STYLED_ITEM('color',(#12883),#918);
#12883 = PRESENTATION_STYLE_ASSIGNMENT((#12884));
#12884 = SURFACE_STYLE_USAGE(.BOTH.,#12885);
#12885 = SURFACE_SIDE_STYLE('',(#12886));
#12886 = SURFACE_STYLE_FILL_AREA(#12887);
#12887 = FILL_AREA_STYLE('',(#12888));
#12888 = FILL_AREA_STYLE_COLOUR('',#10593);
#12889 = STYLED_ITEM('color',(#12890),#942);
#12890 = PRESENTATION_STYLE_ASSIGNMENT((#12891));
#12891 = SURFACE_STYLE_USAGE(.BOTH.,#12892);
#12892 = SURFACE_SIDE_STYLE('',(#12893));
#12893 = SURFACE_STYLE_FILL_AREA(#12894);
#12894 = FILL_AREA_STYLE('',(#12895));
#12895 = FILL_AREA_STYLE_COLOUR('',#10593);
#12896 = STYLED_ITEM('color',(#12897),#967);
#12897 = PRESENTATION_STYLE_ASSIGNMENT((#12898));
#12898 = SURFACE_STYLE_USAGE(.BOTH.,#12899);
#12899 = SURFACE_SIDE_STYLE('',(#12900));
#12900 = SURFACE_STYLE_FILL_AREA(#12901);
#12901 = FILL_AREA_STYLE('',(#12902));
#12902 = FILL_AREA_STYLE_COLOUR('',#10593);
#12903 = STYLED_ITEM('color',(#12904),#992);
#12904 = PRESENTATION_STYLE_ASSIGNMENT((#12905));
#12905 = SURFACE_STYLE_USAGE(.BOTH.,#12906);
#12906 = SURFACE_SIDE_STYLE('',(#12907));
#12907 = SURFACE_STYLE_FILL_AREA(#12908);
#12908 = FILL_AREA_STYLE('',(#12909));
#12909 = FILL_AREA_STYLE_COLOUR('',#10593);
#12910 = STYLED_ITEM('color',(#12911),#1009);
#12911 = PRESENTATION_STYLE_ASSIGNMENT((#12912));
#12912 = SURFACE_STYLE_USAGE(.BOTH.,#12913);
#12913 = SURFACE_SIDE_STYLE('',(#12914));
#12914 = SURFACE_STYLE_FILL_AREA(#12915);
#12915 = FILL_AREA_STYLE('',(#12916));
#12916 = FILL_AREA_STYLE_COLOUR('',#10593);
#12917 = STYLED_ITEM('color',(#12918),#1095);
#12918 = PRESENTATION_STYLE_ASSIGNMENT((#12919));
#12919 = SURFACE_STYLE_USAGE(.BOTH.,#12920);
#12920 = SURFACE_SIDE_STYLE('',(#12921));
#12921 = SURFACE_STYLE_FILL_AREA(#12922);
#12922 = FILL_AREA_STYLE('',(#12923));
#12923 = FILL_AREA_STYLE_COLOUR('',#12924);
#12924 = COLOUR_RGB('',0.272999999305,0.272999999305,0.272999999305);
#12925 = STYLED_ITEM('color',(#12926),#1127);
#12926 = PRESENTATION_STYLE_ASSIGNMENT((#12927));
#12927 = SURFACE_STYLE_USAGE(.BOTH.,#12928);
#12928 = SURFACE_SIDE_STYLE('',(#12929));
#12929 = SURFACE_STYLE_FILL_AREA(#12930);
#12930 = FILL_AREA_STYLE('',(#12931));
#12931 = FILL_AREA_STYLE_COLOUR('',#12924);
#12932 = STYLED_ITEM('color',(#12933),#1151);
#12933 = PRESENTATION_STYLE_ASSIGNMENT((#12934));
#12934 = SURFACE_STYLE_USAGE(.BOTH.,#12935);
#12935 = SURFACE_SIDE_STYLE('',(#12936));
#12936 = SURFACE_STYLE_FILL_AREA(#12937);
#12937 = FILL_AREA_STYLE('',(#12938));
#12938 = FILL_AREA_STYLE_COLOUR('',#12924);
#12939 = STYLED_ITEM('color',(#12940),#1176);
#12940 = PRESENTATION_STYLE_ASSIGNMENT((#12941));
#12941 = SURFACE_STYLE_USAGE(.BOTH.,#12942);
#12942 = SURFACE_SIDE_STYLE('',(#12943));
#12943 = SURFACE_STYLE_FILL_AREA(#12944);
#12944 = FILL_AREA_STYLE('',(#12945));
#12945 = FILL_AREA_STYLE_COLOUR('',#12924);
#12946 = STYLED_ITEM('color',(#12947),#1200);
#12947 = PRESENTATION_STYLE_ASSIGNMENT((#12948));
#12948 = SURFACE_STYLE_USAGE(.BOTH.,#12949);
#12949 = SURFACE_SIDE_STYLE('',(#12950));
#12950 = SURFACE_STYLE_FILL_AREA(#12951);
#12951 = FILL_AREA_STYLE('',(#12952));
#12952 = FILL_AREA_STYLE_COLOUR('',#12924);
#12953 = STYLED_ITEM('color',(#12954),#1225);
#12954 = PRESENTATION_STYLE_ASSIGNMENT((#12955));
#12955 = SURFACE_STYLE_USAGE(.BOTH.,#12956);
#12956 = SURFACE_SIDE_STYLE('',(#12957));
#12957 = SURFACE_STYLE_FILL_AREA(#12958);
#12958 = FILL_AREA_STYLE('',(#12959));
#12959 = FILL_AREA_STYLE_COLOUR('',#12924);
#12960 = STYLED_ITEM('color',(#12961),#1249);
#12961 = PRESENTATION_STYLE_ASSIGNMENT((#12962));
#12962 = SURFACE_STYLE_USAGE(.BOTH.,#12963);
#12963 = SURFACE_SIDE_STYLE('',(#12964));
#12964 = SURFACE_STYLE_FILL_AREA(#12965);
#12965 = FILL_AREA_STYLE('',(#12966));
#12966 = FILL_AREA_STYLE_COLOUR('',#12924);
#12967 = STYLED_ITEM('color',(#12968),#1274);
#12968 = PRESENTATION_STYLE_ASSIGNMENT((#12969));
#12969 = SURFACE_STYLE_USAGE(.BOTH.,#12970);
#12970 = SURFACE_SIDE_STYLE('',(#12971));
#12971 = SURFACE_STYLE_FILL_AREA(#12972);
#12972 = FILL_AREA_STYLE('',(#12973));
#12973 = FILL_AREA_STYLE_COLOUR('',#12924);
#12974 = STYLED_ITEM('color',(#12975),#1291);
#12975 = PRESENTATION_STYLE_ASSIGNMENT((#12976));
#12976 = SURFACE_STYLE_USAGE(.BOTH.,#12977);
#12977 = SURFACE_SIDE_STYLE('',(#12978));
#12978 = SURFACE_STYLE_FILL_AREA(#12979);
#12979 = FILL_AREA_STYLE('',(#12980));
#12980 = FILL_AREA_STYLE_COLOUR('',#10593);
#12981 = STYLED_ITEM('color',(#12982),#1377);
#12982 = PRESENTATION_STYLE_ASSIGNMENT((#12983));
#12983 = SURFACE_STYLE_USAGE(.BOTH.,#12984);
#12984 = SURFACE_SIDE_STYLE('',(#12985));
#12985 = SURFACE_STYLE_FILL_AREA(#12986);
#12986 = FILL_AREA_STYLE('',(#12987));
#12987 = FILL_AREA_STYLE_COLOUR('',#10593);
#12988 = STYLED_ITEM('color',(#12989),#1408);
#12989 = PRESENTATION_STYLE_ASSIGNMENT((#12990));
#12990 = SURFACE_STYLE_USAGE(.BOTH.,#12991);
#12991 = SURFACE_SIDE_STYLE('',(#12992));
#12992 = SURFACE_STYLE_FILL_AREA(#12993);
#12993 = FILL_AREA_STYLE('',(#12994));
#12994 = FILL_AREA_STYLE_COLOUR('',#10593);
#12995 = STYLED_ITEM('color',(#12996),#1433);
#12996 = PRESENTATION_STYLE_ASSIGNMENT((#12997));
#12997 = SURFACE_STYLE_USAGE(.BOTH.,#12998);
#12998 = SURFACE_SIDE_STYLE('',(#12999));
#12999 = SURFACE_STYLE_FILL_AREA(#13000);
#13000 = FILL_AREA_STYLE('',(#13001));
#13001 = FILL_AREA_STYLE_COLOUR('',#10593);
#13002 = STYLED_ITEM('color',(#13003),#1458);
#13003 = PRESENTATION_STYLE_ASSIGNMENT((#13004));
#13004 = SURFACE_STYLE_USAGE(.BOTH.,#13005);
#13005 = SURFACE_SIDE_STYLE('',(#13006));
#13006 = SURFACE_STYLE_FILL_AREA(#13007);
#13007 = FILL_AREA_STYLE('',(#13008));
#13008 = FILL_AREA_STYLE_COLOUR('',#10593);
#13009 = STYLED_ITEM('color',(#13010),#1482);
#13010 = PRESENTATION_STYLE_ASSIGNMENT((#13011));
#13011 = SURFACE_STYLE_USAGE(.BOTH.,#13012);
#13012 = SURFACE_SIDE_STYLE('',(#13013));
#13013 = SURFACE_STYLE_FILL_AREA(#13014);
#13014 = FILL_AREA_STYLE('',(#13015));
#13015 = FILL_AREA_STYLE_COLOUR('',#10593);
#13016 = STYLED_ITEM('color',(#13017),#1506);
#13017 = PRESENTATION_STYLE_ASSIGNMENT((#13018));
#13018 = SURFACE_STYLE_USAGE(.BOTH.,#13019);
#13019 = SURFACE_SIDE_STYLE('',(#13020));
#13020 = SURFACE_STYLE_FILL_AREA(#13021);
#13021 = FILL_AREA_STYLE('',(#13022));
#13022 = FILL_AREA_STYLE_COLOUR('',#10593);
#13023 = STYLED_ITEM('color',(#13024),#1531);
#13024 = PRESENTATION_STYLE_ASSIGNMENT((#13025));
#13025 = SURFACE_STYLE_USAGE(.BOTH.,#13026);
#13026 = SURFACE_SIDE_STYLE('',(#13027));
#13027 = SURFACE_STYLE_FILL_AREA(#13028);
#13028 = FILL_AREA_STYLE('',(#13029));
#13029 = FILL_AREA_STYLE_COLOUR('',#10593);
#13030 = STYLED_ITEM('color',(#13031),#1556);
#13031 = PRESENTATION_STYLE_ASSIGNMENT((#13032));
#13032 = SURFACE_STYLE_USAGE(.BOTH.,#13033);
#13033 = SURFACE_SIDE_STYLE('',(#13034));
#13034 = SURFACE_STYLE_FILL_AREA(#13035);
#13035 = FILL_AREA_STYLE('',(#13036));
#13036 = FILL_AREA_STYLE_COLOUR('',#10593);
#13037 = STYLED_ITEM('color',(#13038),#1573);
#13038 = PRESENTATION_STYLE_ASSIGNMENT((#13039));
#13039 = SURFACE_STYLE_USAGE(.BOTH.,#13040);
#13040 = SURFACE_SIDE_STYLE('',(#13041));
#13041 = SURFACE_STYLE_FILL_AREA(#13042);
#13042 = FILL_AREA_STYLE('',(#13043));
#13043 = FILL_AREA_STYLE_COLOUR('',#10593);
ENDSEC;
END-ISO-10303-21;
